0	106238_0	synonym
0	106238_1	synonym
0	106238_2	synonym
0	106238_7	synonym
0	150857_9	synonym
0	144659_7	synonym
0	144659_8	synonym
0	106238_8	synonym
0	106238_9	synonym
0	106238_10	implication
0	144659_11	synonym
0	150857_12	synonym
0	127002_14	synonym
0	106238_11	synonym
0	106238_12	synonym
0	106238_13	synonym
0	167773_0	synonym
0	167773_1	synonym
0	144659_14	synonym
0	127002_16	synonym
0	106238_15	synonym
0	106238_16	implication
0	167773_2	implication
0	130230_0	synonym
0	144659_15	implication
0	144659_16	synonym
0	130230_1	synonym
0	130230_2	abbreviation
0	127002_17	implication
0	144659_17	synonym
0	167773_6	synonym
0	130230_3	synonym
0	127002_20	implication
0	167773_7	synonym
0	103267_0	synonym
0	167773_9	synonym
0	103267_1	synonym
0	130230_5	synonym
0	167773_10	synonym
0	103267_3	synonym
0	103267_4	synonym
0	163153_12	synonym
0	103267_6	implication
0	103267_7	synonym
0	103267_8	synonym
0	130230_11	synonym
0	130230_12	synonym
0	170892_0	synonym
0	170892_1	synonym
0	147575_0	abbreviation
0	132444_0	synonym
0	132444_1	synonym
0	163153_19	synonym
0	147575_1	synonym
0	147575_2	synonym
0	132444_2	synonym
0	132444_3	implication
0	103267_14	synonym
0	132444_5	implication
0	132444_7	synonym
0	103267_15	synonym
0	130230_18	synonym
0	194155_0	synonym
0	132444_8	synonym
0	132444_9	implication
0	132444_10	synonym
0	132444_12	synonym
0	132444_13	synonym
0	130230_19	synonym
0	147575_7	synonym
0	194155_4	synonym
0	104582_0	synonym
0	170892_9	synonym
0	147575_8	abbreviation
0	170892_10	synonym
0	104582_1	synonym
0	170892_11	synonym
0	170892_13	synonym
0	170892_14	synonym
0	104582_7	implication
0	147575_13	synonym
0	170892_15	synonym
0	165519_0	synonym
0	104582_9	hyponym
0	165519_1	synonym
0	104582_10	synonym
0	104582_11	synonym
0	199447_0	synonym
0	165519_2	implication
0	199447_1	synonym
0	199447_2	implication
0	199447_3	synonym
0	190242_12	synonym
0	195244_0	synonym
0	199447_4	synonym
0	199447_5	synonym
0	199447_6	synonym
0	199447_7	synonym
0	104582_14	synonym
0	104582_15	synonym
0	195244_1	synonym
0	195244_2	implication
0	165519_6	synonym
0	170614_0	synonym
0	170614_1	implication
0	199447_8	synonym
0	199447_11	synonym
0	189261_1	implication
0	165519_7	synonym
0	104582_16	synonym
0	104582_17	implication
0	165519_8	synonym
0	199447_12	synonym
0	199447_13	synonym
0	199447_14	implication
0	149256_2	implication
0	170614_4	implication
0	170892_25	implication
0	170892_26	synonym
0	189261_3	synonym
0	170892_27	synonym
0	104582_21	synonym
0	165519_12	abbreviation
0	189261_4	implication
0	189261_5	synonym
0	104582_22	synonym
0	104582_23	synonym
0	149256_8	synonym
0	149256_9	implication
0	189261_6	synonym
0	149256_10	synonym
0	149256_11	synonym
0	165519_15	synonym
0	149256_13	synonym
0	189261_8	synonym
0	189261_9	synonym
0	165519_16	synonym
0	133867_0	synonym
0	133867_1	synonym
0	133867_2	synonym
0	149256_14	synonym
0	149256_15	synonym
0	149256_16	synonym
0	105787_0	synonym
0	149256_17	synonym
0	105787_1	synonym
0	105787_2	synonym
0	105787_3	synonym
0	170614_14	synonym
0	133867_3	synonym
0	133339_0	synonym
0	133339_1	synonym
0	105787_5	synonym
0	105787_6	synonym
0	133867_8	synonym
0	170614_15	synonym
0	133867_9	synonym
0	133867_10	synonym
0	133867_11	synonym
0	133339_2	synonym
0	105787_7	synonym
0	105787_9	synonym
0	171473_0	synonym
0	133867_12	synonym
0	133867_13	synonym
0	171473_1	implication
0	133867_15	synonym
0	133867_16	synonym
0	170614_21	implication
0	188625_11	synonym
0	171473_6	implication
0	188625_13	synonym
0	123684_0	synonym
0	133339_12	synonym
0	123684_1	synonym
0	123684_2	synonym
0	133339_14	implication
0	123684_3	synonym
0	128795_2	abbreviation
0	133339_15	synonym
0	133339_16	synonym
0	133339_17	synonym
0	133339_18	synonym
0	167768_13	synonym
0	123684_8	synonym
0	148215_3	synonym
0	133339_19	synonym
0	188625_21	synonym
0	167768_14	abbreviation
0	123684_10	abbreviation
0	148215_4	synonym
0	167768_16	implication
0	146210_0	synonym
0	128795_10	synonym
0	128795_11	synonym
0	114210_0	synonym
0	146210_1	synonym
0	123684_14	synonym
0	128795_12	synonym
0	128795_13	synonym
0	114210_1	synonym
0	114210_2	synonym
0	110804_0	synonym
0	113492_0	synonym
0	113492_1	abbreviation
0	146210_3	abbreviation
0	123684_15	synonym
0	128795_14	synonym
0	110804_2	implication
0	110804_3	synonym
0	114210_4	synonym
0	114210_5	synonym
0	110804_4	synonym
0	146210_6	implication
0	176827_0	implication
0	113492_2	synonym
0	146210_7	synonym
0	176827_1	synonym
0	176827_2	synonym
0	113492_4	synonym
0	110804_7	synonym
0	114210_6	synonym
0	114210_7	synonym
0	148215_15	synonym
0	176827_4	synonym
0	176827_6	synonym
0	110804_8	synonym
0	110804_9	synonym
0	146210_9	synonym
0	176827_8	synonym
0	148215_16	synonym
0	110804_11	synonym
0	114210_11	synonym
0	146210_10	synonym
0	110804_12	synonym
0	176827_10	synonym
0	146210_13	synonym
0	146210_14	synonym
0	177389_3	synonym
0	146210_15	synonym
0	129279_0	synonym
0	109878_0	hyponym
0	179883_0	synonym
0	179883_1	hyponym
0	122251_8	synonym
0	109878_1	hyponym
0	179883_3	synonym
0	109878_3	synonym
0	109878_4	synonym
0	177389_18	implication
0	179883_4	synonym
0	179883_5	implication
0	179883_6	implication
0	129279_6	synonym
0	179883_7	synonym
0	179883_8	synonym
0	122251_12	synonym
0	122251_13	synonym
0	158768_0	synonym
0	158768_1	synonym
0	109878_12	synonym
0	158768_2	implication
0	109878_13	synonym
0	150857_0	synonym
0	109878_16	synonym
0	171027_1	synonym
0	109878_17	synonym
0	150857_1	synonym
0	150857_2	synonym
0	158768_6	synonym
0	158768_7	synonym
0	109878_19	synonym
0	109878_20	synonym
0	158768_8	synonym
0	158768_9	synonym
0	171027_5	implication
0	150857_5	synonym
0	158768_10	synonym
0	158768_11	synonym
0	198930_0	synonym
0	198930_1	synonym
0	109878_24	synonym
0	158768_12	synonym
0	109878_25	synonym
0	171027_9	synonym
0	171027_10	synonym
0	198930_5	abbreviation
0	142372_12	implication
0	142372_13	synonym
0	198930_6	synonym
0	127002_9	implication
0	171027_12	synonym
0	198930_7	synonym
0	198930_8	synonym
0	158768_20	synonym
0	198930_9	synonym
0	198930_10	abbreviation
0	142372_16	synonym
0	142372_17	synonym
0	198930_12	synonym
0	142372_18	implication
0	198930_13	synonym
0	198930_14	synonym
0	171027_18	synonym
0	171027_19	implication
0	171027_21	implication
0	144659_1	implication
0	144659_6	implication
1	106238_0	implication
1	106238_3	synonym
1	125101_9	implication
1	179104_13	implication
1	136049_8	implication
1	142372_20	implication
1	171357_0	implication
1	144659_9	synonym
1	179104_16	implication
1	106238_8	synonym
1	142372_23	implication
1	184788_0	synonym
1	102889_5	abbreviation
1	106238_12	synonym
1	165297_1	synonym
1	184788_1	abbreviation
1	124864_0	synonym
1	125101_17	synonym
1	124864_1	synonym
1	176996_3	abbreviation
1	100559_11	implication
1	158711_11	hyponym
1	158711_12	synonym
1	124864_8	abbreviation
1	176996_6	implication
1	176996_7	synonym
1	165297_10	implication
1	158711_14	implication
1	158711_15	implication
1	110084_2	synonym
1	165227_1	hyponym
1	158711_16	implication
1	165297_15	implication
1	161722_4	implication
1	161722_5	synonym
1	161722_7	synonym
1	165297_16	implication
1	184788_14	implication
1	165297_18	implication
1	171357_14	implication
1	165297_19	implication
1	165227_8	implication
1	126013_2	abbreviation
1	110084_7	implication
1	174786_0	implication
1	184788_17	abbreviation
1	165297_21	abbreviation
1	165227_11	implication
1	176996_16	synonym
1	165227_14	implication
1	165227_15	implication
1	125626_1	synonym
1	171357_20	synonym
1	174786_4	synonym
1	174786_6	synonym
1	171357_22	implication
1	125626_3	abbreviation
1	125626_4	synonym
1	150588_24	abbreviation
1	199008_0	synonym
1	151377_0	synonym
1	151377_1	synonym
1	123743_0	hyponym
1	123743_1	implication
1	123743_2	synonym
1	118257_0	synonym
1	151377_4	implication
1	174786_9	implication
1	172267_1	abbreviation
1	151377_6	synonym
1	174786_10	implication
1	199008_6	synonym
1	118257_3	implication
1	118257_4	implication
1	123743_7	implication
1	164280_0	synonym
1	164280_1	synonym
1	164280_2	synonym
1	123743_9	implication
1	164280_3	implication
1	164280_4	implication
1	197423_9	implication
1	164280_5	implication
1	197423_11	abbreviation
1	151377_14	implication
1	125626_18	synonym
1	151377_17	abbreviation
1	125626_19	synonym
1	101833_2	implication
1	151377_18	implication
1	153808_0	implication
1	153808_1	synonym
1	153808_2	synonym
1	175030_1	synonym
1	156619_3	synonym
1	159675_2	synonym
1	169273_0	string
1	101833_8	implication
1	156619_7	implication
1	199008_24	synonym
1	169273_1	synonym
1	101833_9	implication
1	153808_11	implication
1	169273_4	synonym
1	159675_8	implication
1	159675_9	abbreviation
1	164384_0	abbreviation
1	190502_2	abbreviation
1	153808_13	implication
1	169273_5	implication
1	169273_6	implication
1	199008_28	implication
1	164384_1	synonym
1	153808_15	synonym
1	159675_11	abbreviation
1	172195_2	synonym
1	199008_30	synonym
1	159675_12	abbreviation
1	161086_3	abbreviation
1	175030_13	synonym
1	101833_15	synonym
1	175030_15	implication
1	156619_18	synonym
1	164384_5	implication
1	190502_8	synonym
1	169273_11	implication
1	159675_18	synonym
1	169273_13	synonym
1	161086_6	implication
1	161086_7	implication
1	190502_9	implication
1	190502_10	implication
1	161086_8	implication
1	172195_10	implication
1	159675_22	implication
1	159675_23	synonym
1	161086_13	implication
1	114939_2	abbreviation
1	159675_26	synonym
1	159675_27	synonym
1	159675_28	implication
1	159675_29	implication
1	159675_31	synonym
1	123655_1	synonym
1	123655_2	abbreviation
1	185823_7	synonym
1	159675_33	implication
1	152012_9	implication
1	182680_8	implication
1	182680_9	implication
1	159675_35	implication
1	182680_10	implication
1	159675_36	synonym
1	159675_37	implication
1	152012_12	synonym
1	185823_10	implication
1	159675_38	implication
1	159675_39	abbreviation
1	182680_12	synonym
1	123655_13	implication
1	108451_4	implication
1	123655_14	implication
1	115692_0	implication
1	159675_48	abbreviation
1	119246_3	synonym
1	115692_8	implication
1	108451_12	implication
1	119246_6	implication
1	115692_9	implication
1	119246_7	implication
1	115692_10	implication
1	100139_3	synonym
1	115692_11	implication
1	105017_0	synonym
1	105017_4	abbreviation
1	100139_12	implication
1	119246_14	implication
1	134823_3	synonym
1	100139_13	implication
1	100139_14	synonym
1	115692_19	implication
1	134823_6	synonym
1	118218_3	synonym
1	114639_9	implication
1	188125_0	synonym
1	114639_11	implication
1	114639_12	implication
1	114639_13	implication
1	187941_2	synonym
1	187941_3	synonym
1	118218_6	implication
1	178112_0	synonym
1	136049_1	implication
1	188125_7	synonym
1	178112_1	synonym
1	136049_2	synonym
1	136049_3	hyponym
1	137106_2	synonym
1	137106_3	synonym
1	142372_0	synonym
1	142372_2	synonym
1	137106_8	implication
1	137106_10	implication
1	142372_8	implication
1	142372_9	synonym
1	125101_0	abbreviation
1	179104_0	synonym
1	125101_2	synonym
1	179104_3	implication
1	142372_14	abbreviation
1	179104_4	synonym
1	142372_19	implication
1	158711_2	implication
1	179104_11	implication
1	179104_12	implication
1	144659_1	synonym
1	144659_2	synonym
2	106238_0	synonym
2	106238_3	string
2	106238_4	string
2	149073_41	implication
2	159468_2	implication
2	197871_10	implication
2	159509_6	string
2	159509_7	string
2	158768_23	string
2	158768_24	string
2	117505_9	string
2	117505_10	string
2	106794_13	synonym
2	106794_14	synonym
2	114177_6	implication
2	187378_12	string
2	140402_13	implication
2	179225_0	string
2	149073_42	implication
2	149095_5	synonym
2	102889_1	hyponym
2	174146_6	abbreviation
2	145699_27	string
2	191788_13	implication
2	191788_14	hyponym
2	148059_4	synonym
2	179104_13	synonym
2	179104_14	abbreviation
2	197871_11	implication
2	144659_7	synonym
2	159509_8	implication
2	159509_9	implication
2	117505_11	implication
2	117505_12	implication
2	106794_15	string
2	106794_16	synonym
2	141996_23	implication
2	114177_9	string
2	149073_43	string
2	168309_0	synonym
2	140402_16	implication
2	145699_28	implication
2	138678_29	implication
2	102889_2	synonym
2	197871_12	implication
2	159468_5	abbreviation
2	159468_6	synonym
2	137438_4	synonym
2	187378_14	implication
2	149073_44	implication
2	179104_15	abbreviation
2	131974_1	synonym
2	159509_10	implication
2	102433_0	synonym
2	102433_1	implication
2	106794_17	synonym
2	117505_13	string
2	191788_15	implication
2	138709_14	implication
2	134857_25	implication
2	184214_7	implication
2	159468_7	synonym
2	159468_9	abbreviation
2	197871_13	synonym
2	197871_14	synonym
2	148059_8	implication
2	148059_9	abbreviation
2	194084_1	implication
2	194084_2	synonym
2	157640_23	synonym
2	114177_10	implication
2	176996_0	abbreviation
2	106794_20	string
2	133855_17	implication
2	133855_18	implication
2	144659_12	implication
2	184214_8	synonym
2	158711_7	implication
2	187378_16	synonym
2	117505_17	string
2	165297_1	abbreviation
2	165297_2	implication
2	102433_3	abbreviation
2	134857_26	implication
2	179225_4	implication
2	179104_17	synonym
2	131974_3	implication
2	176996_1	abbreviation
2	144659_13	implication
2	168309_4	string
2	168309_5	implication
2	137438_7	synonym
2	137438_8	implication
2	172612_1	implication
2	172612_2	synonym
2	148059_10	implication
2	148059_11	implication
2	197871_15	synonym
2	197871_16	synonym
2	106794_21	implication
2	106794_22	implication
2	138678_30	implication
2	174146_11	synonym
2	174146_12	abbreviation
2	194084_3	synonym
2	194084_4	implication
2	194084_5	implication
2	159468_10	implication
2	159468_11	implication
2	157301_14	implication
2	144659_14	synonym
2	184788_2	implication
2	106238_15	string
2	157640_25	implication
2	138678_31	string
2	184214_9	implication
2	179225_6	string
2	130230_0	synonym
2	148059_12	synonym
2	148059_13	implication
2	172612_3	synonym
2	116955_0	synonym
2	116955_1	synonym
2	163153_2	string
2	179104_20	implication
2	137438_9	implication
2	102889_9	abbreviation
2	168309_6	implication
2	168309_7	implication
2	177550_2	synonym
2	174146_14	synonym
2	122903_16	hyponym
2	122903_17	implication
2	106794_24	implication
2	184788_3	implication
2	159878_3	synonym
2	159878_4	implication
2	153552_0	synonym
2	159468_12	implication
2	159468_13	synonym
2	159468_14	implication
2	157301_15	implication
2	157301_16	implication
2	137441_8	implication
2	131974_6	string
2	179225_7	string
2	133855_21	synonym
2	177550_3	implication
2	172612_6	implication
2	197871_17	implication
2	137438_11	implication
2	138678_32	string
2	130230_2	synonym
2	165297_6	implication
2	165297_7	synonym
2	116955_2	abbreviation
2	116955_3	synonym
2	177351_4	implication
2	106794_26	string
2	168309_9	implication
2	144659_17	implication
2	177550_4	hyponym
2	176996_4	implication
2	150402_2	implication
2	158711_11	synonym
2	131974_7	implication
2	179225_8	synonym
2	153552_1	abbreviation
2	137441_9	synonym
2	137441_11	string
2	179104_21	synonym
2	157301_17	implication
2	172612_8	implication
2	176996_5	implication
2	197871_21	implication
2	116955_5	synonym
2	106794_27	string
2	106794_28	implication
2	137438_13	synonym
2	137438_14	hyponym
2	158711_12	implication
2	120849_0	synonym
2	120849_1	synonym
2	197331_12	implication
2	165297_8	implication
2	168309_10	string
2	150588_5	implication
2	131974_9	synonym
2	176996_6	implication
2	172612_10	implication
2	130230_4	implication
2	144722_0	abbreviation
2	179104_23	string
2	179104_24	implication
2	116955_7	synonym
2	197871_23	implication
2	168309_13	string
2	131974_10	implication
2	150402_5	synonym
2	106794_29	implication
2	137438_16	implication
2	177351_8	implication
2	176996_7	implication
2	150588_6	implication
2	187378_22	synonym
2	165297_10	implication
2	165297_11	synonym
2	144657_1	synonym
2	144657_2	synonym
2	197331_13	implication
2	163153_7	implication
2	116955_8	synonym
2	116955_9	implication
2	144722_1	synonym
2	101882_0	hyponym
2	101882_1	hyponym
2	137438_18	string
2	176996_8	synonym
2	187378_23	synonym
2	158711_14	implication
2	131974_11	synonym
2	197871_24	string
2	197871_25	string
2	184214_16	synonym
2	137441_14	hyponym
2	137441_16	implication
2	138678_35	implication
2	150402_7	synonym
2	150402_8	synonym
2	194360_1	synonym
2	153552_7	implication
2	153552_8	implication
2	103369_0	hyponym
2	101882_2	implication
2	101882_3	synonym
2	130230_5	implication
2	130230_6	implication
2	122903_25	implication
2	162525_5	implication
2	163153_9	implication
2	190532_0	string
2	176996_9	string
2	179225_13	implication
2	158711_15	implication
2	174146_22	implication
2	165297_12	implication
2	184214_18	implication
2	179104_25	string
2	179104_26	implication
2	187916_0	synonym
2	187916_1	synonym
2	197871_26	implication
2	194360_2	synonym
2	137438_19	implication
2	177550_8	string
2	190532_1	string
2	150588_9	implication
2	130230_7	synonym
2	168309_16	string
2	168309_17	implication
2	179225_14	synonym
2	157301_24	implication
2	101882_4	implication
2	101882_5	hyponym
2	153552_10	abbreviation
2	122903_26	implication
2	120849_7	abbreviation
2	158711_16	implication
2	144657_6	implication
2	161722_2	string
2	103369_2	string
2	103369_3	synonym
2	130230_8	implication
2	163153_10	implication
2	116955_10	synonym
2	184214_19	implication
2	162348_0	implication
2	144722_5	synonym
2	187916_2	synonym
2	168309_18	string
2	184788_12	implication
2	177550_11	string
2	161722_4	implication
2	161722_5	implication
2	130230_9	synonym
2	144657_7	implication
2	162525_8	implication
2	157301_25	implication
2	187378_27	implication
2	162348_1	implication
2	159878_15	implication
2	184788_13	implication
2	161722_7	implication
2	194360_5	synonym
2	137869_9	implication
2	182073_5	implication
2	182073_6	implication
2	190532_4	implication
2	190532_5	string
2	150402_13	abbreviation
2	167697_7	implication
2	176996_13	abbreviation
2	184788_14	implication
2	177351_14	synonym
2	150588_13	synonym
2	144657_9	synonym
2	144657_10	implication
2	168309_21	synonym
2	161722_9	implication
2	162348_3	synonym
2	162348_4	implication
2	176996_14	abbreviation
2	157301_26	hyponym
2	144722_10	synonym
2	144722_11	implication
2	103369_7	synonym
2	190532_7	implication
2	158711_20	implication
2	130655_0	implication
2	194360_7	string
2	116955_15	implication
2	150588_14	implication
2	177622_2	implication
2	130230_11	synonym
2	130230_12	string
2	159878_17	implication
2	163153_15	implication
2	137869_10	implication
2	137869_11	implication
2	130655_1	implication
2	190532_8	implication
2	194360_8	implication
2	116955_16	synonym
2	116955_17	abbreviation
2	162348_6	implication
2	163153_16	implication
2	131974_18	string
2	177622_4	synonym
2	167697_10	implication
2	130230_13	string
2	174786_0	string
2	120889_0	synonym
2	102433_19	implication
2	103369_8	string
2	165297_21	abbreviation
2	163153_17	implication
2	150402_16	implication
2	131974_19	implication
2	167697_11	implication
2	130451_2	synonym
2	130230_14	implication
2	119502_3	string
2	177622_5	implication
2	177622_6	implication
2	176996_16	synonym
2	130655_3	synonym
2	147575_0	synonym
2	174786_1	synonym
2	162348_8	implication
2	162348_9	implication
2	162348_10	synonym
2	190532_9	synonym
2	190532_10	synonym
2	194360_10	implication
2	120889_2	implication
2	130655_4	synonym
2	131974_21	implication
2	103369_10	string
2	130230_15	implication
2	162213_1	synonym
2	125626_0	synonym
2	174786_2	synonym
2	120849_14	implication
2	120849_15	implication
2	177622_7	implication
2	147575_1	abbreviation
2	187916_8	implication
2	162213_2	synonym
2	194360_11	implication
2	131974_22	implication
2	150588_19	implication
2	141891_0	implication
2	141891_1	string
2	167697_14	implication
2	120889_4	implication
2	177351_22	implication
2	177550_19	implication
2	134857_43	implication
2	120849_16	implication
2	190532_12	string
2	190532_13	synonym
2	174786_4	synonym
2	106220_3	implication
2	106220_4	implication
2	150588_20	implication
2	130451_6	synonym
2	162348_14	synonym
2	130230_17	implication
2	130230_18	string
2	131974_23	implication
2	103369_13	implication
2	183972_6	implication
2	141891_2	implication
2	141891_3	implication
2	141891_4	implication
2	120889_5	implication
2	162213_4	implication
2	194360_13	string
2	194155_0	string
2	130655_7	implication
2	177351_23	implication
2	129255_0	synonym
2	177622_11	implication
2	162213_5	implication
2	119502_8	implication
2	120889_6	implication
2	190532_15	implication
2	102015_0	string
2	150588_22	implication
2	194155_2	implication
2	137869_14	implication
2	130451_8	synonym
2	106220_5	implication
2	141891_5	string
2	119502_9	synonym
2	174786_6	implication
2	130230_19	implication
2	130230_20	implication
2	131974_25	hyponym
2	120889_7	implication
2	194360_14	string
2	162213_6	synonym
2	190532_16	implication
2	129255_1	implication
2	129255_2	implication
2	129255_3	synonym
2	174786_7	synonym
2	163153_24	implication
2	162348_18	string
2	162348_19	string
2	176996_20	implication
2	125626_3	hyponym
2	120889_8	string
2	137869_15	implication
2	162213_7	abbreviation
2	102015_1	implication
2	102015_3	implication
2	194155_3	string
2	194155_4	string
2	194360_15	implication
2	187916_14	string
2	177622_14	implication
2	150588_24	string
2	106220_6	implication
2	146958_0	synonym
2	107354_3	synonym
2	129255_4	synonym
2	129255_5	synonym
2	129255_6	synonym
2	119502_11	implication
2	187916_15	implication
2	120889_9	implication
2	151377_1	synonym
2	177622_15	synonym
2	130451_10	implication
2	130451_11	implication
2	187916_16	implication
2	129255_8	implication
2	129255_9	string
2	190532_19	string
2	106220_8	implication
2	106220_9	implication
2	176996_21	implication
2	120849_23	synonym
2	151377_3	implication
2	119502_12	synonym
2	125626_5	implication
2	131974_29	implication
2	130451_12	implication
2	130451_13	string
2	190532_20	implication
2	108558_1	synonym
2	102015_5	implication
2	177622_17	implication
2	107354_5	implication
2	174786_8	synonym
2	147575_10	implication
2	147575_11	implication
2	129255_10	string
2	146582_1	implication
2	162213_11	synonym
2	151377_4	implication
2	120849_25	implication
2	120849_26	implication
2	146958_4	synonym
2	174786_9	synonym
2	147575_12	implication
2	125626_8	synonym
2	162213_12	implication
2	177622_19	implication
2	177622_20	implication
2	112474_1	string
2	196731_1	implication
2	196731_2	implication
2	196731_3	string
2	146582_2	implication
2	146582_3	implication
2	172267_1	abbreviation
2	146958_5	synonym
2	151377_6	synonym
2	151377_7	implication
2	162213_13	implication
2	102015_8	string
2	102015_9	implication
2	118265_0	string
2	118265_1	synonym
2	118265_2	string
2	120849_27	synonym
2	194155_10	synonym
2	174786_10	implication
2	112474_3	implication
2	112474_4	synonym
2	125626_9	implication
2	120889_13	implication
2	146582_4	implication
2	119502_16	implication
2	146958_6	string
2	196731_4	string
2	196731_5	synonym
2	196731_6	string
2	147575_13	synonym
2	151377_9	implication
2	174786_11	hyponym
2	106220_14	string
2	112474_5	implication
2	112474_6	implication
2	118265_3	hyponym
2	125626_12	synonym
2	194155_12	implication
2	119502_17	implication
2	147502_0	abbreviation
2	196731_7	implication
2	196731_8	implication
2	196731_9	implication
2	151377_10	string
2	146582_6	synonym
2	146582_7	string
2	187916_22	implication
2	125626_13	abbreviation
2	125626_14	implication
2	108558_6	implication
2	108558_7	implication
2	146958_8	implication
2	119502_18	implication
2	137869_22	implication
2	120889_15	implication
2	187916_23	implication
2	146958_9	implication
2	165519_2	synonym
2	146582_8	implication
2	128050_2	implication
2	174786_14	string
2	151377_13	implication
2	165519_3	synonym
2	196731_12	implication
2	196731_13	implication
2	125626_16	implication
2	147502_4	synonym
2	146582_10	implication
2	146582_11	implication
2	174786_15	string
2	146958_11	synonym
2	137869_24	string
2	112474_12	implication
2	120889_17	string
2	151377_15	implication
2	129486_2	implication
2	125626_17	implication
2	125626_18	string
2	101833_0	abbreviation
2	146958_12	abbreviation
2	150306_3	implication
2	146582_12	string
2	146582_13	abbreviation
2	199085_1	implication
2	196148_1	synonym
2	128247_2	implication
2	112474_13	implication
2	112474_14	string
2	174786_16	implication
2	151377_16	implication
2	151377_17	string
2	187916_25	implication
2	101833_1	implication
2	125626_20	string
2	146582_14	string
2	150306_6	synonym
2	128050_6	implication
2	128247_3	implication
2	187916_26	implication
2	174786_17	string
2	159968_1	abbreviation
2	196148_2	synonym
2	107354_13	implication
2	146958_14	synonym
2	136671_10	implication
2	101833_2	implication
2	162213_20	implication
2	128050_7	implication
2	151377_18	implication
2	121925_1	synonym
2	146582_17	implication
2	101833_3	synonym
2	162213_21	abbreviation
2	149256_0	string
2	107354_14	implication
2	136671_11	implication
2	108103_0	synonym
2	150306_8	implication
2	159968_3	implication
2	146958_16	string
2	167883_1	hyponym
2	174786_19	implication
2	196148_4	synonym
2	199085_5	implication
2	136671_12	implication
2	193189_0	implication
2	108103_1	string
2	108103_2	string
2	187916_28	synonym
2	149256_2	string
2	165519_10	implication
2	147502_9	abbreviation
2	101833_5	implication
2	121925_3	synonym
2	187916_29	implication
2	146582_21	string
2	134964_0	string
2	134964_1	synonym
2	134964_2	string
2	149256_4	implication
2	149256_5	implication
2	196148_6	implication
2	128050_10	synonym
2	128050_11	implication
2	150306_12	string
2	199085_8	implication
2	167883_5	implication
2	155533_0	synonym
2	155533_1	implication
2	134964_4	synonym
2	159968_8	implication
2	196148_7	implication
2	119282_1	string
2	146582_22	string
2	146582_23	implication
2	121925_4	synonym
2	121925_5	abbreviation
2	174786_21	implication
2	149256_6	implication
2	108103_6	implication
2	128247_11	implication
2	150306_14	string
2	150306_16	implication
2	169273_0	implication
2	155533_2	string
2	155533_3	string
2	167883_6	implication
2	167883_7	implication
2	147502_12	abbreviation
2	196148_8	implication
2	134964_5	string
2	134964_6	string
2	134964_7	string
2	159968_10	implication
2	199085_9	synonym
2	146582_24	implication
2	121925_6	implication
2	193189_5	synonym
2	193189_6	synonym
2	113469_0	implication
2	113469_1	string
2	136671_15	implication
2	136671_16	implication
2	128247_13	implication
2	147502_13	synonym
2	165519_14	implication
2	101833_8	implication
2	174786_22	implication
2	120257_3	implication
2	128744_2	synonym
2	128744_5	synonym
2	155533_4	implication
2	155533_5	abbreviation
2	150306_17	synonym
2	150306_18	synonym
2	167883_8	implication
2	134964_9	string
2	169273_1	implication
2	113469_2	string
2	113469_3	synonym
2	159675_3	implication
2	196148_10	hyponym
2	121925_8	synonym
2	144766_10	implication
2	128050_14	implication
2	128247_15	hyponym
2	128247_16	synonym
2	119282_5	abbreviation
2	146582_26	implication
2	146582_27	synonym
2	101833_9	implication
2	108103_7	implication
2	108103_8	implication
2	174786_23	string
2	143979_0	implication
2	190502_0	abbreviation
2	196148_11	implication
2	128744_6	string
2	113469_4	implication
2	113469_5	implication
2	159675_7	implication
2	119282_7	implication
2	146582_28	implication
2	146582_29	synonym
2	120257_4	implication
2	120257_5	implication
2	167883_10	abbreviation
2	174786_24	string
2	196148_12	implication
2	101833_10	string
2	193189_11	implication
2	108103_9	implication
2	147502_16	implication
2	128050_16	implication
2	128050_17	implication
2	169273_4	synonym
2	191228_24	implication
2	149256_15	string
2	121925_10	implication
2	159675_8	abbreviation
2	159675_9	abbreviation
2	196148_13	implication
2	119282_8	implication
2	199085_15	implication
2	190502_2	abbreviation
2	136671_20	implication
2	101833_11	string
2	174786_25	implication
2	167883_12	abbreviation
2	167883_13	implication
2	143979_5	implication
2	128590_0	abbreviation
2	121925_12	implication
2	169273_5	implication
2	128050_18	implication
2	165603_0	synonym
2	104268_0	string
2	159675_10	synonym
2	159675_11	abbreviation
2	144766_13	string
2	121091_0	implication
2	113469_9	implication
2	196148_15	synonym
2	161086_0	synonym
2	161086_1	implication
2	121925_15	implication
2	128590_3	synonym
2	107354_24	implication
2	120257_9	implication
2	169273_7	implication
2	165603_1	synonym
2	149256_19	implication
2	121091_1	synonym
2	121091_2	implication
2	159675_12	abbreviation
2	177613_0	synonym
2	155533_12	implication
2	143979_8	implication
2	196148_16	synonym
2	177613_2	synonym
2	112982_0	string
2	112982_1	implication
2	104268_2	synonym
2	167883_17	string
2	120257_10	synonym
2	119273_1	implication
2	195968_0	abbreviation
2	190502_6	implication
2	136671_22	string
2	128590_4	implication
2	128590_5	synonym
2	196148_17	implication
2	165603_2	synonym
2	169273_10	implication
2	133242_0	synonym
2	133242_1	implication
2	143979_10	implication
2	199085_21	implication
2	120257_12	synonym
2	107354_26	implication
2	196148_18	implication
2	177613_3	string
2	177613_4	implication
2	161086_4	implication
2	161086_5	implication
2	121925_18	implication
2	121925_19	implication
2	167883_18	string
2	112982_4	implication
2	195968_1	abbreviation
2	190502_7	implication
2	190502_8	string
2	134578_0	string
2	134578_1	string
2	169273_11	implication
2	169273_12	implication
2	128590_6	synonym
2	133242_3	abbreviation
2	199085_22	synonym
2	199085_23	string
2	143979_12	implication
2	143979_13	implication
2	128050_21	abbreviation
2	121091_7	implication
2	161086_7	implication
2	190502_9	implication
2	190502_10	implication
2	121925_20	string
2	120257_17	hyponym
2	165603_3	abbreviation
2	101833_17	implication
2	177613_7	implication
2	128590_8	implication
2	128590_9	implication
2	134578_2	implication
2	134578_3	implication
2	180691_0	synonym
2	180691_1	synonym
2	112133_0	implication
2	133242_4	implication
2	161086_8	implication
2	161086_9	hyponym
2	112613_4	implication
2	190502_11	implication
2	190502_12	implication
2	101833_18	implication
2	120257_18	abbreviation
2	120257_19	synonym
2	197150_2	synonym
2	104268_4	string
2	136356_0	synonym
2	136356_1	implication
2	134578_4	implication
2	112133_1	implication
2	177613_9	implication
2	180691_2	synonym
2	180691_3	synonym
2	165603_4	implication
2	119273_9	synonym
2	128590_10	synonym
2	128590_11	implication
2	101833_19	implication
2	133242_6	synonym
2	133242_7	implication
2	161086_10	string
2	161086_11	implication
2	195624_0	implication
2	112982_9	implication
2	120257_21	implication
2	128050_24	implication
2	113865_0	string
2	112133_2	synonym
2	179480_2	implication
2	177613_10	abbreviation
2	104707_0	implication
2	159675_23	synonym
2	171473_5	implication
2	101833_20	implication
2	134578_6	string
2	134578_7	string
2	119273_10	synonym
2	119273_11	synonym
2	136356_3	implication
2	180691_4	implication
2	180691_5	implication
2	112133_3	synonym
2	161086_12	implication
2	161086_13	implication
2	177613_11	implication
2	120257_23	implication
2	195779_0	string
2	195779_1	string
2	104268_6	implication
2	128590_12	string
2	195624_1	implication
2	179480_3	synonym
2	171473_6	abbreviation
2	113865_1	implication
2	101833_21	implication
2	104707_2	implication
2	136356_4	implication
2	112133_4	synonym
2	119273_12	implication
2	162798_5	implication
2	161086_14	implication
2	161086_15	implication
2	120257_24	implication
2	177613_12	synonym
2	185823_0	string
2	185823_1	implication
2	128590_14	string
2	128590_15	synonym
2	175366_5	synonym
2	136356_5	implication
2	134578_12	string
2	113865_3	implication
2	113865_4	implication
2	195624_4	implication
2	104268_7	implication
2	104707_4	implication
2	101833_23	implication
2	133242_11	synonym
2	179480_5	implication
2	136356_6	synonym
2	161086_17	implication
2	171473_8	string
2	112133_5	string
2	159675_26	implication
2	159675_27	implication
2	134578_13	string
2	134578_14	implication
2	113865_5	implication
2	113865_6	implication
2	101833_24	string
2	128590_16	implication
2	128590_17	synonym
2	112613_10	implication
2	175366_7	implication
2	136356_7	string
2	177613_13	implication
2	112133_6	string
2	185823_2	synonym
2	185823_3	implication
2	195624_5	implication
2	195624_6	implication
2	104707_6	synonym
2	104707_7	synonym
2	166034_0	synonym
2	101833_25	string
2	179480_6	implication
2	161086_18	string
2	161086_19	implication
2	128590_19	implication
2	105861_0	synonym
2	120257_28	abbreviation
2	162798_8	synonym
2	162798_9	synonym
2	112613_12	implication
2	101833_26	implication
2	175366_8	synonym
2	143881_1	implication
2	119273_19	synonym
2	136356_8	synonym
2	196148_26	implication
2	185823_5	implication
2	179642_2	synonym
2	179642_3	implication
2	166034_1	synonym
2	177613_15	implication
2	177613_16	string
2	197150_8	synonym
2	128590_20	implication
2	128590_21	implication
2	159675_31	synonym
2	113865_9	implication
2	113865_10	implication
2	105861_1	synonym
2	105861_2	implication
2	196148_27	string
2	130539_0	implication
2	172605_4	implication
2	161086_20	implication
2	161086_21	implication
2	165603_9	implication
2	119273_21	synonym
2	197150_9	implication
2	175366_11	implication
2	166034_2	implication
2	144766_22	implication
2	133242_14	synonym
2	133242_15	synonym
2	105861_3	implication
2	113865_11	synonym
2	196148_28	implication
2	130539_1	implication
2	128590_22	string
2	162798_10	hyponym
2	165603_10	synonym
2	185823_6	abbreviation
2	143881_4	implication
2	197150_10	synonym
2	159675_33	implication
2	119273_22	string
2	119273_23	string
2	144766_23	synonym
2	136356_11	implication
2	113865_13	implication
2	112613_16	implication
2	165603_11	synonym
2	197150_11	synonym
2	133242_16	implication
2	130539_2	implication
2	196148_29	implication
2	167768_10	synonym
2	143881_5	implication
2	104707_12	implication
2	148215_0	synonym
2	144766_24	implication
2	166034_4	implication
2	182680_9	implication
2	162798_13	synonym
2	105861_4	implication
2	128590_24	implication
2	128590_25	implication
2	175366_15	implication
2	172605_5	synonym
2	172605_6	synonym
2	159675_35	synonym
2	130539_3	implication
2	197150_12	synonym
2	196148_30	implication
2	113865_15	implication
2	136356_13	implication
2	112613_19	synonym
2	104268_12	implication
2	162798_14	implication
2	162798_15	string
2	182680_10	synonym
2	130539_4	implication
2	187917_0	implication
2	165603_12	implication
2	195624_10	implication
2	195624_11	implication
2	196148_31	string
2	104707_14	implication
2	105861_6	synonym
2	133242_20	implication
2	159675_37	synonym
2	166034_5	string
2	197150_13	synonym
2	167768_15	implication
2	113865_17	implication
2	162798_16	string
2	162798_17	abbreviation
2	195624_12	implication
2	104268_13	implication
2	136356_14	implication
2	136356_15	string
2	196148_32	implication
2	185823_10	implication
2	185823_11	string
2	112613_20	string
2	162798_18	implication
2	197150_14	implication
2	165603_13	implication
2	102636_5	implication
2	102636_6	implication
2	196148_33	implication
2	186927_0	abbreviation
2	148215_4	string
2	159675_38	implication
2	159675_39	abbreviation
2	167768_16	implication
2	104268_14	implication
2	133242_22	synonym
2	182680_12	abbreviation
2	162798_19	implication
2	162798_20	string
2	130539_6	implication
2	129412_0	string
2	138009_0	implication
2	138009_1	synonym
2	172605_10	implication
2	166034_7	implication
2	105861_9	implication
2	104707_19	hyponym
2	197150_15	implication
2	186927_1	implication
2	186927_2	synonym
2	148450_3	string
2	159675_40	synonym
2	159675_41	synonym
2	136356_16	implication
2	136356_17	implication
2	195624_15	implication
2	146210_2	synonym
2	172605_11	implication
2	162798_21	string
2	162798_22	implication
2	166034_8	implication
2	105861_10	implication
2	175366_19	implication
2	182680_14	synonym
2	182680_15	implication
2	148215_7	implication
2	104707_21	implication
2	165603_15	implication
2	138009_2	synonym
2	138009_3	synonym
2	186927_3	implication
2	186927_4	implication
2	130539_8	implication
2	133242_24	implication
2	133242_25	string
2	182351_0	synonym
2	105861_11	synonym
2	185823_15	implication
2	141084_1	synonym
2	162798_23	implication
2	162798_24	implication
2	104707_22	implication
2	104707_23	implication
2	175366_20	implication
2	175366_21	implication
2	148450_4	string
2	129412_1	implication
2	182680_16	implication
2	182680_17	implication
2	186927_5	synonym
2	186927_6	implication
2	146210_3	implication
2	102636_13	synonym
2	102636_14	string
2	165603_16	implication
2	104268_17	string
2	138009_5	hyponym
2	138009_6	synonym
2	138009_7	synonym
2	197150_18	synonym
2	141084_2	synonym
2	141084_3	string
2	172605_14	implication
2	182351_1	string
2	182351_2	implication
2	182351_3	synonym
2	105861_12	implication
2	105861_13	string
2	159675_43	implication
2	104707_25	implication
2	130539_10	string
2	197150_19	implication
2	105861_14	string
2	186927_7	implication
2	191196_2	abbreviation
2	148450_7	implication
2	182680_18	string
2	165603_17	synonym
2	104268_18	implication
2	129412_3	synonym
2	129412_4	implication
2	104707_27	implication
2	148450_8	implication
2	148215_10	implication
2	148215_11	implication
2	138009_8	synonym
2	138009_9	synonym
2	149073_5	implication
2	197150_20	implication
2	141084_4	string
2	141084_5	implication
2	185823_18	string
2	182351_4	synonym
2	182351_5	implication
2	182351_6	implication
2	165603_18	implication
2	186927_9	abbreviation
2	186927_10	synonym
2	141084_7	synonym
2	182351_7	synonym
2	182351_8	synonym
2	148215_12	implication
2	148215_13	synonym
2	182680_20	string
2	107340_1	abbreviation
2	107340_2	implication
2	130539_12	implication
2	127411_5	implication
2	105861_17	synonym
2	105861_18	abbreviation
2	141084_8	string
2	141084_9	string
2	182351_9	string
2	182351_10	implication
2	182351_11	implication
2	130539_13	implication
2	149073_7	implication
2	186927_11	implication
2	186927_12	synonym
2	186927_13	synonym
2	115692_0	synonym
2	115692_1	abbreviation
2	105400_0	abbreviation
2	107110_0	implication
2	129412_8	implication
2	179480_20	implication
2	104268_21	implication
2	105861_19	string
2	105861_20	implication
2	197150_23	string
2	130539_14	implication
2	141084_10	implication
2	141084_11	synonym
2	105400_2	implication
2	105400_3	string
2	119246_0	implication
2	182351_12	string
2	182351_13	string
2	182351_14	implication
2	186927_14	implication
2	115692_2	abbreviation
2	148215_16	string
2	148215_17	implication
2	104268_22	implication
2	107110_1	implication
2	197150_24	synonym
2	165603_20	implication
2	148450_12	synonym
2	148450_13	synonym
2	129412_9	implication
2	130539_15	implication
2	197150_25	synonym
2	186927_16	implication
2	186927_17	string
2	105861_22	implication
2	141084_13	implication
2	107110_4	implication
2	179480_22	implication
2	131768_3	implication
2	131768_4	synonym
2	150548_2	implication
2	148215_18	implication
2	198266_0	abbreviation
2	105400_4	string
2	105400_5	hyponym
2	148450_15	synonym
2	171327_1	synonym
2	146210_11	implication
2	115692_4	synonym
2	115692_5	implication
2	119246_3	synonym
2	107110_6	implication
2	141084_14	implication
2	141084_15	synonym
2	149073_11	implication
2	104268_24	string
2	105861_24	implication
2	198266_2	abbreviation
2	197150_26	implication
2	105400_7	implication
2	186927_18	string
2	166034_16	synonym
2	148450_16	synonym
2	171327_2	implication
2	171327_3	synonym
2	107110_7	implication
2	107110_8	implication
2	198266_3	abbreviation
2	129412_14	string
2	105400_8	synonym
2	105400_9	synonym
2	154423_2	string
2	154423_3	synonym
2	115692_8	string
2	141084_17	implication
2	165603_23	implication
2	105861_25	implication
2	166034_17	synonym
2	131768_7	implication
2	150548_5	implication
2	100139_1	string
2	148450_19	synonym
2	107110_9	implication
2	130539_19	implication
2	171327_5	implication
2	166034_18	implication
2	115692_9	string
2	191331_2	implication
2	141084_18	implication
2	105400_10	implication
2	105400_11	synonym
2	198266_5	implication
2	198266_6	implication
2	105861_27	implication
2	105861_28	string
2	193608_5	synonym
2	119246_7	implication
2	115692_10	implication
2	148450_20	string
2	100139_3	implication
2	100139_4	synonym
2	131768_11	string
2	104268_26	implication
2	108084_3	implication
2	108084_4	synonym
2	171327_6	implication
2	171327_7	implication
2	198266_7	synonym
2	198266_8	synonym
2	177389_3	implication
2	150548_7	implication
2	105400_12	abbreviation
2	105400_13	implication
2	141084_20	string
2	141084_21	implication
2	186216_1	synonym
2	186216_2	implication
2	105861_29	string
2	105861_30	implication
2	130539_21	string
2	193608_7	implication
2	100139_5	implication
2	100139_6	synonym
2	129412_17	implication
2	129412_18	implication
2	108084_5	implication
2	105400_15	implication
2	171327_8	synonym
2	171327_9	synonym
2	198266_9	synonym
2	131768_12	implication
2	131768_13	implication
2	165603_26	implication
2	191331_7	string
2	160732_0	string
2	130539_22	implication
2	101099_3	implication
2	179480_29	implication
2	188241_6	implication
2	188241_7	implication
2	162910_1	string
2	100139_8	synonym
2	171327_10	implication
2	171327_11	implication
2	115692_14	implication
2	198266_12	synonym
2	129412_19	implication
2	129412_20	string
2	101099_4	string
2	191244_1	implication
2	191244_2	implication
2	133691_3	implication
2	160732_2	string
2	160732_3	implication
2	150548_9	synonym
2	105400_16	string
2	186216_6	abbreviation
2	188241_8	synonym
2	114158_3	implication
2	100139_9	implication
2	162910_4	synonym
2	191244_3	abbreviation
2	191244_4	implication
2	131768_16	string
2	131768_17	string
2	198266_13	synonym
2	154423_11	string
2	104701_0	implication
2	104701_1	implication
2	101099_5	synonym
2	129412_21	implication
2	129412_22	implication
2	187205_1	implication
2	191244_6	abbreviation
2	133691_4	string
2	114158_4	string
2	114158_5	implication
2	188241_11	implication
2	197615_1	implication
2	197615_2	string
2	162910_5	synonym
2	100268_0	implication
2	186216_7	implication
2	160732_6	string
2	101099_6	string
2	100139_12	implication
2	162987_1	synonym
2	154423_12	string
2	134823_2	implication
2	129412_23	implication
2	187205_2	string
2	187205_3	implication
2	104701_2	string
2	104701_3	string
2	177389_7	implication
2	177389_8	implication
2	166034_24	implication
2	133691_7	string
2	133691_8	string
2	133691_9	implication
2	100268_2	implication
2	119246_13	synonym
2	162910_7	implication
2	162910_8	implication
2	162987_2	synonym
2	108084_12	implication
2	178322_0	string
2	150548_13	implication
2	114158_6	implication
2	134857_7	implication
2	149073_22	implication
2	186216_11	implication
2	166034_25	implication
2	177389_9	synonym
2	177389_10	synonym
2	162987_3	implication
2	104701_6	implication
2	131701_2	string
2	119246_14	implication
2	162910_10	string
2	134823_3	synonym
2	188241_15	implication
2	100139_14	string
2	149111_0	synonym
2	149111_1	implication
2	114158_8	string
2	114158_9	string
2	108084_14	implication
2	198266_18	implication
2	149073_23	implication
2	115692_19	implication
2	115692_20	implication
2	178322_1	string
2	171327_18	implication
2	131701_4	implication
2	131701_5	synonym
2	119246_15	synonym
2	144195_0	string
2	144195_1	synonym
2	165603_31	implication
2	191244_13	synonym
2	104701_8	implication
2	197615_5	implication
2	147686_1	implication
2	177389_11	synonym
2	177389_12	implication
2	157839_0	implication
2	157839_1	abbreviation
2	187790_2	implication
2	198266_19	implication
2	198266_20	implication
2	145699_0	synonym
2	178322_4	implication
2	115692_21	abbreviation
2	115692_22	implication
2	133691_13	string
2	133691_14	implication
2	133691_15	string
2	114158_12	string
2	114158_13	string
2	118218_0	synonym
2	171327_20	implication
2	108084_15	implication
2	108084_16	hyponym
2	144195_2	string
2	151614_2	string
2	188241_17	implication
2	149111_3	synonym
2	134823_5	implication
2	174752_12	synonym
2	177389_13	implication
2	177389_14	string
2	165603_32	synonym
2	114158_14	string
2	187790_3	implication
2	187790_4	implication
2	118218_1	implication
2	178322_5	string
2	178322_6	implication
2	198266_21	abbreviation
2	157839_2	implication
2	157839_3	implication
2	144195_4	synonym
2	144195_5	synonym
2	191244_14	implication
2	134823_6	implication
2	118218_2	implication
2	108084_17	implication
2	177389_15	synonym
2	177389_16	string
2	145699_2	string
2	131768_26	implication
2	174752_13	synonym
2	149111_4	implication
2	157839_4	implication
2	157839_5	synonym
2	134823_7	synonym
2	145076_1	implication
2	118218_3	string
2	166034_29	string
2	144195_6	synonym
2	144195_7	implication
2	198266_23	implication
2	198266_24	implication
2	171327_24	synonym
2	171327_25	implication
2	114158_16	implication
2	114158_17	string
2	187790_5	string
2	145699_3	implication
2	134823_8	implication
2	197615_10	string
2	144195_8	synonym
2	144195_9	string
2	171327_26	implication
2	147686_7	implication
2	177389_17	implication
2	177389_18	implication
2	157839_6	implication
2	157839_7	synonym
2	157839_8	synonym
2	119246_20	synonym
2	162528_1	synonym
2	149111_5	synonym
2	149111_6	synonym
2	101099_11	synonym
2	178322_9	synonym
2	178322_10	implication
2	118218_4	implication
2	166034_30	implication
2	191836_7	implication
2	191836_8	implication
2	133608_1	implication
2	136175_0	abbreviation
2	108084_19	implication
2	108084_20	implication
2	149111_7	synonym
2	179998_0	string
2	144195_10	implication
2	144195_11	string
2	171327_29	implication
2	151614_7	implication
2	119246_21	implication
2	145076_5	implication
2	145699_4	implication
2	160867_2	implication
2	165603_35	implication
2	111318_4	synonym
2	111318_5	hyponym
2	147686_9	implication
2	118218_5	implication
2	157839_10	implication
2	149111_8	implication
2	191836_9	implication
2	191836_10	implication
2	171327_30	implication
2	144195_12	string
2	162528_3	implication
2	136175_2	synonym
2	108084_21	synonym
2	145699_5	synonym
2	165603_36	abbreviation
2	133608_3	string
2	107340_28	implication
2	179998_1	implication
2	179998_2	implication
2	160867_7	implication
2	101099_13	implication
2	162528_4	implication
2	178322_13	synonym
2	178322_14	synonym
2	157301_1	synonym
2	162987_12	string
2	162987_13	implication
2	118218_7	implication
2	158768_0	string
2	151614_8	implication
2	134823_12	synonym
2	149111_9	synonym
2	136175_4	implication
2	179998_3	implication
2	179998_4	synonym
2	172672_1	implication
2	172672_2	synonym
2	162981_1	synonym
2	162981_2	synonym
2	118218_8	string
2	162528_5	implication
2	119246_24	implication
2	149073_34	synonym
2	134823_13	synonym
2	145076_9	implication
2	157301_2	implication
2	157301_3	implication
2	160997_0	implication
2	162987_15	string
2	136175_6	implication
2	145699_7	string
2	155327_2	abbreviation
2	151614_10	implication
2	133608_6	implication
2	118218_9	string
2	179998_6	implication
2	149073_35	synonym
2	149111_11	synonym
2	149111_12	string
2	197871_0	synonym
2	134823_14	synonym
2	178322_16	implication
2	178322_17	implication
2	158768_3	string
2	160997_1	synonym
2	149111_13	synonym
2	138376_0	implication
2	136175_7	synonym
2	136175_8	abbreviation
2	178112_4	implication
2	179998_7	implication
2	145076_12	implication
2	145076_13	synonym
2	101099_16	implication
2	172672_5	implication
2	197871_2	synonym
2	197871_3	implication
2	157640_0	string
2	162981_3	synonym
2	118218_10	string
2	107340_32	implication
2	145699_10	implication
2	149111_15	synonym
2	158768_4	implication
2	145076_14	synonym
2	145076_15	synonym
2	157640_1	string
2	136175_9	synonym
2	136175_10	synonym
2	138678_0	synonym
2	155327_4	implication
2	179998_9	implication
2	179998_10	string
2	179998_11	string
2	159838_0	string
2	151614_12	implication
2	151614_13	implication
2	160997_4	implication
2	197871_4	implication
2	197871_5	abbreviation
2	133608_9	implication
2	157640_2	string
2	118218_12	synonym
2	171027_2	string
2	155327_5	implication
2	149111_16	synonym
2	149111_17	implication
2	145699_12	implication
2	145076_16	implication
2	197871_6	implication
2	114177_0	string
2	149073_40	implication
2	141996_0	synonym
2	133608_10	synonym
2	118218_13	synonym
2	136175_11	implication
2	145699_13	implication
2	160997_6	string
2	141996_2	implication
2	141996_3	synonym
2	155327_6	implication
2	172672_12	synonym
2	133608_11	synonym
2	159468_0	implication
2	159468_1	synonym
2	177846_0	implication
2	177846_1	implication
2	117505_0	string
2	117505_1	string
2	159838_5	implication
2	145076_19	implication
2	118218_14	synonym
2	197871_7	string
2	197871_9	implication
2	154649_2	implication
2	114177_1	string
2	114177_2	string
2	114177_3	implication
2	145699_14	synonym
2	108084_33	implication
2	114177_4	implication
2	172672_13	synonym
2	172672_14	synonym
2	149111_20	implication
2	145076_20	implication
2	145076_21	implication
2	157640_5	string
2	133608_13	synonym
2	155327_8	synonym
2	177846_3	abbreviation
2	177846_4	synonym
2	177846_5	implication
2	160997_8	implication
2	116117_0	string
2	116117_1	string
2	145076_22	implication
2	145076_23	string
2	138678_4	synonym
2	136175_14	implication
2	136175_15	synonym
2	145699_16	synonym
2	158768_12	string
2	158768_13	string
2	117505_6	string
2	138376_9	synonym
2	118218_15	implication
2	149111_21	string
2	149111_22	implication
2	171027_7	implication
2	141996_7	implication
2	151614_20	implication
2	177846_7	implication
2	155327_9	synonym
2	117505_7	implication
2	145076_24	implication
2	145076_25	implication
2	154649_7	implication
2	154649_8	implication
2	149111_23	implication
2	160997_10	implication
2	108084_37	implication
2	155327_11	implication
2	141996_8	synonym
2	141996_9	hyponym
2	118218_17	implication
2	174146_0	synonym
2	174146_1	implication
2	177846_9	hyponym
2	177846_10	implication
2	145699_18	synonym
2	116117_4	implication
2	154649_9	synonym
2	160997_11	synonym
2	179104_0	abbreviation
2	179104_1	synonym
2	168943_3	synonym
2	116117_5	synonym
2	136175_17	implication
2	136175_18	string
2	184214_0	synonym
2	154649_11	string
2	160997_12	synonym
2	171393_3	implication
2	133608_19	implication
2	118218_19	abbreviation
2	177846_11	implication
2	177846_12	implication
2	177846_13	implication
2	137438_0	synonym
2	157640_10	implication
2	179104_2	implication
2	179104_3	string
2	155327_13	abbreviation
2	141996_12	synonym
2	141996_13	implication
2	148059_0	synonym
2	160997_13	synonym
2	116117_7	synonym
2	118218_20	implication
2	149095_0	abbreviation
2	145699_21	string
2	133855_0	synonym
2	160997_14	implication
2	141996_15	synonym
2	122903_2	implication
2	184214_3	synonym
2	148059_3	implication
2	149095_1	synonym
2	149095_2	synonym
2	168943_7	synonym
2	118218_22	implication
2	157640_13	abbreviation
2	141996_17	implication
2	179104_4	abbreviation
2	149095_3	abbreviation
2	149095_4	implication
2	141996_18	implication
2	141996_19	implication
2	118218_23	string
2	160997_17	synonym
2	118218_24	string
2	145699_24	implication
2	157640_15	implication
2	160997_18	implication
2	158711_2	synonym
2	112313_7	synonym
2	145699_25	implication
2	106794_2	implication
2	106794_3	implication
2	157640_16	string
2	116117_12	implication
2	191788_0	implication
2	191788_1	implication
2	118218_26	implication
2	160997_19	hyponym
2	122903_7	implication
2	122903_9	implication
2	138678_13	implication
2	106794_4	synonym
2	106794_5	synonym
2	171027_21	implication
2	133855_5	implication
2	133855_6	implication
2	116117_14	implication
2	116117_15	implication
2	191788_3	synonym
2	179104_12	implication
2	160997_21	implication
2	138678_14	implication
2	102758_1	synonym
2	171393_10	implication
2	133855_7	implication
2	191788_4	implication
2	191788_5	synonym
2	138678_15	synonym
2	106794_8	implication
2	106794_9	implication
2	159509_1	string
2	160997_22	implication
2	102758_2	string
2	159509_4	synonym
2	191788_7	implication
2	133855_9	synonym
2	189423_3	string
2	189423_4	implication
2	106794_10	implication
2	106794_11	implication
2	106794_12	implication
2	138678_16	synonym
2	133855_11	implication
2	171393_12	implication
2	187378_0	string
2	160997_24	hyponym
2	189423_6	implication
2	112313_13	synonym
2	138678_17	synonym
2	191788_8	implication
2	160997_25	implication
2	171393_13	synonym
2	102758_5	implication
2	102758_7	implication
2	191788_12	implication
2	112313_16	synonym
2	102758_8	implication
2	102758_9	implication
2	187378_5	abbreviation
2	187378_6	synonym
2	112313_19	implication
2	102758_11	implication
2	140402_0	implication
2	112313_21	string
2	128140_9	implication
2	140402_1	implication
2	187378_11	string
2	140402_3	synonym
2	112313_23	synonym
2	140402_6	implication
2	128140_12	implication
2	138678_24	synonym
2	144659_0	abbreviation
2	138678_25	implication
2	140402_7	implication
2	140402_8	implication
2	128140_13	synonym
2	140402_9	string
2	140402_10	implication
2	138678_27	implication
2	144659_1	implication
2	144659_2	synonym
2	144659_3	implication
2	140402_12	implication
2	144659_4	implication
2	144659_6	abbreviation
3	106238_0	synonym
3	106238_1	synonym
3	106238_3	synonym
3	140222_15	synonym
3	140222_16	synonym
3	157301_7	implication
3	157301_8	synonym
3	180121_8	synonym
3	137636_0	synonym
3	106238_6	synonym
3	145132_0	synonym
3	186325_7	synonym
3	186325_8	synonym
3	171357_0	synonym
3	140222_17	synonym
3	140222_18	implication
3	114444_0	hyponym
3	137636_1	synonym
3	137636_2	synonym
3	157301_9	synonym
3	157301_10	implication
3	171357_1	implication
3	186325_11	synonym
3	157301_11	synonym
3	157301_12	synonym
3	140222_20	synonym
3	125325_9	implication
3	114444_1	implication
3	114444_2	hyponym
3	171357_2	synonym
3	186325_15	synonym
3	171357_3	synonym
3	114444_3	implication
3	190272_10	synonym
3	137636_6	synonym
3	157301_13	implication
3	171393_31	synonym
3	171357_4	synonym
3	125325_11	synonym
3	122893_0	synonym
3	122893_1	synonym
3	171357_5	synonym
3	157301_15	synonym
3	125325_12	synonym
3	131694_0	synonym
3	137636_10	synonym
3	114444_10	hyponym
3	171357_6	synonym
3	140353_0	synonym
3	157685_0	synonym
3	157685_1	synonym
3	157301_18	implication
3	190272_15	synonym
3	190272_16	synonym
3	131694_2	synonym
3	125325_13	synonym
3	137636_12	synonym
3	157301_19	synonym
3	157685_3	synonym
3	114444_11	hyponym
3	114444_12	hyponym
3	157301_20	synonym
3	131694_3	synonym
3	131694_5	synonym
3	190272_17	synonym
3	171357_8	synonym
3	125325_14	synonym
3	134719_0	implication
3	122893_6	synonym
3	122893_7	synonym
3	125325_15	synonym
3	157685_4	synonym
3	157301_21	synonym
3	114444_13	hyponym
3	122893_8	synonym
3	122893_9	implication
3	103369_0	synonym
3	131694_6	synonym
3	131694_7	synonym
3	171357_10	synonym
3	157301_24	synonym
3	122893_11	synonym
3	103369_3	synonym
3	163816_0	synonym
3	163816_1	synonym
3	157685_9	synonym
3	122893_12	synonym
3	122893_13	synonym
3	114444_18	synonym
3	110663_0	synonym
3	157301_25	implication
3	131694_12	synonym
3	131694_13	synonym
3	163816_3	synonym
3	122893_15	synonym
3	103369_4	synonym
3	171393_39	synonym
3	103369_6	implication
3	157685_12	synonym
3	147969_0	synonym
3	147969_1	implication
3	171357_14	synonym
3	157301_26	synonym
3	122893_17	synonym
3	123832_1	synonym
3	171393_40	synonym
3	144754_0	synonym
3	171393_41	synonym
3	147969_2	implication
3	171357_16	synonym
3	106220_0	synonym
3	134719_10	hyponym
3	183972_0	synonym
3	123832_8	synonym
3	144754_1	synonym
3	144754_2	implication
3	110663_9	synonym
3	103369_11	synonym
3	123832_9	implication
3	123832_10	synonym
3	112869_1	synonym
3	112869_2	synonym
3	106220_1	synonym
3	179440_0	synonym
3	122893_23	synonym
3	183972_4	implication
3	118392_0	synonym
3	118392_1	synonym
3	157685_21	synonym
3	106220_3	synonym
3	179440_4	synonym
3	123832_12	synonym
3	112869_3	synonym
3	163816_13	implication
3	144754_5	implication
3	110549_0	synonym
3	102931_0	synonym
3	147969_9	implication
3	147969_10	synonym
3	118392_2	synonym
3	157685_22	synonym
3	100037_0	synonym
3	118392_4	implication
3	112869_7	synonym
3	110549_1	synonym
3	110549_2	synonym
3	144754_7	implication
3	102931_2	synonym
3	177125_0	synonym
3	177125_1	synonym
3	199008_0	synonym
3	199008_1	synonym
3	100037_1	synonym
3	100037_2	synonym
3	110549_3	synonym
3	110549_4	synonym
3	147969_13	synonym
3	179440_13	synonym
3	118392_8	synonym
3	171357_24	synonym
3	106220_9	implication
3	199008_3	synonym
3	144754_10	synonym
3	177125_4	synonym
3	100037_3	synonym
3	100037_4	synonym
3	102931_6	synonym
3	118392_11	synonym
3	147969_15	implication
3	147969_16	synonym
3	177125_7	synonym
3	142413_1	synonym
3	172267_0	synonym
3	102931_7	synonym
3	110549_7	synonym
3	118392_12	synonym
3	118392_13	synonym
3	144754_13	synonym
3	172267_1	synonym
3	171305_0	synonym
3	110549_8	synonym
3	142413_4	synonym
3	144754_14	implication
3	147969_18	implication
3	172267_2	synonym
3	112869_15	synonym
3	171305_1	synonym
3	100037_8	implication
3	147969_19	implication
3	147969_20	implication
3	147502_0	synonym
3	147502_1	synonym
3	177125_10	synonym
3	177125_12	synonym
3	171305_2	synonym
3	100037_9	synonym
3	100037_10	synonym
3	110481_0	synonym
3	110549_10	synonym
3	110549_11	synonym
3	142413_5	synonym
3	147502_2	synonym
3	171305_3	synonym
3	122400_0	synonym
3	199008_10	synonym
3	110549_12	synonym
3	147502_3	synonym
3	110481_1	synonym
3	129645_3	implication
3	147502_4	synonym
3	142413_7	synonym
3	100037_11	synonym
3	100037_12	implication
3	110481_3	synonym
3	144754_20	synonym
3	190537_0	implication
3	147969_23	implication
3	147969_24	synonym
3	177125_18	implication
3	177125_19	synonym
3	150306_3	synonym
3	102931_17	synonym
3	147502_5	synonym
3	177125_22	implication
3	100037_13	implication
3	142413_9	synonym
3	102931_19	synonym
3	147969_25	implication
3	147969_26	synonym
3	110481_7	synonym
3	100037_16	synonym
3	116664_7	synonym
3	116664_8	synonym
3	110481_10	synonym
3	199008_16	synonym
3	150306_9	synonym
3	102931_22	synonym
3	199008_17	synonym
3	199008_18	synonym
3	147502_9	synonym
3	102931_23	synonym
3	150306_12	synonym
3	147502_10	synonym
3	181730_2	synonym
3	199008_19	synonym
3	199008_20	synonym
3	190537_10	synonym
3	102931_25	synonym
3	116664_14	implication
3	181730_5	synonym
3	171305_13	synonym
3	102931_27	synonym
3	116664_15	implication
3	100037_22	synonym
3	107052_0	synonym
3	150306_17	synonym
3	150306_19	synonym
3	171305_14	synonym
3	116664_18	implication
3	107052_1	synonym
3	147502_15	synonym
3	171305_17	implication
3	100037_25	synonym
3	116664_19	synonym
3	181730_10	synonym
3	199399_0	synonym
3	199399_1	synonym
3	107052_4	synonym
3	144754_36	implication
3	155655_1	synonym
3	199642_0	synonym
3	199399_2	synonym
3	199008_28	implication
3	122400_19	synonym
3	144754_37	synonym
3	199399_3	synonym
3	155655_4	synonym
3	199008_29	implication
3	199642_4	synonym
3	199642_5	implication
3	171305_19	synonym
3	104268_1	synonym
3	199399_4	synonym
3	199399_5	synonym
3	122400_20	synonym
3	199008_32	synonym
3	199642_9	synonym
3	199399_6	synonym
3	107052_9	implication
3	197150_0	synonym
3	197150_1	synonym
3	122400_26	synonym
3	197150_2	synonym
3	136356_0	synonym
3	136356_2	synonym
3	199642_18	implication
3	104268_5	implication
3	122400_28	hyponym
3	107052_15	synonym
3	171305_28	synonym
3	199399_15	implication
3	122400_31	synonym
3	199642_22	synonym
3	199399_18	synonym
3	120128_0	synonym
3	172605_1	synonym
3	172605_2	synonym
3	122400_33	synonym
3	199399_19	synonym
3	122400_34	synonym
3	120128_2	synonym
3	120128_3	synonym
3	104268_9	synonym
3	122400_35	synonym
3	179222_0	synonym
3	136356_11	synonym
3	179222_1	synonym
3	199399_24	implication
3	125632_0	synonym
3	179222_3	implication
3	179222_5	synonym
3	145874_0	synonym
3	125632_2	implication
3	136356_15	synonym
3	145874_1	synonym
3	197150_14	synonym
3	179222_6	implication
3	104268_14	implication
3	136356_17	synonym
3	125632_5	synonym
3	125632_6	implication
3	110804_3	synonym
3	196268_2	synonym
3	104268_18	synonym
3	110804_4	synonym
3	110804_5	implication
3	197150_20	synonym
3	104268_19	implication
3	114837_0	synonym
3	145874_10	synonym
3	197150_21	synonym
3	192522_0	synonym
3	104268_20	implication
3	199929_0	synonym
3	199929_1	synonym
3	110804_9	synonym
3	197150_23	synonym
3	166136_3	synonym
3	166136_4	synonym
3	157744_0	synonym
3	104268_22	implication
3	197150_24	synonym
3	159687_3	synonym
3	166136_5	synonym
3	199929_2	synonym
3	199929_3	synonym
3	157744_1	synonym
3	157744_2	synonym
3	110804_12	synonym
3	129611_1	synonym
3	192522_3	synonym
3	157744_4	synonym
3	159687_4	synonym
3	150548_3	implication
3	159687_7	synonym
3	157744_5	implication
3	145013_1	synonym
3	177389_0	synonym
3	145874_18	synonym
3	129611_2	synonym
3	192522_5	synonym
3	145013_2	synonym
3	199929_9	synonym
3	159687_8	synonym
3	157744_8	synonym
3	129611_3	synonym
3	199929_10	synonym
3	199929_11	synonym
3	145013_5	synonym
3	125632_21	synonym
3	104268_26	synonym
3	192522_7	synonym
3	167196_4	synonym
3	134157_0	synonym
3	157744_9	synonym
3	199929_12	implication
3	192522_8	synonym
3	114837_16	synonym
3	199929_14	synonym
3	199929_15	implication
3	131093_0	synonym
3	131093_1	synonym
3	199929_16	implication
3	150548_9	synonym
3	177389_4	synonym
3	125362_0	synonym
3	125362_1	synonym
3	131093_2	synonym
3	131093_3	implication
3	108176_0	synonym
3	150548_10	synonym
3	125632_24	synonym
3	167196_13	synonym
3	129611_7	implication
3	125362_5	synonym
3	197419_1	synonym
3	194596_1	synonym
3	167413_0	synonym
3	131093_5	synonym
3	167196_14	synonym
3	125362_7	synonym
3	194596_2	synonym
3	167413_1	synonym
3	129611_8	implication
3	131093_6	synonym
3	131093_7	synonym
3	197419_2	synonym
3	129279_0	synonym
3	199929_23	synonym
3	125362_8	synonym
3	125362_9	implication
3	194596_5	synonym
3	167413_2	synonym
3	177389_11	synonym
3	129279_1	synonym
3	129611_10	synonym
3	194596_6	synonym
3	199929_24	implication
3	199929_25	synonym
3	125362_10	synonym
3	125362_11	synonym
3	118218_0	hyponym
3	197419_7	synonym
3	125632_33	synonym
3	194596_9	synonym
3	118218_1	hyponym
3	167413_4	synonym
3	104831_0	synonym
3	118218_2	synonym
3	197419_8	synonym
3	197419_9	synonym
3	194596_11	synonym
3	129611_11	implication
3	125632_34	synonym
3	197419_10	synonym
3	104831_1	implication
3	114837_28	implication
3	177389_17	implication
3	118218_4	synonym
3	108176_13	implication
3	197419_15	synonym
3	127525_5	synonym
3	108176_16	synonym
3	104831_6	synonym
3	127525_7	synonym
3	157301_0	synonym
3	157301_1	synonym
3	108176_18	synonym
3	154332_1	synonym
3	197419_18	synonym
3	197419_19	implication
3	157301_2	synonym
3	157301_3	implication
3	129611_16	implication
3	118659_5	synonym
3	197419_20	synonym
3	104831_9	synonym
3	157301_4	synonym
3	157301_5	synonym
3	157301_6	synonym
3	154332_2	synonym
3	154332_4	implication
3	171027_0	synonym
3	108176_21	synonym
3	114837_36	synonym
3	197419_21	synonym
3	118218_12	hyponym
3	171027_1	synonym
3	154332_9	synonym
3	171027_6	synonym
3	171393_0	synonym
3	167413_16	implication
3	171393_1	synonym
3	171027_9	synonym
3	171393_2	synonym
3	168605_0	synonym
3	159894_0	synonym
3	193169_0	synonym
3	168605_1	synonym
3	168605_2	synonym
3	159894_1	synonym
3	186325_0	synonym
3	171393_3	synonym
3	171027_11	synonym
3	140222_1	synonym
3	140222_2	synonym
3	168605_3	synonym
3	168605_4	implication
3	171393_4	synonym
3	193169_3	synonym
3	159894_3	synonym
3	140222_3	synonym
3	171027_16	synonym
3	190272_1	synonym
3	168605_7	synonym
3	193169_8	implication
3	167413_22	synonym
3	140222_5	implication
3	171393_6	synonym
3	118218_24	hyponym
3	193169_10	synonym
3	140222_7	synonym
3	118218_25	synonym
3	140222_9	synonym
3	193575_1	implication
3	140222_13	synonym
3	187466_1	synonym
3	159894_8	synonym
3	167413_26	synonym
3	193575_4	implication
3	187466_2	synonym
3	187466_3	synonym
3	102758_3	implication
3	187378_0	synonym
3	102758_4	implication
3	130510_0	synonym
3	130510_1	synonym
3	187466_4	synonym
3	187378_1	synonym
3	193575_9	synonym
3	102758_5	implication
3	193575_11	synonym
3	187466_6	synonym
3	187466_7	synonym
3	187378_2	synonym
3	159894_11	synonym
3	102758_7	implication
3	193575_12	synonym
3	187466_8	implication
3	171393_15	synonym
3	187378_4	synonym
3	159894_12	synonym
3	187466_10	hyponym
3	102758_9	synonym
3	159894_13	synonym
3	187378_6	implication
3	187466_12	implication
3	130510_8	implication
3	125325_1	synonym
3	102758_11	synonym
3	159894_14	synonym
3	102758_12	synonym
3	125325_2	implication
3	187466_18	hyponym
3	187466_19	synonym
3	187466_20	synonym
3	159894_17	synonym
3	130510_12	synonym
3	114425_0	synonym
3	130510_14	synonym
3	114425_1	synonym
3	114425_2	synonym
3	171393_26	synonym
3	171393_27	synonym
3	114425_4	synonym
4	106238_4	string
4	196459_3	synonym
4	184450_20	string
4	157640_20	synonym
4	180546_0	string
4	136424_16	string
4	179225_0	abbreviation
4	149095_5	abbreviation
4	149095_6	implication
4	185487_12	synonym
4	174146_6	synonym
4	127002_11	hyponym
4	166295_13	synonym
4	166295_14	synonym
4	106238_5	implication
4	191788_14	implication
4	148059_4	synonym
4	148059_5	abbreviation
4	176997_19	string
4	122903_11	abbreviation
4	171357_0	abbreviation
4	100559_0	string
4	100559_1	string
4	100559_2	synonym
4	155571_0	abbreviation
4	185487_13	synonym
4	185487_14	synonym
4	196459_4	abbreviation
4	149095_7	implication
4	139585_0	synonym
4	139585_1	string
4	102889_3	implication
4	166295_15	synonym
4	174146_7	abbreviation
4	136424_17	implication
4	136424_18	implication
4	179225_1	string
4	148059_7	implication
4	117505_14	string
4	117505_15	synonym
4	191788_15	implication
4	138709_13	synonym
4	144659_11	synonym
4	125101_13	synonym
4	165510_11	string
4	165510_12	string
4	124764_7	string
4	155571_3	abbreviation
4	155571_5	implication
4	180546_4	string
4	157640_23	synonym
4	106794_20	string
4	100559_6	implication
4	117505_16	implication
4	165297_1	abbreviation
4	165297_2	implication
4	125101_15	implication
4	125101_16	implication
4	185487_15	implication
4	123535_0	synonym
4	138709_15	synonym
4	184788_1	synonym
4	177550_0	synonym
4	136424_21	synonym
4	110704_1	synonym
4	126623_1	implication
4	167773_0	string
4	172612_2	implication
4	157640_24	implication
4	100559_8	synonym
4	102889_7	synonym
4	148059_10	synonym
4	148059_11	implication
4	167831_0	abbreviation
4	167831_1	string
4	106794_22	implication
4	109173_0	synonym
4	180546_7	implication
4	138678_30	synonym
4	123535_1	implication
4	155571_6	abbreviation
4	155571_8	implication
4	174146_12	abbreviation
4	139585_5	implication
4	177550_1	synonym
4	179225_5	implication
4	125101_17	abbreviation
4	117505_18	implication
4	117505_19	implication
4	144659_14	abbreviation
4	106238_14	synonym
4	106238_15	synonym
4	126623_2	synonym
4	167773_2	abbreviation
4	138678_31	string
4	100559_9	implication
4	100559_10	string
4	109173_2	synonym
4	109173_3	abbreviation
4	179225_6	abbreviation
4	148059_13	implication
4	123535_2	synonym
4	179104_19	synonym
4	102889_8	implication
4	102889_9	abbreviation
4	180546_9	string
4	177550_2	synonym
4	128993_2	abbreviation
4	122903_16	synonym
4	122903_17	implication
4	106794_23	implication
4	106794_24	synonym
4	184788_3	synonym
4	167831_2	abbreviation
4	167831_3	synonym
4	157640_26	implication
4	122893_0	string
4	122893_1	implication
4	139485_19	implication
4	139485_20	implication
4	110704_5	synonym
4	110704_6	implication
4	123535_3	string
4	177550_3	synonym
4	167831_4	synonym
4	109173_4	synonym
4	109173_5	synonym
4	138678_32	hyponym
4	127002_17	synonym
4	127002_18	implication
4	157640_27	synonym
4	184214_11	implication
4	106794_25	implication
4	106794_26	synonym
4	110704_7	implication
4	177550_4	abbreviation
4	198331_0	synonym
4	174146_15	synonym
4	140353_0	string
4	198957_0	abbreviation
4	139485_21	synonym
4	122893_3	string
4	179104_21	synonym
4	179104_22	implication
4	196459_17	synonym
4	100559_15	implication
4	177550_5	synonym
4	150402_4	implication
4	106794_28	implication
4	171393_34	string
4	123535_5	synonym
4	109173_6	synonym
4	109173_7	synonym
4	198331_2	implication
4	184324_1	synonym
4	171357_7	synonym
4	127002_20	abbreviation
4	183308_2	string
4	198957_3	abbreviation
4	180546_12	string
4	180546_13	implication
4	122893_5	string
4	122903_21	implication
4	140353_1	string
4	140353_2	implication
4	174146_18	implication
4	128993_5	implication
4	130796_0	synonym
4	130796_1	synonym
4	130796_2	string
4	179225_10	abbreviation
4	123535_6	synonym
4	100559_16	string
4	100559_17	string
4	184324_2	abbreviation
4	134831_0	string
4	196459_20	string
4	196459_21	string
4	109173_8	synonym
4	109173_9	synonym
4	177550_7	implication
4	135610_15	implication
4	134719_0	synonym
4	106794_30	synonym
4	110704_11	implication
4	110704_12	synonym
4	167697_2	abbreviation
4	179225_11	synonym
4	183308_3	synonym
4	140353_6	string
4	122903_22	abbreviation
4	130796_3	implication
4	130796_4	abbreviation
4	130796_5	string
4	148370_0	string
4	167773_8	synonym
4	167773_9	string
4	101882_0	synonym
4	101882_1	synonym
4	157301_22	synonym
4	123535_7	synonym
4	109173_10	abbreviation
4	109173_11	synonym
4	133568_2	abbreviation
4	167697_3	synonym
4	118677_0	synonym
4	118677_1	synonym
4	180546_15	implication
4	183308_6	implication
4	171393_36	implication
4	134831_2	implication
4	110704_13	implication
4	110704_14	synonym
4	140353_7	implication
4	194360_1	synonym
4	101882_2	implication
4	130796_6	implication
4	135610_17	implication
4	123535_8	synonym
4	148370_1	implication
4	179225_13	implication
4	174146_21	synonym
4	109173_12	synonym
4	109173_13	synonym
4	180546_16	implication
4	184214_18	synonym
4	171357_10	implication
4	194360_2	synonym
4	135610_18	implication
4	165227_0	abbreviation
4	126623_11	implication
4	171393_37	implication
4	123535_9	synonym
4	177550_8	string
4	177550_9	string
4	157301_23	synonym
4	157301_24	implication
4	122893_10	implication
4	122893_11	implication
4	167831_11	synonym
4	138678_36	synonym
4	128993_9	implication
4	118677_2	synonym
4	118677_3	synonym
4	122903_26	implication
4	167697_5	synonym
4	135610_19	implication
4	177550_10	synonym
4	109173_14	synonym
4	165227_2	abbreviation
4	165227_3	implication
4	179225_15	implication
4	116955_11	abbreviation
4	163816_0	abbreviation
4	167831_12	synonym
4	133568_4	implication
4	198957_10	abbreviation
4	198957_11	implication
4	101882_6	synonym
4	101882_7	synonym
4	167697_6	synonym
4	194360_4	implication
4	122893_12	implication
4	177550_11	synonym
4	118677_4	synonym
4	123535_10	synonym
4	134719_3	synonym
4	134719_4	abbreviation
4	130796_9	implication
4	130796_10	string
4	165227_4	abbreviation
4	135610_21	synonym
4	157301_25	implication
4	134831_6	synonym
4	198957_13	synonym
4	184788_13	implication
4	134719_5	implication
4	123535_11	synonym
4	163816_2	synonym
4	177550_12	synonym
4	165297_16	implication
4	148370_10	synonym
4	148370_11	synonym
4	190532_5	synonym
4	126623_16	implication
4	135610_22	abbreviation
4	116955_12	implication
4	171393_39	synonym
4	123535_12	abbreviation
4	198957_14	string
4	184324_10	implication
4	177550_13	implication
4	116970_7	implication
4	118677_6	synonym
4	134831_7	implication
4	148370_14	synonym
4	148370_15	string
4	171357_14	abbreviation
4	157301_26	synonym
4	184788_15	implication
4	123535_13	implication
4	134857_39	implication
4	134719_6	implication
4	134719_7	synonym
4	116955_14	implication
4	116955_15	implication
4	174691_3	implication
4	177622_1	synonym
4	177622_2	synonym
4	126623_17	implication
4	165297_19	implication
4	165227_9	abbreviation
4	168128_0	string
4	134719_8	synonym
4	144754_0	abbreviation
4	126013_2	synonym
4	167831_18	synonym
4	190532_8	implication
4	170892_0	abbreviation
4	134857_40	implication
4	122893_19	string
4	177550_15	implication
4	123535_15	synonym
4	184788_17	synonym
4	168128_2	string
4	168128_3	synonym
4	165297_21	abbreviation
4	194360_9	string
4	150402_16	implication
4	150402_17	synonym
4	123535_16	synonym
4	163816_8	abbreviation
4	163816_9	abbreviation
4	183972_0	abbreviation
4	183972_1	string
4	130655_3	implication
4	162213_0	synonym
4	147575_0	abbreviation
4	173656_3	abbreviation
4	168128_5	synonym
4	123535_17	synonym
4	126623_21	implication
4	122893_20	synonym
4	165227_12	synonym
4	126013_4	implication
4	194360_10	implication
4	177550_17	synonym
4	174691_10	implication
4	174691_11	implication
4	134719_11	implication
4	162213_1	implication
4	144754_3	synonym
4	173656_5	implication
4	147575_1	implication
4	147575_2	abbreviation
4	183972_2	string
4	123535_18	synonym
4	183308_20	implication
4	106220_1	synonym
4	106220_2	abbreviation
4	170892_3	abbreviation
4	177550_18	synonym
4	162213_2	synonym
4	118677_14	string
4	183972_4	synonym
4	167831_22	string
4	167831_23	synonym
4	177550_19	implication
4	168128_10	synonym
4	130655_6	abbreviation
4	129375_14	implication
4	163816_10	implication
4	163816_12	synonym
4	133568_15	synonym
4	194360_12	implication
4	183308_21	implication
4	183308_22	implication
4	174691_15	implication
4	177622_9	implication
4	177622_10	implication
4	134719_12	synonym
4	107354_0	abbreviation
4	177550_20	synonym
4	110998_3	synonym
4	118677_16	synonym
4	163816_13	synonym
4	144754_5	synonym
4	112869_5	synonym
4	177622_11	abbreviation
4	110998_6	synonym
4	162213_5	implication
4	190532_15	string
4	170892_6	synonym
4	171357_21	synonym
4	174697_0	string
4	153694_6	implication
4	133568_18	synonym
4	194275_1	string
4	194360_14	string
4	118677_17	synonym
4	119239_0	abbreviation
4	170892_7	implication
4	190532_16	implication
4	145720_0	abbreviation
4	168128_16	synonym
4	144754_7	synonym
4	174697_2	implication
4	178961_0	synonym
4	177125_0	synonym
4	177125_1	abbreviation
4	110998_10	synonym
4	168128_17	synonym
4	168128_18	implication
4	107354_3	abbreviation
4	119239_1	abbreviation
4	119239_2	abbreviation
4	194360_16	implication
4	118677_19	synonym
4	118677_20	string
4	145720_1	abbreviation
4	145720_2	implication
4	133568_20	synonym
4	137869_16	implication
4	147575_9	synonym
4	177622_16	synonym
4	107354_4	abbreviation
4	162213_9	abbreviation
4	145720_3	synonym
4	145720_4	abbreviation
4	183972_12	string
4	190532_19	synonym
4	144754_10	abbreviation
4	137869_17	implication
4	112869_11	synonym
4	177125_4	implication
4	177125_5	synonym
4	183308_25	synonym
4	183308_26	synonym
4	134719_15	string
4	126013_13	synonym
4	162213_10	abbreviation
4	123743_2	synonym
4	144754_11	implication
4	170781_3	synonym
4	126013_14	implication
4	137869_18	implication
4	118677_23	implication
4	118677_24	synonym
4	183972_13	string
4	147575_10	synonym
4	183308_27	implication
4	183308_28	implication
4	196731_0	synonym
4	190532_21	implication
4	174697_9	synonym
4	197423_1	abbreviation
4	197423_2	abbreviation
4	137869_19	implication
4	145720_7	abbreviation
4	145720_8	implication
4	194275_7	synonym
4	194275_8	implication
4	196731_2	string
4	196731_3	string
4	170892_13	abbreviation
4	172267_1	abbreviation
4	178615_0	hyponym
4	178615_1	abbreviation
4	127274_5	string
4	118677_25	synonym
4	174697_10	synonym
4	174697_11	implication
4	145720_9	implication
4	145720_10	string
4	120938_0	string
4	177125_9	synonym
4	123743_5	synonym
4	178961_4	synonym
4	110998_16	implication
4	146958_6	synonym
4	174697_13	implication
4	162213_14	synonym
4	127274_7	synonym
4	170781_7	implication
4	147575_13	abbreviation
4	147575_14	synonym
4	106220_14	synonym
4	119239_14	abbreviation
4	119239_15	implication
4	162213_15	synonym
4	123743_7	synonym
4	170781_9	abbreviation
4	194275_10	implication
4	194275_11	string
4	174697_14	synonym
4	174697_15	string
4	196731_7	synonym
4	196731_9	synonym
4	177125_10	synonym
4	197423_6	string
4	119239_17	implication
4	151526_1	synonym
4	164280_2	synonym
4	146958_8	implication
4	170781_10	abbreviation
4	170781_11	abbreviation
4	174697_17	synonym
4	123743_9	synonym
4	144754_17	implication
4	144754_18	implication
4	196731_11	implication
4	164280_3	implication
4	164280_4	synonym
4	197423_8	implication
4	197423_9	synonym
4	151526_2	implication
4	151526_3	implication
4	129486_0	synonym
4	144754_19	synonym
4	119239_19	synonym
4	199568_1	abbreviation
4	199568_2	abbreviation
4	170892_18	synonym
4	127274_13	string
4	177125_16	synonym
4	177125_17	synonym
4	196731_13	synonym
4	164280_6	implication
4	170781_12	synonym
4	123743_11	synonym
4	147502_4	abbreviation
4	129650_1	synonym
4	168116_0	abbreviation
4	174697_18	implication
4	196148_0	abbreviation
4	197423_11	abbreviation
4	190537_1	string
4	129486_1	synonym
4	129486_2	abbreviation
4	127274_14	implication
4	127274_15	implication
4	170892_20	implication
4	177125_18	abbreviation
4	107354_11	implication
4	168116_1	synonym
4	168116_2	synonym
4	123743_12	implication
4	123743_13	string
4	162213_18	implication
4	137477_5	implication
4	137477_6	implication
4	199085_0	synonym
4	147502_5	abbreviation
4	129650_3	implication
4	127274_16	string
4	127274_17	string
4	142645_1	synonym
4	151526_6	implication
4	168116_3	synonym
4	170892_21	implication
4	199568_6	implication
4	199568_7	synonym
4	164280_7	synonym
4	164280_9	string
4	146958_14	synonym
4	137477_9	implication
4	170614_0	synonym
4	170614_1	synonym
4	167883_0	synonym
4	199085_2	synonym
4	199085_3	abbreviation
4	151526_8	synonym
4	121925_1	synonym
4	168116_5	synonym
4	168116_6	synonym
4	196148_3	synonym
4	162213_21	implication
4	199568_9	abbreviation
4	172267_10	implication
4	147502_7	implication
4	136373_0	synonym
4	136373_1	synonym
4	104585_0	abbreviation
4	167883_1	synonym
4	119405_0	abbreviation
4	119405_2	string
4	162213_22	synonym
4	196148_4	abbreviation
4	172267_11	implication
4	129650_8	implication
4	193189_0	synonym
4	196148_5	implication
4	104585_2	abbreviation
4	168116_7	implication
4	168116_8	abbreviation
4	136373_2	synonym
4	136373_3	synonym
4	190537_9	implication
4	119405_3	string
4	199568_11	synonym
4	129486_8	implication
4	121925_2	synonym
4	121925_3	synonym
4	170892_26	string
4	167883_3	synonym
4	167883_4	synonym
4	193189_1	synonym
4	193189_2	synonym
4	189261_2	abbreviation
4	189261_3	implication
4	104585_4	abbreviation
4	104585_6	abbreviation
4	175030_0	abbreviation
4	199085_7	abbreviation
4	199085_8	abbreviation
4	167883_5	synonym
4	136373_4	synonym
4	170614_5	implication
4	184833_1	string
4	190537_11	implication
4	119405_7	string
4	119405_8	hyponym
4	199568_14	implication
4	199568_15	synonym
4	119282_0	synonym
4	119282_1	synonym
4	121925_5	abbreviation
4	193189_4	synonym
4	159675_2	synonym
4	199568_16	implication
4	147502_12	abbreviation
4	104585_7	synonym
4	104585_8	implication
4	137869_30	string
4	193189_5	synonym
4	113469_1	string
4	119282_2	synonym
4	189261_6	synonym
4	189261_7	implication
4	199085_12	abbreviation
4	167488_0	synonym
4	167488_1	synonym
4	159675_3	implication
4	119405_12	synonym
4	119282_5	abbreviation
4	175030_4	synonym
4	175030_5	string
4	193189_9	synonym
4	193189_10	implication
4	189261_8	abbreviation
4	119282_7	implication
4	156001_0	hyponym
4	126574_0	abbreviation
4	167883_10	synonym
4	136373_11	synonym
4	119405_15	implication
4	119405_16	string
4	193189_11	synonym
4	156001_1	implication
4	184833_8	implication
4	178961_18	implication
4	121925_10	implication
4	107683_2	abbreviation
4	144754_36	implication
4	142645_14	implication
4	119282_8	synonym
4	119282_9	implication
4	164384_0	abbreviation
4	167883_12	implication
4	114845_0	string
4	161610_0	abbreviation
4	122629_0	abbreviation
4	122629_1	abbreviation
4	128590_0	abbreviation
4	121925_12	implication
4	103679_1	synonym
4	136373_12	synonym
4	175030_9	implication
4	164384_1	synonym
4	165603_0	abbreviation
4	119282_10	implication
4	119282_11	synonym
4	156001_5	synonym
4	144754_37	implication
4	170614_14	abbreviation
4	199085_17	implication
4	107354_23	synonym
4	107683_4	synonym
4	126574_3	string
4	144754_38	synonym
4	122629_4	synonym
4	103679_2	implication
4	114845_3	string
4	196148_15	abbreviation
4	167883_14	synonym
4	167883_15	synonym
4	178961_19	implication
4	175030_10	implication
4	121925_15	synonym
4	156001_6	implication
4	156001_7	synonym
4	107354_24	implication
4	199085_18	implication
4	103679_3	implication
4	144754_39	string
4	184833_12	string
4	113469_10	implication
4	165056_5	implication
4	122629_6	abbreviation
4	161086_2	synonym
4	161086_3	abbreviation
4	112982_1	string
4	178961_20	implication
4	167883_17	implication
4	175030_13	abbreviation
4	150164_3	abbreviation
4	119273_0	string
4	161610_3	abbreviation
4	143536_0	abbreviation
4	156001_8	implication
4	156001_9	synonym
4	156001_10	hyponym
4	165603_2	abbreviation
4	133242_0	abbreviation
4	122629_7	synonym
4	122629_8	synonym
4	126574_7	abbreviation
4	175030_14	abbreviation
4	114845_7	string
4	199085_21	implication
4	161610_4	synonym
4	119273_2	synonym
4	119273_3	hyponym
4	126490_0	abbreviation
4	165056_6	implication
4	121925_19	implication
4	167883_18	hyponym
4	112982_4	synonym
4	164384_5	implication
4	134578_0	string
4	134578_1	string
4	150164_5	synonym
4	128590_6	synonym
4	143536_3	abbreviation
4	143536_4	abbreviation
4	133242_3	abbreviation
4	157809_0	abbreviation
4	199085_22	synonym
4	199085_23	string
4	126574_10	implication
4	126574_11	synonym
4	126574_12	implication
4	170614_19	abbreviation
4	170614_20	synonym
4	126490_1	abbreviation
4	126490_2	synonym
4	161086_6	implication
4	161086_7	implication
4	121925_20	string
4	119273_4	synonym
4	103679_7	implication
4	136373_21	abbreviation
4	128590_9	implication
4	115173_2	string
4	134578_3	implication
4	179117_1	synonym
4	180691_1	synonym
4	178961_23	implication
4	112133_0	synonym
4	157809_2	abbreviation
4	143536_7	abbreviation
4	143536_8	abbreviation
4	198482_0	abbreviation
4	119273_6	string
4	161086_9	abbreviation
4	114845_11	synonym
4	103679_8	implication
4	112982_8	implication
4	179117_2	synonym
4	164384_8	abbreviation
4	161610_6	implication
4	134578_5	implication
4	175030_21	string
4	131156_1	hyponym
4	180691_2	implication
4	136373_22	synonym
4	136373_23	synonym
4	150164_9	implication
4	115173_4	synonym
4	128590_10	synonym
4	161086_10	abbreviation
4	179117_4	implication
4	112982_9	string
4	164384_9	implication
4	126490_6	implication
4	133242_8	implication
4	175030_22	synonym
4	162798_2	synonym
4	150164_11	synonym
4	150164_12	synonym
4	157727_9	synonym
4	136373_25	implication
4	134578_6	synonym
4	134578_7	implication
4	165603_5	implication
4	121743_2	implication
4	131156_3	synonym
4	157809_5	synonym
4	157809_6	synonym
4	178961_24	hyponym
4	164384_10	implication
4	174483_0	abbreviation
4	174483_1	synonym
4	198482_5	synonym
4	128590_12	abbreviation
4	179480_3	abbreviation
4	107683_13	abbreviation
4	107683_14	synonym
4	143536_11	implication
4	178922_0	synonym
4	178922_1	synonym
4	178922_2	synonym
4	126490_10	synonym
4	182680_0	abbreviation
4	165603_6	implication
4	174483_2	synonym
4	174483_3	synonym
4	136373_26	implication
4	136373_27	implication
4	131156_7	implication
4	161086_14	synonym
4	161086_15	implication
4	175030_25	string
4	157727_12	string
4	185823_0	abbreviation
4	134578_12	string
4	121743_3	synonym
4	107683_16	implication
4	126490_11	implication
4	178922_3	synonym
4	178922_4	synonym
4	196148_24	abbreviation
4	119273_14	synonym
4	119273_15	synonym
4	133242_11	abbreviation
4	136373_28	string
4	136373_29	implication
4	165603_7	implication
4	161086_17	implication
4	176039_0	abbreviation
4	162798_6	implication
4	157809_9	synonym
4	159675_27	abbreviation
4	174483_4	synonym
4	174483_5	synonym
4	174483_6	synonym
4	134578_14	implication
4	177082_0	abbreviation
4	157727_13	string
4	157727_14	string
4	128590_17	abbreviation
4	121743_6	implication
4	121743_8	synonym
4	131156_8	synonym
4	131156_10	implication
4	143881_0	abbreviation
4	119273_16	synonym
4	152012_1	hyponym
4	133242_12	abbreviation
4	172605_2	string
4	126490_13	implication
4	126490_14	implication
4	175030_28	implication
4	175030_29	implication
4	115173_14	synonym
4	179480_6	implication
4	159675_28	synonym
4	161086_18	string
4	153544_2	string
4	176039_2	synonym
4	176039_3	implication
4	128590_18	synonym
4	128590_19	implication
4	174483_7	implication
4	136373_30	synonym
4	136373_31	synonym
4	179117_13	implication
4	182680_4	synonym
4	121743_9	synonym
4	143881_2	synonym
4	115173_15	implication
4	172605_3	string
4	119273_19	string
4	152012_4	implication
4	157809_14	synonym
4	179480_7	implication
4	196148_26	implication
4	176039_4	implication
4	126242_1	abbreviation
4	153544_4	synonym
4	174483_10	synonym
4	128590_21	synonym
4	178922_9	synonym
4	178922_10	implication
4	178922_11	synonym
4	119273_20	synonym
4	123684_4	synonym
4	126242_3	implication
4	177082_3	synonym
4	176039_6	synonym
4	176039_8	implication
4	105861_3	synonym
4	174483_11	synonym
4	178922_13	implication
4	128590_22	string
4	126242_4	implication
4	162798_11	synonym
4	185823_7	synonym
4	143881_3	synonym
4	157809_15	implication
4	157809_16	implication
4	178391_1	abbreviation
4	178391_2	implication
4	102636_0	synonym
4	102636_1	synonym
4	119273_23	implication
4	152012_9	string
4	176039_9	implication
4	176039_10	string
4	178922_14	synonym
4	178391_4	implication
4	133242_17	synonym
4	143881_5	synonym
4	109129_1	string
4	109129_2	string
4	102636_2	synonym
4	102636_3	synonym
4	182680_8	implication
4	157809_17	implication
4	105861_5	synonym
4	152012_11	synonym
4	126242_5	implication
4	196148_30	synonym
4	178391_5	implication
4	178391_6	implication
4	171496_0	synonym
4	133242_18	abbreviation
4	130539_4	string
4	161610_17	synonym
4	174483_15	abbreviation
4	145874_0	abbreviation
4	196148_31	string
4	140161_1	synonym
4	105861_6	synonym
4	143881_7	abbreviation
4	172884_1	abbreviation
4	152012_12	string
4	162798_16	string
4	162798_17	implication
4	125632_2	implication
4	182680_11	abbreviation
4	171496_3	synonym
4	161610_18	implication
4	140161_2	implication
4	185823_10	implication
4	185823_11	implication
4	145874_2	abbreviation
4	123684_10	abbreviation
4	102636_4	synonym
4	187917_1	abbreviation
4	196148_33	implication
4	181929_0	synonym
4	174483_17	synonym
4	174483_18	synonym
4	140161_5	synonym
4	162798_20	synonym
4	161610_19	synonym
4	123684_11	synonym
4	123684_12	implication
4	187917_3	synonym
4	187917_4	synonym
4	196148_34	synonym
4	186363_0	string
4	185823_12	string
4	102636_7	implication
4	102636_8	synonym
4	102636_9	synonym
4	146210_2	string
4	172605_11	synonym
4	145874_3	abbreviation
4	145874_4	synonym
4	162798_21	string
4	194649_0	string
4	194649_1	synonym
4	172884_6	synonym
4	172884_7	synonym
4	182680_15	implication
4	123684_13	implication
4	123684_14	synonym
4	125632_6	synonym
4	171496_9	synonym
4	133242_24	implication
4	140161_9	synonym
4	143881_11	hyponym
4	102636_10	implication
4	181929_2	string
4	172884_8	implication
4	172884_9	implication
4	194649_2	implication
4	194649_3	synonym
4	143881_12	implication
4	130539_9	implication
4	172605_13	implication
4	182680_16	implication
4	145990_0	abbreviation
4	145990_1	synonym
4	145990_2	abbreviation
4	194471_0	abbreviation
4	146210_3	abbreviation
4	161610_21	implication
4	102636_14	synonym
4	148215_9	implication
4	172884_11	implication
4	127488_0	synonym
4	127488_1	string
4	186363_3	string
4	161610_22	synonym
4	194649_4	string
4	194649_5	string
4	174483_25	hyponym
4	174483_26	hyponym
4	191196_2	abbreviation
4	143881_13	implication
4	143881_14	string
4	145990_3	synonym
4	145990_4	synonym
4	145990_5	synonym
4	182680_18	string
4	125632_7	synonym
4	172884_13	synonym
4	127488_4	implication
4	187917_7	synonym
4	187917_8	synonym
4	171496_14	implication
4	171496_15	synonym
4	148215_10	implication
4	148215_11	implication
4	194471_3	synonym
4	145874_9	abbreviation
4	185823_18	implication
4	143881_15	implication
4	102636_15	synonym
4	186363_6	synonym
4	145990_6	synonym
4	145990_7	synonym
4	145990_8	string
4	161610_24	implication
4	194649_7	synonym
4	127488_6	implication
4	174483_27	implication
4	174483_28	implication
4	184489_0	string
4	146195_1	string
4	177082_16	abbreviation
4	145874_10	synonym
4	145874_11	hyponym
4	130539_12	synonym
4	140259_1	synonym
4	144925_1	synonym
4	143881_16	synonym
4	186363_9	string
4	192522_0	abbreviation
4	181929_8	synonym
4	181929_9	implication
4	105861_18	synonym
4	194649_8	synonym
4	194649_9	abbreviation
4	174072_5	string
4	114837_2	abbreviation
4	114837_3	abbreviation
4	171496_16	implication
4	105400_0	synonym
4	125632_12	implication
4	127488_7	implication
4	107110_0	string
4	194471_8	string
4	184489_3	implication
4	177082_18	synonym
4	144925_2	synonym
4	144925_3	synonym
4	105861_19	implication
4	145874_12	synonym
4	192522_1	synonym
4	181929_10	implication
4	114980_1	string
4	130539_14	implication
4	174072_7	implication
4	194649_10	implication
4	194649_11	synonym
4	114837_4	implication
4	114837_5	synonym
4	186363_12	abbreviation
4	105400_3	synonym
4	140259_2	synonym
4	107340_4	implication
4	194471_9	implication
4	194471_10	synonym
4	148215_17	synonym
4	157744_0	string
4	159675_48	abbreviation
4	185494_1	abbreviation
4	114837_6	synonym
4	144925_4	synonym
4	130539_15	implication
4	145874_13	implication
4	145874_14	implication
4	114980_3	implication
4	181929_13	synonym
4	109170_0	abbreviation
4	194649_13	implication
4	140259_4	implication
4	140259_5	implication
4	105861_22	implication
4	146210_10	implication
4	148924_1	abbreviation
4	148215_18	implication
4	198266_0	synonym
4	130539_16	implication
4	185494_2	abbreviation
4	105400_5	synonym
4	114980_4	synonym
4	114980_5	implication
4	186363_13	implication
4	186363_14	implication
4	186363_15	string
4	146195_10	synonym
4	109170_1	abbreviation
4	109170_2	abbreviation
4	146210_11	implication
4	107110_5	string
4	107110_6	implication
4	145874_15	synonym
4	145874_16	synonym
4	148924_3	synonym
4	192522_3	synonym
4	140259_6	implication
4	194649_14	synonym
4	194649_15	synonym
4	105861_24	implication
4	198266_1	synonym
4	198266_2	hyponym
4	188241_0	synonym
4	114980_7	implication
4	105400_7	synonym
4	109170_3	synonym
4	109170_4	synonym
4	146195_11	synonym
4	186363_16	string
4	157744_5	implication
4	157744_6	string
4	114980_8	implication
4	114980_9	implication
4	198266_4	implication
4	194649_16	synonym
4	194649_17	synonym
4	145874_18	synonym
4	146195_13	abbreviation
4	146195_14	abbreviation
4	146210_13	implication
4	185494_6	synonym
4	185494_7	synonym
4	144298_1	abbreviation
4	144298_2	implication
4	100139_1	abbreviation
4	100139_2	implication
4	148924_7	implication
4	168047_1	string
4	145013_2	synonym
4	114980_10	string
4	114980_11	string
4	114183_25	synonym
4	184489_14	string
4	107110_10	string
4	130539_19	implication
4	157744_7	synonym
4	174072_21	synonym
4	105400_11	abbreviation
4	198266_5	implication
4	168047_2	synonym
4	168047_3	synonym
4	109170_8	abbreviation
4	109170_9	abbreviation
4	188241_3	abbreviation
4	194649_18	synonym
4	130539_20	implication
4	184598_1	hyponym
4	184598_2	implication
4	125632_20	abbreviation
4	125632_21	abbreviation
4	184489_15	synonym
4	192522_7	synonym
4	164967_0	synonym
4	198266_7	synonym
4	198266_8	synonym
4	105400_12	synonym
4	105400_13	implication
4	109170_10	synonym
4	109170_11	synonym
4	157744_11	string
4	179480_28	synonym
4	188241_5	implication
4	107110_14	synonym
4	130539_21	string
4	126242_26	synonym
4	169374_7	synonym
4	120587_2	string
4	120587_3	string
4	105400_14	implication
4	174072_22	implication
4	174072_24	string
4	114183_29	synonym
4	168047_7	synonym
4	191244_0	abbreviation
4	198266_9	implication
4	198266_10	synonym
4	164967_2	string
4	165603_26	synonym
4	185494_11	string
4	107340_13	synonym
4	114158_0	synonym
4	107110_15	string
4	109170_12	implication
4	109853_0	abbreviation
4	109853_1	abbreviation
4	188241_6	implication
4	162910_0	string
4	126242_27	implication
4	126242_28	implication
4	184598_6	hyponym
4	184598_8	implication
4	114183_31	implication
4	114183_32	synonym
4	157744_15	string
4	198266_11	implication
4	165603_27	abbreviation
4	109170_14	implication
4	109170_15	abbreviation
4	185494_13	implication
4	126242_29	abbreviation
4	105400_16	string
4	144298_8	synonym
4	164967_3	implication
4	164967_4	implication
4	188241_9	abbreviation
4	114158_2	synonym
4	114158_3	synonym
4	192522_10	synonym
4	157744_18	string
4	107340_15	synonym
4	191244_3	abbreviation
4	191244_4	synonym
4	179480_30	implication
4	168047_10	synonym
4	185487_0	abbreviation
4	165603_28	synonym
4	114183_33	synonym
4	169374_11	implication
4	191244_5	implication
4	191244_6	abbreviation
4	157744_19	string
4	132884_0	synonym
4	134857_5	synonym
4	192522_11	synonym
4	162910_5	string
4	162910_6	implication
4	100268_1	synonym
4	109853_5	implication
4	109853_6	implication
4	107340_16	synonym
4	185487_1	synonym
4	185487_2	synonym
4	164967_8	hyponym
4	120587_9	implication
4	120587_10	string
4	176997_0	synonym
4	134823_2	implication
4	125632_26	synonym
4	125632_27	implication
4	165603_29	abbreviation
4	144298_11	abbreviation
4	192522_12	implication
4	185494_16	abbreviation
4	100268_2	synonym
4	188241_13	synonym
4	162910_8	synonym
4	127126_1	string
4	187790_0	synonym
4	109853_9	abbreviation
4	125632_28	synonym
4	191244_9	synonym
4	191244_10	implication
4	184450_0	string
4	164967_9	synonym
4	164967_11	implication
4	132884_2	synonym
4	131701_2	synonym
4	131701_3	synonym
4	162910_10	string
4	134823_3	synonym
4	122251_0	synonym
4	122251_1	implication
4	122251_2	implication
4	127126_2	implication
4	100139_14	abbreviation
4	134857_8	implication
4	198266_18	implication
4	185487_3	synonym
4	192522_13	synonym
4	178322_1	implication
4	178322_2	implication
4	100268_5	implication
4	191244_11	implication
4	191244_12	abbreviation
4	191244_13	abbreviation
4	107340_20	implication
4	185487_5	synonym
4	112777_1	string
4	114837_25	abbreviation
4	147686_1	string
4	147686_2	implication
4	192522_14	synonym
4	145076_0	hyponym
4	142933_0	synonym
4	142933_1	string
4	164967_12	synonym
4	164967_13	synonym
4	198266_19	implication
4	198266_20	implication
4	162910_11	implication
4	107340_21	implication
4	151614_2	synonym
4	188241_16	synonym
4	132884_7	implication
4	184450_4	string
4	192522_15	synonym
4	112777_3	synonym
4	185487_7	implication
4	125632_32	string
4	114837_26	synonym
4	107340_22	implication
4	122251_3	synonym
4	122251_4	abbreviation
4	122251_5	synonym
4	178322_5	synonym
4	198266_21	synonym
4	198266_22	synonym
4	147686_3	implication
4	142933_2	implication
4	157329_0	synonym
4	157329_1	synonym
4	166295_0	synonym
4	166295_1	synonym
4	176997_3	synonym
4	132884_8	implication
4	132884_9	synonym
4	122251_6	hyponym
4	122251_7	synonym
4	122251_8	synonym
4	183737_0	abbreviation
4	178322_7	implication
4	142933_6	implication
4	142933_7	synonym
4	127126_9	implication
4	145076_1	synonym
4	157329_2	implication
4	147686_6	synonym
4	198266_24	synonym
4	114158_16	implication
4	114158_17	synonym
4	125632_35	synonym
4	179480_36	string
4	187790_5	implication
4	132884_10	synonym
4	132884_11	implication
4	166295_2	synonym
4	166295_3	synonym
4	104831_1	synonym
4	127126_10	implication
4	176997_4	implication
4	176997_5	synonym
4	184450_7	string
4	133608_0	abbreviation
4	144298_21	synonym
4	132513_3	string
4	160867_0	string
4	160867_1	string
4	121917_0	synonym
4	185487_8	abbreviation
4	185487_9	synonym
4	185487_10	synonym
4	142933_9	string
4	142933_10	synonym
4	181269_0	abbreviation
4	107340_25	implication
4	124764_0	abbreviation
4	165603_34	synonym
4	157329_3	implication
4	157329_4	synonym
4	176997_6	synonym
4	124764_1	abbreviation
4	124764_2	implication
4	178322_10	abbreviation
4	127126_12	abbreviation
4	127126_13	synonym
4	107340_26	implication
4	166295_4	synonym
4	166295_5	synonym
4	122251_9	implication
4	122251_10	string
4	122251_11	synonym
4	132884_12	synonym
4	183737_2	abbreviation
4	183737_3	abbreviation
4	160867_2	implication
4	165603_35	implication
4	147686_9	implication
4	197615_12	synonym
4	187941_3	synonym
4	114837_31	implication
4	112777_8	string
4	166295_7	synonym
4	157329_6	synonym
4	121917_2	abbreviation
4	165603_36	abbreviation
4	104831_6	implication
4	133608_3	string
4	145076_7	implication
4	160867_6	implication
4	160867_7	implication
4	144298_25	implication
4	178322_14	synonym
4	157301_0	abbreviation
4	155327_1	synonym
4	158768_1	synonym
4	133608_4	synonym
4	166295_8	synonym
4	166295_9	synonym
4	132513_6	synonym
4	114837_33	implication
4	178112_0	abbreviation
4	181269_5	abbreviation
4	157329_8	synonym
4	104831_7	synonym
4	189534_1	synonym
4	189534_2	synonym
4	184450_13	string
4	184450_14	implication
4	170654_0	abbreviation
4	170654_1	implication
4	132513_7	synonym
4	134823_13	synonym
4	157301_2	synonym
4	166295_10	synonym
4	166295_11	synonym
4	166295_12	synonym
4	155327_2	synonym
4	157329_9	implication
4	151614_10	synonym
4	151614_11	implication
4	133608_6	synonym
4	145076_11	implication
4	134823_14	synonym
4	184450_16	implication
4	154469_0	string
4	154469_1	string
4	114837_34	abbreviation
4	178322_15	implication
4	178322_16	implication
4	178322_17	synonym
4	144298_29	string
4	176997_11	abbreviation
4	187941_11	implication
4	122578_2	string
4	178112_3	synonym
4	178112_4	implication
4	170654_2	implication
4	145076_12	implication
4	189534_5	implication
4	157329_10	synonym
4	184450_17	implication
4	157640_0	synonym
4	183737_8	abbreviation
4	178322_18	implication
4	178322_19	implication
4	154469_2	string
4	178112_6	abbreviation
4	122578_4	implication
4	158768_4	string
4	158768_5	implication
4	183737_10	abbreviation
4	170654_4	implication
4	138678_0	synonym
4	176997_14	synonym
4	139485_2	synonym
4	151614_13	implication
4	157329_11	synonym
4	176801_1	string
4	176801_2	implication
4	127002_0	abbreviation
4	145076_17	synonym
4	158768_6	synonym
4	129998_0	synonym
4	139485_3	synonym
4	170654_6	abbreviation
4	170654_7	abbreviation
4	176997_17	synonym
4	189534_9	synonym
4	176801_3	implication
4	157329_13	string
4	157329_14	abbreviation
4	155327_6	synonym
4	143877_5	synonym
4	143877_6	abbreviation
4	121917_10	implication
4	168943_0	abbreviation
4	117505_0	string
4	117505_2	string
4	139485_5	synonym
4	139485_6	synonym
4	157640_4	abbreviation
4	129998_2	synonym
4	176801_5	implication
4	176801_6	synonym
4	189534_11	implication
4	139485_7	synonym
4	139485_8	synonym
4	121917_11	implication
4	157329_15	synonym
4	189534_12	implication
4	127002_4	abbreviation
4	157640_5	abbreviation
4	117505_3	implication
4	117505_4	implication
4	157329_17	implication
4	121917_12	synonym
4	132513_13	abbreviation
4	171393_0	abbreviation
4	116117_0	abbreviation
4	116117_1	abbreviation
4	133608_14	synonym
4	138678_4	synonym
4	151265_1	synonym
4	151265_2	string
4	117505_5	implication
4	170654_11	abbreviation
4	129998_5	implication
4	189534_13	implication
4	155327_9	abbreviation
4	157329_18	implication
4	116117_2	implication
4	106091_4	string
4	138678_5	synonym
4	122578_11	synonym
4	157640_7	implication
4	133608_16	string
4	170654_14	implication
4	189534_15	synonym
4	125101_0	abbreviation
4	138678_6	synonym
4	174146_0	abbreviation
4	112313_0	abbreviation
4	133608_17	synonym
4	157640_8	synonym
4	122578_12	implication
4	151265_4	synonym
4	125101_2	string
4	158768_17	synonym
4	176801_13	implication
4	168605_2	string
4	168943_3	string
4	129998_8	synonym
4	129998_9	synonym
4	174146_2	implication
4	184214_0	synonym
4	141582_2	synonym
4	141582_3	synonym
4	127002_10	abbreviation
4	132513_17	string
4	155684_3	synonym
4	122578_14	implication
4	168943_5	abbreviation
4	122903_0	synonym
4	125101_4	implication
4	106091_9	implication
4	170654_18	synonym
4	179104_3	synonym
4	155327_13	string
4	155684_5	implication
4	158768_18	synonym
4	132513_18	string
4	151265_6	synonym
4	151265_7	implication
4	148059_0	abbreviation
4	138678_8	synonym
4	122578_15	implication
4	133608_20	synonym
4	106091_10	implication
4	129998_10	string
4	157329_22	implication
4	157329_23	synonym
4	168943_6	synonym
4	149095_0	abbreviation
4	112313_3	abbreviation
4	151265_8	implication
4	170654_19	string
4	170654_20	string
4	122578_16	string
4	184214_3	synonym
4	184214_4	abbreviation
4	158768_21	synonym
4	158768_22	implication
4	157329_24	synonym
4	157329_25	synonym
4	168605_5	synonym
4	138678_9	synonym
4	141582_7	synonym
4	149095_1	synonym
4	149095_2	synonym
4	179104_4	synonym
4	151192_1	synonym
4	170654_21	synonym
4	170654_22	synonym
4	149095_4	synonym
4	122903_4	synonym
4	138678_10	synonym
4	119691_2	synonym
4	112313_5	implication
4	151265_10	synonym
4	176801_19	synonym
4	151192_2	string
4	151265_11	abbreviation
4	168605_9	hyponym
4	168605_10	synonym
4	179104_8	implication
4	176801_21	string
4	151265_12	implication
4	106091_15	synonym
4	106091_16	synonym
4	171393_7	synonym
4	151192_4	implication
4	168943_12	synonym
4	112313_8	abbreviation
4	116117_12	implication
4	191788_0	abbreviation
4	168605_11	synonym
4	138709_1	synonym
4	122903_8	synonym
4	122903_9	implication
4	106794_5	synonym
4	168943_13	implication
4	168943_14	implication
4	151265_15	implication
4	116117_15	implication
4	191788_2	synonym
4	191788_3	implication
4	168605_13	implication
4	168605_14	implication
4	151192_8	implication
4	151192_9	synonym
4	155684_14	synonym
4	155684_15	synonym
4	106794_6	synonym
4	138709_5	implication
4	151265_16	synonym
4	106091_20	implication
4	116117_16	synonym
4	116117_17	abbreviation
4	155684_17	synonym
4	159509_0	synonym
4	159509_1	synonym
4	128140_2	string
4	191788_7	hyponym
4	151192_12	implication
4	155684_18	synonym
4	155684_19	implication
4	138678_16	synonym
4	165510_0	string
4	128140_4	implication
4	155684_20	implication
4	138678_17	synonym
4	165510_2	string
4	165510_5	synonym
4	165510_6	string
4	191788_10	abbreviation
4	191788_11	synonym
4	112313_17	synonym
4	112313_19	implication
4	112313_20	implication
4	171393_19	implication
4	136424_4	string
4	171393_20	synonym
4	171393_21	abbreviation
4	135610_0	abbreviation
4	135610_2	implication
4	138678_25	synonym
4	138678_26	synonym
4	138678_27	implication
4	144659_2	synonym
4	171393_25	synonym
4	144659_4	implication
5	161844_7	implication
5	116820_11	implication
5	161844_10	synonym
5	187378_16	implication
5	187378_17	synonym
5	187378_18	implication
5	187378_26	synonym
5	184358_7	implication
5	184358_15	implication
5	184358_17	synonym
5	122400_1	synonym
5	122400_2	implication
5	109935_1	implication
5	109935_3	synonym
5	109935_4	implication
5	109935_5	synonym
5	109935_6	implication
5	109935_7	synonym
5	122629_0	synonym
5	122400_19	implication
5	109935_14	synonym
5	109935_15	implication
5	122629_3	hyponym
5	109935_16	implication
5	122629_5	synonym
5	122629_7	synonym
5	122629_10	synonym
5	122629_11	synonym
5	122629_12	synonym
5	122400_33	implication
5	122400_34	implication
5	136823_1	synonym
5	136823_2	synonym
5	195655_7	implication
5	195655_8	implication
5	195655_9	implication
5	195655_10	implication
5	195655_15	synonym
5	141520_4	implication
5	187378_3	implication
5	187378_4	implication
5	187378_5	implication
5	187378_7	synonym
5	187378_8	synonym
5	161844_0	implication
5	161844_2	implication
5	161844_3	implication
5	161844_5	implication
5	161844_6	implication
5	116820_0	synonym
5	116820_1	synonym
5	116820_2	synonym
5	116820_3	implication
5	116820_5	implication
5	116820_6	implication
5	116820_7	synonym
6	161844_8	synonym
6	196459_2	synonym
6	196459_3	synonym
6	116820_12	implication
6	184450_20	synonym
6	136424_15	synonym
6	136424_16	synonym
6	124764_4	implication
6	171203_1	synonym
6	193756_15	implication
6	128251_7	implication
6	128251_8	implication
6	137091_15	abbreviation
6	137091_16	synonym
6	137438_1	implication
6	118475_10	synonym
6	142372_21	synonym
6	156025_1	synonym
6	184450_22	implication
6	117505_11	synonym
6	117505_12	implication
6	106794_15	implication
6	106794_16	synonym
6	171357_0	abbreviation
6	100559_0	abbreviation
6	100559_1	synonym
6	100559_2	synonym
6	116820_13	implication
6	165342_0	synonym
6	124764_5	implication
6	140402_16	implication
6	147054_2	abbreviation
6	155571_0	abbreviation
6	155571_2	abbreviation
6	196459_4	abbreviation
6	161844_9	abbreviation
6	161844_10	synonym
6	139585_0	synonym
6	139585_1	synonym
6	147345_4	synonym
6	127915_8	synonym
6	137438_4	synonym
6	187378_14	implication
6	171357_1	synonym
6	102433_0	abbreviation
6	136424_17	implication
6	136424_18	implication
6	113759_3	abbreviation
6	156025_4	synonym
6	156025_5	synonym
6	153406_0	abbreviation
6	106794_17	synonym
6	171393_29	synonym
6	161844_11	implication
6	171203_5	implication
6	159878_0	abbreviation
6	165342_2	synonym
6	125101_13	implication
6	180884_11	synonym
6	180884_12	implication
6	180884_13	implication
6	139485_13	synonym
6	139485_14	implication
6	196459_7	synonym
6	165510_11	synonym
6	165510_12	synonym
6	140402_17	implication
6	124764_7	abbreviation
6	149591_0	abbreviation
6	171913_13	implication
6	187378_15	hyponym
6	155571_3	abbreviation
6	136424_19	implication
6	136424_20	implication
6	159468_8	abbreviation
6	159468_9	synonym
6	194084_0	synonym
6	194084_1	synonym
6	180546_4	synonym
6	180546_5	synonym
6	157743_1	abbreviation
6	137091_19	implication
6	171393_30	synonym
6	153406_2	abbreviation
6	127915_10	synonym
6	153866_2	synonym
6	187378_16	abbreviation
6	125101_16	implication
6	102433_3	abbreviation
6	133990_0	synonym
6	147345_9	synonym
6	184788_1	synonym
6	136424_21	synonym
6	136424_22	synonym
6	131974_3	synonym
6	159878_2	abbreviation
6	158711_8	abbreviation
6	137438_8	synonym
6	167773_0	synonym
6	102889_7	synonym
6	167831_0	abbreviation
6	106794_21	implication
6	106794_22	implication
6	196459_11	abbreviation
6	187648_0	abbreviation
6	187378_17	synonym
6	171913_14	synonym
6	171913_15	abbreviation
6	155571_6	abbreviation
6	155571_8	implication
6	117293_2	abbreviation
6	194084_5	synonym
6	139585_5	implication
6	139585_6	implication
6	159468_10	implication
6	159468_11	implication
6	125101_17	abbreviation
6	149591_2	synonym
6	149591_3	implication
6	117505_18	implication
6	117505_19	implication
6	184788_2	synonym
6	147345_11	implication
6	167773_2	abbreviation
6	139485_18	implication
6	100559_9	implication
6	100559_10	implication
6	187648_1	synonym
6	187648_2	synonym
6	136424_24	synonym
6	138286_16	implication
6	196459_13	synonym
6	102433_4	synonym
6	190272_12	implication
6	179104_19	synonym
6	102889_8	implication
6	102889_9	abbreviation
6	150402_0	abbreviation
6	128993_2	abbreviation
6	106794_23	implication
6	194084_6	implication
6	194084_8	implication
6	149591_6	abbreviation
6	159878_4	implication
6	157743_7	implication
6	157743_8	implication
6	157743_9	synonym
6	137091_23	implication
6	167831_2	abbreviation
6	159468_12	synonym
6	159468_13	abbreviation
6	159468_14	synonym
6	139485_19	implication
6	139485_20	implication
6	147345_13	implication
6	131974_6	hyponym
6	149203_0	abbreviation
6	190272_13	synonym
6	136424_25	implication
6	108346_0	implication
6	100559_11	implication
6	196459_14	synonym
6	138286_17	abbreviation
6	128993_3	abbreviation
6	153406_11	synonym
6	153406_12	synonym
6	159006_1	synonym
6	106794_26	synonym
6	194084_9	synonym
6	194084_10	synonym
6	187648_6	synonym
6	198331_0	synonym
6	150402_2	synonym
6	183308_0	synonym
6	171357_6	synonym
6	139485_21	synonym
6	179104_21	synonym
6	196459_17	synonym
6	100559_14	implication
6	153866_12	implication
6	190272_15	implication
6	131694_1	abbreviation
6	159006_5	implication
6	108346_1	synonym
6	153406_14	implication
6	153406_15	abbreviation
6	171393_34	hyponym
6	198331_1	implication
6	158711_12	synonym
6	150105_0	implication
6	184324_0	abbreviation
6	184324_1	synonym
6	171357_7	abbreviation
6	187648_8	implication
6	196459_18	synonym
6	196459_19	implication
6	183308_2	synonym
6	198957_3	abbreviation
6	180546_12	synonym
6	187378_21	synonym
6	162525_3	abbreviation
6	167773_7	abbreviation
6	149591_11	synonym
6	140353_1	synonym
6	140353_2	implication
6	130796_0	abbreviation
6	130796_2	abbreviation
6	131694_5	synonym
6	100559_16	synonym
6	100559_17	synonym
6	159878_9	abbreviation
6	184324_2	synonym
6	171357_8	synonym
6	134831_0	synonym
6	149203_3	abbreviation
6	196459_20	synonym
6	196459_21	synonym
6	150402_6	abbreviation
6	153406_16	abbreviation
6	137438_15	implication
6	137438_16	implication
6	163870_0	synonym
6	152649_1	synonym
6	150982_1	synonym
6	150982_2	synonym
6	167697_2	synonym
6	150105_1	implication
6	183308_3	implication
6	140353_6	synonym
6	187378_22	implication
6	184324_3	synonym
6	133990_10	synonym
6	133990_11	synonym
6	167773_8	synonym
6	167773_9	synonym
6	102433_10	abbreviation
6	196459_22	synonym
6	196459_23	synonym
6	159878_11	synonym
6	108346_6	implication
6	187378_23	implication
6	158711_14	implication
6	150982_3	synonym
6	150982_4	synonym
6	171393_36	implication
6	140353_7	implication
6	150402_7	synonym
6	194360_1	synonym
6	163870_1	synonym
6	152649_2	synonym
6	152649_3	synonym
6	101882_2	synonym
6	130796_6	abbreviation
6	130796_8	implication
6	162525_6	synonym
6	131694_6	implication
6	158711_15	implication
6	194360_2	synonym
6	165227_0	abbreviation
6	137438_19	implication
6	159001_0	synonym
6	162525_7	implication
6	107290_1	abbreviation
6	107290_2	synonym
6	196459_24	synonym
6	121149_0	abbreviation
6	121149_1	abbreviation
6	177920_1	synonym
6	187378_25	synonym
6	167831_11	abbreviation
6	176077_0	synonym
6	163870_3	synonym
6	163870_4	synonym
6	128993_9	implication
6	184541_0	abbreviation
6	131694_10	implication
6	158711_16	implication
6	149203_7	abbreviation
6	165227_2	abbreviation
6	116970_1	synonym
6	116970_2	synonym
6	150982_7	synonym
6	150982_8	synonym
6	121149_3	implication
6	121149_4	implication
6	177920_5	abbreviation
6	198957_10	abbreviation
6	198957_11	synonym
6	101882_7	synonym
6	176077_2	implication
6	163870_6	synonym
6	184358_3	synonym
6	162525_8	implication
6	183308_9	implication
6	150982_9	implication
6	150982_10	synonym
6	130796_9	implication
6	130796_10	abbreviation
6	165227_4	abbreviation
6	197459_0	abbreviation
6	187378_27	implication
6	151408_0	abbreviation
6	116970_5	implication
6	159878_15	implication
6	121149_5	implication
6	158711_18	synonym
6	163816_2	abbreviation
6	187916_3	synonym
6	107290_7	synonym
6	107290_8	synonym
6	167831_14	synonym
6	167831_15	synonym
6	126427_0	synonym
6	184788_14	implication
6	158711_19	synonym
6	197459_3	abbreviation
6	197459_4	synonym
6	120762_1	synonym
6	167831_16	implication
6	198957_14	synonym
6	184541_4	implication
6	116970_9	implication
6	151408_1	abbreviation
6	147969_0	synonym
6	147969_1	implication
6	134831_7	implication
6	134831_8	implication
6	171357_14	abbreviation
6	176077_5	synonym
6	158711_20	implication
6	130655_0	abbreviation
6	126427_1	synonym
6	194360_7	synonym
6	177622_1	abbreviation
6	177622_2	synonym
6	159878_16	implication
6	149203_13	implication
6	165227_8	implication
6	165227_9	synonym
6	127864_1	synonym
6	116970_12	synonym
6	184541_7	abbreviation
6	148912_2	synonym
6	144754_0	abbreviation
6	120762_7	abbreviation
6	130655_1	abbreviation
6	167831_17	synonym
6	167831_18	implication
6	194360_8	implication
6	184788_16	synonym
6	176077_7	implication
6	134857_40	synonym
6	159878_18	implication
6	167697_10	implication
6	197459_9	synonym
6	130655_2	abbreviation
6	134831_9	implication
6	116970_13	implication
6	183308_17	implication
6	184788_17	synonym
6	102433_19	implication
6	167831_19	implication
6	120762_8	abbreviation
6	120762_9	implication
6	165227_10	synonym
6	165227_11	implication
6	150402_16	implication
6	131974_19	synonym
6	167697_11	implication
6	115024_0	abbreviation
6	176077_8	implication
6	176077_9	implication
6	184358_11	implication
6	130451_2	synonym
6	177920_16	abbreviation
6	177622_6	implication
6	149203_15	implication
6	149203_16	abbreviation
6	147969_5	synonym
6	126427_8	implication
6	174964_3	synonym
6	174964_4	synonym
6	132444_0	synonym
6	164712_16	abbreviation
6	167831_20	synonym
6	197459_11	implication
6	150402_18	implication
6	165227_12	synonym
6	127864_5	synonym
6	127864_6	implication
6	194360_10	implication
6	151408_10	abbreviation
6	151408_11	implication
6	120889_2	synonym
6	131974_21	synonym
6	147969_6	implication
6	176077_10	implication
6	176077_11	implication
6	115024_2	synonym
6	144754_3	synonym
6	119502_4	synonym
6	177920_18	implication
6	117293_17	implication
6	126427_9	synonym
6	120762_10	synonym
6	132444_4	synonym
6	183308_20	synonym
6	164712_17	implication
6	179440_0	synonym
6	194360_11	implication
6	112248_0	synonym
6	112248_1	synonym
6	184541_14	abbreviation
6	184541_15	implication
6	165227_14	implication
6	165227_15	synonym
6	152649_17	implication
6	153694_3	synonym
6	158827_0	abbreviation
6	177920_19	implication
6	176077_12	implication
6	132444_7	synonym
6	167831_22	abbreviation
6	171357_20	synonym
6	164712_20	implication
6	164712_21	implication
6	111138_4	synonym
6	134857_43	implication
6	163816_10	implication
6	163816_11	implication
6	163816_12	synonym
6	149203_17	synonym
6	184541_17	synonym
6	179440_3	implication
6	179440_4	synonym
6	107354_0	abbreviation
6	131974_23	implication
6	112869_3	abbreviation
6	112869_4	synonym
6	184358_16	implication
6	184358_18	synonym
6	165227_16	synonym
6	165227_17	synonym
6	152649_19	implication
6	194360_13	synonym
6	194155_0	synonym
6	130655_7	implication
6	132444_10	synonym
6	187916_11	abbreviation
6	163816_13	synonym
6	110549_0	abbreviation
6	164712_24	synonym
6	164712_25	synonym
6	102931_0	abbreviation
6	148912_11	implication
6	177622_11	abbreviation
6	147969_10	synonym
6	122883_2	abbreviation
6	120889_6	implication
6	152649_21	implication
6	165395_1	synonym
6	165395_3	synonym
6	153694_8	implication
6	158827_2	abbreviation
6	184541_18	abbreviation
6	184541_19	implication
6	132444_11	synonym
6	132444_13	synonym
6	165857_0	synonym
6	194275_1	synonym
6	120889_7	synonym
6	194360_14	synonym
6	152649_22	implication
6	152649_23	abbreviation
6	112869_7	abbreviation
6	145720_0	abbreviation
6	139249_4	implication
6	139249_5	synonym
6	171357_22	implication
6	165395_6	implication
6	153694_9	implication
6	153694_10	implication
6	103880_0	abbreviation
6	146452_2	abbreviation
6	146452_3	synonym
6	102931_2	synonym
6	125626_3	synonym
6	179440_11	synonym
6	112248_9	synonym
6	178961_0	abbreviation
6	112869_8	synonym
6	194155_3	synonym
6	194360_15	implication
6	174964_10	implication
6	146958_0	synonym
6	115024_11	synonym
6	171357_23	implication
6	107354_3	abbreviation
6	153094_1	synonym
6	145720_1	abbreviation
6	145720_2	abbreviation
6	165395_8	implication
6	110549_4	abbreviation
6	190242_2	abbreviation
6	112248_11	implication
6	179440_12	synonym
6	112869_9	synonym
6	103880_2	abbreviation
6	130451_10	implication
6	130451_11	implication
6	102931_3	synonym
6	102931_4	synonym
6	171357_24	synonym
6	145720_4	abbreviation
6	174964_11	synonym
6	115024_13	implication
6	115521_0	synonym
6	144754_10	abbreviation
6	110549_5	synonym
6	111138_11	synonym
6	183308_26	synonym
6	100037_3	abbreviation
6	153094_5	implication
6	103880_3	synonym
6	123743_2	synonym
6	130451_12	implication
6	130451_13	synonym
6	187916_17	synonym
6	118257_0	abbreviation
6	170781_3	synonym
6	194155_5	implication
6	194155_6	implication
6	177622_18	synonym
6	115521_2	synonym
6	115024_15	synonym
6	158827_8	implication
6	107354_5	synonym
6	112869_12	implication
6	179440_17	abbreviation
6	104582_4	abbreviation
6	187916_18	synonym
6	183308_28	implication
6	111138_14	synonym
6	153094_8	implication
6	153094_9	implication
6	103880_5	implication
6	112248_15	synonym
6	165857_8	implication
6	196731_0	synonym
6	184541_25	implication
6	124749_1	abbreviation
6	194155_7	synonym
6	110549_7	abbreviation
6	115521_4	synonym
6	145720_7	abbreviation
6	145720_8	implication
6	194275_8	implication
6	177622_19	implication
6	112474_1	synonym
6	196731_2	synonym
6	196731_3	synonym
6	115024_17	synonym
6	118257_1	implication
6	172267_1	abbreviation
6	169173_0	synonym
6	174964_15	implication
6	174964_16	synonym
6	178615_1	synonym
6	179440_19	synonym
6	179440_20	implication
6	179440_21	synonym
6	144518_0	synonym
6	144518_1	synonym
6	123743_3	synonym
6	112869_14	synonym
6	104582_5	abbreviation
6	151377_6	implication
6	151377_7	synonym
6	145720_9	implication
6	145720_10	synonym
6	194155_10	implication
6	158827_10	abbreviation
6	158827_12	implication
6	120938_0	synonym
6	112248_16	synonym
6	148134_0	synonym
6	178961_4	abbreviation
6	109361_0	synonym
6	146958_6	synonym
6	178782_1	abbreviation
6	103880_9	abbreviation
6	103880_10	implication
6	103880_11	synonym
6	151377_8	synonym
6	151377_9	synonym
6	169173_1	synonym
6	178615_5	implication
6	158827_13	implication
6	128050_0	abbreviation
6	138190_4	synonym
6	194155_12	implication
6	123743_7	synonym
6	170781_9	abbreviation
6	194275_10	implication
6	194275_11	synonym
6	120938_1	implication
6	178961_5	synonym
6	148134_2	implication
6	148134_3	synonym
6	196731_9	implication
6	109361_3	synonym
6	151377_10	synonym
6	169173_4	implication
6	169173_5	implication
6	187916_22	synonym
6	103880_12	implication
6	103880_13	implication
6	100085_1	synonym
6	144518_4	synonym
6	144518_6	synonym
6	122883_11	implication
6	133219_4	implication
6	150996_2	synonym
6	178782_3	implication
6	128050_1	synonym
6	123743_9	implication
6	120889_15	implication
6	118257_5	hyponym
6	187916_23	implication
6	147969_21	implication
6	174964_21	implication
6	190242_10	synonym
6	178961_6	synonym
6	103880_14	implication
6	109361_4	synonym
6	144754_19	synonym
6	151377_13	implication
6	115521_13	synonym
6	199568_1	abbreviation
6	199568_2	abbreviation
6	199568_3	synonym
6	122400_2	synonym
6	196878_1	abbreviation
6	173220_1	synonym
6	173220_2	implication
6	133219_5	synonym
6	196731_12	implication
6	196731_13	implication
6	190242_11	synonym
6	170781_12	synonym
6	170781_13	implication
6	144518_10	implication
6	112474_12	synonym
6	120889_17	synonym
6	150996_7	implication
6	151377_15	implication
6	129486_2	abbreviation
6	144766_3	abbreviation
6	125626_18	synonym
6	128050_3	synonym
6	128050_4	synonym
6	115521_16	abbreviation
6	168116_2	abbreviation
6	199447_4	abbreviation
6	190242_13	abbreviation
6	123743_12	implication
6	123743_13	synonym
6	102931_17	synonym
6	102931_18	synonym
6	119502_21	implication
6	119502_22	synonym
6	144518_11	synonym
6	112474_13	implication
6	112474_14	synonym
6	117293_32	implication
6	114528_0	abbreviation
6	109361_11	abbreviation
6	109361_12	implication
6	163159_1	synonym
6	151377_16	implication
6	151377_17	synonym
6	142645_1	synonym
6	187916_25	implication
6	144766_4	abbreviation
6	100085_6	synonym
6	168116_3	synonym
6	168116_4	synonym
6	125626_19	synonym
6	117293_33	implication
6	115521_19	synonym
6	128050_6	synonym
6	173220_7	implication
6	159968_1	abbreviation
6	146958_14	synonym
6	112474_15	synonym
6	150996_10	synonym
6	170614_0	synonym
6	170614_1	synonym
6	196878_6	synonym
6	196878_7	hyponym
6	114528_2	abbreviation
6	114528_3	abbreviation
6	163159_4	synonym
6	190242_14	implication
6	199447_10	abbreviation
6	199447_11	synonym
6	118257_11	implication
6	122920_0	abbreviation
6	142645_2	implication
6	168116_5	synonym
6	100085_9	implication
6	199568_9	abbreviation
6	199568_10	implication
6	104582_16	hyponym
6	173220_11	synonym
6	173220_12	implication
6	122920_3	abbreviation
6	199447_12	synonym
6	128050_8	abbreviation
6	170614_3	synonym
6	146958_16	synonym
6	104585_0	abbreviation
6	119405_0	abbreviation
6	119405_2	synonym
6	102931_21	synonym
6	102931_22	synonym
6	190242_16	implication
6	176704_0	abbreviation
6	176704_2	synonym
6	118257_13	implication
6	100085_10	synonym
6	187916_27	synonym
6	187916_28	synonym
6	122920_4	abbreviation
6	196878_10	implication
6	104585_1	implication
6	104585_2	abbreviation
6	190242_17	implication
6	168116_7	implication
6	168331_2	synonym
6	168331_3	synonym
6	159968_5	synonym
6	102931_24	implication
6	146452_21	synonym
6	160184_0	abbreviation
6	119405_3	synonym
6	199568_12	synonym
6	199568_13	implication
6	124749_27	implication
6	129486_8	implication
6	156619_2	abbreviation
6	190242_18	implication
6	100085_13	synonym
6	128050_10	synonym
6	189261_2	abbreviation
6	104585_4	abbreviation
6	104585_5	implication
6	104585_6	abbreviation
6	146452_22	synonym
6	122920_8	abbreviation
6	176704_7	abbreviation
6	160184_3	synonym
6	184833_1	synonym
6	117293_37	implication
6	119405_7	abbreviation
6	119405_8	abbreviation
6	199568_15	implication
6	159968_8	synonym
6	118210_1	synonym
6	190242_19	synonym
6	119282_1	synonym
6	156619_3	abbreviation
6	156619_4	abbreviation
6	159675_2	abbreviation
6	169273_0	synonym
6	199568_16	implication
6	104585_7	synonym
6	104585_8	synonym
6	122920_12	abbreviation
6	160184_7	implication
6	163159_12	implication
6	159968_10	implication
6	117293_38	abbreviation
6	188206_0	abbreviation
6	104582_23	synonym
6	100037_21	implication
6	119405_9	implication
6	119405_11	implication
6	152972_1	abbreviation
6	122920_13	synonym
6	122920_14	implication
6	199568_18	implication
6	160184_8	implication
6	160184_9	abbreviation
6	163159_13	implication
6	163159_14	implication
6	189261_6	abbreviation
6	189261_7	implication
6	114528_14	implication
6	114528_15	implication
6	114528_16	abbreviation
6	169273_1	synonym
6	188206_2	synonym
6	188206_3	synonym
6	115334_0	abbreviation
6	122920_15	implication
6	128050_14	implication
6	128050_15	abbreviation
6	104585_11	implication
6	119405_12	synonym
6	119405_13	implication
6	119405_14	implication
6	119282_5	abbreviation
6	175030_4	synonym
6	107052_2	synonym
6	163159_15	synonym
6	118210_8	implication
6	176704_12	synonym
6	189261_8	synonym
6	115471_0	abbreviation
6	188206_4	implication
6	117293_40	synonym
6	119282_7	implication
6	114528_17	abbreviation
6	156001_0	abbreviation
6	126574_0	abbreviation
6	119405_16	synonym
6	180621_0	synonym
6	122920_17	synonym
6	122920_18	implication
6	128050_16	implication
6	128050_17	implication
6	133867_1	synonym
6	165056_0	synonym
6	165056_1	implication
6	118210_9	implication
6	118210_10	implication
6	184833_8	implication
6	199399_0	abbreviation
6	178961_18	implication
6	102679_1	synonym
6	144754_36	implication
6	188206_7	synonym
6	142645_14	implication
6	119282_8	synonym
6	164384_0	abbreviation
6	139341_2	abbreviation
6	115334_3	implication
6	115334_4	implication
6	114845_0	abbreviation
6	114845_1	synonym
6	122629_0	abbreviation
6	122629_1	abbreviation
6	122629_2	synonym
6	122400_19	implication
6	128050_18	implication
6	164384_1	synonym
6	184833_9	implication
6	184833_10	implication
6	119282_11	abbreviation
6	170614_14	abbreviation
6	126574_3	synonym
6	165056_3	synonym
6	188206_8	abbreviation
6	144754_38	implication
6	115471_3	synonym
6	115334_5	implication
6	153345_2	abbreviation
6	172195_2	abbreviation
6	114845_3	synonym
6	178961_19	synonym
6	118210_11	implication
6	118210_12	synonym
6	107354_24	synonym
6	163165_2	synonym
6	172195_3	abbreviation
6	161610_2	synonym
6	184833_11	implication
6	184833_12	synonym
6	199399_4	implication
6	188206_10	synonym
6	188206_11	synonym
6	122629_5	synonym
6	122629_6	synonym
6	161086_2	synonym
6	128050_20	implication
6	150164_4	synonym
6	195968_0	abbreviation
6	161610_3	abbreviation
6	115471_6	synonym
6	156001_9	implication
6	156001_10	abbreviation
6	134268_1	implication
6	102679_7	implication
6	102679_9	abbreviation
6	133242_1	implication
6	107052_8	synonym
6	114845_7	abbreviation
6	188206_12	abbreviation
6	107354_26	implication
6	199399_6	synonym
6	126490_0	abbreviation
6	171473_0	abbreviation
6	133867_14	implication
6	174243_2	abbreviation
6	115471_7	synonym
6	195968_1	synonym
6	195968_2	synonym
6	178961_21	implication
6	169273_11	implication
6	169273_12	implication
6	143536_2	implication
6	143536_4	synonym
6	133424_1	synonym
6	157809_0	abbreviation
6	126574_10	implication
6	126574_11	synonym
6	170614_19	abbreviation
6	170614_20	synonym
6	175030_16	implication
6	114845_9	synonym
6	188206_15	implication
6	128050_21	synonym
6	126490_1	synonym
6	126490_2	abbreviation
6	126490_3	synonym
6	169273_13	synonym
6	190502_9	implication
6	190502_10	implication
6	115471_10	abbreviation
6	134268_6	synonym
6	171473_2	synonym
6	150164_7	implication
6	150164_8	implication
6	139341_6	synonym
6	122629_9	synonym
6	122629_10	synonym
6	122629_11	synonym
6	107052_11	abbreviation
6	107052_12	implication
6	153345_10	implication
6	153345_11	implication
6	134578_2	synonym
6	180691_1	synonym
6	105954_2	abbreviation
6	112133_0	synonym
6	157809_1	synonym
6	157809_2	abbreviation
6	161086_9	abbreviation
6	114845_10	synonym
6	114845_11	abbreviation
6	190502_11	implication
6	115109_2	abbreviation
6	115109_3	synonym
6	115471_11	implication
6	115471_12	synonym
6	188206_16	synonym
6	188206_17	implication
6	156619_21	implication
6	122400_25	implication
6	134268_7	implication
6	165056_10	abbreviation
6	142734_1	implication
6	142734_2	synonym
6	164384_8	synonym
6	134578_4	synonym
6	168331_23	synonym
6	131156_1	synonym
6	199399_12	synonym
6	150164_9	implication
6	150164_10	synonym
6	157809_3	synonym
6	133242_7	synonym
6	153345_12	implication
6	161086_10	abbreviation
6	136356_2	synonym
6	177225_3	synonym
6	145340_3	synonym
6	107052_13	implication
6	146094_0	synonym
6	199399_13	synonym
6	128050_24	implication
6	113865_0	abbreviation
6	126490_7	synonym
6	175030_22	implication
6	175030_23	implication
6	104707_0	abbreviation
6	162798_2	synonym
6	150164_12	synonym
6	115471_13	implication
6	115471_14	implication
6	168331_24	synonym
6	188206_20	implication
6	134578_6	synonym
6	134578_7	synonym
6	131156_2	synonym
6	157809_6	synonym
6	172195_11	synonym
6	180691_4	implication
6	180691_5	implication
6	161086_12	implication
6	177225_4	synonym
6	175366_2	synonym
6	175366_3	synonym
6	105954_6	implication
6	174483_0	abbreviation
6	171473_6	synonym
6	115471_15	implication
6	115471_16	synonym
6	134578_9	synonym
6	134578_10	synonym
6	146094_1	synonym
6	126490_10	synonym
6	114939_2	abbreviation
6	182680_0	abbreviation
6	161418_3	synonym
6	161418_4	synonym
6	124788_0	abbreviation
6	174483_3	synonym
6	157809_7	implication
6	131156_7	implication
6	161086_15	synonym
6	175030_24	implication
6	199399_15	abbreviation
6	168331_26	implication
6	152012_0	synonym
6	175366_4	synonym
6	146094_5	abbreviation
6	144766_19	synonym
6	126490_12	synonym
6	105954_9	implication
6	165056_16	implication
6	124788_3	synonym
6	182680_2	synonym
6	147974_3	synonym
6	115471_17	implication
6	115471_18	synonym
6	157809_9	synonym
6	157809_10	implication
6	172195_15	abbreviation
6	174483_4	synonym
6	174483_5	synonym
6	174483_6	synonym
6	134578_13	synonym
6	131156_8	synonym
6	131156_9	implication
6	165056_17	implication
6	152012_1	synonym
6	144766_20	synonym
6	163165_15	implication
6	146094_7	synonym
6	172195_16	implication
6	180308_1	synonym
6	126490_13	implication
6	126490_14	implication
6	126490_15	implication
6	175030_28	synonym
6	157809_11	implication
6	142734_12	implication
6	176039_2	synonym
6	176039_3	synonym
6	157296_1	synonym
6	157296_2	synonym
6	179117_13	implication
6	165056_18	implication
6	182680_4	synonym
6	163165_17	synonym
6	172605_3	abbreviation
6	136356_8	implication
6	152012_5	synonym
6	155573_2	abbreviation
6	157809_14	synonym
6	193091_1	synonym
6	150770_1	abbreviation
6	168331_30	implication
6	126242_1	abbreviation
6	126242_2	synonym
6	128795_0	abbreviation
6	199399_22	abbreviation
6	182680_5	synonym
6	145340_10	implication
6	135705_2	synonym
6	161610_13	abbreviation
6	161086_21	synonym
6	199399_23	implication
6	123684_4	abbreviation
6	152012_6	hyponym
6	144766_22	implication
6	168022_1	synonym
6	168022_2	implication
6	182680_6	synonym
6	193091_4	abbreviation
6	155573_3	abbreviation
6	176039_6	synonym
6	176039_8	implication
6	128795_3	abbreviation
6	174483_11	synonym
6	123655_2	abbreviation
6	145340_12	implication
6	162798_11	synonym
6	157809_15	implication
6	157809_16	synonym
6	168331_32	implication
6	159675_32	synonym
6	163165_21	synonym
6	104841_0	abbreviation
6	147974_8	hyponym
6	187753_3	synonym
6	180308_7	implication
6	160100_2	synonym
6	152012_8	implication
6	152012_9	synonym
6	136356_11	implication
6	113865_13	implication
6	176039_9	implication
6	178391_4	implication
6	193091_5	synonym
6	133242_16	implication
6	152273_3	synonym
6	142335_2	synonym
6	168331_34	implication
6	157809_17	synonym
6	152012_11	implication
6	180308_9	abbreviation
6	175366_15	synonym
6	124788_10	abbreviation
6	124788_11	abbreviation
6	112857_0	abbreviation
6	112857_1	implication
6	127081_2	synonym
6	127081_3	synonym
6	161418_13	implication
6	161473_0	synonym
6	113865_15	implication
6	113865_16	abbreviation
6	171496_0	abbreviation
6	114939_12	synonym
6	162798_14	implication
6	187753_6	synonym
6	160100_4	synonym
6	122992_1	synonym
6	174483_15	abbreviation
6	128795_7	synonym
6	168022_7	implication
6	168022_8	synonym
6	140161_1	abbreviation
6	112857_2	implication
6	112857_3	synonym
6	133242_20	implication
6	159675_37	synonym
6	124788_12	synonym
6	124788_13	implication
6	100966_0	synonym
6	133424_22	implication
6	133424_23	synonym
6	133424_24	synonym
6	162798_16	synonym
6	162798_17	implication
6	182680_11	abbreviation
6	136356_14	implication
6	171659_2	abbreviation
6	152273_8	implication
6	171496_2	implication
6	171496_3	synonym
6	161610_18	implication
6	101480_4	synonym
6	122992_2	synonym
6	145874_2	abbreviation
6	162798_18	implication
6	123684_10	abbreviation
6	155573_9	implication
6	128795_8	synonym
6	159675_39	synonym
6	124788_14	synonym
6	133424_25	synonym
6	100966_2	implication
6	133242_22	synonym
6	162798_19	implication
6	162798_20	synonym
6	104841_5	synonym
6	161610_19	implication
6	180621_30	implication
6	180621_31	implication
6	161418_17	synonym
6	174262_1	synonym
6	125632_4	synonym
6	155573_11	implication
6	171496_5	synonym
6	195735_1	synonym
6	112520_1	synonym
6	186363_0	synonym
6	152273_12	synonym
6	193091_11	synonym
6	193091_12	implication
6	186141_1	synonym
6	136356_16	implication
6	100966_3	synonym
6	100966_4	abbreviation
6	141825_0	synonym
6	162798_21	synonym
6	175366_18	implication
6	175366_19	implication
6	182680_15	implication
6	104707_21	implication
6	195735_2	implication
6	195735_3	synonym
6	140236_1	synonym
6	142335_10	abbreviation
6	180621_33	abbreviation
6	123684_13	implication
6	174262_2	implication
6	125632_5	synonym
6	125632_6	synonym
6	139780_0	abbreviation
6	139780_1	abbreviation
6	139780_2	abbreviation
6	133242_23	implication
6	133242_24	implication
6	140161_9	abbreviation
6	174483_21	synonym
6	152273_14	implication
6	161473_9	implication
6	133424_29	synonym
6	199726_0	synonym
6	135705_9	hyponym
6	114210_2	synonym
6	162798_24	synonym
6	111966_0	synonym
6	104707_22	implication
6	113492_1	synonym
6	175366_20	implication
6	175366_21	implication
6	140236_2	synonym
6	172605_13	implication
6	182680_17	implication
6	174483_23	implication
6	174483_24	implication
6	171496_10	synonym
6	161610_20	implication
6	128795_14	abbreviation
6	180621_34	abbreviation
6	139780_4	implication
6	141825_2	synonym
6	133424_31	implication
6	133424_32	synonym
6	133424_33	synonym
6	189667_0	synonym
6	127488_0	synonym
6	127488_1	synonym
6	127488_2	synonym
6	199726_1	synonym
6	182351_3	synonym
6	186363_3	synonym
6	186363_4	synonym
6	161610_22	synonym
6	162147_6	implication
6	160100_13	implication
6	111966_3	abbreviation
6	174483_26	implication
6	128795_16	implication
6	182680_18	synonym
6	133424_34	synonym
6	114210_3	abbreviation
6	114210_4	implication
6	127081_13	implication
6	114250_0	abbreviation
6	114250_1	abbreviation
6	129412_3	synonym
6	195735_7	synonym
6	186141_6	implication
6	104841_13	synonym
6	104841_14	synonym
6	157296_18	implication
6	157296_19	synonym
6	171659_10	abbreviation
6	141084_4	synonym
6	182351_4	abbreviation
6	174262_8	implication
6	176827_0	synonym
6	100966_9	synonym
6	100966_10	implication
6	175366_23	synonym
6	160100_15	implication
6	160100_16	implication
6	171123_0	abbreviation
6	128795_18	implication
6	128795_19	implication
6	121731_1	synonym
6	147974_17	implication
6	199726_7	synonym
6	162147_10	implication
6	139341_20	implication
6	104841_16	implication
6	154245_0	abbreviation
6	176827_2	synonym
6	100966_11	implication
6	100966_12	synonym
6	171659_11	implication
6	140259_1	synonym
6	186141_7	implication
6	101480_11	abbreviation
6	113492_5	synonym
6	135705_15	implication
6	122992_12	synonym
6	186363_9	synonym
6	128795_20	synonym
6	171123_1	implication
6	171123_2	synonym
6	171123_3	synonym
6	114210_7	abbreviation
6	141825_6	synonym
6	104841_17	synonym
6	104841_18	synonym
6	121045_0	synonym
6	121045_1	implication
6	123655_15	implication
6	182351_10	implication
6	171496_16	synonym
6	160100_17	implication
6	103677_0	synonym
6	194471_8	synonym
6	101737_0	abbreviation
6	129412_8	implication
6	171659_13	implication
6	171659_14	synonym
6	113492_6	implication
6	113492_7	synonym
6	128587_2	synonym
6	122992_14	implication
6	122992_15	implication
6	154761_1	synonym
6	121045_3	abbreviation
6	145874_12	implication
6	162147_13	synonym
6	189667_5	implication
6	114980_1	synonym
6	114210_9	synonym
6	154245_7	implication
6	186363_12	abbreviation
6	182351_12	implication
6	182351_14	implication
6	176827_8	synonym
6	103677_1	synonym
6	103677_2	synonym
6	193944_0	abbreviation
6	104841_20	implication
6	194471_9	implication
6	194471_10	synonym
6	121731_6	synonym
6	159675_48	abbreviation
6	112520_11	implication
6	112520_12	implication
6	101480_13	abbreviation
6	135705_18	abbreviation
6	139341_22	implication
6	123655_18	synonym
6	111966_14	abbreviation
6	171123_8	implication
6	171123_9	synonym
6	189667_6	synonym
6	101737_1	implication
6	101737_2	synonym
6	101737_3	synonym
6	154761_2	synonym
6	154761_3	synonym
6	114210_10	implication
6	114210_11	implication
6	143937_1	abbreviation
6	109170_0	abbreviation
6	101480_14	abbreviation
6	121731_8	implication
6	121731_9	synonym
6	140259_4	implication
6	140259_5	implication
6	139433_0	synonym
6	112520_14	synonym
6	176827_11	synonym
6	186363_13	implication
6	186363_14	implication
6	186363_15	implication
6	174736_2	abbreviation
6	109170_1	synonym
6	109170_2	synonym
6	162749_15	synonym
6	114210_13	synonym
6	154245_8	implication
6	145874_15	implication
6	192522_3	synonym
6	140236_11	implication
6	140259_6	implication
6	188241_0	synonym
6	121045_8	synonym
6	121045_9	implication
6	150548_3	synonym
6	139433_2	synonym
6	139433_3	synonym
6	101480_16	abbreviation
6	114980_6	synonym
6	114980_7	synonym
6	193608_0	abbreviation
6	193608_1	synonym
6	193944_2	synonym
6	101737_6	abbreviation
6	109170_4	synonym
6	186363_18	implication
6	128587_8	implication
6	154583_1	synonym
6	188241_1	synonym
6	145013_0	synonym
6	145013_1	abbreviation
6	162749_16	implication
6	121045_10	synonym
6	121045_11	abbreviation
6	121045_12	implication
6	114980_8	implication
6	114980_9	implication
6	154761_8	implication
6	140236_12	implication
6	140236_13	implication
6	141084_17	implication
6	101737_7	synonym
6	115087_1	synonym
6	103677_7	implication
6	103677_8	implication
6	103677_9	synonym
6	101480_18	implication
6	109170_6	synonym
6	109170_7	synonym
6	154583_3	implication
6	154583_4	synonym
6	154583_5	implication
6	168047_1	synonym
6	114980_11	synonym
6	125632_19	implication
6	139433_6	implication
6	114250_11	abbreviation
6	128587_9	synonym
6	141084_18	implication
6	101480_19	implication
6	192522_6	implication
6	142089_2	abbreviation
6	140236_14	synonym
6	168047_3	synonym
6	109170_8	abbreviation
6	109170_9	abbreviation
6	188241_3	synonym
6	188241_4	synonym
6	101737_9	abbreviation
6	101737_10	synonym
6	101737_11	synonym
6	129412_15	synonym
6	129412_16	implication
6	154583_6	implication
6	126242_24	implication
6	103677_10	synonym
6	125632_20	abbreviation
6	125632_21	abbreviation
6	192522_7	abbreviation
6	155638_1	abbreviation
6	154761_11	synonym
6	154761_12	synonym
6	193944_6	synonym
6	174045_2	synonym
6	109170_11	synonym
6	139433_9	synonym
6	193608_6	implication
6	193608_7	synonym
6	169374_7	abbreviation
6	154583_8	implication
6	154583_9	synonym
6	130070_1	synonym
6	120587_2	synonym
6	120587_3	implication
6	129412_17	implication
6	129412_18	implication
6	105017_0	abbreviation
6	143937_9	implication
6	114250_15	implication
6	191244_0	abbreviation
6	115087_5	implication
6	109170_12	implication
6	109170_13	implication
6	125632_22	synonym
6	125632_23	implication
6	109853_0	abbreviation
6	109853_1	abbreviation
6	120587_4	synonym
6	190805_2	synonym
6	190805_3	synonym
6	174736_9	synonym
6	174736_10	implication
6	174045_4	synonym
6	126242_27	implication
6	126242_28	implication
6	114250_16	implication
6	114250_17	implication
6	129412_19	synonym
6	129412_20	synonym
6	143937_12	abbreviation
6	100921_2	synonym
6	130070_5	implication
6	151011_1	synonym
6	151011_2	synonym
6	151011_3	implication
6	176333_1	synonym
6	106327_0	synonym
6	155638_5	implication
6	191244_1	synonym
6	109170_14	implication
6	109170_15	synonym
6	197615_0	synonym
6	188241_9	abbreviation
6	115087_7	synonym
6	100160_3	abbreviation
6	192522_10	implication
6	130070_6	implication
6	130070_7	synonym
6	191244_3	abbreviation
6	191244_4	synonym
6	114250_19	synonym
6	155638_6	implication
6	155638_7	implication
6	168047_10	synonym
6	101480_25	synonym
6	109170_17	implication
6	176333_4	implication
6	143937_13	abbreviation
6	105017_4	abbreviation
6	126756_3	synonym
6	134857_5	synonym
6	188241_11	synonym
6	197615_2	synonym
6	109853_5	implication
6	178126_0	abbreviation
6	176333_5	synonym
6	176333_6	synonym
6	114250_20	synonym
6	120587_10	synonym
6	194596_0	synonym
6	194596_1	synonym
6	151011_8	implication
6	125632_27	implication
6	166203_0	synonym
6	166203_1	synonym
6	197615_3	implication
6	104701_2	synonym
6	104701_3	synonym
6	114639_0	synonym
6	114639_1	synonym
6	194596_3	synonym
6	127126_1	synonym
6	190805_9	synonym
6	150548_13	implication
6	187790_0	synonym
6	107357_1	abbreviation
6	107357_2	abbreviation
6	109853_7	implication
6	109853_9	abbreviation
6	176333_7	implication
6	176333_8	synonym
6	176333_9	implication
6	159904_1	abbreviation
6	125632_28	synonym
6	125632_29	synonym
6	184450_0	synonym
6	172461_0	synonym
6	134823_3	abbreviation
6	114639_2	synonym
6	188241_14	implication
6	188241_15	implication
6	145308_3	synonym
6	194596_4	implication
6	192522_13	synonym
6	174045_13	synonym
6	174045_14	implication
6	106482_1	synonym
6	193944_14	implication
6	106327_4	abbreviation
6	178126_5	abbreviation
6	159504_0	abbreviation
6	172461_2	implication
6	191244_13	abbreviation
6	195655_2	implication
6	125632_30	abbreviation
6	134823_4	synonym
6	112777_1	synonym
6	147686_1	synonym
6	147686_2	synonym
6	192522_14	implication
6	145076_0	synonym
6	125755_0	abbreviation
6	118218_0	abbreviation
6	166203_7	implication
6	166203_8	implication
6	107357_6	implication
6	151614_2	synonym
6	188241_16	synonym
6	100160_12	hyponym
6	184450_4	synonym
6	109878_0	abbreviation
6	106327_6	synonym
6	106327_7	abbreviation
6	112777_2	synonym
6	125632_32	synonym
6	106482_4	synonym
6	106482_5	implication
6	194596_8	synonym
6	174045_15	implication
6	174045_16	synonym
6	178322_5	synonym
6	125755_2	abbreviation
6	159904_8	synonym
6	105017_11	hyponym
6	104434_1	synonym
6	103063_0	synonym
6	103063_1	implication
6	176232_1	synonym
6	100160_14	synonym
6	100160_15	implication
6	107357_7	implication
6	107357_8	implication
6	106482_6	synonym
6	106482_7	synonym
6	184450_5	synonym
6	106327_8	implication
6	106327_9	implication
6	174045_17	synonym
6	194596_10	synonym
6	145076_1	synonym
6	112777_4	implication
6	112777_5	implication
6	118218_3	abbreviation
6	104434_2	synonym
6	159904_9	synonym
6	172461_6	synonym
6	100160_16	implication
6	100160_17	synonym
6	107357_9	abbreviation
6	145308_8	synonym
6	145308_9	implication
6	103063_4	synonym
6	187790_5	implication
6	195655_5	implication
6	104831_2	synonym
6	184450_7	synonym
6	134823_8	hyponym
6	115865_1	synonym
6	197615_10	synonym
6	197615_11	implication
6	160867_0	synonym
6	160867_1	synonym
6	147686_8	implication
6	181269_0	abbreviation
6	124764_0	abbreviation
6	172591_0	synonym
6	159904_12	abbreviation
6	109878_4	abbreviation
6	125755_7	abbreviation
6	187941_1	implication
6	112777_6	implication
6	112777_7	implication
6	145308_10	synonym
6	124764_1	abbreviation
6	178322_10	abbreviation
6	114639_12	implication
6	114639_13	implication
6	127126_12	abbreviation
6	179472_0	synonym
6	179472_1	synonym
6	179472_2	synonym
6	136175_0	abbreviation
6	179998_0	abbreviation
6	151614_6	hyponym
6	183737_3	abbreviation
6	159504_5	synonym
6	172591_1	synonym
6	147686_9	implication
6	118659_0	synonym
6	118659_1	synonym
6	178126_15	hyponym
6	197615_12	synonym
6	197615_13	implication
6	187941_3	abbreviation
6	125755_9	implication
6	193756_4	abbreviation
6	193756_5	synonym
6	159138_5	implication
6	178322_12	implication
6	114639_14	synonym
6	114639_15	synonym
6	112777_8	synonym
6	136175_2	abbreviation
6	115865_7	synonym
6	115865_8	implication
6	181269_2	implication
6	181269_3	implication
6	172591_4	synonym
6	184450_11	implication
6	184450_12	synonym
6	172461_11	implication
6	172461_12	synonym
6	145076_7	synonym
6	180121_0	abbreviation
6	180121_1	abbreviation
6	140282_1	synonym
6	140282_2	implication
6	160867_7	implication
6	159504_6	implication
6	178126_17	abbreviation
6	136086_0	synonym
6	159138_6	synonym
6	179472_3	synonym
6	150313_4	abbreviation
6	178112_0	abbreviation
6	180121_5	synonym
6	187941_7	implication
6	181269_5	abbreviation
6	104831_7	abbreviation
6	104831_8	implication
6	180121_6	implication
6	180121_7	abbreviation
6	189534_2	synonym
6	136086_1	synonym
6	136086_2	abbreviation
6	184450_13	synonym
6	180884_0	implication
6	180884_1	synonym
6	170654_0	abbreviation
6	170654_1	implication
6	172461_13	synonym
6	172461_14	implication
6	134823_13	synonym
6	172591_7	synonym
6	172591_8	synonym
6	104434_12	implication
6	104434_13	synonym
6	187941_8	implication
6	157329_9	synonym
6	151614_10	synonym
6	151614_11	implication
6	118659_6	implication
6	118659_7	implication
6	178112_1	abbreviation
6	134823_14	synonym
6	109878_12	abbreviation
6	184450_15	implication
6	184450_16	implication
6	104434_14	implication
6	104434_15	implication
6	140282_7	implication
6	140282_8	synonym
6	105017_21	implication
6	105017_22	implication
6	178322_15	synonym
6	178322_16	implication
6	178322_17	implication
6	195655_11	synonym
6	192151_3	abbreviation
6	172461_15	synonym
6	154332_3	implication
6	189534_3	abbreviation
6	187941_10	implication
6	136175_8	abbreviation
6	180884_7	implication
6	179472_9	synonym
6	179472_10	synonym
6	179472_11	abbreviation
6	179472_12	synonym
6	137106_3	synonym
6	195994_0	abbreviation
6	195994_1	synonym
6	178112_3	implication
6	178112_4	implication
6	170654_2	synonym
6	179998_7	implication
6	179998_8	implication
6	145076_13	synonym
6	184450_18	implication
6	136086_5	synonym
6	136086_7	synonym
6	104434_16	synonym
6	179996_13	implication
6	192975_1	abbreviation
6	159504_10	synonym
6	105017_24	implication
6	142197_0	synonym
6	178112_5	implication
6	145076_14	synonym
6	145076_15	abbreviation
6	109878_16	synonym
6	183737_10	abbreviation
6	137106_4	synonym
6	136175_9	abbreviation
6	136175_10	synonym
6	195655_13	implication
6	139485_2	synonym
6	192975_2	abbreviation
6	179998_9	implication
6	179998_10	abbreviation
6	179472_13	synonym
6	179472_14	synonym
6	179472_15	synonym
6	179472_16	implication
6	142372_0	abbreviation
6	154332_5	implication
6	154332_6	implication
6	176801_1	synonym
6	176801_2	implication
6	136086_8	implication
6	136086_9	implication
6	136086_10	synonym
6	127915_0	synonym
6	127915_1	synonym
6	193756_14	implication
6	128251_0	abbreviation
6	128251_1	abbreviation
6	118218_12	abbreviation
6	183737_12	implication
6	195655_14	implication
6	145076_16	abbreviation
6	145076_17	abbreviation
6	129998_0	synonym
6	192975_7	synonym
6	170654_6	abbreviation
6	170654_7	abbreviation
6	142372_2	abbreviation
6	142372_3	synonym
6	122828_4	implication
6	128251_2	abbreviation
6	128251_3	abbreviation
6	136086_11	synonym
6	136175_11	synonym
6	136175_12	abbreviation
6	178126_25	synonym
6	160997_6	synonym
6	142197_1	synonym
6	142197_2	abbreviation
6	159504_13	implication
6	159468_0	abbreviation
6	159468_1	abbreviation
6	177846_1	synonym
6	117505_0	synonym
6	117505_2	synonym
6	170654_8	synonym
6	145076_19	implication
6	192975_9	implication
6	192975_10	implication
6	129998_2	synonym
6	189534_10	implication
6	128251_5	implication
6	128251_6	implication
6	178126_27	implication
6	109878_21	implication
6	109878_22	implication
6	145076_20	implication
6	145076_21	synonym
6	195628_1	synonym
6	198930_1	synonym
6	117505_3	implication
6	117505_4	synonym
6	192151_11	implication
6	178126_28	synonym
6	150313_17	synonym
6	150313_18	synonym
6	150313_19	implication
6	109878_23	implication
6	145076_22	implication
6	145076_23	synonym
6	136175_14	synonym
6	136175_15	synonym
6	129051_1	synonym
6	170654_11	abbreviation
6	192151_12	implication
6	179937_2	synonym
6	189534_14	implication
6	195628_3	implication
6	198930_3	implication
6	145076_25	synonym
6	109878_26	implication
6	159504_17	implication
6	125101_1	implication
6	129998_6	abbreviation
6	129998_7	synonym
6	176801_11	implication
6	118218_17	implication
6	177846_10	implication
6	112313_0	abbreviation
6	179937_4	implication
6	194111_1	synonym
6	129051_7	implication
6	125101_2	synonym
6	170654_17	abbreviation
6	136175_17	implication
6	129998_8	synonym
6	129998_9	implication
6	178126_32	implication
6	188772_0	abbreviation
6	171203_0	abbreviation
6	141582_2	synonym
6	141582_3	synonym
6	155684_3	synonym
6	155684_4	synonym
6	133325_0	synonym
6	133325_1	synonym
6	129051_8	synonym
6	159480_0	synonym
6	177846_11	implication
6	170654_18	implication
6	179104_2	implication
6	179104_3	synonym
6	176801_16	implication
6	118218_20	implication
6	129998_10	synonym
6	129998_11	implication
6	141582_4	synonym
6	136175_19	synonym
6	112313_3	abbreviation
6	160997_14	synonym
6	170654_19	implication
6	170654_20	synonym
6	159480_1	implication
6	159480_3	implication
6	188772_3	synonym
6	188772_4	synonym
6	118218_21	implication
6	142372_17	abbreviation
6	129998_12	synonym
6	129998_13	synonym
6	118218_22	implication
6	151192_1	synonym
6	190272_1	synonym
6	170654_21	synonym
6	141582_9	synonym
6	119691_2	synonym
6	158711_0	synonym
6	176801_19	implication
6	176801_20	implication
6	137091_0	abbreviation
6	198930_11	implication
6	198930_12	synonym
6	141520_0	synonym
6	142372_18	implication
6	142372_19	implication
6	151192_2	synonym
6	112313_6	implication
6	188772_7	abbreviation
6	171393_6	synonym
6	141520_1	synonym
6	160997_18	implication
6	176801_21	synonym
6	158711_2	synonym
6	118218_25	implication
6	112313_7	synonym
6	188772_9	abbreviation
6	188772_10	abbreviation
6	106794_2	synonym
6	106794_3	synonym
6	112313_8	abbreviation
6	194111_11	implication
6	118218_26	implication
6	188772_11	implication
6	188772_12	synonym
6	194111_12	synonym
6	194111_13	synonym
6	137091_5	synonym
6	151192_8	synonym
6	155684_15	synonym
6	119691_10	implication
6	106794_6	synonym
6	160997_21	implication
6	151192_10	implication
6	151192_11	implication
6	188772_14	implication
6	189423_1	abbreviation
6	128140_2	synonym
6	141520_12	implication
6	151192_12	synonym
6	189423_3	synonym
6	155684_18	implication
6	155684_19	implication
6	165510_0	synonym
6	138286_1	abbreviation
6	187378_0	synonym
6	171913_0	abbreviation
6	160997_24	abbreviation
6	141520_13	implication
6	141520_14	implication
6	189423_6	implication
6	113644_1	synonym
6	112313_13	synonym
6	130510_0	abbreviation
6	130510_1	synonym
6	165510_2	synonym
6	165510_3	synonym
6	160997_25	implication
6	171393_13	hyponym
6	137091_12	synonym
6	165510_6	synonym
6	187378_2	implication
6	152105_2	abbreviation
6	152105_3	synonym
6	112313_15	abbreviation
6	171913_3	implication
6	193575_13	implication
6	112313_16	synonym
6	147345_0	synonym
6	147345_1	synonym
6	193575_14	synonym
6	189423_12	implication
6	171913_5	implication
6	113644_10	implication
6	113644_11	implication
6	187378_5	abbreviation
6	193575_16	implication
6	118475_0	implication
6	118475_1	synonym
6	187378_6	implication
6	112313_19	implication
6	112313_20	implication
6	134208_1	synonym
6	134208_2	synonym
6	112313_21	implication
6	136424_4	synonym
6	136424_5	synonym
6	152105_10	implication
6	140402_2	synonym
6	118475_6	implication
6	118475_8	implication
6	128140_10	implication
6	140402_3	synonym
6	125325_3	abbreviation
6	196459_0	abbreviation
6	196459_1	implication
6	140402_6	implication
6	134208_10	synonym
6	134208_11	implication
6	128140_12	synonym
6	134208_12	implication
6	134208_13	synonym
6	171393_23	synonym
6	114425_1	synonym
6	140402_12	implication
6	114425_3	synonym
6	114425_4	synonym
6	161844_0	abbreviation
6	161844_1	abbreviation
6	161844_2	synonym
6	114425_5	synonym
6	114425_8	synonym
6	114425_12	abbreviation
6	116820_3	abbreviation
7	149073_41	implication
7	103881_15	hyponym
7	159509_5	implication
7	159509_6	synonym
7	117505_9	synonym
7	138286_2	abbreviation
7	138286_4	implication
7	184450_20	hyponym
7	114177_6	synonym
7	111318_6	hyponym
7	111318_7	synonym
7	180546_0	hyponym
7	179225_0	implication
7	149073_42	implication
7	127915_6	implication
7	127915_7	synonym
7	180884_8	hyponym
7	180884_9	implication
7	180884_10	implication
7	128251_8	implication
7	133855_14	synonym
7	137438_1	implication
7	137438_2	synonym
7	118475_9	implication
7	144659_8	abbreviation
7	136049_7	implication
7	136049_8	implication
7	159509_9	implication
7	171913_11	synonym
7	131974_0	hyponym
7	114177_9	implication
7	144659_9	abbreviation
7	149073_43	abbreviation
7	140402_16	implication
7	161844_9	hyponym
7	138286_6	implication
7	128251_9	hyponym
7	136049_9	synonym
7	136049_10	synonym
7	127915_8	synonym
7	127915_9	implication
7	137438_3	hyponym
7	137438_4	hyponym
7	184214_5	synonym
7	111318_9	hyponym
7	133855_15	abbreviation
7	159509_10	implication
7	136424_18	implication
7	179225_1	hyponym
7	106794_17	hyponym
7	106794_18	synonym
7	161844_11	implication
7	144659_11	implication
7	180884_11	implication
7	180884_12	hyponym
7	191144_8	implication
7	145699_29	implication
7	140402_17	hyponym
7	140402_18	hyponym
7	171913_12	hyponym
7	171913_13	implication
7	136424_20	hyponym
7	136049_11	implication
7	125325_9	implication
7	197871_14	hyponym
7	137438_5	implication
7	180546_4	hyponym
7	114177_10	implication
7	114177_11	implication
7	138286_9	hyponym
7	126623_0	abbreviation
7	144659_12	implication
7	171393_30	synonym
7	127915_10	hyponym
7	127915_11	synonym
7	187378_16	synonym
7	117505_16	hyponym
7	184788_1	hyponym
7	177351_0	synonym
7	136424_21	hyponym
7	163153_0	hyponym
7	131974_3	synonym
7	190272_10	hyponym
7	126623_1	hyponym
7	138286_11	implication
7	138286_12	hyponym
7	138286_13	hyponym
7	168309_4	synonym
7	168309_5	implication
7	137438_8	implication
7	106794_21	implication
7	106794_22	implication
7	159253_1	synonym
7	187648_0	abbreviation
7	187378_17	hyponym
7	171913_14	synonym
7	122903_15	hyponym
7	125325_10	synonym
7	131974_4	abbreviation
7	117505_18	implication
7	144659_14	hyponym
7	184788_2	synonym
7	191144_11	implication
7	167773_2	hyponym
7	157640_25	implication
7	187648_1	abbreviation
7	136424_24	synonym
7	138286_14	hyponym
7	138286_15	implication
7	179225_6	hyponym
7	130230_0	abbreviation
7	131974_5	synonym
7	116955_0	hyponym
7	163153_2	synonym
7	137438_9	synonym
7	137438_10	implication
7	150402_1	hyponym
7	180546_9	hyponym
7	125325_11	synonym
7	106794_23	implication
7	129685_2	hyponym
7	155984_0	abbreviation
7	157640_26	implication
7	130230_1	synonym
7	177351_2	abbreviation
7	196052_3	implication
7	133855_21	hyponym
7	133855_22	abbreviation
7	124864_3	implication
7	124864_4	hyponym
7	149203_0	hyponym
7	187378_19	hyponym
7	136424_25	implication
7	137438_11	synonym
7	137438_12	hyponym
7	130230_2	synonym
7	138286_17	hyponym
7	162525_0	hyponym
7	116955_2	hyponym
7	159253_6	implication
7	177351_4	implication
7	129685_4	hyponym
7	187648_6	abbreviation
7	180546_11	hyponym
7	167773_4	synonym
7	150588_3	hyponym
7	179225_8	hyponym
7	162525_1	synonym
7	124864_6	abbreviation
7	155984_3	abbreviation
7	171971_1	synonym
7	157685_1	synonym
7	157301_17	implication
7	157301_18	synonym
7	126623_5	hyponym
7	126623_6	implication
7	138678_33	hyponym
7	187378_20	synonym
7	149203_1	synonym
7	106794_28	implication
7	179225_9	hyponym
7	130230_3	hyponym
7	137438_13	synonym
7	137438_14	implication
7	129685_6	synonym
7	120849_0	synonym
7	120849_1	hyponym
7	157301_19	implication
7	187648_8	implication
7	168309_11	synonym
7	124864_7	implication
7	150588_5	implication
7	150982_0	implication
7	122903_20	implication
7	157685_2	hyponym
7	157685_3	hyponym
7	155984_5	hyponym
7	144722_0	synonym
7	171971_3	synonym
7	197871_23	implication
7	149203_3	hyponym
7	168309_13	hyponym
7	150402_6	abbreviation
7	120849_3	synonym
7	138678_34	synonym
7	137438_15	implication
7	137438_16	implication
7	177351_8	synonym
7	150982_1	synonym
7	150982_2	synonym
7	129685_7	implication
7	184788_8	hyponym
7	187378_22	synonym
7	122903_22	hyponym
7	149203_5	implication
7	144722_1	hyponym
7	157685_4	synonym
7	168309_14	hyponym
7	168309_15	hyponym
7	187648_12	implication
7	137438_17	implication
7	137438_18	synonym
7	171971_4	synonym
7	163153_8	synonym
7	184214_17	hyponym
7	183308_6	implication
7	150402_7	synonym
7	150402_8	implication
7	194360_1	hyponym
7	103369_0	synonym
7	103369_1	synonym
7	130230_6	synonym
7	122903_24	hyponym
7	122903_25	implication
7	162525_6	synonym
7	134719_2	synonym
7	163153_9	synonym
7	179225_13	implication
7	184214_18	synonym
7	187916_0	synonym
7	194360_2	synonym
7	183308_8	implication
7	165227_1	hyponym
7	131974_12	abbreviation
7	126623_12	synonym
7	171393_37	synonym
7	137438_19	synonym
7	150588_9	implication
7	130230_7	synonym
7	187378_25	hyponym
7	150402_10	abbreviation
7	168309_16	hyponym
7	168309_17	implication
7	179225_14	synonym
7	157301_24	implication
7	184541_0	hyponym
7	194360_3	implication
7	122903_26	implication
7	184945_0	hyponym
7	184945_1	hyponym
7	149203_7	hyponym
7	161722_3	synonym
7	165227_2	hyponym
7	103369_2	synonym
7	150982_7	implication
7	150982_8	synonym
7	116955_10	hyponym
7	116955_11	implication
7	150588_10	implication
7	137438_21	implication
7	184214_19	hyponym
7	162348_0	hyponym
7	187378_26	hyponym
7	144722_5	synonym
7	144722_6	synonym
7	144722_7	synonym
7	187916_2	synonym
7	184788_12	hyponym
7	171971_9	hyponym
7	177351_13	abbreviation
7	182073_3	hyponym
7	182073_4	synonym
7	163153_11	hyponym
7	162525_8	hyponym
7	183308_9	implication
7	150982_9	synonym
7	150982_10	hyponym
7	150588_11	hyponym
7	126623_13	synonym
7	165227_4	synonym
7	165227_5	hyponym
7	184945_3	synonym
7	157301_25	implication
7	162348_1	implication
7	149203_9	hyponym
7	149203_10	implication
7	184788_13	hyponym
7	161722_6	hyponym
7	194360_5	implication
7	171971_10	hyponym
7	171971_11	hyponym
7	163153_12	abbreviation
7	103369_4	hyponym
7	103369_5	implication
7	190532_5	hyponym
7	126623_16	implication
7	183308_11	synonym
7	183308_12	hyponym
7	155984_12	synonym
7	150982_11	synonym
7	116955_12	implication
7	116955_13	synonym
7	177351_14	hyponym
7	197459_4	synonym
7	120849_8	hyponym
7	103369_6	hyponym
7	180546_20	hyponym
7	184945_5	hyponym
7	184945_6	synonym
7	184945_7	hyponym
7	157685_11	synonym
7	157685_12	synonym
7	165227_6	synonym
7	165227_7	abbreviation
7	147969_1	hyponym
7	171971_13	hyponym
7	163153_14	hyponym
7	134831_7	implication
7	134831_8	implication
7	162348_3	hyponym
7	162348_4	hyponym
7	162348_5	hyponym
7	183308_13	hyponym
7	183308_14	implication
7	157301_26	hyponym
7	150402_14	abbreviation
7	176077_3	implication
7	103369_7	synonym
7	155984_13	synonym
7	116955_15	implication
7	177622_1	synonym
7	177622_2	implication
7	126623_17	hyponym
7	130451_0	implication
7	183308_15	hyponym
7	165227_8	implication
7	127864_0	implication
7	127864_1	implication
7	184541_6	hyponym
7	184541_7	hyponym
7	155984_15	implication
7	180546_21	hyponym
7	184358_8	implication
7	157685_14	implication
7	147969_3	implication
7	194360_8	hyponym
7	162348_6	implication
7	176077_6	implication
7	184945_8	abbreviation
7	184945_9	abbreviation
7	173656_1	hyponym
7	144722_13	implication
7	130230_13	hyponym
7	171971_15	implication
7	127864_4	hyponym
7	197459_8	hyponym
7	197459_9	implication
7	174786_0	implication
7	134831_9	implication
7	120889_0	implication
7	184541_8	synonym
7	183308_17	implication
7	183308_18	implication
7	184788_17	hyponym
7	187916_6	synonym
7	103369_8	hyponym
7	103369_9	hyponym
7	165227_10	implication
7	165227_11	implication
7	150402_16	implication
7	150402_17	synonym
7	131974_19	hyponym
7	176077_9	hyponym
7	155984_17	implication
7	130230_14	implication
7	110998_0	synonym
7	120889_1	hyponym
7	149203_15	implication
7	149203_16	hyponym
7	184541_11	implication
7	163321_0	hyponym
7	163321_1	synonym
7	147575_0	abbreviation
7	173656_3	abbreviation
7	162348_10	hyponym
7	157685_17	implication
7	197459_10	implication
7	197459_11	hyponym
7	197459_12	hyponym
7	165227_12	hyponym
7	165227_13	hyponym
7	127864_6	implication
7	194360_10	implication
7	120889_2	synonym
7	131974_21	implication
7	184541_13	abbreviation
7	147969_6	implication
7	150588_18	synonym
7	130230_15	implication
7	125626_0	hyponym
7	110998_2	hyponym
7	177622_7	synonym
7	147575_2	abbreviation
7	183308_19	synonym
7	106887_2	hyponym
7	157685_18	implication
7	157685_19	implication
7	130230_16	synonym
7	120889_3	synonym
7	179440_0	synonym
7	179440_1	hyponym
7	179440_2	abbreviation
7	162348_11	implication
7	162348_12	implication
7	186314_1	implication
7	194360_11	implication
7	131974_22	implication
7	163321_2	hyponym
7	163321_4	implication
7	184358_13	hyponym
7	184358_14	hyponym
7	184358_15	hyponym
7	184541_14	hyponym
7	150588_19	synonym
7	165227_14	synonym
7	163153_20	hyponym
7	147969_7	hyponym
7	125626_1	hyponym
7	125626_2	synonym
7	176077_12	implication
7	177351_22	implication
7	184945_13	hyponym
7	184945_15	synonym
7	163153_21	synonym
7	173656_7	abbreviation
7	183308_22	implication
7	174786_4	hyponym
7	149203_17	synonym
7	184541_17	synonym
7	150588_20	implication
7	130451_7	synonym
7	162348_13	implication
7	162348_14	hyponym
7	179440_3	implication
7	179440_4	hyponym
7	107354_0	synonym
7	130230_18	hyponym
7	103369_13	implication
7	183972_6	hyponym
7	146452_1	hyponym
7	184358_16	implication
7	184358_17	hyponym
7	165227_16	synonym
7	147575_4	implication
7	194360_13	hyponym
7	194155_0	hyponym
7	187916_11	abbreviation
7	129255_0	implication
7	184945_17	abbreviation
7	184945_18	abbreviation
7	177622_11	synonym
7	177622_12	hyponym
7	147969_10	hyponym
7	147575_5	synonym
7	162348_15	hyponym
7	162348_16	hyponym
7	190532_15	hyponym
7	186314_6	implication
7	157685_23	implication
7	102015_0	hyponym
7	150588_22	implication
7	194155_2	hyponym
7	163153_22	implication
7	130451_8	synonym
7	130451_9	hyponym
7	179440_6	synonym
7	179440_7	implication
7	179440_8	hyponym
7	173656_8	implication
7	130230_19	hyponym
7	194275_0	hyponym
7	194275_1	hyponym
7	131974_25	hyponym
7	194360_14	hyponym
7	190242_0	synonym
7	129255_1	synonym
7	129255_2	implication
7	129255_3	synonym
7	174786_7	implication
7	163153_24	implication
7	134719_13	implication
7	184945_19	synonym
7	184945_20	synonym
7	184945_21	hyponym
7	162348_18	hyponym
7	162348_19	hyponym
7	183308_23	implication
7	146452_2	implication
7	147969_11	synonym
7	147969_12	hyponym
7	102931_2	hyponym
7	125626_4	abbreviation
7	179440_9	implication
7	179440_10	hyponym
7	179440_11	hyponym
7	190242_1	synonym
7	106887_9	hyponym
7	106887_10	hyponym
7	194275_2	implication
7	102015_1	implication
7	102015_2	implication
7	194155_3	hyponym
7	194155_4	hyponym
7	177622_13	synonym
7	177622_14	abbreviation
7	150588_24	hyponym
7	177125_0	hyponym
7	177125_1	hyponym
7	176617_8	hyponym
7	110998_10	synonym
7	146958_0	hyponym
7	199008_0	synonym
7	186314_9	implication
7	184541_20	implication
7	107354_3	abbreviation
7	129255_5	synonym
7	129255_6	hyponym
7	120889_9	hyponym
7	147969_13	synonym
7	106887_11	implication
7	106887_12	abbreviation
7	190242_3	synonym
7	163321_12	implication
7	163321_13	implication
7	179440_12	abbreviation
7	179440_13	synonym
7	147575_9	implication
7	130451_10	implication
7	130451_11	implication
7	102931_3	implication
7	176617_9	hyponym
7	176617_10	implication
7	129255_7	hyponym
7	129255_8	implication
7	129255_9	implication
7	184945_22	hyponym
7	184945_23	implication
7	184945_24	hyponym
7	184541_22	implication
7	184541_23	hyponym
7	183972_11	implication
7	115024_12	hyponym
7	115024_13	implication
7	149436_3	synonym
7	106887_13	hyponym
7	151543_11	implication
7	151543_12	hyponym
7	120889_10	hyponym
7	149452_4	implication
7	120849_24	synonym
7	194275_6	hyponym
7	130451_12	implication
7	130451_13	hyponym
7	108558_1	hyponym
7	124673_0	hyponym
7	124673_1	hyponym
7	102015_4	implication
7	102015_5	synonym
7	102015_6	synonym
7	146958_3	synonym
7	115024_15	implication
7	176617_11	implication
7	176617_12	hyponym
7	179440_15	synonym
7	179440_16	synonym
7	179440_17	implication
7	179440_18	implication
7	147575_10	implication
7	147575_11	implication
7	120889_11	synonym
7	151543_13	synonym
7	151543_14	implication
7	129255_10	hyponym
7	183308_28	implication
7	146582_0	abbreviation
7	130451_14	implication
7	184945_25	hyponym
7	184945_26	implication
7	184541_25	implication
7	120849_25	implication
7	120849_26	implication
7	194155_8	hyponym
7	174786_9	implication
7	125626_7	implication
7	125626_8	implication
7	194275_7	implication
7	194275_8	hyponym
7	178961_3	synonym
7	177622_19	implication
7	112474_1	hyponym
7	146582_3	abbreviation
7	115024_16	implication
7	108558_2	hyponym
7	169173_0	hyponym
7	151543_15	implication
7	151543_16	hyponym
7	151543_17	hyponym
7	187916_19	hyponym
7	179440_19	implication
7	179440_20	hyponym
7	179440_21	synonym
7	124673_3	hyponym
7	144518_0	synonym
7	144518_1	hyponym
7	163321_15	hyponym
7	102015_7	implication
7	102015_8	hyponym
7	102015_9	synonym
7	190242_6	implication
7	118265_0	implication
7	118265_2	synonym
7	149452_8	implication
7	120849_27	hyponym
7	194155_9	hyponym
7	194155_10	synonym
7	142413_4	synonym
7	133219_0	hyponym
7	112474_3	hyponym
7	177125_9	synonym
7	194275_9	implication
7	125626_9	synonym
7	125626_10	hyponym
7	136671_0	abbreviation
7	120889_13	synonym
7	146452_7	synonym
7	146452_8	synonym
7	171305_1	implication
7	146958_6	hyponym
7	151543_18	hyponym
7	151543_19	hyponym
7	151543_20	synonym
7	199008_6	hyponym
7	179440_22	implication
7	100028_14	hyponym
7	147575_13	hyponym
7	108558_5	hyponym
7	169173_1	synonym
7	169173_2	hyponym
7	163321_17	hyponym
7	128050_0	hyponym
7	118265_3	implication
7	198152_1	synonym
7	125626_11	hyponym
7	125626_12	implication
7	124673_5	implication
7	146452_9	synonym
7	194155_11	synonym
7	194275_10	implication
7	194275_11	hyponym
7	147969_19	implication
7	102931_11	synonym
7	174786_12	implication
7	136671_2	hyponym
7	177125_10	synonym
7	171305_2	synonym
7	100028_16	implication
7	100028_17	hyponym
7	149436_9	abbreviation
7	149436_10	hyponym
7	146582_7	hyponym
7	169173_4	hyponym
7	169173_5	implication
7	125626_13	abbreviation
7	125626_14	abbreviation
7	108558_6	implication
7	146958_8	synonym
7	163321_21	hyponym
7	163321_22	implication
7	147502_2	synonym
7	190242_9	implication
7	151543_21	implication
7	133219_2	synonym
7	133219_3	hyponym
7	124673_8	synonym
7	124673_9	implication
7	124673_10	hyponym
7	146452_10	synonym
7	107354_9	hyponym
7	120889_15	implication
7	136671_4	hyponym
7	149452_12	hyponym
7	149452_13	implication
7	187916_23	implication
7	147969_21	implication
7	177125_14	abbreviation
7	177125_15	abbreviation
7	149436_11	implication
7	190242_10	synonym
7	164280_3	implication
7	198152_3	implication
7	144518_7	hyponym
7	144518_8	implication
7	151526_2	synonym
7	107354_10	synonym
7	100028_18	synonym
7	174786_14	synonym
7	146452_12	synonym
7	194275_14	hyponym
7	190242_11	hyponym
7	164280_6	hyponym
7	125626_15	synonym
7	125626_16	implication
7	149452_15	abbreviation
7	146452_13	hyponym
7	146582_11	abbreviation
7	144518_9	implication
7	163321_23	implication
7	136671_6	synonym
7	146958_11	hyponym
7	120889_17	synonym
7	151526_4	synonym
7	151526_5	synonym
7	190242_12	synonym
7	187916_24	implication
7	190537_0	implication
7	190537_1	implication
7	149436_13	implication
7	151543_25	synonym
7	151543_26	implication
7	147969_23	hyponym
7	147969_24	synonym
7	125626_17	implication
7	125626_18	hyponym
7	128050_3	hyponym
7	128050_4	synonym
7	199008_12	synonym
7	150306_2	hyponym
7	150306_3	synonym
7	144518_11	synonym
7	149452_16	implication
7	112474_14	hyponym
7	114528_0	abbreviation
7	172267_8	hyponym
7	174786_16	hyponym
7	171305_7	hyponym
7	100085_7	hyponym
7	125626_19	hyponym
7	125626_20	implication
7	146582_14	abbreviation
7	142413_10	implication
7	195244_2	synonym
7	102931_19	implication
7	128050_5	synonym
7	128050_6	synonym
7	128247_3	hyponym
7	120889_18	implication
7	147969_26	implication
7	164280_7	implication
7	164280_8	hyponym
7	146452_17	synonym
7	159968_1	hyponym
7	159968_2	synonym
7	178961_10	synonym
7	146958_14	hyponym
7	112474_15	hyponym
7	114528_2	abbreviation
7	149436_16	implication
7	190242_15	implication
7	172267_9	implication
7	151526_8	implication
7	100037_15	abbreviation
7	100037_16	synonym
7	190537_5	implication
7	124621_12	synonym
7	124621_13	hyponym
7	146958_15	hyponym
7	100085_8	synonym
7	146582_17	implication
7	129650_6	synonym
7	129650_7	synonym
7	174786_18	implication
7	151223_3	hyponym
7	195244_5	hyponym
7	195244_6	hyponym
7	147502_7	implication
7	150306_8	abbreviation
7	150306_9	synonym
7	128050_8	hyponym
7	159968_4	hyponym
7	192589_1	abbreviation
7	146958_16	hyponym
7	114528_4	implication
7	190537_6	synonym
7	190242_16	implication
7	176704_0	hyponym
7	176704_2	hyponym
7	174786_19	implication
7	153808_1	abbreviation
7	109935_0	abbreviation
7	129650_8	synonym
7	112474_17	implication
7	185233_4	synonym
7	185233_5	implication
7	187916_27	hyponym
7	100037_17	synonym
7	150306_10	hyponym
7	150306_11	hyponym
7	190242_17	implication
7	198152_9	synonym
7	192589_3	synonym
7	153808_2	hyponym
7	153808_3	implication
7	190537_9	synonym
7	109935_2	hyponym
7	159968_5	synonym
7	159968_6	hyponym
7	102931_23	synonym
7	199568_11	hyponym
7	199568_12	hyponym
7	199568_13	implication
7	187916_29	implication
7	195244_7	implication
7	146582_21	hyponym
7	134964_0	synonym
7	134964_1	implication
7	134964_2	hyponym
7	100085_12	hyponym
7	100085_13	synonym
7	150306_13	hyponym
7	155533_0	hyponym
7	155533_1	synonym
7	136671_14	synonym
7	114528_10	hyponym
7	176704_7	abbreviation
7	190537_10	synonym
7	190537_11	implication
7	134964_3	synonym
7	134964_4	synonym
7	199568_14	abbreviation
7	199568_15	implication
7	159968_7	hyponym
7	159968_8	implication
7	118210_1	hyponym
7	118210_2	hyponym
7	118210_3	synonym
7	185233_7	hyponym
7	119282_0	hyponym
7	119282_1	synonym
7	195244_10	implication
7	146582_22	hyponym
7	192589_5	implication
7	192589_6	implication
7	171305_12	hyponym
7	174786_21	implication
7	128247_12	synonym
7	150306_14	hyponym
7	150306_16	implication
7	155533_3	hyponym
7	114528_11	hyponym
7	114528_13	hyponym
7	107354_18	abbreviation
7	199568_16	hyponym
7	134964_5	hyponym
7	134964_6	synonym
7	109935_7	abbreviation
7	195244_11	implication
7	128050_13	synonym
7	159968_10	implication
7	120257_0	synonym
7	176704_8	hyponym
7	100037_21	implication
7	128247_13	implication
7	119282_3	implication
7	118210_4	synonym
7	118210_5	implication
7	118210_6	implication
7	199568_18	implication
7	120257_2	abbreviation
7	120257_3	abbreviation
7	136671_17	abbreviation
7	195244_14	implication
7	150306_17	abbreviation
7	150306_18	abbreviation
7	171305_15	synonym
7	109935_9	hyponym
7	114528_14	hyponym
7	114528_15	hyponym
7	114528_16	abbreviation
7	169273_1	implication
7	169273_2	implication
7	153808_8	implication
7	153808_9	hyponym
7	152972_2	synonym
7	152972_3	synonym
7	128050_14	synonym
7	128050_15	implication
7	128247_15	hyponym
7	128247_16	synonym
7	119282_5	implication
7	185233_10	synonym
7	178961_16	hyponym
7	100037_24	synonym
7	174786_23	hyponym
7	190502_0	hyponym
7	118210_7	hyponym
7	118210_8	hyponym
7	176704_12	hyponym
7	176704_13	hyponym
7	109935_10	implication
7	147502_15	synonym
7	124621_21	hyponym
7	119282_7	implication
7	114528_17	hyponym
7	120257_4	synonym
7	153808_10	implication
7	100037_25	implication
7	174786_24	synonym
7	152972_5	synonym
7	198152_15	implication
7	180621_0	hyponym
7	180621_1	hyponym
7	128050_16	implication
7	128050_17	implication
7	151223_11	hyponym
7	118210_9	implication
7	118210_10	implication
7	109935_13	implication
7	190502_2	hyponym
7	136671_20	implication
7	107354_22	synonym
7	174786_25	implication
7	153808_13	implication
7	153345_0	hyponym
7	153345_1	implication
7	180621_3	implication
7	128590_0	hyponym
7	128590_1	synonym
7	163165_1	synonym
7	103679_1	hyponym
7	199008_28	implication
7	128050_18	implication
7	165603_0	abbreviation
7	119282_11	implication
7	152972_7	abbreviation
7	109935_15	hyponym
7	198152_17	hyponym
7	150164_1	hyponym
7	107354_23	hyponym
7	153808_15	implication
7	155533_11	implication
7	121091_0	hyponym
7	153345_2	hyponym
7	136373_14	hyponym
7	136373_15	hyponym
7	199008_30	hyponym
7	133339_0	synonym
7	133339_1	hyponym
7	171305_18	hyponym
7	171305_19	hyponym
7	128590_2	synonym
7	128590_3	synonym
7	118210_11	implication
7	118210_13	hyponym
7	128050_19	implication
7	165603_1	synonym
7	121091_1	hyponym
7	152972_8	abbreviation
7	198152_18	hyponym
7	177613_0	synonym
7	155533_12	hyponym
7	155533_13	implication
7	136373_16	hyponym
7	198152_19	implication
7	150164_4	synonym
7	195968_0	abbreviation
7	136671_22	hyponym
7	128590_4	hyponym
7	165603_2	abbreviation
7	131087_0	synonym
7	133242_0	abbreviation
7	121091_5	hyponym
7	107354_26	implication
7	126490_0	abbreviation
7	177613_3	hyponym
7	177613_4	hyponym
7	161086_5	synonym
7	115109_0	hyponym
7	115109_1	hyponym
7	180621_9	hyponym
7	195968_1	abbreviation
7	153345_6	hyponym
7	153345_7	hyponym
7	190502_7	hyponym
7	190502_8	hyponym
7	178961_21	implication
7	143701_1	implication
7	150164_5	hyponym
7	128590_6	hyponym
7	128590_7	synonym
7	198152_20	hyponym
7	171305_22	implication
7	133242_3	abbreviation
7	131087_1	synonym
7	131087_2	synonym
7	120257_14	abbreviation
7	153808_18	hyponym
7	115173_1	hyponym
7	175030_16	hyponym
7	175030_17	synonym
7	153345_8	hyponym
7	153345_9	implication
7	128050_21	hyponym
7	121091_6	implication
7	121091_7	implication
7	126490_2	hyponym
7	126490_3	hyponym
7	143701_3	abbreviation
7	190502_9	implication
7	190502_10	implication
7	180621_10	synonym
7	103679_7	implication
7	165603_3	synonym
7	150164_8	implication
7	198152_21	hyponym
7	131087_3	synonym
7	131087_4	synonym
7	175030_18	synonym
7	175030_19	implication
7	128050_23	implication
7	115173_2	hyponym
7	115173_3	synonym
7	153345_11	implication
7	133339_5	synonym
7	151223_19	implication
7	178961_22	hyponym
7	178961_23	hyponym
7	112133_0	hyponym
7	190502_11	implication
7	103679_8	implication
7	115109_2	abbreviation
7	115109_3	abbreviation
7	133339_6	synonym
7	171473_3	implication
7	136356_1	implication
7	131087_5	synonym
7	131087_6	hyponym
7	175030_20	hyponym
7	177613_9	implication
7	165603_4	synonym
7	171305_25	implication
7	150164_9	implication
7	150164_10	hyponym
7	115173_4	hyponym
7	115173_5	hyponym
7	157809_3	implication
7	128590_10	implication
7	128590_11	implication
7	153345_12	hyponym
7	161086_11	hyponym
7	136356_2	hyponym
7	171305_27	abbreviation
7	120257_20	implication
7	128050_24	implication
7	112133_2	synonym
7	175030_23	implication
7	131087_7	hyponym
7	179480_2	synonym
7	104707_0	synonym
7	104707_1	implication
7	115173_6	synonym
7	150164_11	synonym
7	150164_12	synonym
7	171473_5	synonym
7	133339_7	synonym
7	133339_8	hyponym
7	161086_12	synonym
7	161086_13	synonym
7	177613_11	implication
7	120257_23	implication
7	128590_12	hyponym
7	128590_13	abbreviation
7	195624_2	hyponym
7	104707_2	implication
7	104707_3	abbreviation
7	131087_9	hyponym
7	131087_10	synonym
7	182680_0	implication
7	124788_0	synonym
7	185233_22	implication
7	136373_26	implication
7	136373_27	implication
7	175030_24	implication
7	171305_28	hyponym
7	115173_8	hyponym
7	115173_9	implication
7	120257_24	implication
7	177613_12	synonym
7	128590_15	implication
7	126490_11	abbreviation
7	178922_3	implication
7	167768_0	synonym
7	167768_1	implication
7	180621_19	implication
7	104707_4	synonym
7	104707_5	implication
7	133242_11	hyponym
7	161430_1	hyponym
7	136373_28	hyponym
7	136373_29	implication
7	139341_9	implication
7	120257_26	implication
7	175030_26	hyponym
7	175030_27	implication
7	115173_10	hyponym
7	115173_11	hyponym
7	182680_1	implication
7	182680_2	synonym
7	141292_0	abbreviation
7	141292_1	abbreviation
7	177613_14	implication
7	163165_15	implication
7	161430_4	implication
7	124788_4	synonym
7	180308_1	implication
7	126490_13	implication
7	126490_14	implication
7	180621_20	implication
7	175030_28	hyponym
7	166034_0	abbreviation
7	115173_14	implication
7	157809_11	implication
7	131087_14	synonym
7	141292_2	synonym
7	128590_18	implication
7	128590_19	implication
7	182680_3	synonym
7	182680_4	implication
7	163165_17	hyponym
7	163165_18	implication
7	180308_2	synonym
7	115173_15	implication
7	115173_16	hyponym
7	198152_28	implication
7	136356_8	hyponym
7	131087_15	hyponym
7	185823_5	synonym
7	124788_6	hyponym
7	126242_1	synonym
7	126242_2	synonym
7	177613_16	synonym
7	128795_0	abbreviation
7	128590_20	implication
7	128590_21	synonym
7	113865_9	implication
7	136356_9	hyponym
7	180621_22	hyponym
7	180621_23	hyponym
7	167768_7	synonym
7	178922_9	synonym
7	178922_10	implication
7	198152_29	hyponym
7	172605_4	implication
7	180308_5	hyponym
7	126242_3	synonym
7	163165_19	implication
7	133242_15	hyponym
7	128795_3	hyponym
7	113865_11	implication
7	178922_12	synonym
7	167768_8	synonym
7	167768_9	implication
7	128590_22	hyponym
7	128590_23	hyponym
7	124788_9	synonym
7	161430_8	hyponym
7	133339_15	synonym
7	185823_7	hyponym
7	141292_6	implication
7	157809_15	implication
7	157809_16	implication
7	198152_30	hyponym
7	104707_10	implication
7	104707_11	implication
7	177613_17	implication
7	104841_0	synonym
7	180308_6	implication
7	180308_7	implication
7	120128_7	implication
7	136356_11	implication
7	113865_13	hyponym
7	165603_11	synonym
7	178922_14	abbreviation
7	177082_6	hyponym
7	128795_4	implication
7	128795_5	implication
7	133242_16	synonym
7	133242_17	hyponym
7	167768_10	synonym
7	167768_11	synonym
7	148215_0	hyponym
7	148215_1	implication
7	166034_4	synonym
7	182680_9	implication
7	105861_5	hyponym
7	128590_24	hyponym
7	104841_1	hyponym
7	104841_2	hyponym
7	180308_8	implication
7	180308_9	implication
7	161430_10	implication
7	124788_10	hyponym
7	161473_0	hyponym
7	161473_1	implication
7	161473_2	hyponym
7	157296_7	hyponym
7	112446_3	synonym
7	167768_12	synonym
7	168022_5	hyponym
7	113865_15	implication
7	180621_27	synonym
7	133242_18	implication
7	182680_10	implication
7	155573_7	synonym
7	123655_5	synonym
7	187917_0	hyponym
7	148450_0	synonym
7	172605_7	synonym
7	128795_6	hyponym
7	104707_14	implication
7	104707_15	hyponym
7	168022_7	implication
7	168022_8	hyponym
7	180308_10	implication
7	148215_2	hyponym
7	105861_6	hyponym
7	161430_11	implication
7	161430_12	hyponym
7	161473_3	hyponym
7	161473_4	synonym
7	133242_20	implication
7	124788_12	synonym
7	124788_13	synonym
7	166034_5	hyponym
7	167768_15	implication
7	112446_5	hyponym
7	195624_12	hyponym
7	182680_11	implication
7	136356_15	hyponym
7	180621_28	implication
7	115338_1	hyponym
7	115338_2	hyponym
7	104841_3	synonym
7	104841_4	synonym
7	155573_9	implication
7	155573_10	hyponym
7	195624_13	implication
7	187917_1	synonym
7	187917_2	implication
7	104707_17	hyponym
7	148215_4	hyponym
7	148215_5	hyponym
7	130784_5	implication
7	167768_17	hyponym
7	167768_18	hyponym
7	124788_14	hyponym
7	124788_15	implication
7	133242_21	implication
7	182680_12	synonym
7	182680_13	synonym
7	161473_6	implication
7	104841_5	synonym
7	104841_6	synonym
7	180621_30	implication
7	180621_31	implication
7	172605_10	abbreviation
7	105861_9	implication
7	104707_18	hyponym
7	187917_4	implication
7	125632_4	hyponym
7	155573_12	hyponym
7	128795_10	abbreviation
7	128795_11	abbreviation
7	186363_0	hyponym
7	114210_0	hyponym
7	177082_11	hyponym
7	185823_12	hyponym
7	148450_3	synonym
7	136356_17	implication
7	115338_6	implication
7	115338_7	implication
7	182680_14	implication
7	182680_15	abbreviation
7	148215_7	synonym
7	104707_21	implication
7	104841_7	hyponym
7	104841_8	synonym
7	177082_12	synonym
7	180621_33	hyponym
7	125632_5	hyponym
7	139780_2	hyponym
7	133242_24	implication
7	133242_25	hyponym
7	195624_16	hyponym
7	161473_7	hyponym
7	161473_8	hyponym
7	161473_9	implication
7	186363_1	synonym
7	186363_2	hyponym
7	199726_0	hyponym
7	141084_0	hyponym
7	141084_1	synonym
7	114210_2	hyponym
7	123655_10	synonym
7	104841_9	synonym
7	104841_10	synonym
7	104707_22	implication
7	104707_23	synonym
7	148450_4	synonym
7	191410_0	hyponym
7	128795_14	hyponym
7	180621_34	abbreviation
7	180621_35	hyponym
7	139780_3	synonym
7	139780_4	hyponym
7	139780_5	synonym
7	123655_11	hyponym
7	141084_2	hyponym
7	199726_1	hyponym
7	105861_13	hyponym
7	115338_10	hyponym
7	115338_11	hyponym
7	104841_11	hyponym
7	104841_12	implication
7	177082_14	hyponym
7	186363_3	hyponym
7	186363_5	implication
7	104707_24	hyponym
7	155573_15	implication
7	194649_4	implication
7	191196_2	implication
7	128795_16	implication
7	128795_17	implication
7	182680_18	hyponym
7	182680_19	synonym
7	125632_8	implication
7	114210_3	implication
7	114210_5	hyponym
7	199726_3	hyponym
7	199726_4	hyponym
7	191410_1	synonym
7	191410_3	hyponym
7	114250_0	abbreviation
7	114250_1	abbreviation
7	187917_8	hyponym
7	185551_1	synonym
7	104707_27	implication
7	148215_10	implication
7	148215_11	implication
7	104841_14	synonym
7	157296_18	implication
7	141084_4	hyponym
7	141084_5	synonym
7	177082_15	implication
7	186363_6	synonym
7	186363_7	synonym
7	194649_6	synonym
7	105861_16	hyponym
7	165603_18	implication
7	128795_18	implication
7	128795_19	implication
7	189667_1	implication
7	189667_3	hyponym
7	199726_6	hyponym
7	199726_7	hyponym
7	185551_2	synonym
7	141084_7	hyponym
7	177082_16	implication
7	148215_12	implication
7	148215_13	abbreviation
7	104707_28	implication
7	154245_0	hyponym
7	107340_1	hyponym
7	107340_2	hyponym
7	114250_3	synonym
7	186363_9	hyponym
7	186363_10	hyponym
7	128795_20	hyponym
7	114210_6	hyponym
7	141084_8	synonym
7	141084_9	synonym
7	199726_8	implication
7	173189_0	hyponym
7	104841_17	implication
7	104841_18	hyponym
7	154245_2	hyponym
7	154245_3	hyponym
7	121045_0	synonym
7	148215_14	hyponym
7	148215_15	abbreviation
7	173189_2	synonym
7	128587_2	implication
7	150548_0	synonym
7	191410_6	synonym
7	191410_7	implication
7	105861_20	hyponym
7	140236_9	hyponym
7	121045_2	implication
7	189667_4	implication
7	189667_5	implication
7	114210_9	implication
7	154245_5	hyponym
7	154245_7	implication
7	186363_11	synonym
7	186363_12	implication
7	141084_11	hyponym
7	104841_19	hyponym
7	104841_20	implication
7	185551_7	synonym
7	148215_16	abbreviation
7	148215_17	abbreviation
7	121045_4	hyponym
7	121045_5	hyponym
7	165603_20	implication
7	173189_4	hyponym
7	128587_3	synonym
7	150548_1	synonym
7	139341_22	implication
7	114250_6	implication
7	123655_18	hyponym
7	177082_20	implication
7	154761_2	synonym
7	114210_11	hyponym
7	143937_2	implication
7	104841_21	implication
7	105861_21	implication
7	177082_21	synonym
7	139433_0	hyponym
7	139433_1	synonym
7	141084_12	synonym
7	141084_13	abbreviation
7	185551_8	hyponym
7	185551_9	hyponym
7	150548_2	hyponym
7	148215_18	implication
7	198266_0	hyponym
7	157744_2	hyponym
7	186363_13	implication
7	186363_15	synonym
7	177082_22	hyponym
7	191410_10	synonym
7	184905_2	implication
7	181044_3	implication
7	171327_0	abbreviation
7	166034_15	synonym
7	162749_14	synonym
7	114250_8	hyponym
7	123655_19	hyponym
7	154245_8	implication
7	154245_9	implication
7	154245_10	hyponym
7	107110_6	implication
7	125632_17	hyponym
7	193855_0	hyponym
7	141084_14	implication
7	143937_3	implication
7	179480_23	hyponym
7	140236_10	synonym
7	140236_11	implication
7	157744_3	hyponym
7	157744_4	hyponym
7	198266_1	hyponym
7	198266_2	hyponym
7	121045_8	hyponym
7	177082_23	hyponym
7	150548_3	synonym
7	139433_3	implication
7	193608_0	hyponym
7	193608_1	synonym
7	189762_0	hyponym
7	166034_16	abbreviation
7	185551_10	abbreviation
7	179480_24	hyponym
7	186363_16	synonym
7	186363_17	synonym
7	186363_18	implication
7	128587_8	implication
7	148450_16	hyponym
7	148450_17	synonym
7	193855_1	hyponym
7	193855_2	synonym
7	171327_3	implication
7	114250_9	synonym
7	150548_4	synonym
7	157744_5	implication
7	139433_4	hyponym
7	121045_12	implication
7	198266_4	synonym
7	154761_7	implication
7	140236_12	implication
7	141084_16	abbreviation
7	141084_17	implication
7	165603_23	synonym
7	189762_1	hyponym
7	189762_2	abbreviation
7	189762_3	hyponym
7	105861_25	implication
7	177082_24	implication
7	185551_13	hyponym
7	150548_5	implication
7	150008_1	implication
7	193855_3	hyponym
7	193855_4	implication
7	144298_1	hyponym
7	144298_2	synonym
7	154583_3	implication
7	154583_4	hyponym
7	154583_5	hyponym
7	125632_18	synonym
7	125632_19	synonym
7	139433_7	synonym
7	114250_11	hyponym
7	171327_4	hyponym
7	181044_8	hyponym
7	181044_9	hyponym
7	165603_24	hyponym
7	157744_7	hyponym
7	141084_18	implication
7	198266_6	implication
7	101099_1	hyponym
7	142089_2	hyponym
7	140236_14	hyponym
7	105861_27	hyponym
7	189762_4	hyponym
7	189762_5	implication
7	189762_6	implication
7	154583_6	implication
7	154583_7	implication
7	126242_24	implication
7	107110_12	implication
7	144298_4	abbreviation
7	143937_8	hyponym
7	125632_20	synonym
7	171327_6	implication
7	198266_7	implication
7	150548_7	hyponym
7	155638_1	abbreviation
7	165603_25	synonym
7	181044_11	implication
7	181044_12	implication
7	114250_14	hyponym
7	191025_0	abbreviation
7	157744_11	hyponym
7	150008_8	hyponym
7	140236_16	hyponym
7	107110_13	synonym
7	105861_30	implication
7	193855_8	implication
7	139433_9	hyponym
7	193608_7	implication
7	154583_8	implication
7	154583_9	abbreviation
7	147165_1	hyponym
7	105017_0	hyponym
7	143937_10	implication
7	168047_6	implication
7	114250_15	implication
7	100761_1	implication
7	100761_2	hyponym
7	100761_3	hyponym
7	100761_4	hyponym
7	171327_8	hyponym
7	189762_7	implication
7	165603_26	synonym
7	155638_2	synonym
7	160732_0	synonym
7	107340_12	synonym
7	150548_8	synonym
7	119993_0	hyponym
7	101099_3	hyponym
7	184905_8	hyponym
7	125632_22	synonym
7	193855_9	hyponym
7	191025_1	hyponym
7	191025_3	hyponym
7	100160_0	synonym
7	168047_8	synonym
7	162910_2	hyponym
7	126242_28	implication
7	114250_17	abbreviation
7	157744_16	hyponym
7	198266_12	hyponym
7	143937_11	implication
7	143937_12	abbreviation
7	147165_2	implication
7	147165_3	implication
7	165603_27	hyponym
7	119993_1	abbreviation
7	119993_2	hyponym
7	106327_0	hyponym
7	106327_1	implication
7	100761_5	hyponym
7	100761_6	synonym
7	150008_12	implication
7	150008_13	hyponym
7	160732_1	hyponym
7	160732_2	hyponym
7	160732_3	hyponym
7	150548_9	synonym
7	109853_3	abbreviation
7	114158_1	hyponym
7	114158_3	hyponym
7	166034_22	hyponym
7	100160_3	synonym
7	196411_3	hyponym
7	157744_17	hyponym
7	162910_3	synonym
7	114307_1	abbreviation
7	114250_19	hyponym
7	198266_14	hyponym
7	155638_6	implication
7	104701_0	implication
7	150548_10	synonym
7	151011_4	hyponym
7	151011_6	hyponym
7	171327_12	abbreviation
7	171327_13	abbreviation
7	165603_28	implication
7	150008_14	hyponym
7	119993_3	hyponym
7	119993_4	synonym
7	106327_2	implication
7	176333_3	hyponym
7	176333_4	implication
7	144298_9	implication
7	144298_10	implication
7	143937_13	hyponym
7	143937_14	implication
7	105017_4	hyponym
7	157744_19	hyponym
7	193855_11	implication
7	114158_4	hyponym
7	150548_11	implication
7	147165_4	implication
7	100268_1	hyponym
7	109853_5	abbreviation
7	109853_6	implication
7	160732_4	synonym
7	160732_5	synonym
7	160732_6	hyponym
7	176333_5	hyponym
7	176333_6	hyponym
7	114307_4	hyponym
7	114307_5	implication
7	198266_15	hyponym
7	114250_20	hyponym
7	159904_0	hyponym
7	162987_1	hyponym
7	100160_4	abbreviation
7	100160_5	abbreviation
7	119993_5	implication
7	119993_6	hyponym
7	105017_6	synonym
7	151011_8	implication
7	151011_9	hyponym
7	165603_29	synonym
7	150548_12	synonym
7	144298_11	hyponym
7	187205_2	hyponym
7	187205_3	hyponym
7	104701_2	hyponym
7	104701_3	implication
7	104701_4	implication
7	193855_13	implication
7	166034_24	implication
7	100268_2	implication
7	196411_9	implication
7	100160_6	synonym
7	100160_7	synonym
7	162987_2	implication
7	195655_0	hyponym
7	150548_13	synonym
7	160732_7	hyponym
7	160732_8	implication
7	114307_7	implication
7	114250_23	hyponym
7	193855_15	hyponym
7	193855_16	hyponym
7	109853_7	implication
7	109853_9	abbreviation
7	176333_7	hyponym
7	176333_8	hyponym
7	159904_1	hyponym
7	165603_30	synonym
7	125632_28	implication
7	166034_25	implication
7	100160_9	hyponym
7	162910_10	hyponym
7	179996_0	abbreviation
7	149111_1	hyponym
7	114158_9	hyponym
7	114158_10	synonym
7	198266_18	implication
7	149073_23	hyponym
7	166203_5	hyponym
7	119993_9	synonym
7	119993_10	hyponym
7	120538_4	synonym
7	106327_4	hyponym
7	159904_4	hyponym
7	165603_31	implication
7	184450_1	hyponym
7	195655_2	hyponym
7	149073_24	synonym
7	149111_2	hyponym
7	104701_7	hyponym
7	104701_8	hyponym
7	198266_19	implication
7	198266_20	implication
7	119993_11	hyponym
7	119993_12	hyponym
7	114158_11	implication
7	118218_0	abbreviation
7	195655_3	hyponym
7	166203_6	hyponym
7	166203_7	implication
7	159904_5	implication
7	159904_6	hyponym
7	171327_21	hyponym
7	120538_5	synonym
7	100160_12	hyponym
7	184450_3	hyponym
7	184450_4	hyponym
7	109878_0	hyponym
7	106327_7	hyponym
7	193855_17	hyponym
7	145699_1	synonym
7	107340_22	synonym
7	114158_15	hyponym
7	104701_9	implication
7	198266_21	hyponym
7	198266_22	implication
7	119993_14	implication
7	195655_4	synonym
7	103063_0	hyponym
7	176232_1	synonym
7	100160_15	implication
7	179480_35	implication
7	101099_9	hyponym
7	106327_8	implication
7	106327_9	implication
7	147165_14	hyponym
7	147165_15	implication
7	145699_2	implication
7	144298_19	hyponym
7	144298_20	synonym
7	109878_1	synonym
7	120538_7	synonym
7	120538_8	synonym
7	118218_3	hyponym
7	166034_29	hyponym
7	119993_15	implication
7	119993_16	implication
7	171327_24	hyponym
7	171327_25	hyponym
7	176232_3	hyponym
7	176232_4	hyponym
7	114158_16	implication
7	114158_17	hyponym
7	100160_17	hyponym
7	174744_2	implication
7	174744_3	implication
7	179480_36	synonym
7	103063_4	hyponym
7	195655_5	synonym
7	105017_13	implication
7	105017_14	synonym
7	111318_0	implication
7	111318_1	synonym
7	183737_1	synonym
7	144298_21	hyponym
7	144298_22	hyponym
7	171327_26	implication
7	171327_27	hyponym
7	119993_17	hyponym
7	119993_18	hyponym
7	104434_4	synonym
7	188125_0	abbreviation
7	149073_29	synonym
7	159904_11	implication
7	159904_12	synonym
7	109878_3	implication
7	109878_4	hyponym
7	162528_1	synonym
7	103359_2	hyponym
7	149111_5	synonym
7	195655_6	hyponym
7	179996_5	abbreviation
7	176232_5	synonym
7	176232_6	hyponym
7	176232_7	implication
7	103063_5	hyponym
7	111318_2	implication
7	179998_0	hyponym
7	171327_28	hyponym
7	171327_29	implication
7	144298_23	synonym
7	183737_3	implication
7	119993_19	hyponym
7	119993_20	implication
7	137342_0	abbreviation
7	162987_10	hyponym
7	160867_2	implication
7	160867_4	implication
7	111318_5	synonym
7	187941_3	hyponym
7	118218_5	synonym
7	109878_5	hyponym
7	150313_1	implication
7	150313_2	implication
7	162528_3	synonym
7	108084_21	implication
7	179996_7	hyponym
7	165603_36	synonym
7	174744_8	implication
7	118218_6	implication
7	179998_1	synonym
7	160867_5	synonym
7	188125_5	synonym
7	188125_6	hyponym
7	144298_25	implication
7	162981_0	abbreviation
7	157301_0	abbreviation
7	157301_1	hyponym
7	109878_7	synonym
7	109878_8	hyponym
7	162987_13	implication
7	191144_1	synonym
7	118218_7	implication
7	158768_0	hyponym
7	150313_3	implication
7	179998_3	hyponym
7	174744_9	implication
7	174744_10	hyponym
7	174744_11	synonym
7	162981_1	hyponym
7	137342_4	implication
7	137342_5	implication
7	137342_6	implication
7	179996_8	synonym
7	184450_14	hyponym
7	109878_9	hyponym
7	109878_10	hyponym
7	195655_10	synonym
7	149073_34	hyponym
7	136049_0	synonym
7	136049_1	synonym
7	144298_28	implication
7	157301_2	synonym
7	157301_3	synonym
7	188125_7	hyponym
7	162987_15	hyponym
7	104434_13	hyponym
7	187941_8	implication
7	187941_9	implication
7	141036_3	synonym
7	179998_6	hyponym
7	149073_35	hyponym
7	109878_11	hyponym
7	109878_12	abbreviation
7	137342_8	implication
7	137342_9	abbreviation
7	104434_15	implication
7	180884_4	implication
7	180884_5	synonym
7	105017_21	hyponym
7	105017_22	implication
7	174744_12	implication
7	174744_13	hyponym
7	174744_14	implication
7	145699_8	synonym
7	136049_2	implication
7	136049_3	hyponym
7	144298_29	hyponym
7	158768_3	hyponym
7	179996_11	implication
7	187941_11	implication
7	180884_6	hyponym
7	180884_7	hyponym
7	125316_2	implication
7	179998_7	implication
7	101099_16	implication
7	141036_7	synonym
7	192498_9	hyponym
7	184450_19	hyponym
7	104434_16	hyponym
7	157640_0	abbreviation
7	149111_14	synonym
7	179996_13	implication
7	192975_1	hyponym
7	162981_3	abbreviation
7	136049_4	synonym
7	136049_5	synonym
7	136049_6	implication
7	183737_8	synonym
7	183737_9	hyponym
7	129501_2	hyponym
7	149073_36	hyponym
7	105017_24	implication
7	187941_12	implication
7	149111_15	hyponym
7	158768_4	implication
7	141036_9	synonym
7	118218_11	hyponym
7	138678_0	hyponym
7	195655_13	implication
7	179998_9	implication
7	179998_10	hyponym
7	179998_11	abbreviation
7	176801_1	hyponym
7	176801_2	synonym
7	127915_0	synonym
7	127915_1	synonym
7	141036_10	hyponym
7	141036_11	hyponym
7	157640_2	implication
7	118218_12	hyponym
7	171027_3	hyponym
7	109878_18	hyponym
7	183737_11	hyponym
7	114177_0	hyponym
7	138678_1	synonym
7	158768_7	synonym
7	179998_12	abbreviation
7	141996_0	synonym
7	141996_1	synonym
7	192975_6	abbreviation
7	118218_13	hyponym
7	157640_3	synonym
7	105017_27	hyponym
7	109878_19	hyponym
7	138678_2	abbreviation
7	195655_15	hyponym
7	141996_3	hyponym
7	127915_5	implication
7	141036_12	implication
7	141036_14	implication
7	168943_0	synonym
7	117505_0	hyponym
7	118218_14	synonym
7	197871_7	synonym
7	197871_9	synonym
7	114177_2	implication
7	114177_3	implication
7	192975_9	implication
7	192975_10	implication
7	158768_8	implication
7	158768_9	hyponym
7	157640_4	abbreviation
7	129998_2	abbreviation
7	176801_6	synonym
7	114177_4	implication
7	114177_5	implication
7	128251_4	hyponym
7	128251_5	hyponym
7	128251_6	implication
7	150313_15	hyponym
7	150313_16	synonym
7	125316_8	hyponym
7	125316_9	synonym
7	149111_20	implication
7	154649_3	synonym
7	154649_4	hyponym
7	138376_7	hyponym
7	141036_15	abbreviation
7	195628_1	hyponym
7	158768_10	hyponym
7	198930_0	hyponym
7	198930_1	hyponym
7	150313_18	hyponym
7	150313_19	implication
7	168943_1	synonym
7	168943_2	implication
7	109878_23	implication
7	136175_15	implication
7	198930_2	implication
7	154649_6	hyponym
7	157640_6	synonym
7	117505_5	synonym
7	117505_6	hyponym
7	103881_9	implication
7	176801_10	synonym
7	195628_3	implication
7	195628_4	implication
7	117505_8	hyponym
7	150313_20	hyponym
7	150313_21	hyponym
7	109878_26	implication
7	149111_23	implication
7	157640_7	synonym
7	108084_37	implication
7	192498_16	abbreviation
7	141996_8	implication
7	141996_9	hyponym
7	129998_7	hyponym
7	176801_11	synonym
7	176801_12	implication
7	125316_15	hyponym
7	154649_9	hyponym
7	154649_10	implication
7	198930_5	hyponym
7	150313_23	synonym
7	150313_24	implication
7	150313_25	hyponym
7	103881_12	implication
7	103881_13	implication
7	176801_13	synonym
7	176801_14	synonym
7	168605_1	synonym
7	192498_17	synonym
7	168943_3	synonym
7	136175_17	implication
7	129998_8	synonym
7	112313_1	synonym
7	125316_16	hyponym
7	125316_17	synonym
7	137438_0	hyponym
7	171027_13	hyponym
7	145699_20	hyponym
7	159434_0	abbreviation
7	188772_2	synonym
7	176801_16	hyponym
7	168605_3	hyponym
7	168605_4	synonym
7	168943_6	implication
7	133855_0	hyponym
7	112313_3	implication
7	188772_3	hyponym
7	184214_3	hyponym
7	158768_20	implication
7	119691_0	hyponym
7	168605_5	synonym
7	168605_6	synonym
7	176801_17	hyponym
7	145699_22	hyponym
7	198930_9	hyponym
7	198930_10	implication
7	129998_12	implication
7	168943_8	synonym
7	118218_22	implication
7	157640_13	abbreviation
7	141996_17	implication
7	133855_1	abbreviation
7	133855_2	synonym
7	119691_1	synonym
7	119691_2	implication
7	118218_23	hyponym
7	125316_23	hyponym
7	168605_7	synonym
7	176801_19	implication
7	176801_20	implication
7	198930_11	implication
7	198930_12	hyponym
7	168943_9	synonym
7	168943_10	implication
7	138678_11	implication
7	188772_8	hyponym
7	171393_6	synonym
7	145699_24	implication
7	135016_0	synonym
7	119691_3	hyponym
7	125316_25	hyponym
7	106794_0	hyponym
7	106794_1	hyponym
7	157640_15	hyponym
7	122903_5	implication
7	122903_6	synonym
7	168605_10	hyponym
7	176801_21	hyponym
7	138678_12	synonym
7	171027_18	abbreviation
7	119691_5	synonym
7	119691_6	synonym
7	145699_26	implication
7	106794_2	implication
7	157640_16	synonym
7	168943_12	implication
7	112313_8	abbreviation
7	159434_8	hyponym
7	159434_9	implication
7	118218_26	implication
7	168605_12	synonym
7	135016_2	implication
7	119691_7	synonym
7	119691_8	hyponym
7	122903_7	implication
7	188772_12	implication
7	157640_17	synonym
7	138678_13	implication
7	192498_24	implication
7	112313_9	synonym
7	168943_14	implication
7	168605_13	implication
7	192498_25	synonym
7	135016_4	hyponym
7	135016_6	synonym
7	119691_9	implication
7	119691_10	implication
7	138678_14	implication
7	168943_15	hyponym
7	159894_8	synonym
7	192498_26	synonym
7	112313_10	abbreviation
7	128140_1	implication
7	159434_10	implication
7	159434_11	implication
7	119691_11	implication
7	119691_12	hyponym
7	106794_8	synonym
7	106794_9	synonym
7	112313_11	hyponym
7	159509_0	hyponym
7	159509_1	hyponym
7	159434_12	implication
7	168943_16	implication
7	159509_3	implication
7	159509_4	hyponym
7	119691_13	implication
7	106794_10	synonym
7	112313_12	implication
7	138286_0	hyponym
7	138286_1	hyponym
7	135016_12	hyponym
7	135016_13	synonym
7	112313_13	synonym
7	138678_17	hyponym
7	159894_11	synonym
7	112313_15	hyponym
7	138678_19	synonym
7	187378_3	synonym
7	112313_16	synonym
7	138678_20	implication
7	138678_21	synonym
7	136424_0	hyponym
7	136424_1	synonym
7	187378_6	synonym
7	128140_8	hyponym
7	136424_2	hyponym
7	187378_7	synonym
7	118475_2	synonym
7	140402_0	synonym
7	112313_21	hyponym
7	128140_9	hyponym
7	136424_4	hyponym
7	136424_5	synonym
7	159894_15	implication
7	140402_2	implication
7	112313_22	hyponym
7	118475_5	hyponym
7	118475_6	implication
7	118475_8	implication
7	128140_10	implication
7	187378_10	hyponym
7	187378_11	hyponym
7	140402_3	hyponym
7	136424_6	implication
7	159894_17	hyponym
7	128140_12	implication
7	159894_18	hyponym
7	128140_13	hyponym
7	128140_14	hyponym
7	136424_12	hyponym
7	136424_13	synonym
7	144659_2	hyponym
7	104082_0	hyponym
7	140402_12	implication
7	144659_5	implication
7	161844_0	hyponym
7	161844_1	abbreviation
7	161844_4	hyponym
7	116820_0	abbreviation
7	116820_2	synonym
7	116820_4	synonym
7	116820_9	hyponym
7	116820_10	hyponym
8	149073_41	implication
8	125101_9	implication
8	147345_2	synonym
8	147345_3	implication
8	111318_6	abbreviation
8	134027_5	synonym
8	134027_6	implication
8	145699_27	synonym
8	128251_8	implication
8	145132_1	string
8	134027_7	synonym
8	134027_8	implication
8	171913_10	implication
8	171913_11	implication
8	125101_11	synonym
8	125101_12	implication
8	128251_9	abbreviation
8	127915_8	synonym
8	105694_13	abbreviation
8	187378_14	implication
8	134027_9	abbreviation
8	134027_10	synonym
8	153866_0	implication
8	137441_0	hyponym
8	137441_1	synonym
8	147345_7	implication
8	117293_1	abbreviation
8	150857_12	implication
8	171913_12	implication
8	134027_11	implication
8	134027_12	implication
8	176996_0	abbreviation
8	153866_2	implication
8	153866_3	implication
8	147345_8	synonym
8	137441_2	synonym
8	176996_1	abbreviation
8	134027_14	implication
8	153866_6	implication
8	171913_15	implication
8	117293_2	abbreviation
8	125101_17	abbreviation
8	147345_10	abbreviation
8	147345_11	implication
8	147345_12	synonym
8	117293_3	abbreviation
8	134027_15	implication
8	134027_16	implication
8	153866_7	implication
8	153866_8	implication
8	150402_0	synonym
8	150402_1	implication
8	147345_13	implication
8	137441_7	implication
8	137441_8	synonym
8	176996_3	abbreviation
8	134027_17	synonym
8	134027_18	synonym
8	126812_0	implication
8	183308_0	implication
8	137441_9	abbreviation
8	137441_10	synonym
8	137441_11	implication
8	134027_19	synonym
8	134027_20	implication
8	153866_12	implication
8	150402_4	implication
8	183308_1	implication
8	176996_6	implication
8	126812_1	implication
8	126812_2	implication
8	126812_3	synonym
8	137441_12	implication
8	137441_13	implication
8	150402_6	abbreviation
8	134719_0	implication
8	176996_7	synonym
8	183308_3	implication
8	187378_22	synonym
8	126812_5	hyponym
8	126812_6	implication
8	134719_1	implication
8	137441_14	synonym
8	137441_15	synonym
8	183308_6	implication
8	150402_8	synonym
8	134719_2	implication
8	126812_7	implication
8	126812_8	implication
8	187378_25	synonym
8	150402_10	abbreviation
8	162348_0	abbreviation
8	134719_4	abbreviation
8	126812_11	implication
8	126812_12	implication
8	150402_11	synonym
8	150402_13	synonym
8	176996_13	abbreviation
8	177622_0	abbreviation
8	162348_3	implication
8	162348_4	abbreviation
8	176996_14	abbreviation
8	183308_13	synonym
8	126812_13	abbreviation
8	126812_14	implication
8	130655_0	synonym
8	177622_1	synonym
8	177622_2	synonym
8	130451_0	synonym
8	134719_8	synonym
8	130655_1	implication
8	117293_14	synonym
8	177622_3	abbreviation
8	177622_4	implication
8	150402_16	implication
8	117293_15	implication
8	115024_1	implication
8	130451_1	synonym
8	130451_2	synonym
8	177622_6	implication
8	176996_16	synonym
8	130655_3	synonym
8	162213_0	hyponym
8	142533_9	hyponym
8	142533_10	synonym
8	117293_16	implication
8	162348_9	implication
8	162348_10	implication
8	130655_4	synonym
8	162213_1	synonym
8	115024_2	implication
8	177622_7	implication
8	117293_17	implication
8	130451_4	implication
8	130451_5	hyponym
8	162213_2	implication
8	162348_11	implication
8	158827_0	synonym
8	142533_14	hyponym
8	149436_0	synonym
8	177622_9	implication
8	177622_10	implication
8	130451_6	synonym
8	130451_7	implication
8	119124_0	implication
8	194155_0	synonym
8	130655_7	implication
8	177622_11	synonym
8	177622_12	synonym
8	162213_5	synonym
8	194155_1	synonym
8	194155_2	implication
8	119124_1	synonym
8	119124_2	synonym
8	130451_8	implication
8	158827_1	synonym
8	158827_2	synonym
8	165857_0	synonym
8	162213_6	synonym
8	190242_0	synonym
8	190242_1	synonym
8	162213_7	synonym
8	178961_0	implication
8	158827_4	implication
8	158827_5	implication
8	149436_1	synonym
8	165857_1	synonym
8	165857_2	implication
8	165857_3	synonym
8	190242_2	abbreviation
8	177622_16	synonym
8	130451_10	implication
8	130451_11	implication
8	165857_4	synonym
8	165857_5	synonym
8	165857_6	implication
8	119124_7	implication
8	119124_8	synonym
8	119124_9	implication
8	162213_9	synonym
8	115024_13	implication
8	149436_4	synonym
8	162213_10	hyponym
8	119124_10	synonym
8	119124_12	synonym
8	130451_12	implication
8	130451_13	abbreviation
8	178961_2	implication
8	194155_6	implication
8	177622_17	implication
8	115024_14	implication
8	158827_7	abbreviation
8	158827_8	implication
8	183308_27	implication
8	162213_11	implication
8	165857_8	implication
8	190242_5	implication
8	194155_8	implication
8	119124_13	synonym
8	119124_14	implication
8	119124_15	implication
8	178961_3	synonym
8	177622_19	implication
8	177622_20	synonym
8	149436_6	implication
8	162213_13	synonym
8	190242_6	implication
8	194155_9	hyponym
8	158827_11	implication
8	158827_12	implication
8	120938_0	synonym
8	119124_16	implication
8	119124_17	synonym
8	119124_18	synonym
8	117293_27	synonym
8	178961_4	implication
8	149436_8	synonym
8	162213_14	abbreviation
8	158827_14	implication
8	119124_19	synonym
8	120938_1	implication
8	120938_3	implication
8	190242_9	synonym
8	120938_4	synonym
8	190242_10	implication
8	178961_7	implication
8	190242_11	implication
8	149436_12	implication
8	190242_12	synonym
8	117293_32	implication
8	149436_14	synonym
8	149436_15	synonym
8	162213_19	implication
8	117293_33	implication
8	178961_10	implication
8	162213_20	implication
8	190242_15	implication
8	162213_21	abbreviation
8	178961_11	synonym
8	162213_22	synonym
8	196148_4	abbreviation
8	196880_0	abbreviation
8	193189_0	implication
8	178961_12	synonym
8	190242_17	implication
8	136373_3	synonym
8	190242_18	synonym
8	178961_13	implication
8	193189_1	synonym
8	196880_1	synonym
8	196880_2	synonym
8	175030_0	synonym
8	175030_1	abbreviation
8	136373_4	synonym
8	136373_5	implication
8	117293_37	synonym
8	190242_19	synonym
8	196148_7	implication
8	190242_20	implication
8	117293_38	synonym
8	196880_5	synonym
8	196880_6	synonym
8	175030_2	synonym
8	175030_3	hyponym
8	193189_7	synonym
8	167488_0	implication
8	113469_2	implication
8	196880_7	synonym
8	196880_8	implication
8	136373_9	implication
8	175030_4	hyponym
8	193189_10	implication
8	190242_22	implication
8	113469_4	implication
8	115471_0	implication
8	136373_11	implication
8	196880_10	abbreviation
8	196880_11	synonym
8	196880_12	abbreviation
8	193189_11	implication
8	193189_12	implication
8	115471_1	synonym
8	115471_2	hyponym
8	163165_0	synonym
8	163165_1	synonym
8	136373_12	implication
8	175030_9	implication
8	196880_14	implication
8	178961_19	implication
8	196880_16	synonym
8	196880_17	implication
8	175030_10	implication
8	175030_11	synonym
8	165603_1	synonym
8	136373_16	synonym
8	175030_12	implication
8	175030_13	hyponym
8	196880_19	implication
8	115471_5	implication
8	115471_6	implication
8	175030_14	synonym
8	175030_15	implication
8	115471_7	implication
8	115471_8	implication
8	136373_18	implication
8	131087_1	implication
8	131087_2	synonym
8	185811_4	implication
8	175030_17	synonym
8	115471_9	synonym
8	115471_10	hyponym
8	136373_20	abbreviation
8	131087_4	implication
8	180691_1	hyponym
8	185811_6	implication
8	112133_0	synonym
8	115471_11	synonym
8	115471_12	implication
8	162798_0	implication
8	162798_1	synonym
8	131087_5	implication
8	175030_20	abbreviation
8	112133_1	implication
8	180691_2	implication
8	121743_0	synonym
8	195624_0	synonym
8	157008_0	synonym
8	157008_1	synonym
8	112133_2	synonym
8	131087_8	synonym
8	162798_3	implication
8	115471_14	implication
8	121743_1	synonym
8	121743_2	implication
8	180691_4	implication
8	178961_24	abbreviation
8	112133_3	implication
8	157008_2	implication
8	195779_0	hyponym
8	195779_1	implication
8	185811_10	implication
8	195624_1	synonym
8	115471_15	implication
8	115471_16	synonym
8	146094_2	hyponym
8	146094_3	abbreviation
8	165603_6	synonym
8	112133_4	implication
8	175030_24	synonym
8	175030_25	synonym
8	157008_4	implication
8	157008_5	synonym
8	121743_3	implication
8	121743_4	synonym
8	121743_5	implication
8	146094_4	synonym
8	146094_5	abbreviation
8	167768_0	synonym
8	136373_29	implication
8	175030_26	synonym
8	115471_17	synonym
8	115471_18	implication
8	162798_7	synonym
8	112133_5	implication
8	157008_6	synonym
8	157008_7	synonym
8	121743_7	implication
8	163165_15	implication
8	112133_6	string
8	195624_5	implication
8	195624_6	synonym
8	179642_1	implication
8	175030_28	synonym
8	175030_29	synonym
8	131087_14	abbreviation
8	157008_8	synonym
8	157008_9	synonym
8	162798_8	implication
8	162798_9	implication
8	167768_4	implication
8	121743_11	implication
8	163165_17	hyponym
8	163165_18	implication
8	146094_8	hyponym
8	146094_9	hyponym
8	131087_15	synonym
8	196148_26	implication
8	179642_2	abbreviation
8	167768_7	synonym
8	157008_10	synonym
8	157008_11	implication
8	163165_19	implication
8	167768_8	implication
8	167768_9	synonym
8	162798_10	string
8	162798_11	synonym
8	152273_1	implication
8	152273_2	implication
8	167768_10	synonym
8	152273_3	implication
8	162798_12	synonym
8	162798_13	synonym
8	167768_12	synonym
8	179642_8	implication
8	162798_14	implication
8	162798_15	synonym
8	152273_6	synonym
8	152273_7	synonym
8	195624_10	synonym
8	195624_11	implication
8	115338_0	implication
8	167768_15	implication
8	100966_0	implication
8	162798_16	implication
8	162798_17	abbreviation
8	152273_8	synonym
8	115338_1	synonym
8	115338_2	implication
8	162798_18	implication
8	179642_12	implication
8	167768_16	implication
8	167768_17	synonym
8	167768_18	synonym
8	100966_1	synonym
8	100966_2	implication
8	162798_19	implication
8	162798_20	synonym
8	179642_13	implication
8	179642_14	implication
8	152273_12	string
8	195624_15	implication
8	115338_5	synonym
8	115338_6	implication
8	115338_7	synonym
8	167768_19	synonym
8	167768_20	synonym
8	162798_21	synonym
8	162798_22	synonym
8	152273_14	implication
8	100966_6	implication
8	115338_8	synonym
8	115338_9	synonym
8	162798_23	synonym
8	162798_24	implication
8	162798_25	synonym
8	127488_0	synonym
8	127488_1	implication
8	127488_2	implication
8	115338_11	implication
8	115338_12	hyponym
8	100966_7	hyponym
8	100966_8	implication
8	179642_19	implication
8	179642_20	hyponym
8	115338_13	synonym
8	179642_21	synonym
8	180600_0	implication
8	100966_9	hyponym
8	100966_10	synonym
8	127488_5	implication
8	174072_2	implication
8	174072_3	implication
8	100966_11	implication
8	100966_12	synonym
8	103229_0	abbreviation
8	103229_1	implication
8	173189_0	synonym
8	174072_4	implication
8	174072_5	implication
8	149073_7	implication
8	115692_0	synonym
8	180600_1	implication
8	127488_7	synonym
8	100966_13	implication
8	103229_3	implication
8	115692_3	abbreviation
8	107110_1	synonym
8	180600_5	implication
8	173189_3	synonym
8	139433_0	synonym
8	139433_1	synonym
8	107110_3	synonym
8	174072_11	implication
8	174072_12	implication
8	180600_6	implication
8	115692_4	synonym
8	103229_6	implication
8	103229_7	synonym
8	103229_8	synonym
8	107110_6	implication
8	149073_11	implication
8	188241_0	synonym
8	139433_2	implication
8	115087_0	synonym
8	174072_13	implication
8	174072_15	implication
8	188241_1	synonym
8	188241_2	synonym
8	103229_9	implication
8	139433_5	synonym
8	115692_8	implication
8	174072_16	implication
8	115087_1	string
8	167196_0	implication
8	167196_1	synonym
8	103229_11	implication
8	180600_13	implication
8	180600_14	implication
8	165603_24	synonym
8	177389_1	synonym
8	177389_2	synonym
8	115692_10	implication
8	103229_13	synonym
8	103229_14	synonym
8	167196_2	synonym
8	167196_4	abbreviation
8	164967_0	synonym
8	177389_3	implication
8	115087_4	implication
8	155638_1	implication
8	165603_25	implication
8	188241_5	implication
8	107110_14	synonym
8	139433_9	synonym
8	174072_23	implication
8	174072_24	implication
8	164967_1	synonym
8	115087_6	implication
8	155638_2	synonym
8	155638_3	synonym
8	167196_7	implication
8	114158_0	implication
8	107110_16	synonym
8	188241_6	implication
8	188241_7	implication
8	162910_1	synonym
8	162910_2	synonym
8	115692_13	hyponym
8	155638_4	implication
8	155638_5	abbreviation
8	177389_4	abbreviation
8	164967_4	synonym
8	164967_5	implication
8	188241_8	synonym
8	188241_9	synonym
8	115087_7	synonym
8	114158_1	synonym
8	114158_2	synonym
8	114158_3	implication
8	167196_8	implication
8	167196_9	synonym
8	167196_10	hyponym
8	162910_3	synonym
8	155638_6	implication
8	167088_0	synonym
8	167088_1	synonym
8	177389_6	implication
8	114158_4	synonym
8	114158_5	implication
8	188241_10	synonym
8	188241_11	implication
8	167196_11	implication
8	167196_12	synonym
8	167196_13	synonym
8	164967_6	synonym
8	164967_7	abbreviation
8	155638_8	synonym
8	167088_3	implication
8	177389_7	synonym
8	177389_8	synonym
8	167196_14	implication
8	188241_12	implication
8	162910_8	synonym
8	178322_0	synonym
8	187790_0	implication
8	167088_4	implication
8	114158_6	implication
8	114158_7	synonym
8	177389_9	implication
8	177389_10	abbreviation
8	162910_10	synonym
8	167088_5	implication
8	188241_14	implication
8	188241_15	implication
8	114158_8	synonym
8	114158_9	string
8	115692_19	implication
8	178322_1	hyponym
8	178322_2	synonym
8	165603_31	implication
8	149073_24	synonym
8	177389_11	implication
8	177389_12	implication
8	164967_13	implication
8	164967_14	synonym
8	187790_1	synonym
8	145699_0	synonym
8	178322_3	synonym
8	178322_4	implication
8	115692_21	synonym
8	115692_22	implication
8	188241_16	synonym
8	188241_17	implication
8	145699_1	synonym
8	177389_13	implication
8	177389_14	synonym
8	178322_5	implication
8	178322_6	implication
8	167088_8	implication
8	177389_15	synonym
8	177389_16	implication
8	178322_8	implication
8	114158_16	implication
8	187790_5	synonym
8	145699_3	synonym
8	133608_0	implication
8	177389_17	implication
8	177389_18	implication
8	178322_9	implication
8	178322_10	synonym
8	133608_1	synonym
8	167088_12	implication
8	145699_4	synonym
8	188125_2	synonym
8	188125_3	synonym
8	188125_4	synonym
8	178322_11	synonym
8	178322_12	synonym
8	167088_13	synonym
8	145699_6	implication
8	122578_0	synonym
8	158768_0	synonym
8	178112_0	implication
8	195981_0	implication
8	195981_1	string
8	195981_2	implication
8	188125_7	synonym
8	145699_7	synonym
8	178112_1	abbreviation
8	178112_2	implication
8	195981_3	implication
8	195981_4	implication
8	195981_5	implication
8	145699_8	abbreviation
8	178322_16	implication
8	158768_3	synonym
8	133608_7	synonym
8	122578_1	synonym
8	122578_2	implication
8	133608_8	implication
8	178322_18	synonym
8	178322_19	synonym
8	195981_7	implication
8	122578_4	implication
8	150857_0	hyponym
8	138678_0	synonym
8	145699_11	implication
8	127915_0	synonym
8	127915_1	abbreviation
8	128251_0	implication
8	128251_1	implication
8	160997_4	synonym
8	133608_9	implication
8	160997_5	synonym
8	150857_2	synonym
8	145699_12	synonym
8	158768_7	synonym
8	133608_10	implication
8	127915_2	implication
8	127915_3	synonym
8	128251_3	implication
8	122578_5	implication
8	160997_6	synonym
8	127915_4	synonym
8	133608_11	synonym
8	150857_4	implication
8	122578_7	implication
8	158768_8	implication
8	143763_0	synonym
8	143763_1	synonym
8	143763_2	synonym
8	128251_4	implication
8	128251_6	implication
8	160997_7	synonym
8	133608_12	synonym
8	138678_3	abbreviation
8	150857_5	hyponym
8	143763_4	synonym
8	122578_9	implication
8	138678_4	synonym
8	145699_16	synonym
8	143763_6	implication
8	143763_7	synonym
8	143763_8	implication
8	145699_17	synonym
8	160997_10	implication
8	143763_9	synonym
8	143763_10	synonym
8	143763_11	synonym
8	125101_0	abbreviation
8	125101_1	synonym
8	160997_11	synonym
8	125101_2	abbreviation
8	143763_12	synonym
8	143763_13	synonym
8	143763_14	hyponym
8	133608_18	implication
8	188772_0	abbreviation
8	160997_12	implication
8	133608_19	implication
8	145699_20	synonym
8	188772_1	implication
8	188772_2	implication
8	133608_20	synonym
8	149095_0	synonym
8	145699_21	implication
8	188772_3	synonym
8	158768_20	string
8	158768_21	implication
8	133608_21	implication
8	149095_2	synonym
8	138678_10	implication
8	112313_5	implication
8	160997_16	synonym
8	160997_17	abbreviation
8	188772_7	implication
8	188772_8	synonym
8	145699_24	implication
8	160997_18	synonym
8	112313_7	implication
8	145699_25	implication
8	188772_9	implication
8	160997_19	implication
8	188772_11	implication
8	188772_12	synonym
8	160997_21	implication
8	138678_15	implication
8	188772_13	synonym
8	188772_14	implication
8	134027_0	synonym
8	171913_0	implication
8	160997_24	abbreviation
8	134027_1	synonym
8	105694_1	implication
8	160997_25	implication
8	112313_14	implication
8	171913_2	synonym
8	187378_3	synonym
8	147345_0	hyponym
8	147345_1	synonym
8	105694_5	implication
8	187378_4	synonym
8	112313_18	implication
8	187378_5	abbreviation
8	105694_6	implication
8	187378_6	synonym
8	171913_6	implication
8	171913_7	implication
8	105694_10	abbreviation
8	187378_9	implication
8	187378_10	synonym
8	187378_11	synonym
9	172205_1	implication
9	172205_2	implication
9	172205_3	implication
9	173316_0	implication
9	173316_1	implication
9	173316_2	implication
9	183225_1	synonym
9	173316_3	implication
9	173316_4	implication
9	172205_9	implication
9	172205_10	synonym
9	106310_0	synonym
9	183225_2	implication
9	106310_2	implication
9	106310_3	synonym
9	106310_4	implication
9	106310_5	synonym
9	183225_8	implication
9	183225_9	synonym
9	173316_11	synonym
9	157252_1	implication
9	157252_2	synonym
9	106310_14	implication
9	106310_15	synonym
9	156269_0	synonym
9	156269_2	implication
9	156269_3	synonym
9	157252_10	implication
9	156269_9	synonym
9	157252_12	synonym
9	107554_0	implication
9	107554_2	implication
9	182707_2	synonym
9	182707_3	synonym
9	107554_4	implication
9	107554_8	implication
9	181555_2	implication
9	107554_10	synonym
9	181555_3	implication
9	181555_4	implication
9	181555_5	synonym
9	181555_6	implication
9	181555_7	implication
9	184884_2	synonym
9	163287_1	synonym
9	184884_4	implication
9	177498_0	synonym
9	177498_1	implication
9	184884_5	synonym
9	163287_2	implication
9	163287_3	synonym
9	177498_2	implication
9	177498_3	implication
9	108263_1	implication
9	108263_2	synonym
9	177498_4	synonym
9	177498_5	synonym
9	163287_8	implication
9	163287_9	synonym
9	184884_11	synonym
9	184884_12	synonym
9	108263_6	synonym
9	177498_6	implication
9	181555_19	synonym
9	108263_7	synonym
9	199407_1	implication
9	199407_2	synonym
9	107701_0	synonym
9	107701_1	synonym
9	107701_2	implication
9	177498_11	implication
9	129017_1	implication
9	129017_2	implication
9	199407_3	synonym
9	177498_12	implication
9	107701_3	synonym
9	107701_4	implication
9	107701_5	synonym
9	199407_4	implication
9	129017_3	synonym
9	129017_4	implication
9	107701_6	synonym
9	107701_7	implication
9	107701_8	synonym
9	177498_14	abbreviation
9	129017_7	implication
9	107701_9	implication
9	107701_10	synonym
9	107701_12	synonym
9	129017_11	implication
9	117403_2	implication
9	129017_16	implication
9	117403_3	synonym
9	199407_13	implication
9	129017_18	synonym
9	199407_15	synonym
9	194855_1	implication
9	194855_2	implication
9	117403_12	synonym
9	194855_3	synonym
9	194855_4	synonym
9	151851_1	synonym
9	192791_0	synonym
9	151851_2	synonym
9	151851_3	synonym
9	192791_2	synonym
9	192791_3	synonym
9	112446_0	implication
9	112446_1	synonym
9	192791_4	synonym
9	112446_2	implication
9	151851_4	implication
9	194855_12	synonym
9	192791_8	synonym
9	191702_0	synonym
9	191702_1	synonym
9	191702_2	synonym
9	151851_6	synonym
9	140318_1	synonym
9	140318_2	synonym
9	191702_3	implication
9	191702_4	synonym
9	151851_9	synonym
9	140318_3	synonym
9	140318_4	implication
9	140318_5	implication
9	163301_0	synonym
9	163301_1	synonym
9	163301_2	implication
9	163301_3	implication
9	140318_8	synonym
9	140318_9	implication
9	191702_10	implication
9	191702_12	synonym
9	163301_10	implication
9	140318_12	synonym
9	140318_13	implication
9	163301_13	synonym
9	112446_16	synonym
9	164594_0	implication
9	164594_1	synonym
9	164594_2	synonym
9	164594_3	synonym
9	164594_4	implication
9	164594_6	synonym
9	164594_7	synonym
9	164594_11	synonym
9	172205_0	synonym
9	135858_1	implication
9	116651_0	synonym
9	116651_1	implication
9	135858_2	synonym
9	116651_2	synonym
9	116651_3	synonym
9	135858_6	synonym
9	116651_4	synonym
9	122174_2	implication
9	122174_3	synonym
9	122174_4	synonym
9	122174_5	implication
9	106782_1	synonym
9	106782_2	implication
9	122174_7	implication
9	106782_3	synonym
9	106782_4	synonym
9	116651_15	synonym
9	122174_12	implication
9	106782_6	synonym
9	122174_16	synonym
9	106782_9	synonym
9	106782_10	synonym
10	172205_1	hyponym
10	193095_3	synonym
10	193095_4	synonym
10	173316_0	synonym
10	172205_5	synonym
10	105767_0	synonym
10	173316_1	synonym
10	173316_2	synonym
10	183225_0	synonym
10	183225_1	implication
10	105767_1	synonym
10	105767_2	synonym
10	172205_10	synonym
10	106310_0	synonym
10	106310_1	synonym
10	183225_2	hyponym
10	173316_5	implication
10	173316_6	implication
10	173316_8	hyponym
10	106310_3	synonym
10	105767_8	implication
10	105767_9	hyponym
10	106310_5	implication
10	106310_6	synonym
10	183225_8	synonym
10	173316_11	synonym
10	173316_12	synonym
10	106310_8	implication
10	157252_0	synonym
10	106310_9	synonym
10	184866_0	synonym
10	184866_1	synonym
10	106310_14	synonym
10	157252_3	hyponym
10	157252_4	synonym
10	184866_3	synonym
10	106310_15	synonym
10	157252_5	synonym
10	157252_6	synonym
10	156269_0	synonym
10	156269_1	synonym
10	184866_5	hyponym
10	184866_6	synonym
10	156269_4	implication
10	156269_7	synonym
10	157252_7	synonym
10	170947_0	synonym
10	170947_1	hyponym
10	157252_9	synonym
10	157252_10	synonym
10	156269_9	synonym
10	157252_11	hyponym
10	157252_12	synonym
10	170947_3	implication
10	170947_4	synonym
10	167465_0	synonym
10	167465_1	synonym
10	167465_3	implication
10	129083_0	synonym
10	129083_1	synonym
10	129083_2	synonym
10	112490_0	synonym
10	167465_4	synonym
10	167465_6	synonym
10	167465_7	synonym
10	112490_2	synonym
10	112490_3	implication
10	129083_3	synonym
10	129083_4	implication
10	129083_5	synonym
10	182707_0	synonym
10	107554_0	synonym
10	107554_1	synonym
10	112490_4	hyponym
10	112490_5	implication
10	182707_1	synonym
10	182707_2	synonym
10	129083_6	implication
10	129083_7	synonym
10	182707_4	synonym
10	182707_5	implication
10	107554_8	synonym
10	183590_5	synonym
10	181555_0	synonym
10	181555_1	synonym
10	179499_0	synonym
10	179499_1	synonym
10	182707_8	implication
10	107554_9	synonym
10	107554_10	synonym
10	179499_2	synonym
10	181555_3	synonym
10	179499_4	implication
10	179499_5	synonym
10	182707_9	synonym
10	183590_6	synonym
10	181555_4	synonym
10	181555_5	synonym
10	179499_8	synonym
10	183160_0	synonym
10	183160_1	synonym
10	192013_0	synonym
10	183160_2	synonym
10	183160_3	synonym
10	181555_7	implication
10	179499_9	synonym
10	183160_6	implication
10	192013_1	synonym
10	192013_2	synonym
10	192013_3	synonym
10	181555_10	synonym
10	183160_7	synonym
10	192013_4	implication
10	184884_0	synonym
10	184884_1	synonym
10	184884_2	synonym
10	181555_11	synonym
10	163287_0	synonym
10	163287_1	synonym
10	177498_0	synonym
10	177498_1	synonym
10	184884_5	implication
10	163287_4	synonym
10	108263_0	synonym
10	163287_5	hyponym
10	163287_7	synonym
10	177498_2	synonym
10	177498_3	hyponym
10	108263_1	synonym
10	108263_2	hyponym
10	108263_3	synonym
10	177498_4	synonym
10	181555_16	implication
10	163287_8	synonym
10	163287_9	synonym
10	184884_11	synonym
10	184884_12	hyponym
10	127746_0	synonym
10	108263_4	synonym
10	108263_6	synonym
10	127746_1	synonym
10	127746_3	synonym
10	181555_18	synonym
10	181555_19	synonym
10	177498_8	implication
10	127746_4	synonym
10	153254_0	synonym
10	153254_1	synonym
10	177498_9	synonym
10	108263_7	hyponym
10	199407_0	synonym
10	181555_20	synonym
10	177498_10	synonym
10	127746_7	synonym
10	127746_8	synonym
10	127746_9	synonym
10	153254_2	implication
10	153254_3	synonym
10	199407_1	synonym
10	199407_2	synonym
10	107701_0	hyponym
10	129017_0	synonym
10	129017_2	synonym
10	153254_5	implication
10	153254_6	synonym
10	153254_7	synonym
10	177498_14	synonym
10	134973_0	synonym
10	129017_6	synonym
10	129017_7	synonym
10	153254_10	hyponym
10	153254_11	synonym
10	134973_1	synonym
10	157077_0	synonym
10	199407_9	synonym
10	134973_4	implication
10	157077_1	implication
10	157077_2	hyponym
10	117403_0	synonym
10	199407_10	implication
10	129017_13	implication
10	134973_5	synonym
10	134973_6	synonym
10	199407_12	synonym
10	157077_3	synonym
10	157077_4	synonym
10	157077_5	implication
10	117403_1	synonym
10	117403_2	synonym
10	129017_16	synonym
10	199407_13	synonym
10	199407_14	synonym
10	157077_7	hyponym
10	129017_17	synonym
10	129017_18	synonym
10	117403_6	synonym
10	117403_7	synonym
10	199407_15	synonym
10	168955_0	synonym
10	194855_0	synonym
10	194855_1	implication
10	117403_11	implication
10	117403_12	synonym
10	157077_15	synonym
10	168955_3	implication
10	157077_16	synonym
10	157077_17	implication
10	151851_0	synonym
10	151851_1	synonym
10	157077_18	synonym
10	192791_0	synonym
10	192791_1	implication
10	168955_6	synonym
10	168955_7	hyponym
10	168955_8	synonym
10	106658_0	synonym
10	131455_0	synonym
10	131455_1	hyponym
10	131455_2	synonym
10	151851_2	synonym
10	151851_3	implication
10	106658_2	synonym
10	106658_3	synonym
10	192791_2	synonym
10	192791_3	synonym
10	112446_0	synonym
10	168955_9	synonym
10	106658_4	implication
10	192791_5	synonym
10	106658_6	implication
10	194855_9	implication
10	151851_4	implication
10	192791_6	synonym
10	131455_6	synonym
10	131455_7	implication
10	106658_8	implication
10	106658_9	implication
10	194855_11	synonym
10	194855_12	synonym
10	192791_8	synonym
10	191702_0	synonym
10	191702_1	synonym
10	191702_2	synonym
10	140318_0	synonym
10	140318_1	synonym
10	140318_2	synonym
10	106658_10	synonym
10	106658_11	synonym
10	191702_3	synonym
10	151851_9	synonym
10	112446_7	implication
10	163301_0	synonym
10	163301_1	implication
10	191702_6	synonym
10	163301_4	implication
10	140318_7	synonym
10	191702_10	synonym
10	140318_11	hyponym
10	191702_11	synonym
10	191702_12	synonym
10	119964_0	implication
10	163301_9	synonym
10	140318_12	synonym
10	112446_14	implication
10	190995_0	synonym
10	190995_1	implication
10	163301_11	synonym
10	163301_12	synonym
10	163301_13	synonym
10	119964_4	synonym
10	119964_6	synonym
10	112446_16	synonym
10	112446_17	synonym
10	170449_0	synonym
10	170449_1	implication
10	170449_2	implication
10	190995_3	synonym
10	119964_8	synonym
10	119964_9	synonym
10	170449_5	synonym
10	170449_6	synonym
10	190995_5	synonym
10	171379_0	synonym
10	171379_1	synonym
10	164594_0	synonym
10	164594_1	synonym
10	171379_2	synonym
10	171379_3	synonym
10	171379_4	synonym
10	164594_4	implication
10	164594_5	synonym
10	171379_5	hyponym
10	164594_7	hyponym
10	164594_10	synonym
10	171379_7	synonym
10	171379_8	synonym
10	164594_11	synonym
10	164594_12	synonym
10	126546_0	synonym
10	126546_1	implication
10	183142_0	synonym
10	126546_4	synonym
10	183142_2	synonym
10	183142_4	implication
10	126546_6	synonym
10	126546_7	synonym
10	183142_5	synonym
10	183142_6	synonym
10	183142_7	synonym
10	151561_10	implication
10	151561_11	hyponym
10	172205_0	synonym
10	135858_0	synonym
10	116651_0	synonym
10	116651_1	synonym
10	135858_2	synonym
10	135858_3	synonym
10	116651_2	synonym
10	135858_5	synonym
10	135858_6	synonym
10	100385_0	synonym
10	100385_1	synonym
10	122174_0	synonym
10	116651_4	hyponym
10	118178_0	synonym
10	118178_1	synonym
10	100385_3	synonym
10	118178_2	synonym
10	118178_3	synonym
10	118178_4	synonym
10	118178_5	implication
10	116651_8	synonym
10	116651_11	implication
10	118178_6	synonym
10	193095_0	synonym
10	193095_1	synonym
10	116651_14	synonym
10	116651_15	synonym
10	122174_15	synonym
10	122174_17	synonym
11	176997_18	implication
11	197871_10	synonym
11	134027_5	synonym
11	134027_6	synonym
11	174146_6	synonym
11	127002_11	implication
11	145699_27	synonym
11	148059_4	synonym
11	176997_19	synonym
11	197871_11	implication
11	136049_7	implication
11	136049_8	implication
11	134027_7	synonym
11	150804_4	implication
11	143877_13	implication
11	127002_12	implication
11	145699_28	synonym
11	150857_10	synonym
11	176997_20	implication
11	184214_6	implication
11	134027_10	abbreviation
11	127002_13	implication
11	179225_1	synonym
11	179225_2	synonym
11	148059_7	synonym
11	191788_15	implication
11	145699_29	implication
11	197871_14	synonym
11	148059_8	implication
11	148059_9	implication
11	176997_21	implication
11	174146_10	synonym
11	144659_12	implication
11	165297_1	synonym
11	143877_17	implication
11	143877_18	implication
11	150804_8	implication
11	177550_0	synonym
11	144659_13	implication
11	134027_13	abbreviation
11	134027_14	implication
11	148059_10	hyponym
11	197871_15	synonym
11	165297_3	implication
11	138678_30	implication
11	174146_12	synonym
11	179225_5	implication
11	144659_14	synonym
11	143877_19	synonym
11	143877_20	synonym
11	138678_31	synonym
11	130230_0	synonym
11	134027_15	implication
11	134027_16	implication
11	148059_12	implication
11	123535_2	implication
11	177550_2	implication
11	123535_3	hyponym
11	197871_17	synonym
11	197871_18	synonym
11	143877_21	implication
11	134027_17	synonym
11	127002_17	implication
11	127002_18	implication
11	148059_14	implication
11	184214_11	synonym
11	177550_4	abbreviation
11	174146_15	hyponym
11	174146_16	synonym
11	127002_19	implication
11	134027_19	implication
11	143877_23	synonym
11	197871_21	implication
11	130230_3	synonym
11	127002_20	synonym
11	143877_25	implication
11	174146_18	implication
11	184214_15	implication
11	123535_6	implication
11	127002_21	synonym
11	177550_7	implication
11	138678_34	implication
11	174146_19	implication
11	123535_7	implication
11	118677_0	hyponym
11	118677_1	synonym
11	184214_16	implication
11	184214_17	implication
11	130230_6	implication
11	174146_21	synonym
11	174146_22	implication
11	184214_18	implication
11	197871_26	implication
11	177550_8	synonym
11	118677_3	synonym
11	163816_0	synonym
11	163816_1	implication
11	184214_19	hyponym
11	174146_23	synonym
11	190532_3	synonym
11	187916_2	synonym
11	177550_11	synonym
11	118677_4	synonym
11	134719_3	hyponym
11	163816_2	synonym
11	163816_3	synonym
11	165297_16	implication
11	165297_17	implication
11	103369_5	synonym
11	190532_5	synonym
11	177550_13	implication
11	187916_4	implication
11	163816_4	implication
11	134719_7	synonym
11	190532_7	implication
11	177550_14	implication
11	130230_11	synonym
11	165297_19	implication
11	119502_1	implication
11	187916_5	implication
11	134719_8	synonym
11	126013_2	synonym
11	118677_8	implication
11	118677_9	implication
11	177550_15	implication
11	130230_13	synonym
11	123535_15	implication
11	118677_10	implication
11	174786_0	implication
11	165297_21	synonym
11	123535_16	implication
11	110998_0	synonym
11	162213_0	synonym
11	187916_7	implication
11	174786_1	synonym
11	118677_11	implication
11	118677_12	hyponym
11	103369_10	synonym
11	134719_11	synonym
11	110998_1	synonym
11	110998_2	synonym
11	174786_2	implication
11	147575_1	implication
11	147575_2	synonym
11	187916_8	synonym
11	162213_2	synonym
11	170628_9	synonym
11	118677_13	abbreviation
11	118677_14	abbreviation
11	162213_3	synonym
11	174786_4	synonym
11	130230_18	synonym
11	110998_3	hyponym
11	118677_15	synonym
11	118677_16	implication
11	187916_11	synonym
11	170628_11	implication
11	174786_5	synonym
11	110998_6	synonym
11	110998_7	synonym
11	190532_15	implication
11	130230_19	synonym
11	110998_9	synonym
11	118677_17	implication
11	196558_3	synonym
11	187916_14	synonym
11	199637_5	implication
11	149436_2	synonym
11	110998_11	implication
11	126013_11	synonym
11	146958_0	synonym
11	199008_0	synonym
11	199008_1	implication
11	118677_19	synonym
11	118677_20	hyponym
11	110998_12	implication
11	110998_13	implication
11	149436_4	synonym
11	199008_2	implication
11	199008_3	implication
11	134719_15	synonym
11	162213_10	abbreviation
11	108558_1	synonym
11	196558_7	implication
11	110998_15	implication
11	118677_23	implication
11	196558_9	implication
11	149436_5	synonym
11	199637_13	implication
11	196558_11	synonym
11	136671_0	synonym
11	146582_5	synonym
11	144766_0	synonym
11	110998_16	hyponym
11	110998_17	implication
11	146958_6	synonym
11	199008_6	synonym
11	199008_7	synonym
11	147575_13	synonym
11	147575_14	synonym
11	147502_0	abbreviation
11	146958_7	synonym
11	196558_15	synonym
11	144766_1	implication
11	199008_8	implication
11	149436_10	implication
11	146582_6	synonym
11	146582_7	synonym
11	162213_16	synonym
11	108558_7	implication
11	146958_8	implication
11	174786_13	implication
11	136671_4	synonym
11	187916_23	implication
11	147502_3	implication
11	149436_11	implication
11	146582_9	synonym
11	174786_14	synonym
11	147502_4	abbreviation
11	146582_10	synonym
11	146582_11	synonym
11	199008_11	implication
11	196148_0	implication
11	146958_11	synonym
11	149436_13	implication
11	144766_3	synonym
11	101833_0	synonym
11	151223_1	implication
11	196148_1	synonym
11	144766_4	synonym
11	101833_1	synonym
11	146582_15	synonym
11	199008_14	implication
11	174786_17	synonym
11	196148_2	implication
11	101833_2	synonym
11	149436_16	synonym
11	149436_17	synonym
11	167883_0	synonym
11	162213_20	implication
11	144766_5	implication
11	121925_1	synonym
11	146582_16	synonym
11	101833_3	synonym
11	162213_21	synonym
11	199008_16	abbreviation
11	147502_7	implication
11	144766_6	implication
11	167883_1	synonym
11	196148_4	synonym
11	101833_4	synonym
11	108103_2	synonym
11	146582_19	implication
11	144766_7	synonym
11	151223_4	synonym
11	147502_9	abbreviation
11	146582_20	implication
11	167883_4	synonym
11	196148_6	synonym
11	108103_4	synonym
11	167883_5	synonym
11	199008_20	implication
11	144766_8	synonym
11	146582_22	synonym
11	121925_5	synonym
11	174786_21	implication
11	108103_5	synonym
11	147502_12	synonym
11	188206_0	synonym
11	101833_8	implication
11	199008_23	synonym
11	199008_24	synonym
11	147502_14	synonym
11	101833_9	implication
11	108103_8	implication
11	174786_23	synonym
11	188206_4	synonym
11	146582_29	implication
11	144766_11	synonym
11	167883_10	synonym
11	199008_26	implication
11	101833_10	synonym
11	108103_9	implication
11	188206_6	implication
11	188206_7	implication
11	167883_13	synonym
11	108103_12	synonym
11	121925_12	implication
11	103679_1	synonym
11	137856_1	synonym
11	196148_14	implication
11	188625_3	synonym
11	139341_3	implication
11	103679_2	implication
11	199008_29	implication
11	199008_30	hyponym
11	167883_14	hyponym
11	139341_4	implication
11	177613_0	synonym
11	103679_3	implication
11	196148_16	hyponym
11	188625_5	synonym
11	196148_17	synonym
11	188206_12	synonym
11	188206_13	synonym
11	185811_1	synonym
11	185811_2	implication
11	196148_18	implication
11	177613_3	synonym
11	121925_19	implication
11	167883_18	synonym
11	167883_19	implication
11	101833_16	synonym
11	139341_5	synonym
11	151223_16	synonym
11	188206_14	implication
11	137856_10	implication
11	121925_20	synonym
11	144766_15	implication
11	165603_3	synonym
11	139341_6	implication
11	177613_8	implication
11	144766_16	synonym
11	137856_12	implication
11	188206_16	implication
11	196148_20	implication
11	139341_7	synonym
11	177613_9	implication
11	180691_2	implication
11	196148_21	synonym
11	188206_18	implication
11	139341_8	implication
11	177613_10	implication
11	144766_17	implication
11	165603_5	implication
11	104268_6	synonym
11	132914_0	hyponym
11	144766_18	hyponym
11	165603_6	synonym
11	196148_23	synonym
11	174261_2	synonym
11	177613_12	synonym
11	185823_0	implication
11	185823_1	implication
11	144766_19	synonym
11	104268_7	synonym
11	104268_8	implication
11	174261_5	implication
11	141292_0	synonym
11	141292_1	synonym
11	132914_2	implication
11	143881_0	abbreviation
11	132914_3	synonym
11	101833_25	synonym
11	188625_15	synonym
11	101833_26	implication
11	143881_1	implication
11	143881_2	synonym
11	144766_21	implication
11	188625_16	implication
11	132914_4	implication
11	177613_16	synonym
11	196148_27	implication
11	117954_14	implication
11	132914_5	synonym
11	144766_22	implication
11	109928_0	synonym
11	130539_1	synonym
11	124557_1	synonym
11	124557_2	abbreviation
11	185823_6	hyponym
11	185823_7	synonym
11	143881_3	implication
11	143881_4	synonym
11	177613_17	implication
11	177613_18	implication
11	144766_23	synonym
11	117954_16	implication
11	188625_19	synonym
11	130539_2	synonym
11	109928_2	implication
11	109928_3	synonym
11	143881_5	synonym
11	144766_24	implication
11	144766_25	implication
11	185823_9	implication
11	143881_6	implication
11	109928_4	synonym
11	130539_4	synonym
11	124557_6	synonym
11	196148_31	synonym
11	114183_2	hyponym
11	143881_7	abbreviation
11	172884_1	synonym
11	166034_5	synonym
11	196148_32	synonym
11	185823_10	implication
11	185823_11	implication
11	181929_0	synonym
11	166034_6	synonym
11	146210_0	abbreviation
11	124557_10	implication
11	143881_8	hyponym
11	185823_12	synonym
11	132914_10	hyponym
11	132914_11	implication
11	146210_1	abbreviation
11	146210_2	synonym
11	166034_8	implication
11	172884_6	synonym
11	104268_16	synonym
11	109928_10	synonym
11	132914_12	implication
11	181929_2	synonym
11	191196_0	implication
11	143881_12	synonym
11	181929_4	implication
11	132914_13	synonym
11	130539_9	implication
11	139341_18	implication
11	185823_16	implication
11	104268_17	synonym
11	105861_12	synonym
11	132914_14	implication
11	185823_17	implication
11	114183_11	synonym
11	114183_12	synonym
11	105861_14	implication
11	146210_5	implication
11	191196_2	synonym
11	143881_13	synonym
11	143881_14	hyponym
11	172884_12	synonym
11	172884_13	synonym
11	181929_6	implication
11	185823_19	implication
11	132914_15	hyponym
11	146210_6	abbreviation
11	143881_15	implication
11	108451_3	implication
11	105861_15	synonym
11	130539_11	synonym
11	139341_20	implication
11	177082_16	synonym
11	107340_1	synonym
11	107340_2	hyponym
11	143881_16	synonym
11	181929_8	hyponym
11	181929_9	implication
11	105861_17	implication
11	105861_18	synonym
11	109928_18	synonym
11	107340_3	implication
11	132914_17	implication
11	104268_21	implication
11	105861_20	synonym
11	181929_11	implication
11	130539_14	implication
11	119246_0	implication
11	107340_4	implication
11	104268_22	synonym
11	177082_20	implication
11	119246_1	implication
11	181929_12	implication
11	107340_5	synonym
11	146210_10	implication
11	148924_1	synonym
11	119246_2	implication
11	159376_0	abbreviation
11	198266_0	synonym
11	130539_16	implication
11	146210_11	implication
11	119246_3	synonym
11	169111_1	synonym
11	129611_1	implication
11	193855_0	synonym
11	148924_3	synonym
11	114183_22	implication
11	198266_2	synonym
11	181929_14	abbreviation
11	181929_15	synonym
11	119246_4	implication
11	166034_16	synonym
11	146210_12	implication
11	148924_5	implication
11	114183_23	implication
11	114183_24	implication
11	108084_0	synonym
11	129611_2	implication
11	105861_25	implication
11	105861_26	implication
11	177082_24	implication
11	193855_3	abbreviation
11	193855_4	implication
11	100139_1	abbreviation
11	100139_2	implication
11	148924_7	implication
11	108451_12	implication
11	130539_19	implication
11	119246_6	implication
11	108084_2	implication
11	107340_10	implication
11	105861_27	implication
11	105861_28	synonym
11	169111_8	implication
11	159376_3	synonym
11	159376_4	synonym
11	186216_0	synonym
11	119246_7	implication
11	114183_27	implication
11	108084_3	synonym
11	108084_4	implication
11	198266_8	synonym
11	169111_9	synonym
11	186216_1	synonym
11	186216_2	synonym
11	105861_29	synonym
11	130539_21	synonym
11	159376_5	hyponym
11	108084_6	implication
11	117878_2	implication
11	117878_3	synonym
11	107340_12	implication
11	101099_3	implication
11	186216_3	synonym
11	186216_4	synonym
11	193855_10	synonym
11	114183_31	implication
11	169111_12	implication
11	107340_14	implication
11	159376_7	synonym
11	101099_4	implication
11	108084_7	synonym
11	108084_8	synonym
11	129611_6	implication
11	149498_0	synonym
11	169111_13	implication
11	186216_6	abbreviation
11	119246_10	implication
11	159376_9	synonym
11	159376_10	abbreviation
11	167088_0	synonym
11	167088_1	synonym
11	108084_9	synonym
11	162987_0	synonym
11	186216_7	synonym
11	186216_8	synonym
11	198266_16	synonym
11	100139_11	abbreviation
11	100139_12	implication
11	162987_1	synonym
11	176997_0	synonym
11	165603_29	synonym
11	159376_11	implication
11	159376_12	implication
11	149498_3	synonym
11	186216_9	implication
11	108084_12	synonym
11	193855_15	abbreviation
11	166034_25	implication
11	159376_14	implication
11	117878_8	implication
11	101099_8	synonym
11	167088_5	implication
11	129279_0	synonym
11	100139_13	implication
11	100139_14	synonym
11	108084_14	implication
11	169111_21	synonym
11	117878_9	implication
11	162987_4	implication
11	167088_6	implication
11	119246_15	synonym
11	159376_15	implication
11	159376_16	synonym
11	129611_10	implication
11	191836_0	synonym
11	149498_6	synonym
11	145699_0	synonym
11	129279_2	synonym
11	191836_1	synonym
11	191836_2	synonym
11	159376_18	implication
11	198266_21	synonym
11	176997_2	implication
11	167088_8	implication
11	119246_17	implication
11	119246_18	implication
11	176997_3	synonym
11	191836_3	synonym
11	191836_4	synonym
11	162987_7	implication
11	167088_9	implication
11	145699_2	synonym
11	165603_33	synonym
11	159376_19	implication
11	166034_29	synonym
11	119246_19	implication
11	191836_5	implication
11	191836_6	synonym
11	117878_13	synonym
11	169111_28	implication
11	176997_4	abbreviation
11	176997_5	implication
11	162987_9	synonym
11	107340_25	implication
11	165603_34	synonym
11	119246_20	synonym
11	129279_4	implication
11	176997_6	implication
11	191836_8	synonym
11	108084_19	synonym
11	108084_20	implication
11	167088_11	implication
11	167088_12	implication
11	129611_13	implication
11	119246_21	implication
11	145699_4	implication
11	162987_11	synonym
11	165603_35	implication
11	129279_6	hyponym
11	191836_9	synonym
11	191836_10	implication
11	119246_22	implication
11	145699_5	implication
11	167088_13	synonym
11	165603_36	synonym
11	149498_13	synonym
11	129611_14	implication
11	162987_13	implication
11	119246_23	implication
11	191836_11	synonym
11	191836_12	synonym
11	132513_6	synonym
11	108084_24	implication
11	162987_14	synonym
11	119246_24	implication
11	108084_25	implication
11	132513_7	implication
11	162987_15	synonym
11	155327_2	synonym
11	176997_10	synonym
11	125316_0	synonym
11	125316_1	abbreviation
11	197871_0	synonym
11	197871_1	synonym
11	119246_25	implication
11	108084_26	synonym
11	108084_27	synonym
11	145699_8	synonym
11	136049_3	abbreviation
11	176997_11	hyponym
11	138376_0	synonym
11	122578_2	synonym
11	125316_2	implication
11	125316_3	synonym
11	171027_0	synonym
11	176997_12	implication
11	136049_6	synonym
11	143877_0	synonym
11	119246_27	implication
11	138376_1	synonym
11	176997_13	implication
11	122578_4	implication
11	150857_0	hyponym
11	129611_18	implication
11	143877_2	implication
11	176997_14	implication
11	145699_11	implication
11	108084_29	implication
11	176997_15	hyponym
11	149498_20	synonym
11	171027_2	synonym
11	125316_5	synonym
11	127002_0	synonym
11	150857_2	synonym
11	145699_12	synonym
11	143877_4	implication
11	119246_28	synonym
11	119246_29	implication
11	127002_1	implication
11	138376_5	synonym
11	155327_6	synonym
11	143877_6	synonym
11	125316_6	synonym
11	150857_3	synonym
11	150857_4	synonym
11	127002_2	implication
11	168943_0	synonym
11	197871_7	synonym
11	171027_5	implication
11	108084_32	hyponym
11	108084_33	synonym
11	143877_8	synonym
11	119246_30	implication
11	171027_6	synonym
11	150857_5	synonym
11	138376_7	synonym
11	127002_4	implication
11	129611_22	implication
11	125316_11	synonym
11	116117_1	synonym
11	133608_14	synonym
11	138678_4	abbreviation
11	151265_1	synonym
11	145699_16	synonym
11	171027_7	synonym
11	108084_34	implication
11	108084_35	implication
11	155327_9	implication
11	116117_2	implication
11	138678_5	abbreviation
11	125316_12	implication
11	125316_13	implication
11	145699_17	synonym
11	122578_11	synonym
11	171027_9	abbreviation
11	127002_6	synonym
11	108084_37	synonym
11	155327_11	implication
11	174146_0	synonym
11	125316_14	abbreviation
11	168943_3	synonym
11	108084_39	synonym
11	174146_2	synonym
11	184214_0	synonym
11	145699_19	implication
11	125316_17	hyponym
11	127002_9	implication
11	127002_10	synonym
11	168943_5	synonym
11	155327_13	synonym
11	148059_0	synonym
11	138678_8	implication
11	168943_6	synonym
11	125316_18	synonym
11	125316_19	synonym
11	184214_1	synonym
11	184214_2	synonym
11	151265_8	implication
11	122578_16	synonym
11	159434_2	abbreviation
11	159434_3	implication
11	148059_1	implication
11	148059_2	implication
11	145699_22	synonym
11	125316_20	implication
11	125316_21	implication
11	138678_9	implication
11	168943_8	synonym
11	138678_10	implication
11	145699_23	implication
11	125316_22	implication
11	125316_23	hyponym
11	168943_9	synonym
11	125316_24	implication
11	125316_25	implication
11	176107_0	synonym
11	145699_25	implication
11	145699_26	implication
11	168943_11	synonym
11	151265_13	implication
11	159434_9	synonym
11	191788_0	synonym
11	191788_1	implication
11	176107_1	synonym
11	176107_2	abbreviation
11	151265_14	implication
11	171027_20	synonym
11	171027_21	implication
11	192498_24	implication
11	168943_13	implication
11	176107_3	synonym
11	176107_4	synonym
11	191788_2	synonym
11	191788_3	synonym
11	102758_0	synonym
11	168943_15	hyponym
11	176107_6	implication
11	191788_4	synonym
11	191788_5	synonym
11	159434_12	implication
11	168943_16	implication
11	102758_2	synonym
11	191788_7	synonym
11	176107_7	synonym
11	176107_8	synonym
11	134027_0	abbreviation
11	102758_3	implication
11	134027_2	synonym
11	176107_9	implication
11	176107_10	synonym
11	102758_4	implication
11	191788_8	abbreviation
11	191788_9	synonym
11	102758_5	implication
11	134027_4	implication
11	176107_12	implication
11	176107_14	hyponym
11	102758_7	implication
11	191788_11	implication
11	191788_12	synonym
11	176107_15	synonym
11	102758_8	implication
11	138678_21	synonym
11	138678_25	synonym
11	144659_2	synonym
11	144659_4	implication
12	176997_18	implication
12	127002_11	implication
12	145699_27	implication
12	191788_13	implication
12	148059_4	implication
12	176997_19	implication
12	197871_11	implication
12	136049_7	implication
12	136049_8	implication
12	134027_7	implication
12	127002_12	implication
12	145699_28	implication
12	150857_10	synonym
12	176997_20	implication
12	174146_7	abbreviation
12	148059_7	implication
12	172612_0	synonym
12	176997_21	implication
12	165297_1	implication
12	134027_13	implication
12	134027_14	implication
12	172612_1	synonym
12	144659_14	synonym
12	143877_19	implication
12	143877_20	implication
12	134027_15	implication
12	134027_16	implication
12	148059_12	implication
12	148059_13	implication
12	123535_2	implication
12	177550_2	implication
12	122893_0	implication
12	197871_18	implication
12	134027_17	implication
12	127002_18	synonym
12	177550_4	implication
12	127002_19	implication
12	134027_19	implication
12	143877_23	implication
12	197871_21	implication
12	177550_5	implication
12	172612_9	implication
12	172612_10	implication
12	123535_6	implication
12	172612_12	implication
12	172612_13	synonym
12	118677_3	implication
12	177550_11	abbreviation
12	122893_14	abbreviation
12	190532_5	implication
12	177550_13	implication
12	134719_7	implication
12	168128_0	synonym
12	134719_8	implication
12	177550_15	implication
12	123535_15	implication
12	168128_2	synonym
12	123535_16	implication
12	168128_5	implication
12	122893_21	implication
12	162213_2	implication
12	162213_3	synonym
12	162213_4	implication
12	118677_16	implication
12	170628_11	implication
12	199637_2	implication
12	118677_17	implication
12	196558_3	abbreviation
12	149436_2	synonym
12	118677_20	synonym
12	173667_7	synonym
12	149436_5	implication
12	146582_7	synonym
12	108558_7	implication
12	147502_3	implication
12	149436_11	implication
12	146582_9	implication
12	146582_10	implication
12	196148_0	implication
12	149436_13	implication
12	162213_18	implication
12	191228_11	implication
12	101833_1	implication
12	101833_2	synonym
12	149436_16	implication
12	162213_20	implication
12	101833_3	implication
12	162213_21	implication
12	129578_1	implication
12	136373_0	implication
12	108103_2	implication
12	146582_19	implication
12	155533_0	synonym
12	146582_22	implication
12	155533_2	synonym
12	155533_3	synonym
12	147502_12	implication
12	101833_8	implication
12	101833_9	implication
12	108103_7	implication
12	108103_8	implication
12	101833_10	synonym
12	108103_9	implication
12	147502_16	implication
12	129578_9	implication
12	191228_25	synonym
12	155533_9	implication
12	101833_11	implication
12	167883_13	implication
12	103679_1	implication
12	196148_14	implication
12	188625_3	implication
12	155533_13	abbreviation
12	188625_5	implication
12	101833_15	synonym
12	101833_16	implication
12	143701_3	synonym
12	136373_25	implication
12	104268_6	implication
12	174261_1	abbreviation
12	196148_23	synonym
12	141292_1	implication
12	132914_2	implication
12	143881_0	abbreviation
12	188625_15	implication
12	143881_2	implication
12	188625_16	implication
12	132914_4	implication
12	196148_27	implication
12	117954_14	implication
12	132914_5	implication
12	109928_0	abbreviation
12	124557_1	implication
12	124557_2	synonym
12	143881_3	implication
12	143881_4	implication
12	117954_15	implication
12	117954_16	implication
12	109928_2	implication
12	109928_3	implication
12	143881_5	implication
12	124557_3	synonym
12	102636_3	implication
12	109928_4	synonym
12	109928_5	abbreviation
12	130539_4	synonym
12	124557_6	implication
12	196148_31	implication
12	143881_7	abbreviation
12	172884_1	implication
12	166034_5	implication
12	124557_8	implication
12	124557_10	implication
12	143881_8	implication
12	132914_10	implication
12	109928_10	implication
12	181929_2	implication
12	132914_13	implication
12	130539_9	implication
12	108451_1	abbreviation
12	143881_13	implication
12	143881_14	synonym
12	143881_15	implication
12	130539_11	implication
12	177082_16	implication
12	109928_18	implication
12	114837_3	implication
12	104268_21	implication
12	130539_14	implication
12	109928_20	implication
12	104268_22	implication
12	177082_20	implication
12	114837_6	implication
12	148924_1	implication
12	159376_0	abbreviation
12	130539_16	implication
12	109928_23	implication
12	115692_5	abbreviation
12	148924_3	implication
12	114183_22	implication
12	169111_3	implication
12	169111_4	synonym
12	157744_6	implication
12	114183_23	implication
12	114183_24	implication
12	142178_5	implication
12	115692_8	implication
12	150008_1	implication
12	193855_3	implication
12	148924_7	implication
12	108451_12	implication
12	130539_19	implication
12	157744_7	synonym
12	150008_3	implication
12	150008_4	implication
12	148924_8	implication
12	159376_3	implication
12	186216_0	implication
12	114183_27	implication
12	108084_3	implication
12	157744_10	implication
12	169111_9	implication
12	186216_2	synonym
12	142178_8	implication
12	142178_9	implication
12	148924_10	implication
12	186216_3	implication
12	186216_4	implication
12	142178_10	implication
12	157744_14	synonym
12	159376_7	implication
12	157744_18	synonym
12	159376_10	abbreviation
12	150008_14	implication
12	108084_9	implication
12	162987_0	synonym
12	157744_19	synonym
12	186216_7	synonym
12	186216_8	implication
12	100139_12	implication
12	162987_1	implication
12	108084_12	implication
12	193855_15	abbreviation
12	166034_25	implication
12	115692_19	implication
12	117878_9	implication
12	159376_15	implication
12	191836_0	implication
12	149498_6	implication
12	167088_7	implication
12	191836_1	synonym
12	191836_2	implication
12	176997_2	implication
12	167088_8	implication
12	176997_3	implication
12	166034_29	implication
12	191836_5	implication
12	191836_6	implication
12	191836_8	implication
12	167088_12	implication
12	165603_35	implication
12	191836_9	implication
12	108084_22	implication
12	167088_13	implication
12	162987_13	implication
12	191836_11	implication
12	162987_14	implication
12	162987_15	implication
12	176997_10	implication
12	176997_11	implication
12	138376_0	implication
12	176997_12	implication
12	176997_13	implication
12	122578_4	implication
12	150857_0	abbreviation
12	108084_29	implication
12	171027_2	synonym
12	150857_2	implication
12	145699_12	implication
12	108084_30	implication
12	125316_6	implication
12	150857_3	implication
12	150857_4	implication
12	168943_0	implication
12	197871_7	implication
12	108084_32	implication
12	143877_8	abbreviation
12	127002_4	implication
12	116117_1	implication
12	133608_14	implication
12	151265_1	implication
12	108084_37	implication
12	174146_0	implication
12	148059_0	implication
12	168943_6	implication
12	151265_8	implication
12	129611_26	implication
12	151265_10	implication
12	151265_11	implication
12	151265_12	implication
12	168943_12	implication
12	151265_13	implication
12	159434_9	implication
12	191788_0	implication
12	151265_14	implication
12	171027_21	implication
12	176107_4	implication
12	191788_3	abbreviation
12	191788_4	synonym
12	159434_12	implication
12	102758_2	implication
12	176107_7	implication
12	134027_0	synonym
12	134027_2	synonym
12	102758_4	implication
12	191788_8	implication
12	134027_4	implication
12	176107_11	synonym
12	176107_13	implication
12	102758_7	implication
12	191788_12	implication
12	102758_8	implication
13	176997_18	implication
13	167483_17	implication
13	167483_18	implication
13	157640_23	synonym
13	167483_22	implication
13	177550_2	hyponym
13	167831_2	hyponym
13	167483_23	implication
13	177550_4	hyponym
13	180546_14	synonym
13	180546_15	implication
13	177550_8	hyponym
13	180546_17	implication
13	180546_18	implication
13	177550_12	hyponym
13	126427_0	hyponym
13	167831_16	implication
13	180546_19	implication
13	126427_2	implication
13	126427_3	synonym
13	167831_17	implication
13	167831_18	implication
13	177550_16	implication
13	126427_8	implication
13	167831_21	implication
13	126427_9	implication
13	126427_10	implication
13	168116_2	hyponym
13	168116_3	implication
13	168331_1	implication
13	168116_7	implication
13	168331_15	implication
13	168331_17	implication
13	168331_29	implication
13	123684_2	synonym
13	123684_4	hyponym
13	123684_5	implication
13	168331_34	implication
13	123684_15	synonym
13	157329_0	hyponym
13	157329_1	implication
13	166295_0	implication
13	166295_1	implication
13	176997_3	hyponym
13	157329_2	hyponym
13	166295_2	implication
13	157329_4	implication
13	157329_6	hyponym
13	157329_7	hyponym
13	157329_8	hyponym
13	157329_9	hyponym
13	176997_16	implication
13	176997_17	implication
13	167483_4	implication
13	167483_6	implication
13	157329_18	implication
13	157329_20	implication
13	157329_21	implication
13	167483_11	implication
13	157640_12	synonym
13	157640_18	implication
14	193095_4	hyponym
14	167804_8	synonym
14	167804_9	synonym
14	167804_15	hyponym
14	157252_6	implication
14	157252_10	implication
14	157252_12	synonym
14	154943_0	synonym
14	154943_6	synonym
14	154943_7	implication
14	154943_8	synonym
14	154943_9	synonym
14	154943_10	implication
14	154943_11	synonym
14	154943_12	synonym
14	177498_1	implication
14	177498_8	implication
14	177498_9	implication
14	177498_10	implication
14	177498_12	implication
14	199407_9	synonym
14	177498_15	synonym
14	112446_2	hyponym
14	151851_6	implication
14	151851_9	synonym
14	112446_6	synonym
14	112446_7	synonym
14	112446_10	synonym
14	112446_11	implication
14	112446_12	implication
14	112446_16	synonym
14	167804_0	implication
14	167804_1	implication
15	127293_0	synonym
15	127293_1	implication
15	189956_5	hyponym
15	189956_6	implication
15	167804_4	implication
15	127293_4	implication
15	127293_5	synonym
15	167804_6	implication
15	127293_6	synonym
15	167804_11	synonym
15	127293_10	synonym
15	189956_11	synonym
15	167804_14	synonym
15	167804_15	hyponym
15	183590_2	implication
15	183590_3	implication
15	183590_4	implication
15	183590_6	implication
15	181555_11	implication
15	181555_12	implication
15	181555_19	synonym
15	177498_9	implication
15	177498_14	implication
15	171379_0	implication
15	171379_3	implication
15	171379_4	implication
15	171379_5	implication
15	171379_8	synonym
15	100385_0	synonym
15	100385_2	synonym
15	100385_3	implication
15	189956_0	synonym
15	189956_1	implication
15	189956_2	implication
16	127293_1	synonym
16	127293_2	synonym
16	127293_10	synonym
16	135829_1	synonym
16	135829_2	synonym
16	135829_12	synonym
16	183142_0	synonym
16	183142_4	implication
16	118178_0	synonym
16	118178_1	synonym
16	118178_2	synonym
16	118178_3	synonym
16	118178_4	implication
16	118178_5	synonym
16	118178_6	synonym
17	140222_15	synonym
17	140222_20	implication
17	140222_21	implication
17	191228_3	hyponym
17	191228_5	implication
17	191228_6	implication
17	191228_15	synonym
17	191228_16	synonym
17	191228_17	hyponym
17	191228_18	hyponym
17	191228_19	implication
17	191228_20	synonym
17	191228_21	synonym
17	191228_28	synonym
17	140222_0	synonym
17	140222_4	synonym
18	139485_9	synonym
18	144023_8	implication
18	104082_11	implication
18	136424_15	implication
18	136424_16	synonym
18	145699_27	synonym
18	125325_8	implication
18	139485_11	implication
18	144023_10	implication
18	157301_9	synonym
18	157301_10	implication
18	184214_5	implication
18	139485_14	implication
18	145699_29	implication
18	184214_7	implication
18	157301_11	implication
18	157301_12	synonym
18	125325_9	implication
18	184214_8	implication
18	177351_0	synonym
18	126623_1	synonym
18	125325_10	synonym
18	177351_1	synonym
18	157301_13	implication
18	184214_9	implication
18	184214_10	synonym
18	136424_24	implication
18	125325_11	synonym
18	177351_2	synonym
18	162525_0	synonym
18	137869_2	synonym
18	177351_4	synonym
18	184214_12	implication
18	139485_21	synonym
18	162525_1	synonym
18	171971_1	synonym
18	157301_17	implication
18	157301_18	implication
18	126623_5	synonym
18	126623_6	synonym
18	137869_3	synonym
18	125325_13	synonym
18	177351_5	implication
18	177351_6	synonym
18	157301_19	implication
18	133568_0	synonym
18	184214_15	implication
18	171971_3	implication
18	126623_9	synonym
18	177351_8	implication
18	125325_15	synonym
18	169428_2	synonym
18	133568_1	synonym
18	133568_2	synonym
18	126623_10	synonym
18	110084_0	synonym
18	171971_4	synonym
18	184214_16	implication
18	184214_17	implication
18	162525_6	implication
18	133568_3	implication
18	169428_4	synonym
18	177351_10	implication
18	177351_11	synonym
18	184214_18	implication
18	110084_1	synonym
18	126623_11	implication
18	126623_12	synonym
18	137869_7	implication
18	157301_24	implication
18	184945_0	synonym
18	184945_1	synonym
18	169428_5	synonym
18	169428_6	synonym
18	184214_19	synonym
18	170628_0	implication
18	142533_0	implication
18	171971_9	synonym
18	177351_13	implication
18	110084_3	implication
18	110084_4	synonym
18	162525_8	implication
18	126623_13	synonym
18	126623_15	implication
18	157301_25	implication
18	110084_5	implication
18	171971_10	synonym
18	171971_11	synonym
18	137869_9	implication
18	133568_5	synonym
18	133568_6	synonym
18	126623_16	implication
18	177622_0	synonym
18	177351_14	synonym
18	169428_9	implication
18	169428_10	synonym
18	184945_5	synonym
18	184945_6	synonym
18	142533_4	synonym
18	171971_12	hyponym
18	171971_13	synonym
18	157301_26	synonym
18	126013_0	hyponym
18	126013_1	implication
18	133568_7	implication
18	133568_8	synonym
18	130655_0	implication
18	177622_1	synonym
18	177622_2	implication
18	169428_11	synonym
18	126623_17	implication
18	126623_18	synonym
18	137869_10	implication
18	137869_11	implication
18	144754_0	synonym
18	130655_1	implication
18	110084_6	hyponym
18	110084_7	implication
18	110084_8	hyponym
18	170628_5	implication
18	184945_9	synonym
18	126623_19	synonym
18	177622_3	implication
18	177622_4	synonym
18	133568_9	synonym
18	126013_3	implication
18	171971_14	hyponym
18	130655_2	synonym
18	125594_46	implication
18	106220_0	synonym
18	169428_13	synonym
18	169428_14	implication
18	151408_7	implication
18	170628_6	implication
18	177622_5	implication
18	177622_6	implication
18	184945_11	implication
18	184945_12	synonym
18	171971_16	hyponym
18	130655_3	synonym
18	144754_1	synonym
18	144754_2	implication
18	125594_47	implication
18	170628_7	synonym
18	126013_5	synonym
18	130655_4	synonym
18	177622_7	synonym
18	177622_8	synonym
18	126013_6	implication
18	130655_5	synonym
18	106220_1	synonym
18	170628_9	implication
18	125594_49	implication
18	177351_21	implication
18	177351_22	implication
18	184945_13	synonym
18	184945_14	implication
18	106220_3	synonym
18	106220_4	implication
18	177622_9	implication
18	177622_10	implication
18	122883_1	implication
18	130655_7	implication
18	144754_5	implication
18	184945_16	synonym
18	184945_17	synonym
18	184945_18	synonym
18	177622_11	hyponym
18	177622_12	implication
18	122883_2	implication
18	137869_14	synonym
18	106220_5	implication
18	122883_3	implication
18	190242_0	synonym
18	184945_20	implication
18	144754_7	implication
18	126013_9	hyponym
18	126013_10	implication
18	190242_1	synonym
18	137869_15	implication
18	177622_13	synonym
18	177622_14	hyponym
18	106220_6	synonym
18	129083_7	synonym
18	122883_5	implication
18	190242_3	synonym
18	177622_15	hyponym
18	122883_6	implication
18	106220_8	synonym
18	106220_9	implication
18	137869_17	implication
18	133568_21	synonym
18	126013_13	implication
18	122883_7	implication
18	170781_2	synonym
18	177622_17	hyponym
18	127274_3	synonym
18	184945_25	synonym
18	177622_19	implication
18	177622_20	implication
18	144754_13	synonym
18	127274_4	synonym
18	127274_5	synonym
18	170781_4	implication
18	190242_6	synonym
18	133219_0	implication
18	122883_8	synonym
18	190242_7	synonym
18	170781_6	implication
18	170781_7	synonym
18	106220_14	implication
18	110806_3	synonym
18	170781_8	synonym
18	170781_9	hyponym
18	190242_8	synonym
18	127274_9	synonym
18	106220_16	hyponym
18	122883_11	synonym
18	190242_9	implication
18	133219_2	implication
18	133219_3	implication
18	170781_10	hyponym
18	137869_22	synonym
18	110806_7	synonym
18	127274_10	synonym
18	127274_11	implication
18	190242_10	synonym
18	190242_11	synonym
18	170781_12	implication
18	170781_13	hyponym
18	129650_0	implication
18	129650_1	synonym
18	137869_24	synonym
18	190242_12	synonym
18	129486_2	implication
18	127274_15	implication
18	129486_3	synonym
18	127274_16	synonym
18	127274_17	synonym
18	129650_4	implication
18	129486_4	synonym
18	127274_18	implication
18	190242_15	implication
18	129650_6	synonym
18	129650_7	synonym
18	129650_8	synonym
18	190242_17	implication
18	190242_18	synonym
18	178787_3	synonym
18	190242_19	synonym
18	190242_20	implication
18	113469_0	synonym
18	113469_1	synonym
18	137869_31	implication
18	190242_21	implication
18	113469_2	synonym
18	113469_3	implication
18	139341_1	synonym
18	190242_22	implication
18	113469_4	implication
18	113469_5	synonym
18	144754_36	implication
18	164384_0	synonym
18	139341_2	implication
18	113469_6	synonym
18	186436_3	synonym
18	165056_2	implication
18	144754_38	hyponym
18	133339_0	synonym
18	133339_1	synonym
18	107683_5	implication
18	107683_6	synonym
18	139341_4	implication
18	177613_1	synonym
18	164384_2	synonym
18	164384_3	implication
18	144754_39	hyponym
18	113469_11	synonym
18	165056_4	implication
18	165056_5	synonym
18	119273_0	implication
18	188625_6	synonym
18	119273_2	synonym
18	165056_6	implication
18	165056_7	implication
18	177613_3	synonym
18	177613_4	synonym
18	164384_5	implication
18	188625_7	implication
18	165056_8	implication
18	178787_19	implication
18	165056_9	synonym
18	186436_11	synonym
18	164384_7	synonym
18	177613_7	implication
18	176083_6	synonym
18	133339_5	synonym
18	112133_0	hyponym
18	119273_6	synonym
18	133339_6	synonym
18	171473_3	implication
18	165056_10	hyponym
18	197150_2	synonym
18	136356_0	synonym
18	136356_1	implication
18	164384_8	hyponym
18	112133_1	hyponym
18	177613_9	implication
18	107683_12	synonym
18	119273_8	implication
18	119273_9	synonym
18	176083_7	synonym
18	136356_2	synonym
18	147974_0	synonym
18	164384_9	synonym
18	112133_2	synonym
18	114939_0	synonym
18	177613_10	implication
18	171473_5	implication
18	119273_10	synonym
18	136356_3	implication
18	112133_3	implication
18	133339_7	synonym
18	133339_8	synonym
18	177613_11	implication
18	107683_13	synonym
18	136356_4	implication
18	147974_2	implication
18	114939_1	synonym
18	176083_9	synonym
18	112133_4	hyponym
18	119273_12	synonym
18	119273_13	synonym
18	171473_7	implication
18	177613_12	implication
18	133339_9	synonym
18	136356_5	implication
18	165056_15	hyponym
18	114939_4	implication
18	136356_6	synonym
18	139341_9	implication
18	103049_2	hyponym
18	103049_3	synonym
18	112133_5	hyponym
18	176083_10	implication
18	114939_5	synonym
18	154237_5	implication
18	133339_11	synonym
18	177613_13	implication
18	112133_6	synonym
18	114939_6	implication
18	179642_1	implication
18	180308_1	synonym
18	103049_5	synonym
18	166034_0	implication
18	176083_11	synonym
18	114939_7	implication
18	167768_4	implication
18	180308_2	synonym
18	119273_19	synonym
18	154237_6	synonym
18	154237_7	implication
18	136356_8	synonym
18	176083_12	implication
18	179642_2	implication
18	179642_3	implication
18	166034_1	implication
18	177613_15	synonym
18	177613_16	implication
18	197150_8	implication
18	133339_13	synonym
18	186436_20	implication
18	186436_21	synonym
18	147974_6	implication
18	135705_0	synonym
18	135705_1	implication
18	135705_2	implication
18	136356_9	implication
18	167768_7	synonym
18	176083_13	synonym
18	103049_8	implication
18	119273_21	implication
18	197150_9	implication
18	180308_5	synonym
18	176083_14	synonym
18	167768_8	synonym
18	167768_9	implication
18	133339_15	synonym
18	133339_16	hyponym
18	197150_10	synonym
18	154237_10	implication
18	119273_22	implication
18	119273_23	synonym
18	103049_10	synonym
18	103049_11	synonym
18	166034_3	synonym
18	147974_8	synonym
18	180308_7	implication
18	135705_4	implication
18	136356_10	implication
18	136356_11	synonym
18	133339_17	synonym
18	165056_21	hyponym
18	197150_11	implication
18	167768_10	synonym
18	167768_11	implication
18	135705_5	implication
18	147974_9	synonym
18	166034_4	synonym
18	103049_13	implication
18	180308_9	implication
18	176083_16	synonym
18	154237_12	hyponym
18	197150_12	implication
18	176083_17	synonym
18	148450_0	synonym
18	148450_1	implication
18	103049_15	implication
18	180308_10	implication
18	166034_5	synonym
18	197150_13	synonym
18	135705_6	implication
18	136356_15	synonym
18	154237_13	synonym
18	154237_14	synonym
18	197150_14	synonym
18	167768_17	synonym
18	176083_19	synonym
18	135705_7	synonym
18	179642_13	synonym
18	179642_14	synonym
18	114939_15	synonym
18	176083_20	synonym
18	148450_2	implication
18	148450_3	synonym
18	135705_8	synonym
18	136356_17	synonym
18	167768_19	implication
18	167768_20	implication
18	166034_8	implication
18	133339_22	implication
18	147974_12	implication
18	135705_10	hyponym
18	154237_18	implication
18	148450_4	synonym
18	135705_11	synonym
18	197150_18	synonym
18	154237_19	synonym
18	135705_12	synonym
18	197150_19	implication
18	148450_8	synonym
18	197150_20	synonym
18	148450_9	synonym
18	197150_21	synonym
18	135705_14	synonym
18	115692_0	synonym
18	115692_1	implication
18	197150_23	synonym
18	103677_2	implication
18	115692_2	synonym
18	115692_3	synonym
18	147974_19	hyponym
18	197150_24	synonym
18	148450_12	synonym
18	148450_13	synonym
18	139341_22	implication
18	166034_14	implication
18	197150_25	synonym
18	193944_1	implication
18	148450_15	synonym
18	166034_15	implication
18	115692_4	synonym
18	115692_5	implication
18	103677_5	synonym
18	197150_26	implication
18	115692_6	synonym
18	193944_2	implication
18	148450_16	synonym
18	148450_17	synonym
18	177389_0	synonym
18	115692_8	implication
18	174736_3	implication
18	174736_4	implication
18	135705_22	synonym
18	193944_4	implication
18	148450_18	implication
18	115692_9	synonym
18	177389_1	implication
18	103677_10	synonym
18	152663_8	implication
18	115692_10	synonym
18	193944_5	synonym
18	177389_3	implication
18	193944_6	implication
18	115692_11	synonym
18	115692_12	implication
18	105017_0	synonym
18	105017_1	implication
18	174752_1	synonym
18	193944_8	implication
18	190805_3	implication
18	174736_10	implication
18	100160_0	synonym
18	100160_1	implication
18	131093_1	synonym
18	115692_13	synonym
18	115692_14	implication
18	106327_0	synonym
18	106327_1	synonym
18	105017_2	synonym
18	105017_3	synonym
18	190805_5	synonym
18	166034_22	synonym
18	131093_2	synonym
18	140432_0	synonym
18	149498_1	implication
18	106327_2	implication
18	105017_5	implication
18	190805_6	synonym
18	190805_7	synonym
18	149498_2	implication
18	100160_4	synonym
18	100160_5	implication
18	193944_11	implication
18	134823_2	implication
18	105017_6	synonym
18	131093_5	synonym
18	177389_7	implication
18	177389_8	implication
18	105017_7	implication
18	100160_6	implication
18	100160_7	synonym
18	190805_9	implication
18	131093_6	synonym
18	131093_7	synonym
18	140432_1	synonym
18	166034_25	implication
18	177389_9	implication
18	177389_10	hyponym
18	193944_12	synonym
18	193944_13	synonym
18	134823_3	implication
18	115692_19	implication
18	115692_20	implication
18	105017_9	implication
18	149498_5	implication
18	193944_14	synonym
18	140432_4	synonym
18	125594_0	synonym
18	106327_5	synonym
18	100160_10	synonym
18	100160_11	synonym
18	105017_10	synonym
18	177389_11	synonym
18	177389_12	implication
18	125755_0	synonym
18	125755_1	synonym
18	149498_6	implication
18	145699_0	implication
18	115692_22	synonym
18	100160_12	synonym
18	106327_6	implication
18	106327_7	hyponym
18	134823_5	synonym
18	178126_7	synonym
18	145699_1	synonym
18	174752_11	implication
18	174752_12	implication
18	129279_2	implication
18	177389_13	implication
18	177389_14	hyponym
18	125755_2	synonym
18	125755_3	implication
18	105017_11	synonym
18	134823_6	implication
18	177389_15	implication
18	177389_16	implication
18	145699_2	implication
18	134823_7	implication
18	100160_17	synonym
18	125755_4	implication
18	125594_3	implication
18	145699_3	implication
18	105017_13	implication
18	105017_14	synonym
18	134823_8	synonym
18	100160_18	implication
18	177389_17	implication
18	177389_18	implication
18	125755_7	synonym
18	155093_3	hyponym
18	129279_4	implication
18	134823_9	synonym
18	166034_30	implication
18	145699_4	synonym
18	134823_10	implication
18	178126_14	synonym
18	178126_15	synonym
18	125755_8	hyponym
18	125755_9	implication
18	129279_6	synonym
18	174752_17	synonym
18	145699_5	synonym
18	149498_13	hyponym
18	155327_0	implication
18	105017_17	implication
18	105017_18	implication
18	125594_5	implication
18	157301_1	synonym
18	145699_6	synonym
18	134823_12	synonym
18	105017_19	implication
18	178126_18	hyponym
18	134823_13	implication
18	157301_2	synonym
18	157301_3	implication
18	160997_0	synonym
18	145699_7	synonym
18	155327_2	synonym
18	134823_14	implication
18	105017_21	implication
18	105017_22	implication
18	145699_8	synonym
18	160997_1	synonym
18	134823_15	hyponym
18	105017_24	implication
18	145699_10	implication
18	155093_11	hyponym
18	160997_4	synonym
18	174752_27	implication
18	178126_22	hyponym
18	155327_5	implication
18	155093_13	hyponym
18	160997_5	synonym
18	145699_12	implication
18	139485_4	synonym
18	105017_27	hyponym
18	105017_28	synonym
18	144023_0	synonym
18	144023_1	implication
18	174752_29	implication
18	178126_25	synonym
18	145699_13	implication
18	160997_6	implication
18	155327_6	implication
18	149498_22	hyponym
18	145699_14	synonym
18	155327_7	implication
18	160997_7	implication
18	178126_27	implication
18	144023_5	implication
18	155327_8	implication
18	155093_18	implication
18	145699_15	synonym
18	178126_28	hyponym
18	178126_29	implication
18	160997_8	synonym
18	155093_20	hyponym
18	125594_14	hyponym
18	155327_9	synonym
18	145699_17	hyponym
18	160997_10	implication
18	155327_11	implication
18	125594_15	synonym
18	160997_11	synonym
18	184214_0	implication
18	160997_12	synonym
18	145699_20	implication
18	155327_13	synonym
18	160997_13	synonym
18	184214_1	synonym
18	145699_21	synonym
18	160997_14	synonym
18	184214_3	synonym
18	155327_14	synonym
18	145699_22	synonym
18	160997_16	synonym
18	160997_17	synonym
18	160997_18	synonym
18	145699_25	implication
18	160997_19	implication
18	160997_21	implication
18	125594_24	synonym
18	105694_1	implication
18	160997_25	synonym
18	105694_4	implication
18	105694_5	implication
18	136424_0	synonym
18	136424_1	synonym
18	105694_6	implication
18	105694_8	synonym
18	152105_8	implication
18	136424_2	implication
18	136424_3	synonym
18	105694_9	synonym
18	105694_10	implication
18	125325_1	synonym
18	136424_5	synonym
18	152105_10	implication
18	152105_11	implication
18	125325_2	implication
18	152105_12	synonym
18	136424_6	implication
18	136424_7	synonym
18	125325_4	implication
18	136424_8	synonym
18	136424_10	synonym
18	136424_11	synonym
18	136424_12	synonym
18	136424_13	synonym
18	136424_14	hyponym
18	125325_5	synonym
18	104082_3	implication
18	104082_4	synonym
18	104082_5	implication
18	104082_6	implication
18	104082_7	implication
19	103881_15	abbreviation
19	191144_2	synonym
19	191144_3	implication
19	184450_20	hyponym
19	137091_16	hyponym
19	186325_8	implication
19	186325_9	implication
19	186325_10	implication
19	186325_11	implication
19	186325_12	implication
19	137091_17	implication
19	137091_18	implication
19	191144_6	synonym
19	191144_8	implication
19	171913_13	implication
19	172612_0	hyponym
19	186325_13	implication
19	186325_15	implication
19	137091_19	implication
19	191144_9	implication
19	191144_10	implication
19	196052_0	synonym
19	172612_1	hyponym
19	171913_14	implication
19	171913_15	synonym
19	137091_21	implication
19	191144_11	implication
19	172612_3	implication
19	129685_1	synonym
19	140477_0	synonym
19	133990_5	implication
19	191144_13	implication
19	172612_5	implication
19	172612_6	synonym
19	125325_12	implication
19	140477_1	implication
19	140477_3	synonym
19	140477_4	implication
19	172612_12	hyponym
19	125325_15	implication
19	140477_7	implication
19	140477_8	implication
19	140477_9	synonym
19	190532_0	synonym
19	196052_13	hyponym
19	140477_11	implication
19	140477_12	implication
19	170628_0	synonym
19	190532_3	implication
19	170628_1	implication
19	140477_15	implication
19	190532_5	synonym
19	170628_3	synonym
19	190532_7	implication
19	140477_19	implication
19	140477_20	implication
19	133990_18	implication
19	126013_2	abbreviation
19	173656_0	hyponym
19	173656_1	implication
19	140477_22	synonym
19	120889_0	implication
19	147575_0	abbreviation
19	173656_2	implication
19	174786_1	hyponym
19	170628_7	implication
19	120889_2	implication
19	170628_8	synonym
19	173656_5	implication
19	147575_2	synonym
19	106220_2	abbreviation
19	112248_0	synonym
19	173656_7	implication
19	190532_12	synonym
19	174786_4	synonym
19	107354_0	synonym
19	147575_3	synonym
19	170628_11	implication
19	173656_8	implication
19	147575_6	hyponym
19	112248_8	implication
19	149436_2	synonym
19	126013_11	hyponym
19	107354_3	abbreviation
19	112248_10	implication
19	112248_11	implication
19	149436_3	implication
19	112248_12	implication
19	147575_11	implication
19	147575_12	implication
19	120889_13	implication
19	199008_6	implication
19	147575_13	synonym
19	147575_14	synonym
19	106220_14	hyponym
19	106220_15	hyponym
19	198152_1	synonym
19	120889_14	implication
19	199008_9	implication
19	149436_9	synonym
19	198152_2	implication
19	120701_3	synonym
19	120889_15	implication
19	149436_11	implication
19	198152_3	synonym
19	196878_1	abbreviation
19	120889_17	synonym
19	149436_13	implication
19	198152_4	implication
19	149436_14	implication
19	129578_1	synonym
19	196878_9	implication
19	109935_0	abbreviation
19	108103_2	synonym
19	120701_15	synonym
19	120701_16	abbreviation
19	196878_10	implication
19	199008_18	implication
19	129578_2	implication
19	109935_2	hyponym
19	174786_20	hyponym
19	120701_17	implication
19	120701_18	hyponym
19	199008_20	synonym
19	134964_3	implication
19	108103_6	implication
19	109935_7	abbreviation
19	129578_7	implication
19	199008_24	synonym
19	109935_9	implication
19	108103_8	implication
19	199008_25	implication
19	109935_11	implication
19	108103_9	implication
19	129578_9	synonym
19	199008_28	implication
19	109935_14	implication
19	109935_15	synonym
19	199008_30	synonym
19	114845_3	synonym
19	107354_24	implication
19	114845_4	implication
19	199008_31	synonym
19	107354_26	implication
19	157809_0	hyponym
19	131087_2	hyponym
19	198152_21	synonym
19	157809_2	hyponym
19	114845_10	hyponym
19	104268_4	implication
19	198152_22	implication
19	146094_0	hyponym
19	198152_23	implication
19	123916_0	hyponym
19	146094_1	hyponym
19	146094_3	hyponym
19	103049_0	synonym
19	146094_5	hyponym
19	123916_3	synonym
19	103049_2	synonym
19	123684_0	synonym
19	198152_26	implication
19	146094_6	implication
19	198152_27	implication
19	103049_4	implication
19	103049_5	synonym
19	123684_1	synonym
19	123655_0	hyponym
19	123916_9	synonym
19	198152_29	synonym
19	123655_1	synonym
19	123684_3	synonym
19	123684_4	implication
19	123655_2	synonym
19	123916_10	implication
19	123916_11	implication
19	198152_31	synonym
19	123684_5	implication
19	123916_12	implication
19	123916_13	implication
19	103049_13	implication
19	123684_7	synonym
19	123684_8	synonym
19	123916_14	implication
19	123655_5	implication
19	103049_14	implication
19	103049_15	implication
19	103049_16	implication
19	123684_9	synonym
19	123684_10	implication
19	186927_0	abbreviation
19	104268_14	implication
19	123684_11	implication
19	123684_12	implication
19	186927_1	implication
19	186927_2	abbreviation
19	123655_8	synonym
19	123655_9	implication
19	186927_3	implication
19	123684_14	synonym
19	123655_10	synonym
19	162147_5	synonym
19	113492_0	implication
19	191410_0	synonym
19	104268_17	hyponym
19	162147_6	implication
19	186927_8	implication
19	123655_12	implication
19	191410_3	synonym
19	162147_9	implication
19	123655_13	synonym
19	113492_3	implication
19	186927_9	abbreviation
19	186927_10	synonym
19	107340_1	abbreviation
19	107340_2	hyponym
19	123655_14	implication
19	186927_11	implication
19	107110_0	synonym
19	113492_6	implication
19	186927_14	implication
19	186927_15	implication
19	104268_22	implication
19	107110_1	synonym
19	107110_2	synonym
19	191410_8	implication
19	191410_9	implication
19	123655_18	synonym
19	162147_15	implication
19	186927_17	hyponym
19	107110_3	implication
19	107110_4	implication
19	104268_23	implication
19	123655_19	implication
19	107110_5	hyponym
19	107110_6	implication
19	193855_0	synonym
19	104268_24	implication
19	123655_20	implication
19	144298_0	hyponym
19	107110_7	implication
19	107110_8	implication
19	193855_3	synonym
19	193855_4	implication
19	144298_1	abbreviation
19	144298_2	implication
19	107110_10	synonym
19	107110_11	synonym
19	144298_3	implication
19	193855_6	implication
19	107110_13	hyponym
19	107110_14	implication
19	144298_5	implication
19	107340_13	implication
19	107110_16	hyponym
19	193855_10	synonym
19	100160_0	hyponym
19	100160_2	synonym
19	100160_3	abbreviation
19	193855_12	implication
19	107340_16	implication
19	144298_11	synonym
19	144298_12	implication
19	193855_13	implication
19	192498_0	synonym
19	193855_15	hyponym
19	184450_0	synonym
19	100160_8	hyponym
19	100160_9	hyponym
19	131701_3	synonym
19	144298_13	implication
19	149111_0	abbreviation
19	192498_1	implication
19	184450_1	synonym
19	144298_15	implication
19	144298_16	implication
19	192498_2	implication
19	100160_13	synonym
19	184450_4	hyponym
19	107340_22	implication
19	100160_14	implication
19	107340_23	hyponym
19	144298_19	implication
19	192498_4	implication
19	107416_0	implication
19	149111_4	implication
19	100160_16	implication
19	100160_17	hyponym
19	184450_7	synonym
19	133608_0	hyponym
19	132513_3	synonym
19	143479_5	synonym
19	107416_3	hyponym
19	107416_4	implication
19	162528_1	synonym
19	143479_6	synonym
19	144298_24	implication
19	107416_5	implication
19	107416_6	implication
19	192498_5	hyponym
19	133608_3	synonym
19	144298_26	implication
19	191144_0	synonym
19	191144_1	synonym
19	149111_9	implication
19	143479_9	implication
19	192498_7	implication
19	149111_10	synonym
19	162981_2	hyponym
19	107416_8	implication
19	107416_9	implication
19	162528_5	implication
19	184450_13	hyponym
19	184450_14	implication
19	107416_10	implication
19	107416_11	implication
19	149111_11	implication
19	149111_12	implication
19	184450_15	implication
19	184450_16	implication
19	144298_29	synonym
19	144298_30	implication
19	184450_17	implication
19	162981_3	implication
19	103881_0	synonym
19	143479_12	synonym
19	103881_2	hyponym
19	192498_12	synonym
19	149111_18	implication
19	154649_1	hyponym
19	154649_2	implication
19	192498_13	synonym
19	132513_12	synonym
19	143479_14	implication
19	149111_20	implication
19	116117_0	synonym
19	129051_1	synonym
19	149111_22	implication
19	103881_8	implication
19	132513_14	implication
19	149111_23	implication
19	132513_15	implication
19	143479_17	synonym
19	183827_2	hyponym
19	183827_3	implication
19	132513_16	implication
19	103881_12	implication
19	192498_17	synonym
19	133608_18	implication
19	132513_17	synonym
19	186325_0	hyponym
19	133608_19	implication
19	143479_18	synonym
19	186325_1	synonym
19	186325_3	implication
19	143479_19	implication
19	143479_20	hyponym
19	192498_20	implication
19	192498_21	implication
19	183827_11	synonym
19	183827_12	implication
19	116117_11	implication
19	192498_22	implication
19	143479_23	implication
19	116117_12	implication
19	116117_13	implication
19	137091_6	implication
19	116117_17	abbreviation
19	171913_0	synonym
19	137091_12	implication
19	125325_3	synonym
20	135016_14	string
20	135016_15	synonym
20	135016_16	synonym
20	135016_17	implication
20	170309_0	string
20	170309_1	implication
20	170309_7	string
20	103267_2	synonym
20	170309_10	synonym
20	170309_15	implication
20	103267_6	synonym
20	170309_17	string
20	103267_9	synonym
20	170309_19	implication
20	170309_20	implication
20	103267_10	synonym
20	170309_21	synonym
20	103267_14	string
20	189261_1	synonym
20	189261_3	implication
20	189261_4	string
20	189261_5	string
20	189261_8	string
20	189261_9	implication
20	189261_10	implication
20	180308_0	string
20	180308_2	synonym
20	180308_3	synonym
20	180308_4	string
20	180308_9	string
20	180308_10	synonym
20	101737_0	hyponym
20	101737_1	synonym
20	139433_0	string
20	139433_2	string
20	139433_3	string
20	101737_5	implication
20	101737_6	synonym
20	193855_1	synonym
20	101737_7	synonym
20	193855_4	synonym
20	101737_11	synonym
20	186216_0	implication
20	193855_6	string
20	186216_1	implication
20	193855_7	string
20	193855_8	string
20	139433_8	string
20	139433_9	string
20	101737_12	synonym
20	101737_14	implication
20	186216_3	implication
20	186216_4	hyponym
20	193855_9	string
20	186216_5	implication
20	100268_0	implication
20	193855_14	implication
20	186216_9	string
20	186216_10	synonym
20	100268_2	implication
20	193855_15	string
20	193855_16	synonym
20	186216_11	implication
20	100268_7	synonym
20	193855_17	string
20	100268_8	synonym
20	100268_9	implication
20	159504_3	string
20	159504_11	synonym
20	159504_15	implication
20	159504_16	synonym
20	159504_18	implication
20	135016_0	string
20	135016_1	implication
20	135016_2	implication
20	135016_3	implication
20	135016_5	implication
20	135016_6	implication
20	102758_1	synonym
20	135016_8	synonym
20	135016_9	string
20	135016_10	synonym
20	135016_11	synonym
20	135016_13	abbreviation
20	102758_7	implication
20	125325_1	string
20	102758_11	implication
20	125325_2	string
20	114425_7	string
20	114425_8	synonym
20	114425_9	synonym
20	114425_10	synonym
20	114425_12	synonym
20	114425_13	string
20	114425_14	synonym
21	197871_10	synonym
21	197871_11	synonym
21	197871_19	synonym
21	134389_4	implication
21	197871_20	implication
21	197871_21	implication
21	197871_22	implication
21	133568_2	synonym
21	133568_3	synonym
21	125594_40	implication
21	171357_10	implication
21	125594_41	synonym
21	171393_38	hyponym
21	133568_4	implication
21	198957_10	synonym
21	198957_12	synonym
21	198957_13	synonym
21	171357_13	implication
21	134389_18	implication
21	171393_39	synonym
21	125594_44	synonym
21	134857_39	synonym
21	134857_42	implication
21	125594_49	synonym
21	133568_15	synonym
21	133568_17	implication
21	133568_18	synonym
21	134857_46	synonym
21	134857_47	synonym
21	133568_20	implication
21	151377_1	synonym
21	190242_4	implication
21	145720_5	implication
21	199008_6	synonym
21	199008_7	synonym
21	151377_11	synonym
21	130253_6	synonym
21	146958_8	implication
21	146958_9	implication
21	190242_12	implication
21	146958_13	synonym
21	146958_14	synonym
21	151377_18	implication
21	199482_13	implication
21	109935_0	synonym
21	109935_2	synonym
21	130253_21	synonym
21	130253_22	implication
21	188206_3	synonym
21	109935_10	synonym
21	109935_11	synonym
21	188206_4	synonym
21	188206_6	implication
21	109935_15	synonym
21	199008_30	synonym
21	188206_13	synonym
21	168331_18	implication
21	188206_16	implication
21	199482_28	synonym
21	188206_18	implication
21	188206_19	synonym
21	188206_20	synonym
21	124788_1	synonym
21	197150_4	implication
21	179480_5	implication
21	124788_2	implication
21	124788_3	synonym
21	124788_5	implication
21	199482_33	implication
21	124788_6	synonym
21	124788_10	synonym
21	174262_3	synonym
21	174262_4	synonym
21	127411_0	synonym
21	127411_1	implication
21	174262_8	implication
21	174262_9	implication
21	114250_3	synonym
21	114250_4	synonym
21	127411_6	implication
21	127411_7	synonym
21	127411_8	synonym
21	103677_3	implication
21	109170_2	synonym
21	150548_5	implication
21	179480_28	synonym
21	179480_29	synonym
21	106773_1	implication
21	106773_3	synonym
21	114250_19	synonym
21	197615_1	implication
21	197615_2	implication
21	150548_11	hyponym
21	114250_20	synonym
21	150548_12	implication
21	164967_11	synonym
21	150548_14	implication
21	134857_8	implication
21	125594_0	synonym
21	157839_0	hyponym
21	164967_12	synonym
21	164967_13	synonym
21	179480_34	implication
21	125594_1	synonym
21	197615_7	implication
21	157839_2	synonym
21	157839_3	synonym
21	176997_3	synonym
21	129279_3	implication
21	164967_15	synonym
21	157839_4	synonym
21	176997_4	synonym
21	176997_5	implication
21	157839_8	synonym
21	125594_4	synonym
21	179883_6	synonym
21	197615_13	implication
21	157839_9	synonym
21	157839_10	implication
21	157839_12	synonym
21	157329_7	synonym
21	125594_7	implication
21	171027_3	synonym
21	197871_7	synonym
21	171027_5	implication
21	143763_3	synonym
21	143763_5	implication
21	171027_10	synonym
21	171027_14	implication
21	193169_5	synonym
21	171393_5	synonym
21	171393_6	synonym
21	125594_20	synonym
21	171393_7	synonym
21	193169_11	synonym
21	187466_1	implication
21	187466_3	implication
21	187466_7	implication
21	125594_28	synonym
21	125594_29	implication
21	187466_8	implication
21	171393_17	implication
21	187466_14	synonym
21	187466_15	synonym
21	171393_18	implication
21	171393_19	synonym
21	187466_16	synonym
21	187466_17	synonym
22	197871_10	synonym
22	158768_23	hyponym
22	138286_3	implication
22	104082_11	synonym
22	158711_4	implication
22	149095_6	synonym
22	185487_11	string
22	157301_8	synonym
22	127002_11	synonym
22	137091_15	implication
22	145132_0	synonym
22	145132_1	synonym
22	197871_11	implication
22	142372_21	synonym
22	106794_15	implication
22	171393_28	hyponym
22	150804_4	implication
22	158711_5	implication
22	127002_12	implication
22	149095_7	string
22	157301_9	implication
22	179104_15	synonym
22	127002_13	implication
22	142372_22	implication
22	144659_10	abbreviation
22	147054_3	implication
22	168309_2	implication
22	157301_11	synonym
22	157640_23	implication
22	150804_7	synonym
22	150804_8	implication
22	179104_17	synonym
22	168309_5	implication
22	137869_0	synonym
22	197871_15	synonym
22	106794_22	implication
22	157301_13	synonym
22	157301_14	synonym
22	127002_16	abbreviation
22	123535_2	implication
22	168309_6	string
22	150402_1	synonym
22	106794_24	implication
22	167831_3	implication
22	122893_0	implication
22	122893_1	implication
22	157301_15	implication
22	197871_17	synonym
22	197871_18	hyponym
22	137869_2	synonym
22	127002_17	synonym
22	159006_1	implication
22	159006_2	synonym
22	168309_8	implication
22	157640_28	implication
22	122893_2	implication
22	127002_19	implication
22	157301_17	synonym
22	137869_3	synonym
22	159006_5	implication
22	150402_4	implication
22	159878_6	implication
22	159878_7	synonym
22	106794_28	synonym
22	137438_13	string
22	127002_20	synonym
22	122893_5	implication
22	159006_6	implication
22	179104_23	synonym
22	179104_24	synonym
22	159878_8	synonym
22	127002_21	synonym
22	125325_14	synonym
22	150402_6	abbreviation
22	122893_6	implication
22	122893_7	implication
22	150804_15	synonym
22	152649_1	string
22	158711_13	string
22	130796_3	implication
22	123535_7	implication
22	137438_18	string
22	122893_9	implication
22	150402_7	synonym
22	103369_1	string
22	130796_6	abbreviation
22	130796_7	abbreviation
22	171393_37	string
22	150402_9	hyponym
22	168309_17	implication
22	122893_10	implication
22	122893_11	implication
22	152649_4	implication
22	152649_5	implication
22	103369_2	string
22	103369_3	string
22	171393_38	implication
22	163816_1	synonym
22	190532_2	string
22	190532_3	synonym
22	122893_12	synonym
22	168309_19	string
22	159878_14	string
22	161722_4	implication
22	130796_10	abbreviation
22	110084_5	synonym
22	158711_18	string
22	161722_7	implication
22	163816_3	synonym
22	137869_9	implication
22	190532_4	string
22	190532_5	string
22	150402_11	string
22	150402_12	string
22	177351_15	synonym
22	187916_4	implication
22	163816_4	synonym
22	123535_13	synonym
22	103369_7	implication
22	190532_7	implication
22	187916_5	implication
22	123535_14	implication
22	137869_11	synonym
22	177351_16	hyponym
22	168309_23	string
22	170628_5	implication
22	130655_2	implication
22	174786_0	synonym
22	106220_0	abbreviation
22	103369_9	string
22	163816_8	abbreviation
22	183972_1	abbreviation
22	130655_3	synonym
22	144754_1	abbreviation
22	144754_2	abbreviation
22	174786_1	implication
22	126013_4	synonym
22	151543_2	implication
22	103369_10	string
22	103369_11	implication
22	174786_2	synonym
22	173656_5	synonym
22	147575_1	implication
22	106220_1	string
22	106220_2	synonym
22	174964_6	implication
22	170628_9	synonym
22	183972_4	synonym
22	122883_0	string
22	151543_6	synonym
22	130655_6	abbreviation
22	163816_12	string
22	176996_18	abbreviation
22	173656_7	string
22	190532_13	synonym
22	106220_4	synonym
22	103369_12	synonym
22	199482_1	implication
22	183972_5	implication
22	183972_6	synonym
22	112869_5	synonym
22	162213_5	implication
22	199482_2	synonym
22	190532_14	string
22	190532_15	implication
22	170892_6	implication
22	173656_9	string
22	183972_7	implication
22	134857_45	implication
22	170892_7	implication
22	144754_7	implication
22	122883_4	synonym
22	194360_15	implication
22	187916_14	string
22	106220_7	synonym
22	176617_6	implication
22	176617_7	hyponym
22	126013_11	synonym
22	187916_15	abbreviation
22	137869_16	implication
22	112869_10	abbreviation
22	147575_9	synonym
22	187916_16	implication
22	122883_6	synonym
22	183972_12	string
22	106220_8	synonym
22	106220_9	hyponym
22	137869_17	implication
22	126013_13	synonym
22	199482_5	implication
22	122883_7	string
22	178961_2	implication
22	146452_5	implication
22	174964_14	string
22	176996_23	implication
22	151543_13	implication
22	187916_18	abbreviation
22	191228_0	abbreviation
22	108558_2	implication
22	151543_16	implication
22	151543_17	synonym
22	187916_19	abbreviation
22	106220_13	synonym
22	146958_5	synonym
22	170781_4	implication
22	136671_0	synonym
22	122883_8	string
22	161968_4	synonym
22	151543_18	implication
22	191228_2	implication
22	191228_3	synonym
22	106220_14	implication
22	122883_9	implication
22	137869_21	synonym
22	147502_1	synonym
22	191228_5	implication
22	108558_7	implication
22	146958_8	implication
22	170781_10	abbreviation
22	137869_22	synonym
22	174786_13	implication
22	144754_17	string
22	170892_17	synonym
22	161968_7	implication
22	147502_3	implication
22	191228_6	synonym
22	110549_13	implication
22	151543_24	implication
22	174786_14	synonym
22	178961_7	implication
22	170781_12	implication
22	170781_13	string
22	199482_10	abbreviation
22	191228_8	implication
22	191228_9	string
22	136671_7	implication
22	146958_11	string
22	129486_2	implication
22	168116_2	implication
22	196148_1	synonym
22	199482_11	synonym
22	129650_3	synonym
22	168116_4	implication
22	196148_2	implication
22	199482_12	synonym
22	168116_5	implication
22	162213_21	synonym
22	129650_6	synonym
22	129650_7	synonym
22	178961_11	implication
22	151223_2	synonym
22	147502_7	implication
22	146452_18	implication
22	191228_15	abbreviation
22	199482_14	implication
22	149256_2	implication
22	191228_16	implication
22	191228_17	abbreviation
22	161968_19	synonym
22	161968_20	hyponym
22	136373_3	synonym
22	147383_2	implication
22	147383_3	implication
22	149256_5	synonym
22	151223_6	implication
22	191228_18	synonym
22	136671_13	string
22	136373_4	implication
22	185233_6	synonym
22	147383_4	implication
22	147502_12	string
22	136671_16	string
22	109667_4	implication
22	199482_18	hyponym
22	136671_17	synonym
22	175480_7	synonym
22	147502_14	synonym
22	185233_10	implication
22	191228_23	implication
22	174786_23	synonym
22	199482_19	implication
22	151223_10	implication
22	109667_7	implication
22	147502_15	synonym
22	175480_8	string
22	185233_11	synonym
22	165056_1	synonym
22	191228_24	implication
22	191228_25	synonym
22	149256_15	string
22	176083_0	implication
22	121925_12	implication
22	136373_13	synonym
22	175030_9	implication
22	109667_11	synonym
22	152972_7	string
22	104268_0	synonym
22	196148_14	implication
22	191228_28	synonym
22	176083_1	implication
22	136373_14	synonym
22	196148_15	implication
22	139341_4	implication
22	176083_2	implication
22	165056_5	implication
22	196148_16	synonym
22	136373_16	synonym
22	104268_2	implication
22	136671_22	string
22	136671_23	string
22	199482_24	string
22	196148_17	synonym
22	164384_4	implication
22	133339_3	implication
22	180800_23	abbreviation
22	121925_19	implication
22	164384_5	implication
22	199482_25	synonym
22	139341_5	synonym
22	151223_16	synonym
22	168331_19	implication
22	161086_6	implication
22	161086_7	implication
22	137856_10	implication
22	199482_26	implication
22	139341_6	implication
22	185233_18	implication
22	196148_19	synonym
22	128590_9	implication
22	134578_2	implication
22	133339_5	implication
22	137856_12	implication
22	196148_20	implication
22	139341_7	synonym
22	142734_1	implication
22	142734_3	implication
22	134578_5	implication
22	175030_21	synonym
22	180691_2	implication
22	128590_10	synonym
22	196148_21	synonym
22	133242_8	implication
22	196148_22	abbreviation
22	136373_25	abbreviation
22	134578_6	string
22	134578_8	synonym
22	154237_1	implication
22	165603_5	implication
22	165056_14	synonym
22	161086_12	implication
22	161086_13	string
22	164384_10	synonym
22	104268_6	implication
22	171473_6	abbreviation
22	134578_9	synonym
22	165603_6	synonym
22	176083_9	synonym
22	133242_10	implication
22	161086_14	string
22	196148_23	abbreviation
22	175030_25	synonym
22	112613_8	string
22	104268_8	implication
22	165056_15	synonym
22	165056_16	synonym
22	165603_7	implication
22	161086_17	implication
22	171473_8	string
22	134578_13	string
22	128590_16	implication
22	128590_17	synonym
22	112613_11	string
22	154237_4	implication
22	154237_5	synonym
22	177082_1	abbreviation
22	174483_7	implication
22	143881_1	implication
22	154237_7	implication
22	168331_31	abbreviation
22	153544_4	implication
22	128590_21	implication
22	186436_20	implication
22	105861_2	implication
22	161086_20	implication
22	154237_8	implication
22	176083_13	string
22	153544_5	string
22	153544_6	string
22	176083_14	string
22	128590_22	synonym
22	128590_23	synonym
22	143881_4	synonym
22	168331_32	synonym
22	177082_5	implication
22	199482_35	string
22	112613_16	implication
22	176083_15	synonym
22	133242_17	string
22	130539_2	synonym
22	174483_14	implication
22	143881_5	synonym
22	168331_35	string
22	128590_24	synonym
22	128590_25	synonym
22	176083_16	synonym
22	154237_12	implication
22	161473_2	implication
22	196148_31	synonym
22	101480_3	synonym
22	143881_7	implication
22	161473_3	synonym
22	176083_18	synonym
22	196148_32	synonym
22	112613_20	string
22	143881_8	synonym
22	176083_20	synonym
22	174483_20	string
22	104268_15	implication
22	104268_16	synonym
22	133339_22	implication
22	133242_24	implication
22	133242_25	string
22	174483_21	implication
22	154237_18	synonym
22	130539_9	implication
22	113638_0	implication
22	139341_18	implication
22	104268_17	implication
22	133242_27	implication
22	105861_12	synonym
22	133339_23	implication
22	105861_14	implication
22	174483_25	string
22	174483_26	string
22	139341_19	string
22	104268_18	implication
22	113638_1	hyponym
22	113638_2	implication
22	162147_9	string
22	182351_6	implication
22	174483_27	implication
22	105861_15	synonym
22	130539_11	implication
22	162147_10	implication
22	154237_21	synonym
22	154237_22	string
22	177082_16	synonym
22	113638_3	implication
22	113638_4	implication
22	143881_16	implication
22	105861_17	implication
22	105861_18	synonym
22	182351_9	abbreviation
22	182351_10	string
22	182351_11	implication
22	115692_0	implication
22	113638_5	implication
22	105400_0	string
22	105400_1	string
22	144925_3	implication
22	105861_20	synonym
22	130539_14	implication
22	114837_4	implication
22	114837_5	synonym
22	105400_2	implication
22	141825_8	synonym
22	141825_9	string
22	182351_14	implication
22	131768_2	hyponym
22	104268_22	implication
22	114837_6	implication
22	144925_4	implication
22	150548_2	string
22	105400_4	abbreviation
22	184905_2	implication
22	129611_1	abbreviation
22	149073_11	implication
22	104268_24	synonym
22	101480_16	abbreviation
22	105400_7	synonym
22	182247_2	abbreviation
22	139341_24	string
22	142178_4	implication
22	142178_5	implication
22	105400_8	synonym
22	105400_9	synonym
22	129611_2	implication
22	115692_8	synonym
22	105861_26	implication
22	104268_25	synonym
22	131768_9	implication
22	169374_5	abbreviation
22	169374_6	implication
22	105400_10	synonym
22	182247_7	string
22	105861_27	synonym
22	159376_3	synonym
22	159376_4	synonym
22	117878_0	implication
22	117878_1	synonym
22	105400_13	implication
22	191025_0	synonym
22	134857_1	string
22	130539_21	synonym
22	169374_8	implication
22	198266_9	implication
22	117878_2	implication
22	117878_3	synonym
22	101099_3	synonym
22	191025_1	implication
22	191025_2	implication
22	191025_3	synonym
22	198266_11	implication
22	198266_12	hyponym
22	159376_7	implication
22	159376_8	string
22	101480_24	string
22	101099_4	implication
22	150548_9	abbreviation
22	105400_16	string
22	174752_4	implication
22	169374_10	synonym
22	191025_4	synonym
22	190805_4	implication
22	115692_16	implication
22	159376_10	synonym
22	101480_25	string
22	169374_12	string
22	134857_5	synonym
22	190805_7	string
22	147165_4	implication
22	174752_5	synonym
22	129611_7	abbreviation
22	149498_2	synonym
22	178126_0	implication
22	198266_16	implication
22	191025_7	hyponym
22	193944_11	synonym
22	165603_29	synonym
22	159376_12	implication
22	150548_12	string
22	190805_8	string
22	190805_9	implication
22	171327_16	string
22	171327_17	synonym
22	150548_13	implication
22	129611_8	abbreviation
22	178126_2	implication
22	178126_3	synonym
22	159376_14	synonym
22	117878_8	implication
22	147165_8	implication
22	101099_8	implication
22	134857_8	implication
22	198266_17	synonym
22	117878_9	implication
22	149498_5	implication
22	162987_4	implication
22	159376_15	implication
22	159376_16	synonym
22	185487_5	implication
22	114837_24	implication
22	129611_9	synonym
22	129611_10	implication
22	149498_6	synonym
22	115692_22	implication
22	143479_2	implication
22	109878_0	string
22	106327_6	implication
22	134823_5	implication
22	117878_10	implication
22	174752_11	implication
22	174752_12	implication
22	165603_32	synonym
22	131768_24	string
22	131768_25	implication
22	159376_17	synonym
22	159376_18	implication
22	198266_21	synonym
22	134823_6	implication
22	162987_7	implication
22	178126_8	implication
22	178126_9	implication
22	147165_15	string
22	109878_2	synonym
22	149111_4	synonym
22	165603_33	synonym
22	159376_19	implication
22	167972_0	implication
22	143479_3	implication
22	165603_34	synonym
22	109878_3	implication
22	117878_15	synonym
22	117878_16	implication
22	134823_9	hyponym
22	162528_3	implication
22	134823_11	synonym
22	165603_36	synonym
22	167972_4	implication
22	129611_14	implication
22	178126_17	implication
22	162981_0	abbreviation
22	109878_7	implication
22	118218_7	implication
22	132513_6	synonym
22	129611_15	implication
22	149073_34	string
22	170654_0	synonym
22	132513_7	implication
22	136175_6	implication
22	129611_16	implication
22	133608_6	implication
22	143479_10	implication
22	178126_21	implication
22	149111_11	synonym
22	197871_0	synonym
22	197871_1	implication
22	157301_6	implication
22	149111_13	string
22	136175_7	synonym
22	170654_2	synonym
22	170654_3	synonym
22	197871_3	synonym
22	162981_3	implication
22	167972_7	implication
22	138376_1	synonym
22	122578_4	implication
22	149111_15	synonym
22	129611_18	implication
22	129611_19	synonym
22	170654_4	implication
22	170654_5	implication
22	136175_9	implication
22	136175_10	string
22	155327_4	implication
22	142372_0	implication
22	142372_1	implication
22	197871_4	synonym
22	149498_20	synonym
22	178126_22	string
22	178126_23	implication
22	157640_2	implication
22	109878_17	string
22	183737_11	abbreviation
22	149111_17	string
22	172672_10	implication
22	158768_6	implication
22	142372_2	implication
22	127002_1	synonym
22	136175_11	string
22	109878_20	string
22	138376_5	synonym
22	155327_6	implication
22	142372_4	implication
22	127002_2	implication
22	129611_21	implication
22	170654_9	implication
22	171027_5	implication
22	167972_11	synonym
22	127002_3	synonym
22	170654_10	implication
22	172672_14	synonym
22	171027_6	synonym
22	109878_21	synonym
22	128163_1	abbreviation
22	128163_2	abbreviation
22	174752_30	implication
22	138376_7	synonym
22	127002_4	implication
22	167972_12	implication
22	172672_16	string
22	129611_22	synonym
22	142372_7	implication
22	178126_28	synonym
22	178126_29	synonym
22	133608_14	synonym
22	136175_14	implication
22	136175_15	implication
22	158768_13	hyponym
22	138376_9	synonym
22	170654_11	synonym
22	170654_12	synonym
22	170654_13	synonym
22	171027_7	synonym
22	128163_4	implication
22	172672_17	synonym
22	172672_18	synonym
22	155327_9	string
22	118218_16	string
22	128163_5	implication
22	122578_10	synonym
22	127002_6	synonym
22	157640_7	implication
22	158768_14	synonym
22	170654_14	synonym
22	170654_15	abbreviation
22	155327_11	implication
22	118218_17	synonym
22	168605_0	implication
22	143479_16	synonym
22	157640_8	implication
22	179104_0	synonym
22	179104_1	implication
22	167972_13	synonym
22	168605_1	synonym
22	170654_16	implication
22	170654_17	hyponym
22	136175_17	implication
22	136175_18	string
22	192151_17	implication
22	112313_1	implication
22	127002_10	synonym
22	118218_19	synonym
22	171027_11	synonym
22	142372_15	synonym
22	168605_4	implication
22	133608_20	synonym
22	170654_19	string
22	170654_20	string
22	168605_5	synonym
22	168605_6	implication
22	149095_1	implication
22	170654_21	synonym
22	149095_4	synonym
22	112313_5	implication
22	118218_23	synonym
22	168605_7	implication
22	168605_8	string
22	179104_7	implication
22	160997_17	string
22	157640_15	implication
22	168605_9	implication
22	160997_18	implication
22	179104_8	implication
22	118218_25	synonym
22	171393_7	implication
22	106794_3	implication
22	118218_26	implication
22	168605_12	synonym
22	137091_3	implication
22	137091_4	synonym
22	129611_29	implication
22	171027_20	synonym
22	171027_21	implication
22	128140_0	implication
22	167972_19	synonym
22	112313_10	synonym
22	137091_8	implication
22	167972_20	synonym
22	137091_9	synonym
22	167972_21	synonym
22	137091_11	synonym
22	137091_14	synonym
22	128140_8	abbreviation
22	125325_1	string
22	128140_9	abbreviation
22	112313_22	implication
22	171393_20	synonym
22	171393_22	synonym
22	128140_13	string
22	128140_14	synonym
22	125325_5	implication
22	104082_2	implication
22	104082_3	synonym
22	144659_4	implication
22	171393_27	string
22	104082_5	implication
23	119634_13	synonym
23	111318_7	synonym
23	111318_8	synonym
23	113759_0	synonym
23	111318_9	synonym
23	113759_2	implication
23	113759_3	synonym
23	113759_7	implication
23	113759_8	synonym
23	113759_9	synonym
23	113759_10	synonym
23	113759_11	implication
23	113759_14	implication
23	144722_0	hyponym
23	113759_16	implication
23	113759_17	implication
23	144722_1	synonym
23	144722_2	synonym
23	113759_18	synonym
23	144722_5	synonym
23	144722_10	implication
23	144722_13	implication
23	144722_14	implication
23	144722_15	implication
23	144722_17	implication
23	199637_0	synonym
23	199637_1	synonym
23	199637_7	implication
23	199637_10	implication
23	199637_11	synonym
23	178961_4	synonym
23	152972_0	synonym
23	152972_1	synonym
23	152972_3	synonym
23	152972_5	synonym
23	152972_6	synonym
23	152972_7	implication
23	152972_8	synonym
23	177225_0	hyponym
23	177225_2	implication
23	177225_3	synonym
23	178961_24	synonym
23	177225_5	implication
23	177225_6	synonym
23	177225_7	synonym
23	117954_9	hyponym
23	117954_10	synonym
23	132914_3	synonym
23	117954_11	implication
23	179480_7	implication
23	117954_17	synonym
23	117954_18	synonym
23	117954_19	synonym
23	181929_1	implication
23	181929_2	synonym
23	132914_13	synonym
23	179480_16	synonym
23	132914_14	synonym
23	179480_17	synonym
23	179480_18	synonym
23	179480_19	synonym
23	181929_9	synonym
23	179480_20	implication
23	181929_10	implication
23	181929_11	implication
23	119246_0	synonym
23	119246_2	synonym
23	119246_3	synonym
23	179480_24	synonym
23	154423_0	hyponym
23	154423_2	synonym
23	154423_4	implication
23	179480_27	synonym
23	156962_0	synonym
23	156962_1	synonym
23	156962_5	implication
23	156962_7	synonym
23	195655_0	synonym
23	156962_8	synonym
23	179480_32	implication
23	119246_15	synonym
23	195655_2	implication
23	195655_3	implication
23	195655_4	synonym
23	179480_37	synonym
23	119246_20	synonym
23	119246_21	synonym
23	119246_22	implication
23	195655_10	synonym
23	119246_24	synonym
23	119246_25	synonym
23	178322_16	implication
23	119634_0	synonym
23	119634_1	hyponym
23	119634_2	implication
23	119634_3	implication
23	119634_4	synonym
23	119634_5	implication
23	119634_6	implication
23	119634_7	synonym
23	119634_8	implication
23	119634_9	synonym
23	119634_11	synonym
23	193575_0	synonym
23	193575_1	synonym
23	193575_4	implication
23	193575_5	synonym
23	193575_6	synonym
23	193575_7	synonym
23	193575_8	synonym
23	193575_10	synonym
23	193575_11	synonym
23	193575_12	implication
23	193575_14	synonym
23	193575_15	synonym
23	193575_16	synonym
24	159509_5	synonym
24	147686_0	implication
24	147686_1	hyponym
24	147686_3	implication
24	147686_4	synonym
24	147686_5	synonym
24	147686_8	synonym
24	189534_0	implication
24	189534_1	synonym
24	189534_4	implication
24	189534_6	string
24	189534_7	string
24	189534_16	synonym
24	159509_0	implication
24	159509_2	implication
24	159509_4	synonym
25	159509_6	implication
25	117505_9	synonym
25	117505_10	synonym
25	159509_9	implication
25	100559_1	implication
25	168309_0	implication
25	137438_4	string
25	159509_10	implication
25	165510_11	implication
25	165510_13	implication
25	100559_5	implication
25	117505_17	implication
25	131974_3	string
25	168309_4	synonym
25	137438_7	synonym
25	137438_8	implication
25	159468_10	implication
25	159468_11	implication
25	159468_12	implication
25	159468_13	string
25	159468_14	implication
25	177550_3	implication
25	137438_11	synonym
25	168309_9	synonym
25	177550_4	string
25	137438_13	hyponym
25	137438_14	string
25	168309_10	implication
25	137438_18	hyponym
25	131974_11	implication
25	103369_0	string
25	137438_19	implication
25	177550_8	implication
25	168309_16	implication
25	103369_2	implication
25	168309_18	implication
25	177550_11	string
25	103369_7	string
25	119502_2	implication
25	103369_8	synonym
25	119502_3	synonym
25	103369_10	implication
25	119502_8	implication
25	131974_25	string
25	163321_11	implication
25	119502_11	synonym
25	163321_12	implication
25	163321_13	implication
25	103880_6	implication
25	103880_7	synonym
25	119502_15	implication
25	103880_10	implication
25	163321_21	string
25	163321_22	synonym
25	163321_23	implication
25	108103_0	string
25	167883_1	string
25	108103_1	string
25	108103_2	hyponym
25	155533_0	string
25	169273_0	implication
25	155533_2	implication
25	155533_3	implication
25	167883_7	implication
25	169273_1	implication
25	108103_7	implication
25	169273_4	synonym
25	199642_0	string
25	128590_0	string
25	169273_5	implication
25	155533_12	string
25	167883_17	hyponym
25	199642_6	implication
25	199642_7	string
25	128590_4	implication
25	133242_0	implication
25	167883_18	synonym
25	169273_11	implication
25	128590_6	string
25	128590_7	synonym
25	133242_3	implication
25	199642_13	string
25	199642_14	hyponym
25	197150_2	synonym
25	199642_15	string
25	119273_9	synonym
25	128590_10	implication
25	128590_11	implication
25	133242_6	synonym
25	119273_10	synonym
25	119273_11	string
25	128590_12	synonym
25	119273_12	string
25	128590_14	hyponym
25	128590_15	implication
25	133242_11	implication
25	119273_19	string
25	197150_8	implication
25	197150_10	implication
25	119273_22	implication
25	119273_23	implication
25	197150_11	implication
25	197150_12	implication
25	197150_13	implication
25	197150_14	synonym
25	138009_0	implication
25	138009_1	synonym
25	146210_2	string
25	138009_2	string
25	138009_3	string
25	133242_25	implication
25	167036_8	implication
25	146210_3	string
25	138009_5	string
25	138009_6	string
25	138009_7	implication
25	197150_18	string
25	141084_3	implication
25	197150_19	implication
25	138009_8	implication
25	138009_9	string
25	141084_4	implication
25	167036_13	implication
25	167036_14	string
25	141084_7	synonym
25	141084_8	synonym
25	141084_9	implication
25	105400_0	string
25	197150_23	implication
25	141084_10	implication
25	141084_11	implication
25	105400_3	string
25	119246_0	string
25	197150_24	implication
25	167036_23	string
25	105400_4	implication
25	105400_5	string
25	146210_11	implication
25	119246_3	string
25	141084_14	implication
25	197150_26	implication
25	105400_8	implication
25	105400_9	implication
25	141084_17	implication
25	105400_16	string
25	119246_13	implication
25	119246_14	implication
25	119246_15	string
25	144195_0	string
25	144195_1	hyponym
25	144195_2	string
25	144195_4	synonym
25	144195_5	implication
25	144195_6	synonym
25	144195_7	implication
25	144195_8	synonym
25	144195_11	hyponym
25	193756_4	string
25	144195_12	string
25	141036_1	hyponym
25	141036_2	string
25	162981_2	string
25	141036_5	string
25	125316_3	string
25	141036_7	implication
25	172672_5	implication
25	162981_3	abbreviation
25	141036_10	implication
25	141996_0	string
25	159468_0	string
25	159468_1	string
25	141036_12	string
25	117505_1	implication
25	125316_8	implication
25	125316_9	implication
25	117505_5	synonym
25	117505_6	implication
25	117505_7	implication
25	141996_9	string
25	137438_0	string
25	141996_17	implication
25	141996_18	implication
25	141996_19	implication
25	102758_1	string
25	159509_1	string
25	102758_2	string
25	159509_4	string
25	165510_1	string
25	105694_0	synonym
25	105694_1	implication
25	165510_6	implication
25	102758_7	implication
25	102758_8	implication
25	105694_4	implication
25	105694_5	implication
25	105694_6	implication
25	102758_11	implication
26	165510_8	synonym
26	165510_9	synonym
26	165510_10	synonym
26	165510_12	synonym
26	165510_13	implication
26	149591_0	synonym
26	172612_0	implication
26	172612_1	implication
26	172612_2	synonym
26	171913_15	synonym
26	149591_1	implication
26	149591_2	synonym
26	172612_4	synonym
26	149591_6	synonym
26	183308_0	synonym
26	172612_7	hyponym
26	183308_2	hyponym
26	149591_10	implication
26	149591_11	implication
26	172612_12	synonym
26	183308_4	hyponym
26	183308_15	implication
26	115024_0	synonym
26	115024_4	implication
26	115024_5	synonym
26	115024_9	hyponym
26	102931_5	implication
26	102931_12	synonym
26	172267_4	implication
26	172267_5	synonym
26	172267_6	synonym
26	102931_17	synonym
26	159968_0	synonym
26	102931_20	implication
26	159968_1	implication
26	172267_9	synonym
26	172267_10	implication
26	159968_4	implication
26	184833_0	synonym
26	159968_5	synonym
26	184833_2	synonym
26	102931_27	hyponym
26	102931_28	synonym
26	184833_3	implication
26	184833_4	synonym
26	159968_11	synonym
26	184833_5	synonym
26	184833_6	synonym
26	159968_13	implication
26	159968_16	implication
26	184833_10	implication
26	184833_12	hyponym
26	143536_0	implication
26	143536_1	implication
26	143536_2	synonym
26	143536_3	synonym
26	143536_5	implication
26	143536_7	synonym
26	143536_8	synonym
26	143536_9	implication
26	143536_10	implication
26	115109_6	synonym
26	115109_7	synonym
26	161430_5	synonym
26	161430_6	synonym
26	195735_0	synonym
26	195735_1	synonym
26	140236_1	hyponym
26	111966_0	implication
26	111966_1	implication
26	140236_2	implication
26	195735_5	synonym
26	195735_6	synonym
26	140236_3	synonym
26	111966_2	implication
26	195735_7	synonym
26	195735_8	hyponym
26	195735_9	implication
26	111966_8	implication
26	111966_10	synonym
26	111966_11	synonym
26	111966_12	synonym
26	111966_13	synonym
26	111966_14	synonym
26	111966_15	synonym
26	111966_16	synonym
26	111966_17	hyponym
26	111966_18	synonym
26	111966_19	synonym
26	111966_21	implication
26	140236_14	hyponym
26	172461_0	synonym
26	172461_1	synonym
26	172461_2	implication
26	155170_0	implication
26	155170_1	implication
26	172461_4	implication
26	172461_5	synonym
26	172461_6	synonym
26	121917_0	synonym
26	172461_7	synonym
26	172461_8	synonym
26	172461_9	implication
26	172461_10	synonym
26	172461_11	implication
26	121917_3	implication
26	122578_2	synonym
26	121917_6	synonym
26	129998_0	synonym
26	122578_6	implication
26	122578_7	hyponym
26	129998_1	synonym
26	129998_2	synonym
26	129998_3	hyponym
26	121917_13	synonym
26	183827_0	synonym
26	121917_14	implication
26	141582_1	implication
26	129998_6	synonym
26	129998_7	synonym
26	116117_4	synonym
26	183827_1	synonym
26	183827_2	synonym
26	183827_3	implication
26	129998_8	synonym
26	129998_9	implication
26	183827_4	implication
26	183827_5	synonym
26	183827_6	synonym
26	121917_17	implication
26	129998_10	synonym
26	129998_11	implication
26	121917_18	implication
26	183827_7	implication
26	183827_9	hyponym
26	116117_9	synonym
26	141582_8	synonym
26	141582_9	hyponym
26	183827_10	synonym
26	183827_11	synonym
26	141582_10	synonym
26	141582_11	synonym
26	141582_12	synonym
26	116117_17	synonym
26	171913_0	synonym
27	191144_2	synonym
27	185487_12	implication
27	136049_7	synonym
27	156025_1	hyponym
27	185487_13	implication
27	191842_0	hyponym
27	157640_22	synonym
27	157743_0	synonym
27	156025_4	hyponym
27	156025_5	hyponym
27	157743_1	synonym
27	157743_3	synonym
27	131974_3	implication
27	143223_3	hyponym
27	159878_2	synonym
27	158711_8	synonym
27	134027_13	hyponym
27	134027_14	implication
27	131974_4	hyponym
27	134027_15	implication
27	157743_9	hyponym
27	170309_0	synonym
27	133990_6	hyponym
27	196459_16	hyponym
27	134027_19	implication
27	130230_3	hyponym
27	170309_1	implication
27	171357_7	hyponym
27	196459_19	implication
27	133990_8	synonym
27	149203_3	hyponym
27	167697_2	synonym
27	158711_14	implication
27	194360_2	hyponym
27	170309_10	synonym
27	158711_16	implication
27	157252_5	synonym
27	157252_6	synonym
27	176077_1	hyponym
27	134719_3	hyponym
27	134719_4	hyponym
27	143223_15	implication
27	170309_16	implication
27	174691_1	hyponym
27	174691_2	implication
27	142533_3	synonym
27	174964_0	implication
27	157252_8	implication
27	159878_16	implication
27	149203_12	implication
27	142533_5	implication
27	170309_19	implication
27	148912_2	hyponym
27	134857_40	synonym
27	174964_2	implication
27	130451_2	hyponym
27	149203_16	hyponym
27	131974_20	synonym
27	174964_4	hyponym
27	186314_0	hyponym
27	194360_10	implication
27	131974_21	implication
27	148912_8	implication
27	172900_0	synonym
27	172900_1	hyponym
27	186314_1	synonym
27	194360_11	implication
27	112248_0	synonym
27	168279_2	synonym
27	153694_2	synonym
27	148912_10	implication
27	142533_13	implication
27	134857_43	implication
27	172900_3	synonym
27	172900_4	implication
27	149203_17	synonym
27	131974_23	implication
27	131974_24	hyponym
27	172900_7	synonym
27	172900_8	synonym
27	122883_2	hyponym
27	174786_5	synonym
27	186314_7	implication
27	171357_21	synonym
27	165395_1	hyponym
27	165395_2	hyponym
27	165395_3	synonym
27	174697_0	hyponym
27	174697_1	hyponym
27	153694_8	implication
27	148912_13	implication
27	172900_10	implication
27	171357_22	implication
27	134719_13	implication
27	165395_6	hyponym
27	153694_9	implication
27	153694_10	implication
27	174697_3	synonym
27	174964_9	synonym
27	174964_10	synonym
27	149436_2	synonym
27	186314_8	implication
27	153094_1	hyponym
27	153094_2	hyponym
27	165395_8	implication
27	165395_9	implication
27	174697_4	synonym
27	174697_5	synonym
27	190242_2	hyponym
27	153694_11	synonym
27	103880_2	hyponym
27	130451_10	implication
27	130451_11	implication
27	174964_11	synonym
27	174697_6	synonym
27	174697_7	synonym
27	186314_10	hyponym
27	123743_2	synonym
27	130451_13	hyponym
27	118257_0	synonym
27	174697_10	synonym
27	174697_11	synonym
27	198152_0	synonym
27	174964_17	implication
27	174964_18	implication
27	198152_1	implication
27	174697_15	hyponym
27	103880_12	synonym
27	103880_13	implication
27	174697_16	hyponym
27	174964_21	implication
27	149436_11	implication
27	102931_16	hyponym
27	123743_10	implication
27	174697_18	synonym
27	123743_13	hyponym
27	163159_1	hyponym
27	149436_14	implication
27	101833_1	implication
27	115521_19	hyponym
27	102931_19	implication
27	198152_6	synonym
27	118257_12	implication
27	101833_3	synonym
27	174786_18	synonym
27	174786_19	implication
27	151223_4	abbreviation
27	153808_2	hyponym
27	102931_23	synonym
27	198152_10	implication
27	174786_20	implication
27	102931_25	implication
27	102931_26	synonym
27	198152_12	synonym
27	107052_0	implication
27	163159_13	implication
27	163159_14	implication
27	199008_24	hyponym
27	115334_0	synonym
27	198152_13	synonym
27	199008_25	implication
27	163159_15	hyponym
27	115334_1	implication
27	115334_2	synonym
27	153808_10	implication
27	153808_11	hyponym
27	105787_0	synonym
27	115334_3	synonym
27	115334_4	implication
27	198152_16	synonym
27	105787_1	implication
27	105787_2	synonym
27	105787_3	synonym
27	199008_28	implication
27	107052_5	hyponym
27	153808_15	hyponym
27	115334_6	hyponym
27	199008_29	implication
27	101833_13	implication
27	163165_2	hyponym
27	141538_6	implication
27	101833_14	implication
27	115334_8	implication
27	101833_15	implication
27	105787_9	synonym
27	107052_9	implication
27	101833_17	implication
27	190179_20	synonym
27	101833_18	implication
27	190179_21	synonym
27	198152_23	synonym
27	188625_12	synonym
27	178922_2	synonym
27	190179_23	synonym
27	198152_25	synonym
27	124788_3	hyponym
27	176039_0	synonym
27	198152_26	implication
27	163165_15	implication
27	101833_25	synonym
27	123684_1	synonym
27	123684_2	synonym
27	176039_1	implication
27	101833_26	implication
27	198152_28	implication
27	155573_2	abbreviation
27	178922_11	implication
27	198152_29	synonym
27	123684_4	hyponym
27	163165_19	implication
27	168022_1	hyponym
27	168022_2	implication
27	155573_3	hyponym
27	176039_6	synonym
27	176039_7	synonym
27	152012_9	implication
27	176039_9	synonym
27	176039_10	synonym
27	176039_11	synonym
27	178922_14	hyponym
27	102636_3	implication
27	152012_10	implication
27	127081_3	hyponym
27	123684_7	synonym
27	123684_8	synonym
27	176039_12	synonym
27	176039_13	synonym
27	168022_8	hyponym
27	124788_12	implication
27	152012_12	hyponym
27	171659_2	hyponym
27	123684_9	synonym
27	102636_5	hyponym
27	197122_3	synonym
27	112520_1	synonym
27	186141_1	hyponym
27	108451_0	synonym
27	145990_1	synonym
27	123684_15	synonym
27	191196_2	hyponym
27	127081_13	implication
27	114250_1	abbreviation
27	182351_4	hyponym
27	176827_0	hyponym
27	167675_1	synonym
27	176827_2	hyponym
27	171659_11	synonym
27	128587_0	hyponym
27	122992_12	hyponym
27	182351_10	implication
27	182351_11	implication
27	128587_1	implication
27	122992_14	implication
27	154761_1	hyponym
27	182351_12	synonym
27	199929_2	synonym
27	154761_2	hyponym
27	112520_13	implication
27	112520_14	hyponym
27	181044_2	synonym
27	150548_3	hyponym
27	154583_1	hyponym
27	108451_11	implication
27	108451_12	implication
27	181044_9	hyponym
27	154761_9	implication
27	154761_10	hyponym
27	199929_11	synonym
27	154583_7	implication
27	108451_14	synonym
27	181044_11	implication
27	181044_12	hyponym
27	154761_12	hyponym
27	167675_16	implication
27	114250_15	implication
27	197122_22	implication
27	167675_18	synonym
27	114250_19	synonym
27	167088_1	hyponym
27	134857_5	implication
27	100268_0	implication
27	100268_1	hyponym
27	185487_2	synonym
27	197122_26	implication
27	107357_2	hyponym
27	122251_0	implication
27	122251_1	implication
27	100268_6	synonym
27	151614_2	synonym
27	132513_0	implication
27	125755_2	hyponym
27	167088_8	implication
27	157839_2	synonym
27	107357_7	implication
27	107357_8	implication
27	166295_0	implication
27	166295_1	implication
27	122251_7	hyponym
27	122251_8	synonym
27	107357_9	hyponym
27	166295_2	synonym
27	132513_3	hyponym
27	162528_1	synonym
27	112777_7	implication
27	122251_10	implication
27	143479_6	hyponym
27	136175_0	hyponym
27	167088_11	implication
27	125755_9	hyponym
27	192539_0	synonym
27	192539_1	synonym
27	192539_2	synonym
27	136175_2	synonym
27	167088_13	hyponym
27	192539_3	hyponym
27	192539_4	synonym
27	192539_6	synonym
27	192539_7	implication
27	166295_10	implication
27	151614_11	implication
27	192539_8	implication
27	145699_8	synonym
27	136049_3	synonym
27	192151_3	synonym
27	136175_8	hyponym
27	132513_9	synonym
27	192539_10	synonym
27	132513_10	synonym
27	136175_9	synonym
27	151614_13	implication
27	121917_10	implication
27	192151_11	implication
27	132513_13	hyponym
27	129051_1	hyponym
27	192151_13	implication
27	192498_16	implication
27	129051_7	implication
27	168605_2	synonym
27	168943_4	synonym
27	143479_18	implication
27	186325_1	synonym
27	143479_19	implication
27	192498_19	synonym
27	121917_18	implication
27	159434_2	synonym
27	145699_23	synonym
27	192498_21	implication
27	158711_0	synonym
27	119691_3	hyponym
27	192498_22	implication
27	158711_2	hyponym
27	145699_25	implication
27	188772_10	synonym
27	168943_12	synonym
27	188772_12	implication
27	168943_14	implication
27	192498_25	synonym
27	188772_14	implication
27	159434_12	implication
27	134027_2	hyponym
27	134208_1	synonym
27	134208_13	implication
28	179838_9	synonym
28	179838_10	synonym
28	179838_11	synonym
28	157548_7	synonym
28	195471_10	synonym
28	195471_11	synonym
28	195471_12	synonym
28	157548_9	synonym
28	179838_12	synonym
28	161844_10	implication
28	105694_13	synonym
28	133855_16	implication
28	102433_2	abbreviation
28	179838_19	synonym
28	102433_4	implication
28	102433_5	synonym
28	173316_10	synonym
28	102433_6	synonym
28	102433_7	synonym
28	137869_2	synonym
28	150402_2	synonym
28	150402_3	implication
28	157548_18	implication
28	126623_6	implication
28	173316_11	synonym
28	102433_8	synonym
28	163153_6	implication
28	131974_10	implication
28	150402_5	implication
28	150402_6	implication
28	126623_8	synonym
28	127159_5	implication
28	163153_7	synonym
28	131974_12	implication
28	150402_9	synonym
28	150402_10	synonym
28	170628_1	synonym
28	126623_14	synonym
28	170628_2	abbreviation
28	163153_13	synonym
28	197459_4	implication
28	126341_15	synonym
28	102433_16	implication
28	163153_14	synonym
28	170628_4	implication
28	131974_17	synonym
28	163153_15	synonym
28	163153_16	synonym
28	131974_18	synonym
28	102433_20	synonym
28	163153_17	synonym
28	170628_6	implication
28	170628_7	synonym
28	197459_12	synonym
28	150402_19	hyponym
28	186515_0	synonym
28	170628_8	abbreviation
28	179440_1	abbreviation
28	137869_12	implication
28	170628_9	abbreviation
28	170628_10	abbreviation
28	139249_2	synonym
28	137869_13	synonym
28	186515_1	synonym
28	132786_4	implication
28	151543_7	synonym
28	151543_8	synonym
28	137869_14	implication
28	163153_22	abbreviation
28	163153_23	synonym
28	179440_8	synonym
28	132786_6	synonym
28	186515_3	implication
28	186515_4	synonym
28	170628_12	synonym
28	132786_7	implication
28	137869_15	synonym
28	186515_5	implication
28	131974_27	synonym
28	129255_6	synonym
28	131974_28	synonym
28	132786_11	synonym
28	132786_12	synonym
28	165857_5	hyponym
28	165857_6	synonym
28	129255_7	implication
28	137869_17	implication
28	119239_6	synonym
28	119239_7	hyponym
28	119239_8	synonym
28	132786_13	implication
28	179440_17	abbreviation
28	179440_18	synonym
28	151543_14	implication
28	119239_9	implication
28	119239_10	synonym
28	151543_15	synonym
28	179440_20	synonym
28	179440_21	synonym
28	146958_5	synonym
28	126341_28	synonym
28	128050_0	implication
28	147502_0	abbreviation
28	147502_1	implication
28	109361_3	synonym
28	198152_2	implication
28	128050_1	implication
28	146958_9	implication
28	147502_3	implication
28	198152_3	synonym
28	199482_9	implication
28	109361_4	synonym
28	119239_19	hyponym
28	100037_11	synonym
28	100037_12	abbreviation
28	198152_4	implication
28	151543_26	implication
28	146958_12	synonym
28	137477_5	synonym
28	137477_6	synonym
28	119239_20	hyponym
28	109361_11	synonym
28	109361_12	synonym
28	128050_6	implication
28	198152_6	implication
28	137477_8	synonym
28	101833_2	synonym
28	161968_16	implication
28	109361_13	synonym
28	171753_2	implication
28	171753_3	synonym
28	101833_3	abbreviation
28	149256_1	implication
28	128050_8	synonym
28	146958_16	hyponym
28	167883_1	synonym
28	147502_8	synonym
28	128050_9	synonym
28	129578_3	implication
28	171753_6	synonym
28	171753_7	synonym
28	147502_9	synonym
28	101833_5	implication
28	167883_3	implication
28	128050_11	implication
28	147502_10	synonym
28	171753_9	synonym
28	101833_6	implication
28	147502_11	synonym
28	128744_0	abbreviation
28	128744_1	synonym
28	171753_12	synonym
28	161968_24	synonym
28	167883_7	synonym
28	198152_12	synonym
28	137869_31	synonym
28	129578_6	implication
28	129578_7	implication
28	170614_9	implication
28	128744_2	synonym
28	128744_3	abbreviation
28	128744_4	abbreviation
28	147502_14	synonym
28	128050_14	synonym
28	107701_0	synonym
28	149256_12	implication
28	128744_7	synonym
28	167883_10	synonym
28	167883_11	synonym
28	147502_16	synonym
28	167883_12	synonym
28	147502_17	synonym
28	101833_12	synonym
28	170614_14	implication
28	137856_3	implication
28	128050_19	implication
28	104268_1	synonym
28	170614_16	implication
28	164384_3	implication
28	114845_5	implication
28	167883_17	synonym
28	119273_0	synonym
28	107701_12	synonym
28	107701_13	synonym
28	133242_1	implication
28	114845_7	abbreviation
28	170614_17	synonym
28	167883_18	synonym
28	167883_19	synonym
28	133242_2	synonym
28	186436_9	synonym
28	170614_19	hyponym
28	114845_8	abbreviation
28	128050_21	synonym
28	128050_22	synonym
28	119273_5	synonym
28	164384_7	implication
28	128050_23	synonym
28	199482_27	abbreviation
28	170614_22	synonym
28	119273_6	synonym
28	119273_7	synonym
28	133242_4	implication
28	133242_5	implication
28	114845_10	implication
28	104268_4	implication
28	131087_6	synonym
28	164384_8	synonym
28	119273_8	synonym
28	115173_4	implication
28	198152_22	synonym
28	186436_12	implication
28	133242_6	synonym
28	164384_9	synonym
28	132914_0	abbreviation
28	131087_10	synonym
28	132914_1	synonym
28	198152_25	synonym
28	186436_16	implication
28	133242_11	synonym
28	115173_10	synonym
28	131087_11	synonym
28	132914_2	abbreviation
28	101833_24	synonym
28	119273_16	synonym
28	133242_12	abbreviation
28	195624_6	synonym
28	179642_0	synonym
28	101833_25	synonym
28	115173_13	synonym
28	186436_18	implication
28	101833_26	synonym
28	115173_15	implication
28	115173_16	synonym
28	131087_15	synonym
28	179642_3	implication
28	132914_4	implication
28	104268_9	implication
28	135705_0	implication
28	135705_1	synonym
28	119273_21	implication
28	133242_14	implication
28	195624_7	synonym
28	132914_6	synonym
28	104268_10	synonym
28	166034_3	implication
28	135705_4	synonym
28	135705_5	implication
28	179642_9	implication
28	118501_4	synonym
28	118501_5	synonym
28	132914_7	synonym
28	135705_6	synonym
28	104841_3	implication
28	104841_4	abbreviation
28	179642_10	synonym
28	179642_12	synonym
28	118501_6	implication
28	186927_0	synonym
28	104268_14	synonym
28	166034_7	implication
28	118501_10	synonym
28	186927_1	synonym
28	135705_8	implication
28	132914_10	abbreviation
28	132914_11	synonym
28	141825_1	synonym
28	135705_9	synonym
28	135705_10	synonym
28	186927_5	synonym
28	135705_11	synonym
28	104841_12	implication
28	179642_20	synonym
28	186141_5	synonym
28	186927_8	synonym
28	141825_4	implication
28	104268_18	synonym
28	186141_6	synonym
28	104841_13	synonym
28	132914_15	synonym
28	132914_16	synonym
28	186927_9	synonym
28	186927_10	synonym
28	104841_18	synonym
28	186927_11	abbreviation
28	186927_12	synonym
28	132914_17	synonym
28	193944_0	synonym
28	186927_14	implication
28	104841_19	implication
28	104841_20	implication
28	185494_1	implication
28	135705_18	synonym
28	150548_1	synonym
28	112834_6	implication
28	112834_7	synonym
28	104841_21	implication
28	186927_16	implication
28	186927_17	synonym
28	150548_2	implication
28	185494_2	implication
28	174736_1	synonym
28	174736_2	implication
28	112834_8	implication
28	112834_9	synonym
28	185494_5	synonym
28	135705_19	synonym
28	186927_18	synonym
28	191331_0	synonym
28	166034_17	synonym
28	104268_25	synonym
28	150548_5	implication
28	191331_2	implication
28	191331_3	synonym
28	188241_4	implication
28	174736_5	implication
28	191331_4	synonym
28	191331_5	synonym
28	185494_8	synonym
28	174736_7	synonym
28	174736_8	abbreviation
28	193944_7	synonym
28	147165_0	synonym
28	147165_1	synonym
28	191244_0	implication
28	191331_7	synonym
28	191331_9	synonym
28	144298_6	synonym
28	112834_17	synonym
28	150548_8	synonym
28	193944_8	abbreviation
28	142089_5	synonym
28	188241_7	implication
28	100921_1	implication
28	105017_2	implication
28	193944_9	synonym
28	191244_1	synonym
28	191244_2	implication
28	142089_6	synonym
28	174736_12	synonym
28	188241_8	implication
28	191244_4	implication
28	142089_7	implication
28	193944_10	implication
28	106327_2	synonym
28	191244_5	synonym
28	191244_6	synonym
28	150548_11	synonym
28	106773_5	synonym
28	147165_4	implication
28	147165_5	synonym
28	185494_15	implication
28	100921_4	implication
28	105017_6	implication
28	191244_7	synonym
28	106773_7	implication
28	142089_8	synonym
28	185494_16	synonym
28	106773_8	synonym
28	106773_9	implication
28	184905_12	implication
28	105017_8	implication
28	144298_14	synonym
28	188241_14	implication
28	105017_9	implication
28	191244_12	synonym
28	191244_13	synonym
28	147165_10	synonym
28	129611_9	synonym
28	193944_15	synonym
28	106327_7	synonym
28	147165_12	synonym
28	118218_1	synonym
28	144298_17	synonym
28	144298_18	synonym
28	191244_14	implication
28	118218_2	implication
28	142089_14	synonym
28	166034_29	synonym
28	105017_14	implication
28	183737_1	implication
28	142089_15	synonym
28	166034_30	synonym
28	183737_2	synonym
28	105017_16	synonym
28	187941_2	synonym
28	118218_5	implication
28	183737_4	synonym
28	187941_5	implication
28	105017_18	synonym
28	183737_5	synonym
28	187941_6	synonym
28	187941_7	synonym
28	129501_1	synonym
28	144298_29	synonym
28	138376_0	synonym
28	187941_10	implication
28	187941_11	implication
28	132513_9	implication
28	144298_31	synonym
28	183737_9	synonym
28	129501_3	synonym
28	118218_10	implication
28	138376_1	synonym
28	187941_12	implication
28	183737_10	synonym
28	138376_2	synonym
28	129501_6	implication
28	129501_7	synonym
28	157548_1	synonym
28	167972_9	implication
28	118218_13	synonym
28	105017_27	hyponym
28	105017_28	synonym
28	138376_5	synonym
28	106091_1	implication
28	157548_3	implication
28	138376_6	synonym
28	167972_11	implication
28	157548_4	synonym
28	132513_12	synonym
28	106091_2	synonym
28	106091_3	implication
28	118218_17	implication
28	106091_7	implication
28	106091_8	implication
28	132513_17	synonym
28	116117_6	synonym
28	106091_9	implication
28	158768_18	synonym
28	118218_20	implication
28	151192_1	synonym
28	118218_23	synonym
28	106091_13	abbreviation
28	106091_14	implication
28	151192_2	synonym
28	118218_24	synonym
28	116117_10	synonym
28	116117_11	implication
28	151192_5	implication
28	167972_19	synonym
28	102758_1	synonym
28	195471_0	synonym
28	106091_20	synonym
28	189423_2	implication
28	195471_1	hyponym
28	195471_3	synonym
28	167972_21	synonym
28	179838_0	hyponym
28	102758_4	implication
28	179838_1	implication
28	179838_2	implication
28	179838_3	abbreviation
28	195471_4	implication
28	195471_5	synonym
28	195471_6	synonym
28	105694_0	implication
28	105694_1	implication
28	195471_7	synonym
28	195471_8	implication
28	102758_6	synonym
28	159894_11	implication
28	179838_8	implication
28	189423_10	implication
28	159894_12	synonym
28	189423_11	implication
28	102758_10	synonym
28	105694_10	synonym
28	102758_11	implication
28	159894_16	hyponym
28	161844_4	synonym
29	179838_9	synonym
29	179838_10	synonym
29	140477_0	synonym
29	108346_1	implication
29	108346_2	synonym
29	140477_5	synonym
29	108346_8	hyponym
29	108346_9	synonym
29	139249_7	implication
29	112857_0	hyponym
29	112857_1	synonym
29	112857_5	hyponym
29	112857_6	implication
29	146406_5	hyponym
29	146406_7	hyponym
29	179838_4	synonym
30	179838_11	hyponym
30	179838_12	hyponym
30	179838_15	implication
30	163153_0	hyponym
30	179838_18	implication
30	179838_21	implication
30	163153_2	implication
30	167697_2	hyponym
30	144657_1	hyponym
30	144657_2	hyponym
30	101882_0	hyponym
30	101882_1	hyponym
30	101882_2	implication
30	101882_4	implication
30	101882_5	hyponym
30	144657_6	implication
30	101882_6	hyponym
30	101882_7	synonym
30	144657_9	hyponym
30	174964_0	hyponym
30	163153_15	synonym
30	174964_1	implication
30	167697_10	implication
30	167697_11	implication
30	174964_3	hyponym
30	176617_0	synonym
30	176617_1	hyponym
30	176617_2	hyponym
30	176617_3	implication
30	163153_24	implication
30	174964_12	hyponym
30	176617_11	implication
30	176617_12	hyponym
30	174964_17	implication
30	174964_19	hyponym
30	174964_20	implication
30	174964_21	hyponym
30	161610_0	hyponym
30	161610_1	synonym
30	161610_3	hyponym
30	115173_2	hyponym
30	179480_0	implication
30	179480_3	hyponym
30	161610_8	hyponym
30	115173_8	implication
30	161610_9	implication
30	179480_5	implication
30	113598_0	hyponym
30	115173_13	hyponym
30	115173_15	implication
30	115173_16	hyponym
30	161610_12	hyponym
30	113598_2	hyponym
30	161610_13	hyponym
30	161610_14	implication
30	101480_0	hyponym
30	113598_7	hyponym
30	179480_10	implication
30	113598_8	hyponym
30	113598_9	implication
30	122992_0	hyponym
30	122992_1	implication
30	113598_11	implication
30	161610_16	hyponym
30	101480_4	implication
30	113598_13	implication
30	122992_2	implication
30	122992_5	implication
30	161610_19	implication
30	113598_15	hyponym
30	122992_7	hyponym
30	113598_16	implication
30	113598_17	abbreviation
30	122992_8	hyponym
30	122992_9	hyponym
30	161610_20	implication
30	161610_23	synonym
30	179480_20	implication
30	122992_14	implication
30	122992_15	implication
30	179480_21	hyponym
30	174736_0	hyponym
30	122992_18	hyponym
30	174736_2	hyponym
30	191331_0	hyponym
30	122992_20	implication
30	101480_17	implication
30	179480_25	hyponym
30	191331_1	hyponym
30	191331_2	implication
30	174736_6	hyponym
30	191331_4	hyponym
30	174736_7	hyponym
30	174736_8	hyponym
30	191331_8	hyponym
30	191331_9	hyponym
30	101480_21	implication
30	101480_22	implication
30	179480_29	implication
30	174736_10	implication
30	174736_11	implication
30	174736_12	hyponym
30	179480_32	implication
30	179480_37	hyponym
30	137106_0	hyponym
30	137106_1	implication
30	138376_0	hyponym
30	137106_2	hyponym
30	137106_4	synonym
30	137106_5	hyponym
30	137106_6	implication
30	137106_8	implication
30	137106_9	implication
30	137106_10	implication
30	160997_8	implication
30	137106_12	implication
30	137106_13	implication
30	137106_14	hyponym
30	137106_15	hyponym
30	160997_19	implication
30	160997_21	implication
30	102758_2	synonym
30	160997_24	hyponym
30	102758_4	implication
30	179838_1	implication
30	179838_2	implication
30	179838_3	hyponym
30	179838_4	implication
30	102758_11	implication
31	146406_9	synonym
31	137091_16	synonym
31	117293_0	synonym
31	137091_18	synonym
31	117293_1	synonym
31	137091_20	hyponym
31	117293_2	synonym
31	137091_21	synonym
31	117293_3	synonym
31	137091_22	synonym
31	137091_23	synonym
31	117293_6	synonym
31	117293_7	synonym
31	117293_13	hyponym
31	117293_25	synonym
31	117293_26	implication
31	117293_30	hyponym
31	117293_32	implication
31	117293_33	hyponym
31	117293_37	synonym
31	117293_38	synonym
31	171496_0	hyponym
31	162749_0	synonym
31	171496_4	synonym
31	162749_1	synonym
31	162749_3	synonym
31	162749_7	synonym
31	171496_13	implication
31	171496_15	hyponym
31	162749_8	synonym
31	162749_9	synonym
31	171496_16	hyponym
31	162749_10	synonym
31	162749_11	synonym
31	162749_13	synonym
31	162749_15	synonym
31	162749_17	synonym
31	162749_19	synonym
31	146406_0	hyponym
31	146406_3	synonym
31	137091_0	synonym
31	137091_1	implication
31	137091_2	implication
31	137091_4	synonym
31	137091_5	synonym
31	137091_11	synonym
31	137091_12	synonym
31	137091_13	synonym
32	146406_10	synonym
32	146406_0	synonym
32	146406_2	synonym
32	146406_8	implication
33	116820_11	synonym
33	116820_12	synonym
33	149095_5	synonym
33	171203_3	implication
33	171203_4	synonym
33	187378_13	synonym
33	171203_5	hyponym
33	187378_15	synonym
33	187378_16	synonym
33	187378_17	synonym
33	187378_18	synonym
33	187378_19	synonym
33	187378_20	synonym
33	187378_21	implication
33	187378_25	synonym
33	187378_26	synonym
33	197459_0	implication
33	197459_1	implication
33	197459_2	implication
33	197459_4	implication
33	151408_2	implication
33	166902_3	synonym
33	151408_4	synonym
33	151408_5	synonym
33	151408_6	implication
33	197459_5	implication
33	197459_6	implication
33	144754_0	synonym
33	197459_8	synonym
33	197459_9	implication
33	151408_7	synonym
33	151408_9	synonym
33	197459_11	synonym
33	197459_12	synonym
33	144754_3	synonym
33	166902_11	synonym
33	166902_13	synonym
33	166902_15	synonym
33	166902_16	implication
33	102931_0	synonym
33	166902_19	synonym
33	119239_0	hyponym
33	178961_0	synonym
33	119239_1	synonym
33	119239_2	synonym
33	119239_3	synonym
33	144754_8	hyponym
33	144754_9	synonym
33	162213_8	implication
33	166902_24	synonym
33	102931_4	implication
33	119239_4	synonym
33	119239_5	synonym
33	144754_10	synonym
33	102931_5	implication
33	102931_6	implication
33	162213_10	implication
33	119239_6	implication
33	119239_7	hyponym
33	144754_11	synonym
33	102931_7	implication
33	119239_10	synonym
33	162213_12	synonym
33	144754_12	synonym
33	136671_1	synonym
33	178961_4	synonym
33	166902_31	implication
33	166902_32	synonym
33	144754_15	synonym
33	102931_11	synonym
33	102931_12	synonym
33	166902_33	synonym
33	136671_2	synonym
33	136671_3	synonym
33	199568_0	implication
33	166902_35	synonym
33	166902_36	implication
33	144754_18	implication
33	178961_6	implication
33	144754_19	hyponym
33	119239_19	synonym
33	199568_1	implication
33	199568_2	implication
33	199568_3	synonym
33	178961_7	implication
33	136671_7	synonym
33	144754_20	synonym
33	199568_4	implication
33	199568_5	implication
33	102931_17	synonym
33	102931_18	implication
33	136671_9	implication
33	166902_42	synonym
33	102931_19	implication
33	102931_20	synonym
33	199568_6	implication
33	199568_7	synonym
33	199568_8	synonym
33	162213_21	implication
33	199568_9	hyponym
33	199568_10	implication
33	102931_21	synonym
33	162213_22	synonym
33	136671_12	synonym
33	199568_11	synonym
33	199568_12	synonym
33	199568_13	synonym
33	136671_14	synonym
33	199568_14	implication
33	102931_26	synonym
33	178961_14	synonym
33	199568_16	synonym
33	199568_17	synonym
33	102931_27	synonym
33	102931_28	synonym
33	136671_15	synonym
33	152972_0	hyponym
33	178961_15	synonym
33	199568_18	synonym
33	199568_19	implication
33	102931_29	synonym
33	152972_3	synonym
33	199568_20	implication
33	136671_18	synonym
33	152972_4	synonym
33	152972_5	synonym
33	136671_20	implication
33	165603_0	synonym
33	152972_6	synonym
33	152972_7	synonym
33	152972_8	synonym
33	144754_39	hyponym
33	137856_4	synonym
33	136671_22	hyponym
33	136671_23	synonym
33	103679_4	implication
33	103679_6	synonym
33	103679_7	synonym
33	103679_8	synonym
33	137856_12	synonym
33	137856_13	abbreviation
33	165603_5	implication
33	178961_24	synonym
33	175366_9	synonym
33	175366_14	synonym
33	148450_1	implication
33	175366_16	hyponym
33	175366_17	hyponym
33	175366_23	synonym
33	148450_9	synonym
33	175366_24	synonym
33	148450_10	synonym
33	165603_19	synonym
33	148450_14	synonym
33	165603_28	implication
33	165603_29	synonym
33	165603_33	hyponym
33	165603_36	synonym
33	165603_37	implication
33	122578_1	implication
33	122578_6	implication
33	151265_0	implication
33	122578_9	implication
33	141582_0	implication
33	141582_1	implication
33	141582_2	synonym
33	151265_8	implication
33	141582_6	implication
33	149095_1	implication
33	149095_4	implication
33	141582_8	synonym
33	141582_9	hyponym
33	141582_10	synonym
33	141582_11	synonym
33	141582_12	synonym
33	151265_15	synonym
33	151265_16	implication
33	187378_4	synonym
33	187378_7	implication
33	187378_8	implication
33	116820_0	implication
33	116820_1	implication
33	116820_2	implication
33	116820_3	synonym
33	116820_5	implication
33	116820_6	implication
33	116820_7	implication
33	116820_9	synonym
33	116820_10	synonym
34	116820_11	synonym
34	116820_12	synonym
34	171203_1	implication
34	171203_2	synonym
34	171203_3	synonym
34	171203_4	synonym
34	145132_1	synonym
34	155571_0	synonym
34	155571_2	synonym
34	155571_4	implication
34	155571_5	synonym
34	155571_6	synonym
34	155571_7	synonym
34	155571_8	synonym
34	150319_0	implication
34	150319_1	synonym
34	150319_5	implication
34	184358_2	synonym
34	150319_6	synonym
34	150319_7	synonym
34	150319_8	implication
34	126341_16	synonym
34	150319_11	synonym
34	184358_9	synonym
34	126341_17	synonym
34	150319_13	synonym
34	184358_10	synonym
34	184358_11	synonym
34	184358_12	synonym
34	150319_15	synonym
34	126341_18	synonym
34	184358_13	synonym
34	184358_14	synonym
34	126341_19	synonym
34	126341_20	synonym
34	184358_17	synonym
34	126341_21	synonym
34	177125_1	synonym
34	177125_5	implication
34	177125_6	synonym
34	177125_7	synonym
34	126341_26	synonym
34	126341_27	synonym
34	177125_8	synonym
34	136671_2	synonym
34	177125_10	synonym
34	177125_11	synonym
34	177125_12	synonym
34	110481_0	synonym
34	122400_0	abbreviation
34	122400_1	synonym
34	177125_13	synonym
34	177125_15	synonym
34	110481_1	synonym
34	110481_2	synonym
34	110481_3	synonym
34	110481_4	synonym
34	177125_18	synonym
34	177125_19	synonym
34	177125_20	implication
34	177125_21	synonym
34	177125_22	implication
34	122400_4	synonym
34	122400_5	synonym
34	110481_5	abbreviation
34	142645_0	hyponym
34	126341_34	synonym
34	136671_9	implication
34	122400_6	synonym
34	126341_35	synonym
34	122400_7	synonym
34	110481_9	synonym
34	126341_36	synonym
34	142645_4	synonym
34	122400_8	synonym
34	122400_9	synonym
34	142645_6	synonym
34	142645_7	synonym
34	122400_10	synonym
34	136671_14	synonym
34	142645_8	synonym
34	142645_9	synonym
34	136671_15	synonym
34	142645_10	abbreviation
34	142645_11	synonym
34	122400_13	synonym
34	122400_14	synonym
34	136671_17	synonym
34	124897_0	synonym
34	142645_12	implication
34	122400_15	synonym
34	122400_16	synonym
34	122400_17	synonym
34	124897_3	synonym
34	142645_14	string
34	142645_15	string
34	122400_18	implication
34	122629_1	synonym
34	124897_4	implication
34	124897_5	hyponym
34	122629_4	synonym
34	122400_21	implication
34	122629_5	synonym
34	122629_6	synonym
34	122629_7	implication
34	157809_0	implication
34	126490_1	synonym
34	122629_10	synonym
34	122629_11	synonym
34	179117_0	hyponym
34	157809_1	implication
34	157809_2	synonym
34	157809_3	implication
34	157809_4	implication
34	179117_4	synonym
34	179117_5	synonym
34	126490_6	implication
34	126490_7	synonym
34	126490_8	synonym
34	122400_28	synonym
34	157809_5	synonym
34	157809_6	synonym
34	179117_6	synonym
34	179117_7	synonym
34	126490_9	abbreviation
34	157809_7	synonym
34	157809_8	implication
34	179117_8	hyponym
34	179117_9	hyponym
34	126490_12	implication
34	179117_10	synonym
34	179117_11	synonym
34	157809_9	synonym
34	122400_33	implication
34	157809_11	implication
34	179117_12	synonym
34	179117_13	hyponym
34	122400_34	implication
34	106334_1	synonym
34	126490_17	string
34	122400_36	synonym
34	106334_3	implication
34	109928_0	abbreviation
34	109928_1	implication
34	157809_16	synonym
34	109928_2	synonym
34	157809_17	synonym
34	171496_0	synonym
34	109928_7	implication
34	171496_1	implication
34	171496_2	synonym
34	106334_12	synonym
34	106334_13	synonym
34	106334_14	synonym
34	109928_10	string
34	109928_11	abbreviation
34	171496_8	implication
34	171496_9	synonym
34	106334_16	synonym
34	196268_0	hyponym
34	109928_12	synonym
34	109928_13	synonym
34	109928_14	string
34	171496_10	synonym
34	171496_12	synonym
34	196268_1	synonym
34	196268_2	synonym
34	196268_3	synonym
34	196268_4	synonym
34	171496_13	synonym
34	109928_15	string
34	109928_16	abbreviation
34	171123_0	hyponym
34	196268_6	synonym
34	196268_7	hyponym
34	171123_1	synonym
34	109928_17	synonym
34	171496_16	synonym
34	171123_6	synonym
34	109928_20	synonym
34	171123_7	synonym
34	171123_8	hyponym
34	171123_9	string
34	109928_21	implication
34	109928_22	synonym
34	171123_10	synonym
34	195655_0	synonym
34	106482_1	implication
34	195655_2	synonym
34	106482_3	hyponym
34	106482_5	synonym
34	106482_7	hyponym
34	195655_9	implication
34	195655_10	synonym
34	195655_11	string
34	195655_12	synonym
34	195655_15	synonym
34	129051_0	hyponym
34	129051_3	implication
34	129051_5	implication
34	129051_6	implication
34	171203_0	synonym
34	129051_8	implication
34	116820_1	implication
34	116820_9	synonym
35	116820_12	implication
35	193756_16	synonym
35	195471_10	implication
35	114177_9	synonym
35	138678_28	implication
35	161844_9	synonym
35	161844_10	synonym
35	186325_11	implication
35	106794_18	synonym
35	161844_11	implication
35	149591_0	synonym
35	114177_10	implication
35	106794_19	implication
35	133990_0	synonym
35	143223_3	synonym
35	106794_21	implication
35	106794_22	implication
35	131974_4	synonym
35	149591_3	implication
35	167773_2	synonym
35	138286_14	implication
35	138286_15	implication
35	106794_24	synonym
35	149591_4	implication
35	149591_6	synonym
35	138678_32	synonym
35	138286_17	synonym
35	176996_4	synonym
35	153552_1	synonym
35	157685_0	synonym
35	108346_1	synonym
35	130230_3	synonym
35	162525_3	synonym
35	157685_3	synonym
35	137869_4	synonym
35	106794_30	implication
35	152649_1	synonym
35	133990_10	synonym
35	133990_11	implication
35	167773_8	synonym
35	167773_9	synonym
35	133568_2	synonym
35	108346_5	implication
35	108346_6	implication
35	153552_8	synonym
35	137869_6	synonym
35	157685_7	implication
35	184214_18	synonym
35	162525_7	implication
35	153552_9	synonym
35	133568_5	implication
35	116955_13	synonym
35	170628_3	synonym
35	147969_0	synonym
35	150588_14	synonym
35	184541_7	synonym
35	130230_13	synonym
35	131974_19	synonym
35	130230_14	implication
35	147969_5	synonym
35	131974_20	synonym
35	174964_3	synonym
35	174964_4	synonym
35	143223_20	implication
35	158950_2	implication
35	158950_4	synonym
35	131974_21	synonym
35	130230_15	synonym
35	119502_4	synonym
35	133568_13	implication
35	133568_14	implication
35	157685_18	synonym
35	130230_16	synonym
35	147969_7	implication
35	147969_8	synonym
35	152649_17	synonym
35	133568_15	synonym
35	176996_18	synonym
35	157685_20	implication
35	104777_1	synonym
35	131974_23	implication
35	150588_21	synonym
35	133568_16	implication
35	170628_11	synonym
35	147969_10	synonym
35	150588_22	implication
35	152649_20	synonym
35	158827_2	synonym
35	184541_18	synonym
35	184541_19	implication
35	133568_18	synonym
35	150588_23	synonym
35	176996_20	implication
35	150588_24	synonym
35	149436_2	synonym
35	184541_20	implication
35	133568_19	implication
35	133568_20	synonym
35	139249_6	implication
35	124621_3	synonym
35	104582_4	synonym
35	150588_26	implication
35	174964_15	synonym
35	104582_5	synonym
35	158827_10	synonym
35	158827_11	implication
35	158827_12	implication
35	146958_6	synonym
35	174964_18	implication
35	147969_20	synonym
35	104582_8	implication
35	146958_7	synonym
35	120701_3	synonym
35	104582_11	synonym
35	147969_22	implication
35	149436_11	synonym
35	120701_5	synonym
35	196878_1	synonym
35	170892_18	synonym
35	170892_19	implication
35	149436_13	synonym
35	168116_2	synonym
35	119502_21	implication
35	119502_22	synonym
35	137869_25	implication
35	168116_3	synonym
35	170892_21	implication
35	170892_22	implication
35	128247_3	synonym
35	159968_1	synonym
35	104777_21	implication
35	104777_22	synonym
35	199085_2	synonym
35	121925_1	synonym
35	146958_15	synonym
35	104582_17	synonym
35	196878_9	implication
35	146958_16	synonym
35	196148_4	synonym
35	120701_16	synonym
35	196878_10	implication
35	196878_11	implication
35	104582_19	synonym
35	168116_7	implication
35	160184_0	synonym
35	160184_1	synonym
35	124621_16	synonym
35	195244_8	synonym
35	196880_3	synonym
35	120701_17	implication
35	120701_18	synonym
35	159968_8	synonym
35	104582_20	implication
35	104582_21	synonym
35	195244_9	synonym
35	195244_10	synonym
35	121925_5	synonym
35	155569_8	implication
35	165519_12	synonym
35	128247_11	synonym
35	128247_12	implication
35	159675_2	synonym
35	195244_12	implication
35	159968_9	implication
35	165519_13	implication
35	128247_14	synonym
35	155569_9	synonym
35	165519_14	implication
35	160184_8	synonym
35	160184_9	synonym
35	160184_10	implication
35	195244_13	implication
35	195244_14	implication
35	199085_12	synonym
35	114528_15	implication
35	128247_15	synonym
35	124621_21	synonym
35	114528_18	synonym
35	196880_10	synonym
35	165056_0	implication
35	165056_1	implication
35	102679_1	synonym
35	141538_0	synonym
35	139341_2	synonym
35	190150_1	synonym
35	190150_3	synonym
35	196880_13	synonym
35	196880_14	synonym
35	199085_16	implication
35	173124_3	synonym
35	165056_3	synonym
35	121925_14	implication
35	141538_5	synonym
35	141538_6	implication
35	199642_7	synonym
35	121925_16	implication
35	199085_20	implication
35	102679_7	implication
35	102679_9	synonym
35	165056_6	implication
35	141538_8	synonym
35	121925_20	synonym
35	198482_0	synonym
35	199642_16	synonym
35	121743_0	synonym
35	199642_18	synonym
35	121743_1	synonym
35	121743_2	implication
35	123916_0	synonym
35	198482_5	synonym
35	199642_20	implication
35	161418_3	synonym
35	161418_4	synonym
35	123916_3	synonym
35	196148_24	synonym
35	165056_16	synonym
35	173124_24	synonym
35	173124_25	synonym
35	173124_27	synonym
35	121743_6	implication
35	165056_17	implication
35	196148_25	synonym
35	165056_18	implication
35	121743_11	synonym
35	196148_26	implication
35	123916_8	synonym
35	123916_9	implication
35	196148_27	implication
35	185823_7	synonym
35	123916_11	synonym
35	197122_0	synonym
35	161418_13	implication
35	196148_30	synonym
35	172884_1	synonym
35	171659_2	synonym
35	196148_33	implication
35	197122_3	synonym
35	161418_16	synonym
35	161418_17	synonym
35	140236_1	synonym
35	172884_8	implication
35	172884_9	implication
35	185823_16	implication
35	194649_4	synonym
35	171659_10	synonym
35	141084_4	synonym
35	167675_1	synonym
35	139341_20	implication
35	176827_2	synonym
35	176827_3	implication
35	171659_11	synonym
35	171659_12	synonym
35	139341_21	implication
35	128587_2	synonym
35	105861_19	synonym
35	176827_9	synonym
35	159675_48	synonym
35	139341_22	implication
35	143937_1	synonym
35	194649_12	synonym
35	194649_13	implication
35	105861_21	implication
35	176827_10	implication
35	128587_5	implication
35	140236_10	implication
35	140236_11	implication
35	194649_14	synonym
35	105861_24	implication
35	128587_7	synonym
35	141084_16	synonym
35	141084_17	synonym
35	100754_5	synonym
35	100754_6	synonym
35	128587_9	synonym
35	141084_18	synonym
35	140236_14	synonym
35	167675_14	synonym
35	184598_1	synonym
35	167675_16	synonym
35	143937_9	implication
35	143937_10	implication
35	190805_2	synonym
35	190805_3	implication
35	197122_22	synonym
35	184598_6	synonym
35	184598_8	implication
35	167675_18	synonym
35	176333_1	synonym
35	106327_0	synonym
35	106327_1	implication
35	143937_13	synonym
35	100754_19	synonym
35	190805_8	implication
35	190805_9	synonym
35	176333_8	synonym
35	176333_9	implication
35	145308_3	synonym
35	106327_4	synonym
35	112777_1	synonym
35	129279_2	synonym
35	106327_8	implication
35	106327_9	implication
35	129279_3	implication
35	145308_8	synonym
35	132513_3	synonym
35	145308_10	synonym
35	129279_5	implication
35	193756_4	synonym
35	129279_6	implication
35	112777_8	synonym
35	140282_1	synonym
35	140282_2	implication
35	122626_2	synonym
35	193756_8	implication
35	140282_6	implication
35	140282_7	implication
35	140282_8	synonym
35	193756_11	synonym
35	192975_1	synonym
35	154469_2	synonym
35	122626_9	implication
35	122626_10	synonym
35	193756_14	implication
35	114177_0	synonym
35	121917_10	implication
35	114177_2	synonym
35	114177_3	synonym
35	192975_9	synonym
35	114177_5	synonym
35	132513_13	synonym
35	132513_14	implication
35	138678_5	synonym
35	132513_15	implication
35	141582_3	synonym
35	186325_1	synonym
35	159434_2	synonym
35	184214_3	synonym
35	159894_3	implication
35	138678_9	implication
35	159894_4	implication
35	138678_10	synonym
35	122903_5	synonym
35	141582_12	implication
35	176107_4	synonym
35	106794_6	synonym
35	176107_5	synonym
35	159434_10	implication
35	159434_12	synonym
35	195471_2	implication
35	138286_1	synonym
35	138678_17	implication
35	176107_11	synonym
35	176107_12	synonym
35	195471_9	synonym
35	138678_18	implication
35	176107_13	implication
35	176107_14	implication
35	159894_14	implication
35	138678_26	implication
35	138678_27	synonym
35	161844_0	synonym
35	161844_1	synonym
36	184450_20	string
36	104582_0	string
36	104582_1	string
36	170892_11	hyponym
36	104582_4	string
36	170892_12	string
36	170892_13	string
36	104582_14	string
36	104582_15	string
36	170892_27	implication
36	107052_0	implication
36	107052_1	implication
36	107052_9	synonym
36	184450_0	implication
36	184450_2	string
36	184450_4	synonym
36	184450_8	string
37	184450_20	synonym
37	136424_16	synonym
37	140402_13	implication
37	140402_14	implication
37	185487_12	implication
37	102889_1	implication
37	128251_7	implication
37	136049_7	implication
37	136049_8	implication
37	156025_1	synonym
37	122903_10	implication
37	117505_12	synonym
37	100559_0	abbreviation
37	100559_1	hyponym
37	114177_9	hyponym
37	106611_1	synonym
37	106611_2	implication
37	155571_0	hyponym
37	196459_4	hyponym
37	139585_1	implication
37	127915_9	implication
37	137438_4	synonym
37	157640_22	abbreviation
37	100559_3	hyponym
37	136424_17	hyponym
37	179225_1	synonym
37	156025_4	synonym
37	156025_5	synonym
37	153406_0	synonym
37	153866_0	synonym
37	116778_2	synonym
37	125101_13	implication
37	125101_14	implication
37	180884_12	hyponym
37	165510_12	hyponym
37	171913_13	implication
37	155571_3	hyponym
37	136424_19	implication
37	197331_1	synonym
37	137091_19	implication
37	144659_12	implication
37	153406_2	synonym
37	127915_10	synonym
37	153866_3	synonym
37	125101_15	implication
37	133990_0	synonym
37	184788_1	synonym
37	136424_21	synonym
37	179225_4	implication
37	179104_17	implication
37	131974_3	synonym
37	197871_15	synonym
37	106794_21	implication
37	106794_22	implication
37	171913_14	synonym
37	171913_15	synonym
37	155571_6	hyponym
37	155571_8	implication
37	139585_6	synonym
37	125101_17	synonym
37	117505_19	implication
37	100559_10	synonym
37	179104_19	synonym
37	179104_20	implication
37	102889_9	abbreviation
37	150402_0	abbreviation
37	128993_2	synonym
37	122903_16	synonym
37	122903_17	implication
37	139485_19	implication
37	179225_7	implication
37	190272_13	implication
37	100559_13	synonym
37	168411_2	synonym
37	153866_11	synonym
37	128993_3	synonym
37	153406_11	synonym
37	153406_12	implication
37	106794_25	implication
37	106794_26	implication
37	150402_2	hyponym
37	123535_4	synonym
37	139485_21	hyponym
37	124864_6	implication
37	179104_22	implication
37	196459_17	synonym
37	102889_11	implication
37	153866_12	implication
37	197871_20	implication
37	150402_4	implication
37	108346_1	hyponym
37	153406_14	synonym
37	171393_34	synonym
37	130230_3	synonym
37	137438_14	synonym
37	197331_11	implication
37	196459_18	implication
37	124864_7	implication
37	106611_19	synonym
37	100559_16	hyponym
37	100559_17	hyponym
37	149203_3	synonym
37	196459_20	implication
37	196459_21	hyponym
37	150402_6	abbreviation
37	171393_35	implication
37	137438_15	synonym
37	137438_16	implication
37	150982_1	synonym
37	167697_2	synonym
37	179225_11	implication
37	183308_3	implication
37	196459_22	synonym
37	179225_12	implication
37	133568_2	synonym
37	108346_6	implication
37	158711_14	implication
37	171393_36	implication
37	131999_3	hyponym
37	131999_4	implication
37	150402_7	synonym
37	158711_15	implication
37	171393_37	synonym
37	107290_1	hyponym
37	176077_0	hyponym
37	128993_9	implication
37	150982_8	implication
37	184214_19	implication
37	184788_12	implication
37	134719_3	synonym
37	134719_4	synonym
37	150982_9	implication
37	150982_10	hyponym
37	184788_13	implication
37	163816_2	synonym
37	184788_14	implication
37	120762_1	hyponym
37	171393_39	synonym
37	174691_1	synonym
37	176077_5	synonym
37	167697_9	hyponym
37	149203_12	implication
37	165227_8	implication
37	187916_5	implication
37	168411_16	synonym
37	149203_14	implication
37	130230_13	synonym
37	184788_17	synonym
37	168128_2	synonym
37	168128_3	hyponym
37	120762_8	implication
37	165227_10	synonym
37	165227_11	implication
37	150402_16	implication
37	168411_17	implication
37	130230_14	implication
37	149203_16	synonym
37	147969_5	synonym
37	162213_0	synonym
37	174964_3	synonym
37	174964_4	synonym
37	186314_0	hyponym
37	153694_0	implication
37	131974_21	implication
37	115024_2	hyponym
37	120762_10	hyponym
37	130655_5	implication
37	162213_2	hyponym
37	165227_14	implication
37	167697_14	implication
37	153694_2	hyponym
37	168128_10	hyponym
37	118392_1	hyponym
37	163816_12	synonym
37	149203_17	synonym
37	107354_0	synonym
37	168128_11	hyponym
37	119124_0	synonym
37	194155_0	synonym
37	130655_7	implication
37	131974_24	hyponym
37	170628_11	implication
37	122883_2	abbreviation
37	186314_6	implication
37	174697_0	synonym
37	153694_8	synonym
37	133568_18	synonym
37	194275_1	synonym
37	134719_13	implication
37	153694_9	implication
37	103880_0	hyponym
37	146452_2	abbreviation
37	125626_3	synonym
37	119124_4	synonym
37	119124_5	implication
37	119124_6	synonym
37	178961_0	synonym
37	194155_3	hyponym
37	194155_4	synonym
37	149436_2	synonym
37	186314_9	implication
37	168128_18	implication
37	107354_3	abbreviation
37	153094_1	hyponym
37	133568_20	implication
37	110549_4	abbreviation
37	151377_1	synonym
37	153694_11	synonym
37	119124_8	synonym
37	115024_13	implication
37	183308_26	implication
37	134719_15	synonym
37	186314_10	hyponym
37	162213_10	abbreviation
37	124673_2	synonym
37	194155_6	implication
37	115024_14	implication
37	183308_27	implication
37	153094_9	synonym
37	196731_0	synonym
37	146452_6	synonym
37	124749_1	synonym
37	110549_7	abbreviation
37	119124_13	hyponym
37	119124_14	synonym
37	119124_15	implication
37	194275_8	implication
37	196731_2	synonym
37	196731_3	hyponym
37	115024_17	hyponym
37	187916_19	implication
37	178615_1	synonym
37	124673_3	synonym
37	124673_4	synonym
37	174697_11	implication
37	190242_6	synonym
37	119124_16	synonym
37	119124_17	hyponym
37	119124_18	synonym
37	194275_9	implication
37	178961_4	synonym
37	103880_9	hyponym
37	174964_17	implication
37	174964_18	implication
37	194155_11	implication
37	194155_12	hyponym
37	194275_11	synonym
37	174697_14	implication
37	174697_15	synonym
37	149436_9	implication
37	125626_13	implication
37	164280_2	synonym
37	103880_12	synonym
37	103880_13	synonym
37	100085_1	synonym
37	122400_0	synonym
37	124673_9	synonym
37	124673_10	synonym
37	187916_23	implication
37	122400_1	synonym
37	149436_11	implication
37	190242_10	implication
37	164280_3	implication
37	110549_13	synonym
37	151377_13	implication
37	196731_13	synonym
37	149436_12	implication
37	125626_15	synonym
37	110549_14	implication
37	196148_0	abbreviation
37	190537_0	synonym
37	190537_1	synonym
37	151377_14	implication
37	125626_17	hyponym
37	125626_18	synonym
37	168116_2	hyponym
37	162213_18	implication
37	147502_5	abbreviation
37	144518_11	synonym
37	114528_0	synonym
37	163159_1	synonym
37	151377_17	synonym
37	110549_16	hyponym
37	142645_1	hyponym
37	168116_3	implication
37	125626_19	synonym
37	162213_19	implication
37	110549_17	synonym
37	164280_9	synonym
37	159968_1	synonym
37	114528_2	hyponym
37	190242_15	implication
37	100085_9	implication
37	196148_3	hyponym
37	101833_3	synonym
37	100085_10	implication
37	168116_7	implication
37	109935_2	hyponym
37	109935_3	synonym
37	146452_21	implication
37	160184_0	synonym
37	124749_27	implication
37	129556_3	hyponym
37	196880_3	synonym
37	175030_0	abbreviation
37	146452_22	implication
37	160184_4	synonym
37	184833_1	hyponym
37	118210_1	hyponym
37	196148_7	synonym
37	119282_1	synonym
37	169273_0	synonym
37	160184_6	implication
37	160184_7	implication
37	159968_9	implication
37	160184_9	implication
37	163159_13	implication
37	114528_14	implication
37	114528_15	hyponym
37	114528_16	synonym
37	169273_1	synonym
37	188206_3	hyponym
37	115334_0	abbreviation
37	152972_3	synonym
37	175030_4	synonym
37	143979_1	synonym
37	163159_15	synonym
37	118210_8	implication
37	115471_0	hyponym
37	188206_4	synonym
37	122400_15	hyponym
37	114528_17	synonym
37	196880_10	synonym
37	147502_16	implication
37	118210_9	implication
37	118210_10	implication
37	184833_8	implication
37	199399_0	abbreviation
37	142645_14	implication
37	115334_4	implication
37	122629_0	abbreviation
37	122629_1	abbreviation
37	190150_1	hyponym
37	190150_3	hyponym
37	196880_14	implication
37	184833_9	implication
37	109935_15	hyponym
37	104268_0	synonym
37	126574_3	synonym
37	115471_3	synonym
37	115471_4	implication
37	122629_4	synonym
37	143979_7	synonym
37	114845_3	synonym
37	196148_15	abbreviation
37	175030_10	implication
37	118210_12	hyponym
37	107354_24	implication
37	152972_8	hyponym
37	143979_9	synonym
37	190150_4	hyponym
37	178961_20	implication
37	104268_2	synonym
37	199642_7	synonym
37	161610_3	synonym
37	115471_5	synonym
37	122629_8	synonym
37	175030_14	abbreviation
37	143979_10	implication
37	143979_11	synonym
37	157727_0	hyponym
37	199399_6	synonym
37	174243_2	synonym
37	178961_21	implication
37	169273_11	implication
37	122400_24	implication
37	126574_10	implication
37	126574_11	synonym
37	104268_3	synonym
37	175030_16	implication
37	157727_1	hyponym
37	157727_3	synonym
37	199399_9	synonym
37	169273_13	hyponym
37	190502_10	implication
37	115471_10	synonym
37	101833_17	implication
37	105954_2	synonym
37	198482_0	hyponym
37	114845_11	implication
37	115471_11	implication
37	188206_16	synonym
37	122400_25	implication
37	199642_16	synonym
37	157727_5	implication
37	157727_6	synonym
37	131156_1	hyponym
37	147056_2	synonym
37	162798_2	synonym
37	162798_3	implication
37	115471_14	synonym
37	101833_20	implication
37	157727_7	hyponym
37	157727_9	implication
37	188206_20	hyponym
37	131156_2	hyponym
37	178961_24	synonym
37	175366_3	synonym
37	198482_5	synonym
37	199642_19	implication
37	199642_20	hyponym
37	178922_0	synonym
37	178922_1	synonym
37	178922_2	synonym
37	115471_16	synonym
37	161430_0	hyponym
37	146094_1	synonym
37	165603_6	synonym
37	162798_4	implication
37	175030_25	hyponym
37	199399_15	abbreviation
37	157727_10	synonym
37	101833_22	implication
37	152012_0	synonym
37	196148_24	abbreviation
37	161430_1	synonym
37	124788_2	synonym
37	124788_3	hyponym
37	147974_3	synonym
37	115471_18	synonym
37	157727_14	hyponym
37	152012_1	hyponym
37	152012_2	synonym
37	196148_25	abbreviation
37	132914_3	synonym
37	175030_28	implication
37	101833_25	synonym
37	157008_9	implication
37	182680_4	synonym
37	143881_2	synonym
37	155573_2	synonym
37	196148_26	implication
37	126242_1	synonym
37	178922_10	implication
37	161610_13	synonym
37	157008_10	hyponym
37	196148_27	implication
37	199399_23	implication
37	168022_1	hyponym
37	168022_2	implication
37	155573_3	synonym
37	123655_2	synonym
37	178922_12	synonym
37	124788_8	implication
37	124788_9	implication
37	161430_8	implication
37	162798_11	synonym
37	174243_15	implication
37	104841_0	synonym
37	152012_8	implication
37	152012_9	synonym
37	178922_14	synonym
37	196148_29	implication
37	143881_5	synonym
37	152273_3	hyponym
37	174243_16	implication
37	142335_2	hyponym
37	152012_10	implication
37	175366_15	synonym
37	161430_9	implication
37	112857_1	implication
37	127081_2	synonym
37	127081_3	synonym
37	196148_30	implication
37	162798_14	implication
37	109928_4	synonym
37	152273_7	synonym
37	130539_4	synonym
37	161610_16	synonym
37	161610_17	synonym
37	196148_31	synonym
37	168022_7	implication
37	140161_1	hyponym
37	161430_12	synonym
37	112857_2	synonym
37	112857_3	synonym
37	124788_12	implication
37	100966_0	synonym
37	152012_12	synonym
37	162798_16	abbreviation
37	162798_17	implication
37	182680_11	abbreviation
37	199399_28	implication
37	152273_8	synonym
37	161610_18	implication
37	101480_4	synonym
37	112520_0	hyponym
37	196148_33	implication
37	197122_3	hyponym
37	175366_16	synonym
37	100966_2	implication
37	162798_19	implication
37	162798_20	synonym
37	104841_5	hyponym
37	161610_19	implication
37	155573_11	implication
37	195735_1	hyponym
37	112520_1	hyponym
37	152273_12	hyponym
37	186927_2	hyponym
37	186141_1	hyponym
37	100966_4	hyponym
37	162798_21	synonym
37	175366_18	implication
37	104841_8	synonym
37	195735_2	synonym
37	140236_1	synonym
37	142335_10	synonym
37	125632_6	synonym
37	140161_8	synonym
37	140161_9	abbreviation
37	143881_11	synonym
37	152273_14	implication
37	199726_0	synonym
37	162798_24	synonym
37	143881_12	implication
37	175366_20	implication
37	182680_16	implication
37	108451_0	synonym
37	194471_0	synonym
37	195735_5	synonym
37	186363_3	synonym
37	143881_13	implication
37	182680_18	synonym
37	127081_12	implication
37	127081_13	implication
37	186141_6	implication
37	104841_14	synonym
37	194471_3	synonym
37	141084_4	hyponym
37	182351_4	hyponym
37	182351_6	synonym
37	100966_9	synonym
37	100966_10	synonym
37	167675_1	hyponym
37	121731_1	hyponym
37	199726_7	synonym
37	146195_1	hyponym
37	154245_0	hyponym
37	127081_14	implication
37	100966_12	implication
37	140259_1	synonym
37	168596_0	hyponym
37	121731_2	synonym
37	141084_8	implication
37	182351_10	hyponym
37	182351_11	implication
37	186927_13	hyponym
37	168596_3	synonym
37	101737_0	abbreviation
37	128587_2	synonym
37	154761_1	hyponym
37	145874_12	implication
37	114980_1	hyponym
37	154245_7	implication
37	146195_5	implication
37	177082_19	synonym
37	182351_12	hyponym
37	186927_14	implication
37	194471_9	implication
37	121731_7	synonym
37	112520_11	implication
37	112520_12	implication
37	177082_20	implication
37	145874_14	implication
37	154761_2	synonym
37	143937_1	synonym
37	121731_8	implication
37	125632_15	synonym
37	140259_5	implication
37	148924_1	hyponym
37	112520_13	implication
37	112520_14	hyponym
37	130539_16	implication
37	186363_13	implication
37	186363_14	implication
37	174736_2	hyponym
37	146195_9	implication
37	146195_10	implication
37	181044_2	synonym
37	128587_5	implication
37	154245_9	implication
37	145874_15	implication
37	192522_3	hyponym
37	140236_11	implication
37	130539_17	synonym
37	146195_12	implication
37	113215_0	synonym
37	169111_4	synonym
37	128587_7	hyponym
37	154583_1	synonym
37	108451_11	implication
37	114980_8	implication
37	114980_9	implication
37	146195_13	synonym
37	146195_14	synonym
37	141084_17	implication
37	115087_1	hyponym
37	177082_24	implication
37	100139_1	synonym
37	148924_7	implication
37	108451_12	implication
37	114980_10	synonym
37	114980_11	synonym
37	181044_9	hyponym
37	128587_9	hyponym
37	101099_1	synonym
37	154761_9	implication
37	154761_10	hyponym
37	192522_6	synonym
37	107340_10	implication
37	108451_13	implication
37	140236_14	synonym
37	188241_3	synonym
37	101737_9	synonym
37	101737_11	synonym
37	154583_6	implication
37	125632_21	abbreviation
37	192522_7	hyponym
37	167196_4	hyponym
37	108451_14	synonym
37	155638_1	synonym
37	181044_10	implication
37	181044_11	implication
37	181044_12	hyponym
37	154761_12	synonym
37	130539_21	synonym
37	154583_9	synonym
37	167675_15	synonym
37	167675_16	implication
37	130070_1	hyponym
37	115087_5	implication
37	115087_6	implication
37	113215_7	synonym
37	125632_22	implication
37	125632_23	implication
37	109853_0	hyponym
37	109853_1	hyponym
37	174736_9	hyponym
37	174736_10	implication
37	197122_22	implication
37	174045_4	synonym
37	167675_18	hyponym
37	130070_5	hyponym
37	151011_2	synonym
37	151011_3	hyponym
37	106327_0	synonym
37	197122_23	hyponym
37	108451_17	synonym
37	115087_7	synonym
37	130070_6	implication
37	130070_7	hyponym
37	125632_24	synonym
37	167088_1	hyponym
37	187205_1	synonym
37	119993_3	hyponym
37	143937_13	synonym
37	188241_11	implication
37	147165_5	hyponym
37	109853_5	implication
37	167196_11	synonym
37	167196_12	synonym
37	167196_13	synonym
37	185487_2	synonym
37	178126_0	abbreviation
37	100139_12	implication
37	162987_1	synonym
37	119993_5	implication
37	151011_8	implication
37	125632_26	implication
37	125632_27	implication
37	192522_12	synonym
37	114639_0	synonym
37	114639_1	synonym
37	188241_13	synonym
37	127126_1	synonym
37	187790_0	hyponym
37	107357_0	implication
37	107357_1	hyponym
37	107357_2	synonym
37	125632_28	synonym
37	184450_0	synonym
37	172461_0	synonym
37	188241_14	implication
37	188241_15	implication
37	100139_13	implication
37	100139_14	synonym
37	192522_13	hyponym
37	174045_13	hyponym
37	174045_14	synonym
37	178126_5	abbreviation
37	165603_31	implication
37	172461_2	implication
37	134823_4	implication
37	112777_1	hyponym
37	125755_0	synonym
37	188241_16	synonym
37	184450_4	synonym
37	109878_0	hyponym
37	134823_5	implication
37	125632_32	synonym
37	125632_33	implication
37	178322_5	synonym
37	167088_8	implication
37	108176_9	implication
37	119993_13	synonym
37	119993_14	implication
37	104434_1	hyponym
37	107357_7	implication
37	107357_8	implication
37	112777_5	implication
37	119993_15	implication
37	114639_8	synonym
37	114639_10	synonym
37	101099_10	implication
37	107357_9	synonym
37	125632_35	implication
37	174744_2	implication
37	187790_5	synonym
37	195655_5	synonym
37	127126_10	implication
37	184450_7	synonym
37	115865_1	hyponym
37	107340_25	implication
37	172591_0	synonym
37	109878_4	abbreviation
37	125755_7	synonym
37	178126_12	implication
37	178126_13	synonym
37	103359_0	hyponym
37	103359_1	synonym
37	112777_7	hyponym
37	114639_12	implication
37	114639_13	synonym
37	107357_11	synonym
37	127126_12	hyponym
37	133608_1	implication
37	179998_0	synonym
37	167088_12	synonym
37	159504_5	synonym
37	165603_35	implication
37	172591_1	synonym
37	178126_15	implication
37	118218_5	synonym
37	125755_9	hyponym
37	133608_2	implication
37	178322_12	implication
37	114639_14	synonym
37	114639_15	synonym
37	112777_8	synonym
37	115865_7	hyponym
37	115865_8	implication
37	167088_13	synonym
37	133608_3	synonym
37	180121_0	synonym
37	180121_1	synonym
37	178126_16	hyponym
37	178126_17	abbreviation
37	162987_12	synonym
37	133608_4	synonym
37	178112_0	synonym
37	180121_5	implication
37	195981_1	implication
37	180121_7	synonym
37	122626_2	synonym
37	189534_2	synonym
37	136086_2	hyponym
37	107340_29	implication
37	180884_0	implication
37	180884_1	implication
37	133608_5	implication
37	170654_0	abbreviation
37	172461_13	synonym
37	172591_8	hyponym
37	162987_15	synonym
37	104434_13	implication
37	178112_1	synonym
37	133608_6	implication
37	197871_0	synonym
37	134823_14	synonym
37	109878_12	abbreviation
37	184450_16	implication
37	195981_3	synonym
37	154469_1	hyponym
37	104434_15	implication
37	174744_14	implication
37	136049_2	synonym
37	136049_3	synonym
37	178322_15	synonym
37	178322_17	synonym
37	122578_2	synonym
37	137106_3	synonym
37	178112_3	implication
37	178112_4	implication
37	179998_8	implication
37	104434_16	synonym
37	139485_0	synonym
37	192975_1	abbreviation
37	136049_6	synonym
37	195655_12	implication
37	178322_19	implication
37	195981_6	synonym
37	195981_7	synonym
37	195655_13	implication
37	139485_2	hyponym
37	179998_9	implication
37	179998_10	hyponym
37	122626_9	implication
37	122626_10	implication
37	176801_1	hyponym
37	176801_2	implication
37	136086_10	hyponym
37	127915_0	synonym
37	127915_1	hyponym
37	128251_0	synonym
37	128251_1	synonym
37	178126_23	hyponym
37	129998_0	hyponym
37	170654_6	abbreviation
37	189534_8	implication
37	189534_9	synonym
37	176801_3	implication
37	128251_3	synonym
37	136086_11	hyponym
37	178126_24	hyponym
37	137106_8	implication
37	117505_0	synonym
37	197871_7	synonym
37	197871_8	synonym
37	114177_2	synonym
37	159504_14	implication
37	129998_2	synonym
37	189534_10	implication
37	128251_5	implication
37	178126_27	implication
37	109878_21	synonym
37	109878_22	hyponym
37	189534_12	implication
37	171393_0	synonym
37	178126_28	synonym
37	109878_23	hyponym
37	109878_24	hyponym
37	129998_4	implication
37	151265_1	synonym
37	170654_11	abbreviation
37	189534_13	implication
37	171393_1	synonym
37	137106_11	implication
37	122578_10	implication
37	122578_11	implication
37	171393_2	implication
37	183827_2	synonym
37	125101_2	synonym
37	118218_18	synonym
37	170654_17	abbreviation
37	133608_18	implication
37	129998_8	implication
37	129998_9	implication
37	188772_0	abbreviation
37	141582_2	synonym
37	141582_3	hyponym
37	159480_0	hyponym
37	194111_2	hyponym
37	194111_3	synonym
37	170654_18	implication
37	179104_3	synonym
37	142372_15	implication
37	118218_20	implication
37	129998_10	synonym
37	171393_4	synonym
37	170654_19	implication
37	170654_20	hyponym
37	159480_1	implication
37	159480_3	implication
37	188772_3	synonym
37	188772_4	synonym
37	122578_16	hyponym
37	159434_2	synonym
37	184214_3	hyponym
37	183827_9	implication
37	142372_17	synonym
37	190272_1	hyponym
37	119691_2	synonym
37	151265_10	synonym
37	176801_19	implication
37	142372_18	synonym
37	142372_19	implication
37	183827_10	implication
37	183827_12	implication
37	188772_7	abbreviation
37	119691_3	synonym
37	141582_10	synonym
37	141582_11	synonym
37	176801_21	hyponym
37	158711_2	synonym
37	171393_7	synonym
37	141582_12	synonym
37	188772_9	implication
37	188772_10	abbreviation
37	151265_13	implication
37	194111_11	synonym
37	159434_8	implication
37	171393_8	synonym
37	188772_11	synonym
37	137091_5	synonym
37	119691_10	implication
37	106794_6	hyponym
37	151265_16	synonym
37	159434_10	implication
37	188772_14	implication
37	159434_12	implication
37	165510_0	hyponym
37	171913_0	synonym
37	130510_0	synonym
37	130510_1	synonym
37	165510_2	hyponym
37	165510_3	hyponym
37	165510_6	synonym
37	193575_13	implication
37	193575_14	hyponym
37	193575_16	implication
37	130510_8	implication
37	130510_9	implication
37	136424_4	synonym
37	140402_2	synonym
37	171393_20	synonym
37	140402_3	synonym
37	136424_6	implication
37	171393_21	synonym
37	171393_22	synonym
37	140402_5	implication
37	134208_11	implication
37	134208_12	implication
37	144659_2	synonym
37	171393_25	synonym
37	171393_26	synonym
37	116820_3	abbreviation
38	184450_20	synonym
38	126756_6	implication
38	126756_7	synonym
38	190272_7	hyponym
38	177351_0	synonym
38	190272_9	hyponym
38	159253_1	hyponym
38	130230_0	synonym
38	177351_3	synonym
38	177351_4	synonym
38	190272_15	synonym
38	130230_3	hyponym
38	177351_5	synonym
38	177351_6	synonym
38	177351_7	synonym
38	177351_9	implication
38	177351_11	synonym
38	177351_13	synonym
38	112248_5	synonym
38	177351_24	synonym
38	172267_0	hyponym
38	112248_14	implication
38	172267_1	hyponym
38	172267_3	synonym
38	109361_3	synonym
38	109361_4	hyponym
38	109361_7	synonym
38	109361_10	synonym
38	163159_1	synonym
38	172267_9	synonym
38	109361_13	hyponym
38	107052_0	hyponym
38	107052_1	implication
38	107052_2	hyponym
38	163159_15	synonym
38	107052_3	hyponym
38	107052_4	hyponym
38	107052_5	synonym
38	107052_8	synonym
38	165056_7	synonym
38	107052_9	synonym
38	165056_8	synonym
38	144807_5	synonym
38	115173_0	synonym
38	115173_1	hyponym
38	107052_11	hyponym
38	115173_5	synonym
38	115173_6	synonym
38	115173_7	synonym
38	107052_15	synonym
38	107052_16	synonym
38	107052_17	synonym
38	124788_5	synonym
38	115173_16	synonym
38	124788_7	synonym
38	124788_8	synonym
38	114183_0	synonym
38	114183_1	synonym
38	114183_3	implication
38	114183_4	implication
38	160100_7	hyponym
38	160100_8	synonym
38	124788_14	synonym
38	146210_0	synonym
38	160100_10	hyponym
38	114183_5	implication
38	160100_11	synonym
38	160100_12	implication
38	146210_3	synonym
38	114183_11	implication
38	146210_6	synonym
38	114183_14	synonym
38	146210_7	synonym
38	149073_6	hyponym
38	160100_18	synonym
38	160100_19	synonym
38	160100_20	synonym
38	149073_10	synonym
38	101099_2	synonym
38	100921_2	synonym
38	126756_3	synonym
38	184450_2	synonym
38	184450_4	synonym
38	149073_27	synonym
38	184450_8	hyponym
38	129501_0	hyponym
38	129501_1	synonym
38	129501_2	hyponym
38	198930_0	synonym
38	133608_16	synonym
38	155684_2	implication
38	198930_4	synonym
38	198930_5	synonym
38	155684_3	synonym
38	198930_7	synonym
38	133608_21	implication
38	190272_0	hyponym
38	198930_12	synonym
38	198930_13	synonym
39	143877_11	synonym
39	143877_22	synonym
39	184358_17	synonym
39	180800_10	synonym
39	180800_11	implication
39	180800_19	synonym
39	107357_1	synonym
39	107357_4	synonym
39	145076_1	synonym
39	107357_9	hyponym
39	145076_4	synonym
39	145076_8	synonym
39	143877_8	synonym
39	119634_3	hyponym
39	119634_4	hyponym
40	143877_12	synonym
40	128993_0	synonym
40	143877_22	synonym
40	143877_23	synonym
40	128993_4	implication
40	143877_25	implication
40	128993_7	synonym
40	128993_10	synonym
40	128993_11	synonym
40	143877_1	synonym
40	143877_4	synonym
41	135610_3	string
41	135610_5	implication
41	135610_6	synonym
41	135610_7	synonym
41	135610_8	synonym
41	135610_9	synonym
41	135610_10	synonym
41	135610_11	implication
41	135610_22	synonym
41	104777_18	synonym
41	104777_23	synonym
41	174571_2	synonym
42	150804_3	synonym
42	187378_13	synonym
42	187378_15	synonym
42	150804_8	synonym
42	187378_17	hyponym
42	150804_9	implication
42	187378_18	implication
42	179225_9	hyponym
42	150804_15	hyponym
42	179225_14	hyponym
42	130655_5	synonym
42	130655_6	implication
42	100037_0	synonym
42	100037_1	synonym
42	100037_3	synonym
42	100037_4	synonym
42	100037_6	synonym
42	100037_7	synonym
42	116664_0	hyponym
42	100037_10	synonym
42	199568_0	implication
42	116664_1	synonym
42	199568_1	synonym
42	116664_4	implication
42	199568_4	synonym
42	199568_5	synonym
42	100037_13	implication
42	199568_6	synonym
42	100037_16	synonym
42	116664_7	implication
42	116664_8	hyponym
42	199568_9	hyponym
42	199568_10	synonym
42	104585_0	synonym
42	147383_0	synonym
42	147383_1	synonym
42	116664_9	synonym
42	104585_1	synonym
42	104585_2	synonym
42	104585_3	synonym
42	199568_11	synonym
42	116664_12	implication
42	104585_4	synonym
42	104585_5	synonym
42	116664_13	hyponym
42	116664_14	synonym
42	199568_16	implication
42	104585_8	synonym
42	104585_9	synonym
42	104585_10	synonym
42	116664_15	implication
42	147383_6	hyponym
42	147383_7	hyponym
42	199568_19	synonym
42	104585_11	synonym
42	147383_8	implication
42	100037_23	implication
42	199568_20	synonym
42	100037_25	synonym
42	116664_19	synonym
42	143536_0	hyponym
42	143536_1	synonym
42	143536_2	synonym
42	143536_3	implication
42	143536_5	synonym
42	143536_6	synonym
42	143536_7	implication
42	143536_8	hyponym
42	143536_9	synonym
42	182680_1	synonym
42	166575_1	hyponym
42	166575_3	synonym
42	171027_1	hyponym
42	129998_2	implication
42	129998_4	implication
42	129998_5	synonym
42	171027_9	hyponym
42	129998_6	implication
42	129998_7	synonym
42	129998_10	implication
42	129998_11	synonym
42	171027_16	synonym
42	187378_1	synonym
42	187378_4	hyponym
42	187378_5	hyponym
42	187378_6	implication
43	150804_3	synonym
43	125594_30	synonym
43	187378_13	synonym
43	150804_4	synonym
43	143223_0	synonym
43	150804_5	synonym
43	143223_1	synonym
43	149591_0	hyponym
43	143223_2	synonym
43	150804_7	synonym
43	125594_33	implication
43	123535_0	synonym
43	143223_3	synonym
43	187378_17	implication
43	123535_1	synonym
43	150804_9	synonym
43	149591_1	hyponym
43	149591_2	implication
43	149591_3	implication
43	143223_4	synonym
43	187378_18	implication
43	123535_2	implication
43	149591_4	implication
43	149591_5	hyponym
43	149591_6	hyponym
43	143223_5	synonym
43	123535_3	synonym
43	149591_8	synonym
43	149591_9	synonym
43	123535_4	synonym
43	171393_34	synonym
43	125594_37	implication
43	143223_8	implication
43	150804_14	implication
43	143223_9	implication
43	143223_10	synonym
43	150804_16	synonym
43	171393_36	synonym
43	187378_24	implication
43	171393_37	synonym
43	125594_41	implication
43	171393_38	synonym
43	123535_10	synonym
43	123535_11	synonym
43	143223_15	implication
43	171393_39	synonym
43	123535_12	synonym
43	143223_16	implication
43	125594_44	hyponym
43	123535_13	synonym
43	181394_0	implication
43	171393_40	implication
43	123535_14	synonym
43	144754_0	synonym
43	171393_41	synonym
43	181394_1	synonym
43	143223_18	synonym
43	123535_15	implication
43	125594_46	implication
43	181394_2	synonym
43	123535_16	implication
43	144754_1	synonym
43	144754_2	implication
43	125594_47	hyponym
43	143223_20	implication
43	123535_18	synonym
43	123535_19	implication
43	125594_49	implication
43	181394_6	implication
43	174697_0	synonym
43	107354_2	implication
43	144754_7	implication
43	181394_9	implication
43	178961_0	synonym
43	107354_3	hyponym
43	181394_11	synonym
43	178961_1	synonym
43	127274_0	synonym
43	127274_1	synonym
43	174697_6	synonym
43	144754_10	implication
43	178961_2	synonym
43	127274_2	synonym
43	127274_3	synonym
43	181394_14	synonym
43	144754_13	synonym
43	127274_4	implication
43	127274_5	synonym
43	144754_14	implication
43	127274_8	implication
43	127274_9	synonym
43	127274_10	synonym
43	127274_11	synonym
43	144754_19	synonym
43	127274_12	synonym
43	178961_8	synonym
43	127274_16	synonym
43	127274_17	synonym
43	101833_1	implication
43	107354_13	implication
43	127274_18	synonym
43	181394_24	implication
43	181394_27	synonym
43	181394_28	implication
43	155569_5	implication
43	181394_29	implication
43	155569_7	implication
43	155569_8	implication
43	181394_32	synonym
43	155569_9	implication
43	155569_10	implication
43	178961_15	synonym
43	107354_20	hyponym
43	155569_11	synonym
43	155569_12	synonym
43	181394_34	implication
43	107354_21	hyponym
43	144754_36	implication
43	169851_1	hyponym
43	181394_37	implication
43	144754_38	implication
43	153345_3	synonym
43	169851_4	hyponym
43	169851_5	hyponym
43	169851_6	synonym
43	144807_0	synonym
43	101833_13	implication
43	107354_24	implication
43	101833_14	synonym
43	169851_7	implication
43	144807_1	synonym
43	107354_25	implication
43	153345_4	implication
43	101833_15	implication
43	144807_3	synonym
43	144807_4	hyponym
43	107354_26	synonym
43	169851_10	synonym
43	178961_21	implication
43	144807_5	synonym
43	107354_27	implication
43	101833_17	implication
43	107354_28	implication
43	153345_11	synonym
43	178961_22	implication
43	101833_18	implication
43	107354_29	hyponym
43	144807_10	synonym
43	136356_2	synonym
43	144807_11	hyponym
43	101833_22	implication
43	101833_24	implication
43	101833_25	implication
43	101833_26	implication
43	106334_1	synonym
43	106334_2	synonym
43	101480_4	synonym
43	162749_0	implication
43	162749_1	synonym
43	136356_17	synonym
43	106334_15	synonym
43	162749_3	synonym
43	106334_18	implication
43	101480_8	implication
43	123655_11	hyponym
43	123655_12	hyponym
43	162749_7	synonym
43	123655_13	implication
43	101480_10	synonym
43	162749_8	synonym
43	162749_9	implication
43	123655_15	implication
43	162749_10	implication
43	162749_13	implication
43	119246_1	hyponym
43	199929_2	synonym
43	162749_14	synonym
43	162749_15	synonym
43	119246_3	implication
43	140236_11	implication
43	123655_20	hyponym
43	162749_17	hyponym
43	101480_17	implication
43	199929_7	synonym
43	140236_13	implication
43	199929_9	synonym
43	162749_18	synonym
43	101480_19	implication
43	199929_10	synonym
43	199929_11	synonym
43	101480_20	implication
43	199929_12	implication
43	199929_14	synonym
43	199929_15	implication
43	101480_24	hyponym
43	101480_25	hyponym
43	199929_21	implication
43	199929_22	synonym
43	119246_15	hyponym
43	199929_24	implication
43	199929_25	synonym
43	119246_16	hyponym
43	125594_1	hyponym
43	167413_4	synonym
43	125594_2	hyponym
43	119246_19	hyponym
43	162528_0	hyponym
43	125594_3	implication
43	162528_1	synonym
43	189534_0	synonym
43	125594_5	implication
43	119246_23	synonym
43	192151_0	synonym
43	189534_1	synonym
43	189534_2	implication
43	119246_24	implication
43	125594_7	synonym
43	125316_1	hyponym
43	192151_1	synonym
43	192151_2	synonym
43	119246_25	implication
43	192151_3	synonym
43	189534_4	synonym
43	119246_26	implication
43	125316_2	hyponym
43	119246_27	implication
43	189534_6	synonym
43	189534_7	synonym
43	195655_13	implication
43	125594_10	implication
43	125316_5	synonym
43	189534_8	synonym
43	189534_9	implication
43	106091_0	synonym
43	106091_1	synonym
43	192151_9	synonym
43	106091_3	synonym
43	189534_12	implication
43	125594_13	implication
43	171393_0	synonym
43	125316_10	synonym
43	125594_14	implication
43	106091_5	synonym
43	171393_1	synonym
43	125316_12	hyponym
43	192151_13	implication
43	118218_17	implication
43	112313_0	synonym
43	189534_17	hyponym
43	192151_16	synonym
43	118218_18	synonym
43	125316_17	hyponym
43	125316_18	implication
43	125316_19	hyponym
43	171393_4	implication
43	125316_20	hyponym
43	125316_21	hyponym
43	118218_22	implication
43	167413_21	synonym
43	171393_6	synonym
43	125594_20	implication
43	118218_25	synonym
43	106091_17	implication
43	167413_24	implication
43	106091_18	implication
43	125594_24	synonym
43	106091_19	synonym
43	106091_20	implication
43	106091_21	synonym
43	128140_3	implication
43	193575_6	synonym
43	125594_26	hyponym
43	125594_27	synonym
43	150804_0	synonym
43	112313_14	synonym
43	193575_11	synonym
43	150804_1	synonym
43	193575_12	hyponym
43	193575_13	synonym
43	128140_5	implication
43	112313_16	hyponym
43	171393_15	synonym
43	112313_17	synonym
43	112313_18	synonym
43	193575_16	implication
43	171393_17	synonym
43	112313_21	implication
43	128140_10	implication
43	171393_21	synonym
43	128140_13	implication
43	171393_25	implication
43	171393_26	synonym
43	171393_27	synonym
44	150804_3	implication
44	125325_8	implication
44	150804_4	implication
44	143223_0	synonym
44	150804_5	synonym
44	143223_2	synonym
44	125594_33	implication
44	143223_3	synonym
44	143223_4	synonym
44	125594_34	implication
44	150804_10	implication
44	143223_5	synonym
44	139485_19	implication
44	150804_11	implication
44	125325_12	implication
44	171393_33	implication
44	143223_7	synonym
44	171393_34	synonym
44	139485_23	implication
44	125594_37	implication
44	184324_0	synonym
44	184324_1	synonym
44	143223_8	synonym
44	143223_9	synonym
44	184324_2	synonym
44	125325_14	implication
44	103267_0	synonym
44	171393_35	synonym
44	143223_10	synonym
44	103267_2	synonym
44	171393_36	synonym
44	177920_0	synonym
44	143223_12	implication
44	177920_1	implication
44	177920_5	synonym
44	103267_5	implication
44	177920_6	implication
44	103267_6	implication
44	103267_7	synonym
44	186382_2	synonym
44	103267_8	implication
44	103267_9	synonym
44	177920_11	synonym
44	177920_12	synonym
44	137869_11	implication
44	170892_0	synonym
44	177920_13	synonym
44	103267_10	synonym
44	125594_46	synonym
44	106220_0	implication
44	170892_1	implication
44	186382_5	implication
44	103267_12	synonym
44	143223_20	synonym
44	170892_3	synonym
44	199482_0	synonym
44	106220_3	implication
44	106220_4	implication
44	125594_50	implication
44	199482_1	synonym
44	170892_5	implication
44	199482_2	synonym
44	170892_6	implication
44	106220_5	implication
44	170892_7	implication
44	145720_0	synonym
44	199482_3	synonym
44	106220_7	implication
44	100492_0	synonym
44	170892_8	implication
44	145720_1	synonym
44	100492_1	hyponym
44	100492_2	implication
44	145720_3	implication
44	145720_4	synonym
44	170892_10	implication
44	104582_1	implication
44	104582_2	implication
44	106220_9	hyponym
44	137869_17	implication
44	199482_5	synonym
44	100492_3	implication
44	100492_4	implication
44	145720_5	implication
44	145720_6	synonym
44	106220_10	hyponym
44	106220_11	synonym
44	170892_12	implication
44	145720_7	synonym
44	100492_5	synonym
44	100492_6	synonym
44	100492_7	synonym
44	170892_13	synonym
44	106220_13	synonym
44	110549_8	synonym
44	104582_6	synonym
44	145720_10	hyponym
44	104582_7	implication
44	161968_3	implication
44	199482_6	synonym
44	106220_15	hyponym
44	170892_15	implication
44	145720_11	implication
44	165519_0	synonym
44	100492_10	implication
44	161968_6	implication
44	104582_8	implication
44	104582_9	implication
44	199482_7	implication
44	170892_16	implication
44	199482_8	implication
44	104582_10	implication
44	104582_11	synonym
44	170892_17	implication
44	161968_7	implication
44	165519_2	implication
44	199482_9	synonym
44	110549_13	implication
44	137869_23	implication
44	100492_15	synonym
44	199482_10	implication
44	110549_14	synonym
44	104582_12	synonym
44	104582_13	synonym
44	165519_4	implication
44	199482_11	implication
44	165519_5	implication
44	110549_16	implication
44	165519_6	synonym
44	110549_17	implication
44	199482_12	implication
44	199482_13	implication
44	104582_16	implication
44	104582_17	implication
44	165519_8	implication
44	199482_14	implication
44	104582_18	synonym
44	165519_9	implication
44	104582_19	synonym
44	170892_25	synonym
44	129578_2	implication
44	199482_15	implication
44	170892_26	synonym
44	165519_11	synonym
44	161968_22	synonym
44	170892_27	implication
44	199482_16	implication
44	104582_21	synonym
44	170892_28	implication
44	165519_12	synonym
44	161968_23	implication
44	155533_3	implication
44	199482_17	implication
44	104582_22	synonym
44	120257_2	implication
44	199482_18	synonym
44	165519_15	implication
44	199482_19	implication
44	104582_24	synonym
44	165519_16	implication
44	137869_33	implication
44	120257_4	synonym
44	120257_5	implication
44	199482_20	implication
44	129578_9	hyponym
44	172195_1	implication
44	176083_0	synonym
44	120257_7	implication
44	199482_22	synonym
44	176083_1	implication
44	133339_0	synonym
44	133339_1	synonym
44	120257_8	implication
44	120257_9	synonym
44	176083_2	synonym
44	199482_23	implication
44	199482_24	implication
44	176083_3	synonym
44	133339_2	synonym
44	120257_12	synonym
44	199482_25	implication
44	176083_4	implication
44	120257_15	synonym
44	176083_5	synonym
44	199482_26	implication
44	172195_8	implication
44	120257_16	synonym
44	120257_17	synonym
44	176083_6	synonym
44	147056_0	synonym
44	120257_19	implication
44	199482_28	implication
44	176083_7	synonym
44	120257_21	synonym
44	147056_1	synonym
44	147056_2	synonym
44	147056_3	synonym
44	154237_0	synonym
44	176083_8	synonym
44	120257_22	implication
44	199482_30	synonym
44	147056_4	implication
44	147056_5	synonym
44	176083_9	synonym
44	154237_2	synonym
44	154237_3	synonym
44	147056_6	synonym
44	147056_7	synonym
44	199482_31	implication
44	120257_26	implication
44	133339_12	synonym
44	147056_8	synonym
44	147056_9	implication
44	147056_10	implication
44	176083_11	synonym
44	120257_28	synonym
44	120257_29	synonym
44	193091_0	synonym
44	154237_6	implication
44	193091_2	implication
44	147056_11	synonym
44	120257_31	implication
44	135705_0	synonym
44	135705_2	synonym
44	199482_34	implication
44	154237_8	implication
44	176083_13	synonym
44	193091_3	synonym
44	135705_3	synonym
44	176083_14	synonym
44	133339_15	synonym
44	154237_10	synonym
44	199482_35	synonym
44	176083_15	implication
44	135705_5	implication
44	176083_16	implication
44	154237_11	synonym
44	154237_12	synonym
44	133339_18	synonym
44	176083_17	synonym
44	193091_7	implication
44	133339_19	implication
44	176083_18	synonym
44	193091_9	hyponym
44	193091_10	synonym
44	177082_9	implication
44	187917_1	synonym
44	187917_2	implication
44	176083_19	synonym
44	187917_3	implication
44	154237_16	synonym
44	176083_20	synonym
44	193091_11	implication
44	193091_12	synonym
44	176083_21	implication
44	133339_21	implication
44	133339_22	implication
44	176083_22	synonym
44	135705_10	synonym
44	154237_17	implication
44	154237_18	synonym
44	113638_0	synonym
44	154237_20	implication
44	113638_1	synonym
44	187917_8	synonym
44	135705_13	synonym
44	177082_15	implication
44	154237_22	synonym
44	113638_3	synonym
44	113638_4	synonym
44	135705_14	synonym
44	177082_17	implication
44	154237_23	implication
44	154237_24	implication
44	113638_6	synonym
44	135705_18	synonym
44	113638_9	synonym
44	129611_0	synonym
44	177082_21	implication
44	129611_1	implication
44	135705_20	synonym
44	177082_24	synonym
44	135705_21	synonym
44	114250_12	hyponym
44	129611_3	synonym
44	117878_0	synonym
44	117878_1	implication
44	117878_2	implication
44	117878_3	synonym
44	129611_5	implication
44	129611_6	implication
44	125362_0	synonym
44	117878_4	synonym
44	117878_5	synonym
44	117878_6	synonym
44	100268_0	implication
44	100268_1	synonym
44	129611_7	synonym
44	125362_3	synonym
44	125362_5	implication
44	167413_0	implication
44	117878_7	implication
44	129611_8	implication
44	117878_8	implication
44	117878_9	implication
44	100268_5	synonym
44	143479_0	synonym
44	159504_0	implication
44	129611_9	implication
44	129611_10	implication
44	100268_6	synonym
44	125362_10	implication
44	167413_3	implication
44	117878_10	synonym
44	132513_0	synonym
44	117878_12	synonym
44	132513_1	implication
44	159504_2	implication
44	179883_0	synonym
44	179883_1	synonym
44	167972_0	synonym
44	132513_2	synonym
44	159504_3	implication
44	101449_0	synonym
44	125594_3	implication
44	117878_13	implication
44	117878_14	implication
44	167972_1	implication
44	179883_3	synonym
44	132513_3	synonym
44	129611_12	implication
44	101449_1	synonym
44	101449_2	synonym
44	159504_4	synonym
44	117878_15	synonym
44	167972_2	synonym
44	143479_6	synonym
44	179883_4	synonym
44	179883_5	hyponym
44	179883_6	implication
44	129611_13	implication
44	159504_5	implication
44	101449_4	implication
44	167972_3	synonym
44	117878_17	synonym
44	112777_8	implication
44	132513_5	implication
44	101449_5	implication
44	101449_6	synonym
44	167972_4	synonym
44	129611_14	synonym
44	143479_8	implication
44	125594_5	implication
44	159504_6	synonym
44	143479_9	implication
44	159504_7	synonym
44	125594_6	implication
44	101449_7	synonym
44	101449_8	synonym
44	101449_9	implication
44	167972_6	implication
44	167413_10	synonym
44	143479_10	implication
44	159504_8	synonym
44	132513_8	implication
44	101449_10	synonym
44	159504_9	synonym
44	125594_8	implication
44	101449_12	synonym
44	101449_13	synonym
44	159504_10	synonym
44	167972_7	implication
44	132513_10	synonym
44	159504_11	synonym
44	139485_2	hyponym
44	101449_14	implication
44	101449_15	synonym
44	176801_1	hyponym
44	159504_12	synonym
44	143479_12	hyponym
44	101449_16	synonym
44	101449_17	synonym
44	132513_11	hyponym
44	167972_10	synonym
44	159504_13	synonym
44	129611_21	implication
44	159504_14	implication
44	167972_11	implication
44	139485_7	implication
44	125594_13	implication
44	167972_12	synonym
44	159504_15	hyponym
44	159504_16	hyponym
44	132513_14	implication
44	125594_14	synonym
44	171393_1	hyponym
44	159504_17	synonym
44	159504_18	implication
44	143479_16	synonym
44	143479_17	synonym
44	129611_24	implication
44	132513_17	synonym
44	125594_16	implication
44	132513_19	implication
44	143479_20	synonym
44	149095_4	implication
44	125594_19	implication
44	167972_16	implication
44	143479_22	synonym
44	125594_20	synonym
44	143479_23	synonym
44	171393_7	implication
44	167972_17	implication
44	125594_21	implication
44	129611_29	synonym
44	125594_22	hyponym
44	125594_23	implication
44	167972_19	synonym
44	125594_24	synonym
44	171393_11	implication
44	150804_0	synonym
44	150804_1	synonym
44	150804_2	synonym
44	125325_0	synonym
44	125325_3	synonym
44	125325_4	implication
44	114425_0	implication
44	125325_5	implication
44	114425_2	implication
44	125325_7	synonym
44	114425_4	implication
44	114425_5	implication
44	114425_6	synonym
44	114425_7	synonym
44	114425_8	synonym
44	114425_9	synonym
44	114425_10	synonym
44	114425_11	synonym
44	114425_12	synonym
44	114425_13	synonym
44	114425_14	synonym
45	187378_12	synonym
45	114149_2	synonym
45	174243_18	synonym
45	171659_1	implication
45	171659_4	implication
45	167413_5	synonym
45	167413_16	synonym
46	144023_6	implication
46	144023_7	synonym
46	144023_8	synonym
46	180546_0	synonym
46	136424_15	synonym
46	157548_6	implication
46	157301_8	synonym
46	124465_6	implication
46	124465_7	implication
46	150804_4	implication
46	149073_43	synonym
46	144023_10	synonym
46	105694_13	synonym
46	165297_0	synonym
46	157548_10	implication
46	157548_11	implication
46	117293_1	synonym
46	168309_2	implication
46	136424_20	synonym
46	157301_11	synonym
46	157301_12	synonym
46	171357_2	implication
46	157640_23	implication
46	150804_7	synonym
46	157548_12	synonym
46	106611_8	synonym
46	106611_9	synonym
46	136424_21	synonym
46	144023_16	synonym
46	137869_0	implication
46	125325_10	implication
46	117293_2	synonym
46	157301_13	synonym
46	157548_15	synonym
46	171357_4	synonym
46	106611_10	implication
46	106611_11	implication
46	106611_12	synonym
46	136424_23	synonym
46	176996_2	implication
46	105767_5	synonym
46	105767_6	synonym
46	155984_1	implication
46	171357_5	implication
46	177351_2	synonym
46	177351_3	synonym
46	137869_2	implication
46	157640_27	string
46	105767_8	synonym
46	105767_9	synonym
46	180546_10	implication
46	113759_11	synonym
46	171357_6	implication
46	106611_18	synonym
46	157640_28	string
46	157301_17	synonym
46	157301_18	implication
46	137869_3	implication
46	177351_5	implication
46	150804_14	implication
46	134857_32	synonym
46	106611_19	implication
46	184214_15	implication
46	162525_4	implication
46	171357_8	implication
46	168309_12	implication
46	168309_13	synonym
46	150804_15	synonym
46	113759_17	synonym
46	157548_23	implication
46	125325_15	synonym
46	134857_33	synonym
46	155984_7	synonym
46	169428_2	implication
46	157301_21	synonym
46	177351_9	implication
46	164712_0	implication
46	133568_3	implication
46	113759_18	synonym
46	165297_13	implication
46	120849_6	implication
46	177351_10	implication
46	171357_10	implication
46	110084_1	implication
46	110084_2	implication
46	155984_8	implication
46	168309_16	synonym
46	134857_35	implication
46	165297_14	synonym
46	164712_1	implication
46	157548_26	implication
46	155984_9	implication
46	155984_10	synonym
46	163816_1	synonym
46	142533_0	synonym
46	164712_5	implication
46	168309_19	synonym
46	171971_8	implication
46	177351_13	implication
46	114444_18	implication
46	114444_19	synonym
46	110084_4	implication
46	126623_15	synonym
46	184324_8	implication
46	142533_1	synonym
46	110084_5	implication
46	163816_3	implication
46	155984_11	synonym
46	155984_12	synonym
46	134857_38	synonym
46	114444_20	implication
46	126427_0	synonym
46	177351_14	synonym
46	164712_6	implication
46	164712_7	implication
46	169428_9	synonym
46	169428_10	implication
46	184324_9	synonym
46	184324_10	synonym
46	171971_12	synonym
46	171971_13	synonym
46	176996_14	synonym
46	171357_14	hyponym
46	163816_4	implication
46	163816_5	synonym
46	164712_10	implication
46	126013_0	synonym
46	126013_1	implication
46	126427_1	implication
46	126427_2	implication
46	117293_13	synonym
46	126623_17	synonym
46	142533_5	synonym
46	142533_6	implication
46	184324_11	synonym
46	144754_0	synonym
46	177351_16	synonym
46	177351_17	synonym
46	110084_6	synonym
46	110084_8	synonym
46	117293_14	implication
46	171357_16	implication
46	126427_4	implication
46	126427_5	implication
46	126427_6	implication
46	171971_14	implication
46	164712_11	synonym
46	142533_7	synonym
46	142533_8	synonym
46	165297_21	synonym
46	165297_22	implication
46	117293_15	implication
46	110998_0	synonym
46	171971_16	synonym
46	144754_2	implication
46	126427_7	implication
46	133568_11	synonym
46	133568_12	synonym
46	142533_9	implication
46	117293_16	implication
46	126013_5	synonym
46	130655_4	synonym
46	110998_1	implication
46	110998_2	synonym
46	120849_14	implication
46	170628_8	implication
46	117293_17	implication
46	126427_10	implication
46	142533_12	implication
46	171357_19	synonym
46	130655_5	synonym
46	137869_12	implication
46	170628_9	implication
46	117293_18	implication
46	164712_22	implication
46	142533_13	implication
46	142533_14	synonym
46	163816_12	synonym
46	133568_15	synonym
46	144754_4	implication
46	117293_19	synonym
46	122883_1	implication
46	186515_1	implication
46	130655_7	synonym
46	134857_44	synonym
46	164712_24	implication
46	164712_25	implication
46	117293_20	implication
46	110998_7	synonym
46	186515_3	synonym
46	110998_8	synonym
46	110998_9	implication
46	134857_45	implication
46	117293_21	synonym
46	126013_9	synonym
46	126013_10	implication
46	186515_5	synonym
46	100028_2	implication
46	117293_22	synonym
46	134857_47	implication
46	120849_22	string
46	117293_23	synonym
46	100028_5	implication
46	117293_24	synonym
46	144754_10	synonym
46	137869_17	implication
46	169126_4	implication
46	104777_9	implication
46	124621_3	implication
46	100028_7	implication
46	110998_15	implication
46	126013_14	synonym
46	181394_13	implication
46	176996_23	synonym
46	106220_11	string
46	169126_7	implication
46	169126_9	synonym
46	104777_11	implication
46	144754_12	hyponym
46	144754_13	synonym
46	106220_12	implication
46	106220_13	synonym
46	170781_4	implication
46	120849_27	string
46	133219_0	synonym
46	169126_11	implication
46	169126_12	synonym
46	172267_2	implication
46	104777_12	synonym
46	110998_16	synonym
46	170781_7	implication
46	100028_12	synonym
46	100028_13	implication
46	170781_8	implication
46	170781_9	synonym
46	137869_21	implication
46	104777_14	implication
46	100028_15	synonym
46	100028_17	synonym
46	144766_1	implication
46	144766_2	implication
46	106220_16	hyponym
46	119502_18	implication
46	133219_4	synonym
46	170781_10	implication
46	124621_8	implication
46	119502_20	synonym
46	133219_6	synonym
46	170781_12	implication
46	170781_13	hyponym
46	129650_0	implication
46	133219_7	synonym
46	129650_3	implication
46	146452_15	implication
46	104777_19	synonym
46	129650_4	implication
46	129486_4	synonym
46	181394_24	synonym
46	124621_14	synonym
46	104777_24	implication
46	117293_35	implication
46	172267_11	synonym
46	178787_0	implication
46	129650_8	synonym
46	104777_26	synonym
46	117293_37	synonym
46	178787_4	implication
46	178787_5	implication
46	137869_30	synonym
46	117293_38	synonym
46	137869_31	implication
46	117293_39	synonym
46	107683_0	implication
46	178787_9	synonym
46	139341_1	implication
46	124621_21	synonym
46	126574_0	synonym
46	165056_1	implication
46	107683_1	implication
46	164384_0	implication
46	126574_1	synonym
46	126574_2	implication
46	163165_0	implication
46	164384_1	synonym
46	178787_12	implication
46	107683_4	implication
46	144766_13	synonym
46	126574_3	implication
46	165056_2	implication
46	144754_38	synonym
46	133339_1	synonym
46	126574_6	implication
46	163165_2	implication
46	163165_3	implication
46	177613_1	implication
46	144754_39	hyponym
46	126574_7	synonym
46	126574_8	synonym
46	133339_3	synonym
46	185811_2	implication
46	107683_9	implication
46	153345_7	synonym
46	164384_5	implication
46	133242_2	implication
46	178787_18	implication
46	178787_19	implication
46	153345_8	synonym
46	144766_15	implication
46	133339_5	implication
46	185811_6	implication
46	185811_7	implication
46	126574_13	synonym
46	165056_10	synonym
46	165056_11	implication
46	164384_8	synonym
46	177613_9	implication
46	186436_13	implication
46	153345_12	synonym
46	165056_12	synonym
46	117403_5	synonym
46	163165_10	implication
46	133242_8	implication
46	165056_14	synonym
46	117403_8	synonym
46	163165_11	synonym
46	163165_12	implication
46	105954_7	implication
46	174483_0	synonym
46	147974_2	implication
46	133242_10	implication
46	117403_9	implication
46	174483_2	implication
46	103049_1	implication
46	177613_12	implication
46	107683_15	implication
46	117403_12	synonym
46	105954_8	implication
46	133242_11	implication
46	165056_15	hyponym
46	103049_2	synonym
46	154237_5	implication
46	133242_12	synonym
46	133242_13	synonym
46	179642_1	synonym
46	103049_4	implication
46	166034_0	synonym
46	174483_7	implication
46	174483_8	implication
46	154237_7	implication
46	103049_6	synonym
46	103049_7	synonym
46	179642_3	implication
46	174483_9	synonym
46	186436_20	implication
46	147974_6	implication
46	135705_1	implication
46	154237_8	implication
46	176083_13	implication
46	163165_19	implication
46	144766_22	implication
46	133242_14	implication
46	147974_7	implication
46	174483_11	hyponym
46	179642_4	implication
46	133339_16	hyponym
46	154237_9	implication
46	103049_11	synonym
46	166034_3	implication
46	135705_4	implication
46	133339_17	synonym
46	165056_21	synonym
46	133242_17	synonym
46	139341_13	implication
46	147974_9	synonym
46	166034_4	implication
46	154237_12	synonym
46	114939_11	implication
46	179642_9	implication
46	176083_17	synonym
46	148450_1	implication
46	174483_15	synonym
46	174483_16	synonym
46	103049_14	synonym
46	145874_0	synonym
46	109129_4	implication
46	162515_3	implication
46	147974_10	implication
46	103049_16	implication
46	154237_13	implication
46	154237_14	implication
46	145874_1	implication
46	179642_10	implication
46	109129_6	implication
46	109129_7	implication
46	181929_1	implication
46	147974_11	synonym
46	133242_22	implication
46	162515_5	implication
46	162515_6	implication
46	179642_14	implication
46	109129_9	implication
46	154237_15	implication
46	148450_2	implication
46	145874_3	implication
46	179642_15	synonym
46	179642_16	implication
46	109129_11	synonym
46	133242_23	implication
46	133242_24	synonym
46	133242_25	string
46	147974_12	synonym
46	135705_10	implication
46	154237_18	synonym
46	135705_11	implication
46	181929_5	implication
46	133242_27	implication
46	133339_23	implication
46	154237_19	implication
46	174483_25	synonym
46	174483_26	synonym
46	162515_11	synonym
46	181929_7	synonym
46	145874_9	synonym
46	154237_22	synonym
46	107340_1	synonym
46	145874_11	synonym
46	162515_13	implication
46	199929_0	synonym
46	199929_1	implication
46	173189_0	synonym
46	154237_23	synonym
46	173189_1	synonym
46	181929_11	implication
46	141825_8	synonym
46	147974_19	synonym
46	148450_13	implication
46	173189_4	implication
46	145874_13	implication
46	169111_0	implication
46	173189_6	synonym
46	184905_2	implication
46	199929_5	implication
46	148450_14	implication
46	169111_1	implication
46	169111_2	implication
46	145874_15	synonym
46	145874_16	synonym
46	166034_16	implication
46	154423_1	implication
46	107340_8	synonym
46	169111_3	implication
46	145874_18	implication
46	129611_2	implication
46	149073_13	synonym
46	174736_3	implication
46	174736_4	implication
46	142089_1	implication
46	193944_4	implication
46	149073_14	implication
46	199929_9	synonym
46	166034_18	implication
46	107340_10	synonym
46	100454_0	implication
46	134857_0	synonym
46	145874_19	implication
46	145874_20	implication
46	149073_15	synonym
46	134857_1	implication
46	169111_9	implication
46	174736_7	synonym
46	100454_2	implication
46	100454_3	implication
46	149073_16	implication
46	166034_20	synonym
46	134857_2	synonym
46	100921_0	synonym
46	149073_17	implication
46	100160_0	implication
46	100160_1	implication
46	134857_3	implication
46	100921_1	implication
46	100921_2	synonym
46	125362_1	implication
46	125362_2	implication
46	174736_12	synonym
46	134857_4	implication
46	196411_2	implication
46	196411_3	implication
46	149498_1	implication
46	193944_10	implication
46	134823_0	synonym
46	106327_2	implication
46	162987_0	implication
46	169374_12	synonym
46	169111_16	implication
46	134857_5	synonym
46	174752_5	implication
46	149498_2	implication
46	125362_4	implication
46	196411_6	implication
46	100921_4	synonym
46	100454_8	synonym
46	100454_9	implication
46	193944_11	synonym
46	131768_18	synonym
46	131768_19	implication
46	169111_18	synonym
46	105017_7	implication
46	196411_7	implication
46	196411_9	synonym
46	174752_8	implication
46	149498_4	implication
46	100921_6	synonym
46	129611_8	implication
46	147686_0	implication
46	169111_19	synonym
46	100454_11	implication
46	100160_9	synonym
46	193944_12	synonym
46	193944_13	implication
46	199929_22	synonym
46	199929_23	synonym
46	134857_8	implication
46	133691_11	hyponym
46	133691_12	synonym
46	125362_8	implication
46	149498_5	implication
46	184905_14	implication
46	100454_12	synonym
46	100160_10	synonym
46	125755_0	implication
46	193944_15	synonym
46	149498_6	implication
46	133691_15	implication
46	106327_6	implication
46	106327_7	synonym
46	134823_5	implication
46	147686_3	implication
46	125755_2	implication
46	162987_7	implication
46	106327_9	synonym
46	107416_1	synonym
46	129611_11	implication
46	147686_6	synonym
46	125755_4	implication
46	149498_10	synonym
46	178126_11	implication
46	134823_8	synonym
46	162987_8	synonym
46	129611_12	synonym
46	147686_8	synonym
46	107416_2	synonym
46	149498_11	synonym
46	155093_3	synonym
46	129279_4	implication
46	134823_9	synonym
46	149498_12	synonym
46	162987_10	synonym
46	155093_4	implication
46	134823_10	implication
46	125755_8	synonym
46	174752_17	synonym
46	149498_13	synonym
46	149498_14	implication
46	155327_0	synonym
46	105017_17	synonym
46	105017_18	synonym
46	155093_6	implication
46	157301_1	implication
46	169111_34	synonym
46	155327_1	implication
46	155093_7	implication
46	134857_18	implication
46	105017_19	synonym
46	178126_18	synonym
46	178126_19	implication
46	107416_7	implication
46	149073_34	implication
46	155093_8	synonym
46	169111_35	synonym
46	145699_7	implication
46	155093_10	implication
46	138376_0	synonym
46	125316_2	implication
46	134823_15	synonym
46	149073_36	synonym
46	174752_24	implication
46	155093_11	synonym
46	157640_1	synonym
46	162987_16	synonym
46	124465_0	implication
46	178126_22	hyponym
46	155327_5	implication
46	157548_0	synonym
46	157548_1	implication
46	155093_13	synonym
46	138376_4	synonym
46	124465_3	synonym
46	157640_3	implication
46	105017_27	synonym
46	105017_28	implication
46	124465_5	implication
46	144023_0	implication
46	144023_1	implication
46	144023_2	synonym
46	174752_29	implication
46	178126_25	synonym
46	155093_16	synonym
46	157548_2	synonym
46	157548_3	implication
46	149498_22	synonym
46	157548_4	synonym
46	155327_7	synonym
46	144023_3	implication
46	174752_30	implication
46	155327_8	implication
46	129611_22	implication
46	178126_28	hyponym
46	125316_11	synonym
46	155093_20	synonym
46	125316_12	implication
46	125316_13	implication
46	154649_7	synonym
46	145699_17	synonym
46	157640_7	implication
46	125316_14	synonym
46	112313_0	synonym
46	157640_8	implication
46	145699_18	synonym
46	154649_10	synonym
46	157640_9	synonym
46	178126_32	implication
46	184214_0	implication
46	145699_19	implication
46	112313_1	implication
46	157640_10	implication
46	155327_13	hyponym
46	184214_1	synonym
46	160997_15	implication
46	157640_13	synonym
46	125316_23	synonym
46	157640_14	string
46	125316_24	implication
46	157640_15	implication
46	112313_8	synonym
46	112313_9	implication
46	112313_14	synonym
46	112313_16	synonym
46	136424_0	synonym
46	128140_8	synonym
46	136424_2	synonym
46	105694_10	synonym
46	112313_21	synonym
46	112313_22	implication
46	128140_13	hyponym
46	136424_14	synonym
46	125325_6	implication
47	144023_6	implication
47	140402_13	implication
47	140402_14	implication
47	179996_14	implication
47	157301_8	hyponym
47	166295_13	implication
47	127915_6	implication
47	127915_7	synonym
47	137091_15	synonym
47	142372_21	implication
47	171393_28	synonym
47	140222_18	implication
47	168309_0	synonym
47	168309_1	synonym
47	140402_16	implication
47	157301_9	hyponym
47	157301_10	implication
47	176997_20	implication
47	184214_6	implication
47	179104_15	synonym
47	179104_16	implication
47	143223_1	synonym
47	127002_13	implication
47	142372_22	implication
47	148059_7	synonym
47	171393_29	synonym
47	191788_15	implication
47	180884_12	implication
47	184214_7	implication
47	184788_0	implication
47	168309_2	implication
47	136424_19	implication
47	143223_2	synonym
47	140222_19	synonym
47	125325_9	implication
47	148059_9	synonym
47	157640_23	implication
47	133855_17	implication
47	133855_18	implication
47	126341_2	implication
47	125594_33	implication
47	123535_0	implication
47	110704_0	synonym
47	110704_1	synonym
47	110704_2	synonym
47	179104_17	implication
47	179104_18	hyponym
47	159878_1	hyponym
47	144023_15	synonym
47	144023_16	implication
47	168309_5	implication
47	167831_0	synonym
47	109173_0	synonym
47	126341_3	implication
47	125325_10	synonym
47	157301_14	hyponym
47	137091_21	implication
47	127002_16	implication
47	126623_2	synonym
47	125594_34	synonym
47	136424_24	implication
47	109173_2	implication
47	123535_2	implication
47	179104_19	implication
47	179104_20	synonym
47	168309_6	implication
47	125325_11	synonym
47	184788_3	synonym
47	134389_3	implication
47	167831_3	implication
47	155984_1	implication
47	143223_5	synonym
47	122893_0	synonym
47	122893_1	implication
47	110704_5	synonym
47	110704_6	implication
47	157301_15	synonym
47	157301_16	synonym
47	159878_5	implication
47	167831_4	implication
47	109173_5	synonym
47	137869_2	implication
47	127002_17	hyponym
47	127002_18	implication
47	148059_14	synonym
47	168309_8	synonym
47	110704_7	synonym
47	110704_8	synonym
47	134389_4	implication
47	125594_36	synonym
47	137869_3	synonym
47	163153_5	implication
47	159878_6	implication
47	159878_7	synonym
47	125325_13	synonym
47	109173_6	implication
47	109173_7	abbreviation
47	137438_13	hyponym
47	143223_8	implication
47	168309_11	synonym
47	133990_9	hyponym
47	137869_4	hyponym
47	179104_24	implication
47	126341_8	synonym
47	159878_8	synonym
47	159878_9	synonym
47	143223_9	hyponym
47	109173_8	synonym
47	109173_9	synonym
47	168309_12	implication
47	138678_34	synonym
47	168411_5	implication
47	110704_12	synonym
47	134389_9	synonym
47	126341_9	synonym
47	155984_6	implication
47	155984_7	implication
47	123535_7	synonym
47	109173_10	abbreviation
47	109173_11	synonym
47	159878_10	implication
47	168309_14	hyponym
47	126341_10	synonym
47	110704_14	hyponym
47	138678_35	implication
47	163870_2	implication
47	130230_6	synonym
47	162525_6	synonym
47	123535_8	synonym
47	137869_6	implication
47	157685_7	implication
47	125594_40	implication
47	109173_12	synonym
47	109173_13	synonym
47	126341_11	synonym
47	187916_1	implication
47	143223_12	implication
47	137869_7	implication
47	171393_37	synonym
47	123535_9	synonym
47	121149_0	hyponym
47	121149_1	implication
47	168309_17	implication
47	157301_24	implication
47	122893_10	synonym
47	122893_11	synonym
47	163870_4	implication
47	159878_13	synonym
47	143223_13	synonym
47	125594_41	implication
47	126341_12	synonym
47	171393_38	synonym
47	163816_1	synonym
47	157685_8	synonym
47	157685_9	implication
47	121149_2	implication
47	121149_3	hyponym
47	121149_4	hyponym
47	190532_3	hyponym
47	194360_4	synonym
47	143223_14	implication
47	122893_12	synonym
47	122893_13	implication
47	159878_14	synonym
47	126341_13	synonym
47	123535_10	synonym
47	162525_8	implication
47	126623_15	implication
47	125594_42	implication
47	157301_25	implication
47	121149_5	implication
47	121149_6	hyponym
47	121149_7	hyponym
47	184788_13	synonym
47	110084_5	synonym
47	123535_11	synonym
47	163816_3	implication
47	137869_9	implication
47	190532_4	hyponym
47	126623_16	implication
47	167831_14	synonym
47	155984_12	synonym
47	149203_11	synonym
47	163153_13	synonym
47	184788_14	implication
47	134389_18	synonym
47	134389_19	implication
47	171393_39	implication
47	187916_4	implication
47	157685_11	synonym
47	168309_20	hyponym
47	163153_14	implication
47	163816_4	synonym
47	163816_5	implication
47	157301_26	implication
47	123535_13	implication
47	190532_7	implication
47	159878_17	synonym
47	134389_21	implication
47	126623_17	hyponym
47	126623_18	implication
47	163153_15	implication
47	187916_5	implication
47	123535_14	implication
47	137869_11	synonym
47	166902_6	synonym
47	157685_13	synonym
47	190532_8	synonym
47	168411_15	implication
47	147969_3	synonym
47	110084_6	synonym
47	170628_5	synonym
47	126623_19	implication
47	125594_46	implication
47	187916_6	synonym
47	163153_17	synonym
47	194360_9	hyponym
47	166902_7	synonym
47	170628_6	implication
47	176077_9	hyponym
47	130230_14	implication
47	163816_8	hyponym
47	163816_9	synonym
47	186382_5	synonym
47	186382_6	synonym
47	144754_1	synonym
47	144754_2	implication
47	125594_47	implication
47	123535_17	synonym
47	194360_10	synonym
47	143223_20	implication
47	176077_11	implication
47	168411_20	implication
47	130230_15	implication
47	144754_3	hyponym
47	125594_48	implication
47	111138_1	implication
47	111138_2	synonym
47	123535_18	synonym
47	112869_1	synonym
47	176996_17	implication
47	174964_6	implication
47	137869_12	implication
47	122893_22	synonym
47	174786_3	synonym
47	147969_7	synonym
47	147969_8	synonym
47	168279_3	implication
47	125594_49	implication
47	167831_22	implication
47	122883_0	implication
47	111138_3	implication
47	134121_5	implication
47	177622_9	implication
47	177622_10	synonym
47	130230_17	implication
47	199482_1	synonym
47	122883_1	implication
47	119502_7	synonym
47	186515_1	implication
47	187916_11	implication
47	144754_5	implication
47	112869_5	synonym
47	122883_2	implication
47	119502_8	implication
47	199482_2	synonym
47	144754_6	implication
47	141891_5	implication
47	168279_4	implication
47	126341_22	synonym
47	112869_6	synonym
47	112869_7	synonym
47	110549_1	synonym
47	144754_7	implication
47	111138_7	synonym
47	111138_8	synonym
47	122883_4	synonym
47	194360_15	implication
47	177622_13	implication
47	177622_14	synonym
47	126341_23	synonym
47	194360_16	synonym
47	111138_10	synonym
47	137869_16	implication
47	110549_3	hyponym
47	126341_24	implication
47	177622_16	synonym
47	176617_10	implication
47	122883_6	hyponym
47	126341_25	synonym
47	137869_17	implication
47	112869_11	synonym
47	199482_5	synonym
47	122883_7	hyponym
47	178961_2	implication
47	147969_16	synonym
47	124621_3	implication
47	177622_17	hyponym
47	176617_11	implication
47	110549_6	implication
47	104582_3	implication
47	111138_13	synonym
47	126341_26	synonym
47	166902_28	synonym
47	177622_19	implication
47	144754_13	synonym
47	170781_4	implication
47	147969_17	synonym
47	147969_18	synonym
47	122883_8	hyponym
47	172267_2	synonym
47	104582_7	implication
47	119502_16	implication
47	171305_1	implication
47	100492_8	synonym
47	180800_1	synonym
47	100492_10	implication
47	119502_17	implication
47	144766_1	implication
47	126341_30	synonym
47	146958_8	implication
47	124621_7	synonym
47	171305_3	implication
47	119502_18	implication
47	170781_11	implication
47	137869_22	implication
47	174786_13	implication
47	144754_17	synonym
47	144754_18	synonym
47	146958_9	synonym
47	124621_8	implication
47	199482_9	implication
47	128050_2	synonym
47	110549_13	implication
47	100492_15	synonym
47	178961_7	implication
47	170781_12	implication
47	199482_10	synonym
47	137869_24	synonym
47	198152_4	implication
47	147969_24	implication
47	196878_2	synonym
47	126341_33	implication
47	196148_1	synonym
47	199482_11	implication
47	198152_5	synonym
47	190537_3	hyponym
47	147969_26	implication
47	147502_6	implication
47	199482_12	implication
47	196878_7	implication
47	144766_5	implication
47	128050_7	synonym
47	190537_4	implication
47	124621_12	implication
47	178961_11	implication
47	171305_9	implication
47	147502_7	implication
47	196878_9	synonym
47	144766_6	synonym
47	120990_2	hyponym
47	104582_18	implication
47	171305_10	implication
47	124621_15	synonym
47	144766_7	implication
47	136373_3	synonym
47	120990_3	synonym
47	190537_9	implication
47	147383_2	implication
47	147383_3	implication
47	155569_6	synonym
47	167883_4	implication
47	128050_10	synonym
47	128050_11	implication
47	167883_5	synonym
47	136373_5	implication
47	190537_10	implication
47	124621_17	implication
47	147383_4	synonym
47	180800_12	implication
47	174786_21	implication
47	155569_7	implication
47	155569_8	synonym
47	147502_12	implication
47	120990_8	synonym
47	124290_4	hyponym
47	124290_5	synonym
47	128050_13	implication
47	171305_13	synonym
47	129556_6	implication
47	104582_23	implication
47	155569_10	hyponym
47	147502_13	implication
47	120990_10	hyponym
47	120990_11	implication
47	174786_22	implication
47	124290_6	synonym
47	124290_7	synonym
47	175480_7	hyponym
47	128050_14	implication
47	120990_12	hyponym
47	120990_13	hyponym
47	120990_14	hyponym
47	107052_2	implication
47	199482_19	implication
47	139341_1	implication
47	180800_16	implication
47	124290_8	synonym
47	169851_0	synonym
47	167883_11	synonym
47	185233_11	synonym
47	199482_20	implication
47	136373_11	hyponym
47	128050_17	implication
47	120990_15	synonym
47	139341_2	hyponym
47	169851_1	implication
47	169851_2	implication
47	169851_3	synonym
47	174786_25	implication
47	124290_15	implication
47	185233_12	implication
47	180621_2	implication
47	180621_3	synonym
47	176083_0	implication
47	128590_1	synonym
47	121925_12	implication
47	107052_5	implication
47	184833_9	implication
47	139341_3	synonym
47	199482_22	implication
47	165056_2	implication
47	122629_4	synonym
47	176083_1	implication
47	169851_4	synonym
47	169851_5	synonym
47	171305_18	synonym
47	128590_2	synonym
47	128590_3	synonym
47	104268_1	implication
47	139341_4	implication
47	177613_1	implication
47	161610_2	synonym
47	144754_39	hyponym
47	199482_23	implication
47	184833_11	implication
47	165056_5	implication
47	168279_38	implication
47	136373_16	hyponym
47	136373_17	implication
47	169851_8	synonym
47	169851_9	synonym
47	104268_2	implication
47	150164_3	implication
47	128590_5	synonym
47	196148_17	implication
47	107052_8	implication
47	176083_3	implication
47	133339_3	implication
47	196148_18	implication
47	121925_19	implication
47	172195_6	implication
47	107052_9	implication
47	199482_25	implication
47	176083_4	implication
47	150164_5	hyponym
47	150164_6	synonym
47	139341_5	implication
47	171305_21	synonym
47	186436_9	implication
47	133339_4	synonym
47	128050_21	implication
47	128050_22	implication
47	161086_6	implication
47	199482_26	synonym
47	112982_5	hyponym
47	139341_6	synonym
47	185233_18	implication
47	177613_7	implication
47	128590_9	implication
47	133339_5	synonym
47	199482_27	synonym
47	129556_23	hyponym
47	188625_9	synonym
47	177613_8	synonym
47	144766_16	implication
47	145340_1	implication
47	122400_27	implication
47	133339_6	implication
47	197150_2	synonym
47	161610_6	synonym
47	177613_9	synonym
47	128590_10	synonym
47	186436_13	implication
47	171473_4	synonym
47	161610_7	synonym
47	112982_9	implication
47	198152_23	implication
47	112613_6	implication
47	128050_24	implication
47	180621_14	implication
47	171473_5	implication
47	196148_22	synonym
47	122400_28	implication
47	144766_17	synonym
47	136373_25	implication
47	165603_5	implication
47	176083_8	synonym
47	161086_13	implication
47	186436_14	synonym
47	186436_15	implication
47	105954_7	implication
47	199482_30	implication
47	104268_6	synonym
47	128590_12	synonym
47	128590_13	synonym
47	198152_24	synonym
47	145340_5	implication
47	114939_1	synonym
47	144766_18	synonym
47	165603_6	synonym
47	176083_9	synonym
47	185233_22	hyponym
47	136373_27	implication
47	161086_14	implication
47	196148_23	synonym
47	114939_3	synonym
47	133424_11	synonym
47	177613_12	implication
47	128590_15	implication
47	168279_49	implication
47	145340_6	synonym
47	199482_31	implication
47	104268_7	synonym
47	104268_8	synonym
47	114939_4	synonym
47	197150_5	implication
47	165603_7	synonym
47	118995_4	synonym
47	118995_5	synonym
47	176083_10	implication
47	128590_16	synonym
47	128590_17	implication
47	112613_10	implication
47	154237_5	implication
47	177613_14	hyponym
47	123916_5	implication
47	103049_4	synonym
47	103049_5	synonym
47	113598_1	synonym
47	186436_18	synonym
47	177082_1	synonym
47	161086_19	implication
47	133424_12	synonym
47	133424_13	synonym
47	128590_18	implication
47	128590_19	implication
47	112613_12	implication
47	123916_6	synonym
47	182680_3	synonym
47	154237_7	implication
47	144766_21	implication
47	176083_12	implication
47	196148_26	implication
47	133424_14	implication
47	133424_15	synonym
47	166034_1	implication
47	177613_16	hyponym
47	153544_4	implication
47	104268_9	synonym
47	128590_21	implication
47	186436_21	synonym
47	196148_27	implication
47	118995_9	implication
47	118995_10	synonym
47	161086_20	implication
47	154237_8	synonym
47	133424_16	synonym
47	133424_17	synonym
47	176083_13	synonym
47	103049_8	implication
47	197150_9	implication
47	113598_4	implication
47	113598_5	implication
47	177082_3	implication
47	166034_2	synonym
47	179222_0	implication
47	153544_5	hyponym
47	196148_28	implication
47	128590_22	hyponym
47	128590_23	hyponym
47	145340_13	implication
47	161610_14	synonym
47	197150_10	implication
47	177082_5	implication
47	177613_18	implication
47	113598_7	implication
47	103049_11	synonym
47	199482_35	synonym
47	127081_1	synonym
47	179222_1	implication
47	161610_15	synonym
47	112613_16	implication
47	195624_9	synonym
47	188625_19	hyponym
47	196148_29	implication
47	124557_3	synonym
47	124557_4	synonym
47	135705_5	synonym
47	166034_4	implication
47	182680_8	implication
47	103049_13	implication
47	128590_24	implication
47	128590_25	implication
47	113598_8	hyponym
47	176083_16	synonym
47	127081_2	synonym
47	162515_2	implication
47	176083_17	implication
47	113598_11	implication
47	124557_5	synonym
47	161610_16	implication
47	148450_1	implication
47	196148_31	implication
47	133339_19	implication
47	114939_13	implication
47	139341_14	implication
47	133424_24	implication
47	127081_5	implication
47	176083_18	implication
47	162515_3	implication
47	135705_6	implication
47	171659_1	hyponym
47	171659_2	hyponym
47	196148_32	implication
47	113598_13	implication
47	154237_13	implication
47	146947_4	implication
47	197150_14	implication
47	139341_15	implication
47	160100_7	implication
47	196148_33	implication
47	148215_5	hyponym
47	197122_2	implication
47	197122_3	implication
47	186295_8	implication
47	127081_6	synonym
47	182680_12	implication
47	162515_5	synonym
47	146947_7	implication
47	114939_15	implication
47	125632_4	synonym
47	154237_15	implication
47	177082_11	implication
47	148450_3	implication
47	135705_8	implication
47	141825_1	implication
47	171659_5	synonym
47	166034_8	implication
47	194649_0	synonym
47	194649_1	implication
47	104268_15	implication
47	176083_21	implication
47	139341_17	synonym
47	180621_32	implication
47	111187_5	synonym
47	133339_22	implication
47	171659_6	implication
47	197122_5	implication
47	135705_9	implication
47	127081_11	synonym
47	194649_2	implication
47	162515_9	hyponym
47	181929_4	implication
47	148450_4	implication
47	148450_5	implication
47	129412_1	implication
47	160100_12	implication
47	139341_18	synonym
47	148215_9	implication
47	133424_31	implication
47	148450_6	synonym
47	133339_23	implication
47	197122_6	synonym
47	135705_12	implication
47	197150_19	synonym
47	139341_19	implication
47	104268_18	implication
47	114210_4	implication
47	127081_12	synonym
47	127081_13	implication
47	129412_3	implication
47	129412_4	implication
47	185551_1	implication
47	148215_10	synonym
47	148215_11	synonym
47	197150_20	synonym
47	108451_3	implication
47	194649_7	synonym
47	184489_0	hyponym
47	121731_0	hyponym
47	185551_2	implication
47	139341_20	implication
47	148215_12	implication
47	182680_20	implication
47	127081_14	synonym
47	108451_4	implication
47	129412_5	synonym
47	129412_6	synonym
47	197150_21	synonym
47	121731_3	implication
47	199929_0	synonym
47	177082_17	synonym
47	112834_3	synonym
47	194649_9	implication
47	148450_11	implication
47	135705_16	implication
47	125632_12	implication
47	108451_6	implication
47	127081_16	implication
47	129412_7	synonym
47	121731_4	hyponym
47	121731_5	hyponym
47	104268_21	implication
47	144925_3	implication
47	114210_9	implication
47	194649_10	synonym
47	114837_5	synonym
47	112834_5	hyponym
47	125632_13	synonym
47	105400_2	implication
47	185551_6	synonym
47	185551_7	synonym
47	121731_6	synonym
47	121731_7	implication
47	148215_16	implication
47	148215_17	implication
47	104268_22	implication
47	184489_6	synonym
47	150548_1	synonym
47	177082_20	implication
47	114837_6	synonym
47	144925_4	synonym
47	129412_9	synonym
47	129412_10	synonym
47	114210_10	implication
47	121731_9	hyponym
47	125632_14	synonym
47	125632_15	synonym
47	185551_8	hyponym
47	150548_2	implication
47	184489_7	synonym
47	177082_22	implication
47	184905_2	implication
47	199929_4	synonym
47	199929_5	synonym
47	148450_15	synonym
47	114210_12	implication
47	114210_13	implication
47	192522_3	implication
47	194649_15	synonym
47	104268_24	implication
47	159687_5	synonym
47	105400_7	synonym
47	129412_12	synonym
47	148450_16	implication
47	148450_17	implication
47	112834_11	implication
47	114210_14	synonym
47	142178_4	implication
47	142178_5	synonym
47	129412_14	synonym
47	105400_8	implication
47	165603_23	implication
47	177082_24	implication
47	113215_2	synonym
47	113215_3	synonym
47	144298_2	implication
47	193944_4	synonym
47	148450_18	synonym
47	148450_19	synonym
47	184489_13	synonym
47	184489_14	synonym
47	169374_5	implication
47	169374_6	implication
47	166034_18	implication
47	105400_10	implication
47	150548_6	implication
47	182247_7	hyponym
47	129412_15	hyponym
47	185551_14	implication
47	185551_15	synonym
47	117878_0	synonym
47	117878_1	synonym
47	113215_4	synonym
47	113215_5	synonym
47	113215_6	implication
47	144298_3	synonym
47	144298_4	implication
47	112834_15	synonym
47	184489_15	synonym
47	104268_26	synonym
47	171327_6	implication
47	105400_12	synonym
47	142178_8	implication
47	100454_2	synonym
47	100454_3	implication
47	169374_8	implication
47	147165_1	implication
47	129412_17	implication
47	105017_0	synonym
47	105017_1	synonym
47	185551_16	synonym
47	192522_8	synonym
47	114837_17	synonym
47	184489_17	synonym
47	184489_18	synonym
47	117878_2	implication
47	117878_3	synonym
47	113215_7	synonym
47	101099_3	implication
47	199929_14	synonym
47	199929_15	implication
47	184905_8	synonym
47	142178_10	implication
47	129412_19	implication
47	147165_2	implication
47	101099_4	implication
47	105017_2	hyponym
47	199929_16	implication
47	199929_17	implication
47	182247_13	hyponym
47	105400_16	hyponym
47	144298_8	synonym
47	174752_4	implication
47	164967_3	implication
47	164967_4	implication
47	190805_4	implication
47	192522_10	implication
47	125632_25	synonym
47	101099_5	implication
47	129412_21	implication
47	129412_22	synonym
47	193944_10	implication
47	100454_6	implication
47	100454_7	synonym
47	144298_10	synonym
47	199929_18	synonym
47	199929_19	implication
47	184905_9	implication
47	190805_6	synonym
47	190805_7	hyponym
47	147165_4	implication
47	174752_5	synonym
47	149498_2	implication
47	101099_6	implication
47	193944_11	implication
47	129412_23	implication
47	105017_6	implication
47	114837_22	implication
47	114837_23	synonym
47	125632_26	implication
47	144298_11	implication
47	144298_12	synonym
47	199929_20	synonym
47	105017_7	synonym
47	108176_3	synonym
47	101099_7	implication
47	190805_8	implication
47	190805_9	implication
47	174752_7	implication
47	159904_2	synonym
47	100454_11	synonym
47	125632_28	implication
47	105017_8	implication
47	166034_25	implication
47	193944_12	implication
47	193944_13	implication
47	176997_1	implication
47	117878_8	implication
47	147165_8	implication
47	144298_14	hyponym
47	150548_14	synonym
47	167088_5	synonym
47	122251_0	hyponym
47	122251_2	implication
47	199929_22	synonym
47	199929_23	synonym
47	105017_9	implication
47	117878_9	implication
47	149498_5	implication
47	162987_4	implication
47	167413_2	implication
47	125594_0	synonym
47	184905_14	implication
47	100454_12	synonym
47	147165_10	synonym
47	147165_11	implication
47	125632_31	implication
47	114837_24	synonym
47	144298_15	synonym
47	144298_16	synonym
47	179996_1	implication
47	149498_6	synonym
47	119993_12	implication
47	192498_2	implication
47	167088_7	implication
47	131701_6	synonym
47	159904_6	implication
47	140432_5	implication
47	117878_10	synonym
47	117878_11	hyponym
47	174752_12	implication
47	122251_3	implication
47	122251_5	synonym
47	192498_3	implication
47	144298_18	hyponym
47	179996_2	synonym
47	167088_8	implication
47	119993_14	implication
47	157329_1	implication
47	159904_7	implication
47	134823_6	implication
47	166295_0	implication
47	193756_1	synonym
47	118218_2	implication
47	117878_12	synonym
47	125594_2	implication
47	162987_7	implication
47	147165_15	hyponym
47	144298_19	synonym
47	144298_20	implication
47	129279_3	synonym
47	122251_6	synonym
47	122251_7	synonym
47	140432_7	implication
47	149111_4	synonym
47	179996_3	synonym
47	167972_0	implication
47	119993_15	implication
47	143479_3	implication
47	125594_3	implication
47	117878_13	implication
47	166295_2	implication
47	166295_3	synonym
47	147165_16	synonym
47	147165_17	synonym
47	105017_14	synonym
47	176997_5	synonym
47	183737_1	synonym
47	193756_2	synonym
47	179996_4	synonym
47	121173_11	synonym
47	157329_3	synonym
47	157329_4	synonym
47	174752_15	implication
47	129279_4	implication
47	147165_18	synonym
47	176997_6	synonym
47	117878_15	synonym
47	117878_16	implication
47	166034_30	implication
47	122251_10	hyponym
47	136175_0	implication
47	136175_1	implication
47	144298_23	implication
47	144298_24	synonym
47	183737_2	synonym
47	134823_10	implication
47	105017_15	synonym
47	105017_16	implication
47	167972_3	synonym
47	117878_17	implication
47	166295_7	implication
47	162528_3	synonym
47	134823_11	hyponym
47	118218_6	implication
47	105017_17	synonym
47	125594_5	implication
47	144298_25	implication
47	162528_4	synonym
47	162987_12	implication
47	162987_13	implication
47	118218_7	synonym
47	179472_5	implication
47	166295_8	implication
47	166295_9	implication
47	132513_6	synonym
47	159504_7	implication
47	167413_9	synonym
47	149111_10	implication
47	195655_10	implication
47	170654_0	synonym
47	170654_1	synonym
47	132513_7	implication
47	134823_13	implication
47	144298_28	implication
47	157301_3	implication
47	166295_10	implication
47	136175_6	implication
47	125594_7	implication
47	192151_2	synonym
47	136086_4	implication
47	149111_11	implication
47	149111_12	implication
47	193756_9	implication
47	192498_8	implication
47	132513_8	implication
47	180884_3	implication
47	180884_4	hyponym
47	180884_5	synonym
47	105017_21	implication
47	105017_22	implication
47	176997_11	implication
47	157301_6	implication
47	192151_3	synonym
47	159504_9	implication
47	136175_7	synonym
47	125594_8	implication
47	170654_2	synonym
47	170654_3	synonym
47	176997_12	implication
47	189534_5	implication
47	192498_9	implication
47	157329_10	synonym
47	179996_12	implication
47	179996_13	implication
47	183737_8	synonym
47	167972_7	synonym
47	118218_10	implication
47	176997_13	implication
47	192151_5	implication
47	160997_3	synonym
47	183737_10	hyponym
47	170654_4	synonym
47	170654_5	implication
47	167972_8	synonym
47	142372_0	implication
47	142372_1	synonym
47	157329_11	synonym
47	136086_8	implication
47	105017_26	implication
47	149498_20	implication
47	160997_5	synonym
47	183737_11	synonym
47	149111_17	synonym
47	158768_6	implication
47	124465_3	synonym
47	142372_2	implication
47	157329_14	implication
47	125594_11	implication
47	118218_13	implication
47	157640_3	implication
47	143479_13	hyponym
47	127002_1	synonym
47	136175_11	implication
47	144023_1	implication
47	144023_2	implication
47	167972_10	implication
47	141996_2	implication
47	141996_3	hyponym
47	142372_4	implication
47	127002_2	implication
47	136175_13	synonym
47	170654_9	synonym
47	118218_14	implication
47	125594_12	synonym
47	171027_5	implication
47	149111_19	implication
47	167972_11	implication
47	142372_5	implication
47	127002_3	synonym
47	132513_12	synonym
47	143479_14	implication
47	170654_10	synonym
47	144023_5	synonym
47	171027_6	synonym
47	149111_20	implication
47	157329_15	synonym
47	142372_6	implication
47	167972_12	implication
47	192151_11	implication
47	132513_13	implication
47	142372_7	implication
47	136175_14	implication
47	136175_15	implication
47	170654_11	synonym
47	170654_12	synonym
47	170654_13	synonym
47	171027_7	implication
47	128163_4	implication
47	141996_7	implication
47	142372_9	implication
47	125594_14	implication
47	118218_16	implication
47	128163_5	implication
47	128163_6	synonym
47	127002_6	synonym
47	170654_14	synonym
47	170654_15	synonym
47	142372_10	synonym
47	142372_11	implication
47	192151_14	implication
47	141996_8	implication
47	118218_17	implication
47	168605_0	implication
47	157640_8	synonym
47	179104_1	synonym
47	167972_13	implication
47	189534_17	hyponym
47	168605_1	synonym
47	192498_17	synonym
47	170654_16	synonym
47	170654_17	implication
47	192151_17	implication
47	127002_10	implication
47	171393_3	synonym
47	118218_19	implication
47	106091_9	synonym
47	192498_18	synonym
47	170654_18	synonym
47	171027_11	implication
47	179104_2	implication
47	155684_5	implication
47	148059_0	implication
47	138678_8	implication
47	198930_8	implication
47	142372_15	implication
47	168605_4	synonym
47	106091_10	synonym
47	128163_13	implication
47	141996_15	hyponym
47	170654_19	synonym
47	170654_20	hyponym
47	155684_6	implication
47	148059_1	implication
47	157329_24	synonym
47	168605_5	synonym
47	106091_11	synonym
47	198930_10	implication
47	138678_9	synonym
47	141996_16	synonym
47	141996_17	implication
47	138678_10	synonym
47	141996_19	implication
47	125594_19	implication
47	168605_7	implication
47	168605_8	synonym
47	106091_13	implication
47	106091_14	synonym
47	137091_0	implication
47	133855_3	synonym
47	179104_7	synonym
47	118218_24	implication
47	135016_0	implication
47	125594_20	implication
47	157640_15	synonym
47	168605_9	hyponym
47	168605_10	synonym
47	160997_18	implication
47	179104_8	synonym
47	106091_15	implication
47	171393_7	synonym
47	157640_16	implication
47	191788_0	synonym
47	160997_19	hyponym
47	137091_3	synonym
47	137091_4	synonym
47	171393_8	synonym
47	141520_5	synonym
47	171027_21	implication
47	192498_24	implication
47	133855_4	implication
47	191788_2	synonym
47	192498_25	synonym
47	102758_0	implication
47	125594_23	implication
47	140222_12	synonym
47	125594_24	synonym
47	191788_5	synonym
47	135016_7	synonym
47	137091_8	implication
47	155684_17	hyponym
47	137091_9	synonym
47	159434_12	implication
47	102758_2	implication
47	191788_7	implication
47	167972_21	implication
47	133855_11	implication
47	102758_3	synonym
47	137091_10	implication
47	137091_11	implication
47	102758_4	synonym
47	128140_4	synonym
47	155684_21	implication
47	191788_8	implication
47	191788_9	hyponym
47	102758_5	implication
47	137091_12	implication
47	102758_7	implication
47	191788_12	implication
47	128140_5	implication
47	152105_4	synonym
47	102758_8	implication
47	128140_6	synonym
47	138678_21	implication
47	128140_7	implication
47	152105_8	synonym
47	128140_8	synonym
47	152105_9	implication
47	125325_1	implication
47	102758_11	implication
47	128140_9	synonym
47	171393_19	synonym
47	187378_8	synonym
47	152105_10	implication
47	152105_11	implication
47	125325_2	implication
47	171393_20	synonym
47	152105_12	synonym
47	171393_21	implication
47	125325_4	synonym
47	171393_22	synonym
47	138678_25	implication
47	140402_8	implication
47	128140_13	hyponym
47	128140_14	synonym
47	138678_27	implication
47	125325_5	synonym
47	140402_12	implication
47	114425_2	synonym
47	171393_25	implication
47	114425_3	implication
47	171393_27	implication
47	125325_6	implication
47	114425_5	implication
47	114425_6	implication
48	180546_1	hyponym
48	157301_8	synonym
48	137636_2	synonym
48	157301_9	synonym
48	180546_4	implication
48	180546_5	implication
48	180546_7	implication
48	180546_8	implication
48	137636_8	synonym
48	110704_6	hyponym
48	149203_0	implication
48	137636_9	implication
48	149203_2	synonym
48	110704_9	synonym
48	149203_3	implication
48	147421_1	synonym
48	149203_5	implication
48	137636_15	synonym
48	110704_13	implication
48	169428_3	synonym
48	157301_24	implication
48	134831_4	implication
48	149203_7	implication
48	149203_8	synonym
48	169428_6	implication
48	169428_7	synonym
48	129375_1	synonym
48	129375_2	synonym
48	149203_10	implication
48	129375_3	hyponym
48	169428_9	synonym
48	129375_6	hyponym
48	129375_7	implication
48	129375_9	synonym
48	129375_10	synonym
48	149203_16	synonym
48	129375_11	synonym
48	120849_14	implication
48	146452_1	implication
48	146452_2	implication
48	130253_0	implication
48	130253_2	hyponym
48	120849_29	implication
48	110549_11	implication
48	146452_10	implication
48	146452_11	synonym
48	130253_8	implication
48	130253_9	hyponym
48	110549_15	hyponym
48	150306_3	synonym
48	128247_1	implication
48	110481_6	synonym
48	110549_16	synonym
48	130253_13	implication
48	130253_14	synonym
48	150306_4	synonym
48	130253_15	synonym
48	130253_16	implication
48	146452_19	synonym
48	128247_9	synonym
48	130253_22	implication
48	146452_23	synonym
48	130253_24	synonym
48	136671_16	synonym
48	146452_24	synonym
48	130253_25	synonym
48	178961_16	synonym
48	128247_17	synonym
48	155533_8	implication
48	155533_9	implication
48	155533_13	implication
48	102295_2	implication
48	136671_22	synonym
48	102295_3	implication
48	102295_4	implication
48	105787_7	synonym
48	102295_6	synonym
48	153345_9	synonym
48	188206_14	implication
48	153345_10	synonym
48	102295_9	implication
48	153345_12	synonym
48	171473_6	implication
48	171473_8	synonym
48	157809_10	implication
48	126490_13	synonym
48	157809_11	implication
48	157809_15	implication
48	146947_0	synonym
48	109129_0	synonym
48	109129_1	synonym
48	146947_1	synonym
48	146947_2	implication
48	146947_3	implication
48	180621_27	synonym
48	109129_3	implication
48	146947_4	implication
48	106334_11	hyponym
48	146947_8	synonym
48	109129_9	synonym
48	162515_8	synonym
48	146947_11	synonym
48	106334_15	synonym
48	162515_10	synonym
48	157296_17	implication
48	109129_13	hyponym
48	157296_19	implication
48	113492_2	synonym
48	162515_14	synonym
48	113492_7	hyponym
48	162642_5	synonym
48	184489_6	implication
48	162642_6	implication
48	162642_7	hyponym
48	162642_10	implication
48	162642_11	synonym
48	184489_12	synonym
48	114183_23	implication
48	184489_15	implication
48	184489_16	implication
48	168047_7	synonym
48	165603_26	synonym
48	168047_8	hyponym
48	149498_0	synonym
48	168047_10	synonym
48	149498_1	implication
48	159904_0	implication
48	149498_3	synonym
48	174752_7	implication
48	159904_1	implication
48	105017_8	implication
48	159904_3	implication
48	159904_4	synonym
48	177389_11	synonym
48	149498_6	synonym
48	159904_5	synonym
48	149498_7	synonym
48	159904_7	synonym
48	174752_13	hyponym
48	174752_14	synonym
48	159904_12	synonym
48	174752_15	synonym
48	174752_17	implication
48	174752_18	synonym
48	149498_13	synonym
48	149498_15	synonym
48	136086_4	implication
48	136086_5	synonym
48	136086_6	synonym
48	136086_7	implication
48	192498_10	implication
48	136086_10	synonym
48	174752_26	synonym
48	174752_27	synonym
48	192498_12	implication
48	136086_11	synonym
48	136086_12	synonym
48	154649_2	implication
48	192498_13	synonym
48	154649_5	synonym
48	192498_15	synonym
48	192498_16	implication
48	159434_1	implication
48	198930_8	synonym
48	198930_9	synonym
48	159434_7	synonym
48	192498_25	synonym
48	192498_26	synonym
48	159434_13	synonym
49	179996_14	implication
49	185487_11	synonym
49	185487_12	synonym
49	185487_13	synonym
49	185487_14	synonym
49	102433_0	synonym
49	197331_1	synonym
49	133855_17	implication
49	133855_18	implication
49	153406_2	synonym
49	102433_3	synonym
49	133990_0	synonym
49	123535_0	synonym
49	123535_1	implication
49	150588_0	synonym
49	133855_19	implication
49	153406_9	implication
49	123535_3	synonym
49	133855_21	synonym
49	138678_32	synonym
49	123535_4	synonym
49	157685_0	hyponym
49	153406_14	implication
49	153406_15	synonym
49	150588_5	synonym
49	157685_3	synonym
49	153406_16	synonym
49	133990_10	implication
49	133990_11	synonym
49	157685_4	implication
49	102433_11	synonym
49	138678_35	implication
49	131999_4	implication
49	159001_0	synonym
49	138678_36	implication
49	102433_12	implication
49	102433_13	implication
49	150588_10	synonym
49	123535_10	synonym
49	102433_16	implication
49	123535_12	synonym
49	152649_11	implication
49	123535_14	synonym
49	173656_1	implication
49	173656_3	synonym
49	157685_16	implication
49	157685_19	implication
49	150588_19	implication
49	152649_17	synonym
49	157685_20	implication
49	157685_21	synonym
49	150588_20	implication
49	152649_18	implication
49	152649_19	implication
49	150588_21	implication
49	174786_5	synonym
49	157685_22	implication
49	152649_23	synonym
49	124621_3	synonym
49	190179_0	synonym
49	110806_1	synonym
49	150588_27	implication
49	120701_1	hyponym
49	120701_2	synonym
49	190179_2	implication
49	120701_3	synonym
49	142413_6	implication
49	122400_0	synonym
49	190179_3	synonym
49	122400_1	synonym
49	142413_8	synonym
49	120701_8	implication
49	142413_9	implication
49	128247_3	synonym
49	185233_2	implication
49	120701_13	implication
49	174786_19	implication
49	185233_4	implication
49	185233_5	synonym
49	124621_16	implication
49	142413_13	synonym
49	120701_17	hyponym
49	120701_18	synonym
49	188400_4	synonym
49	124621_17	implication
49	185233_7	synonym
49	188400_5	implication
49	128247_11	synonym
49	128247_12	implication
49	124621_18	implication
49	116664_15	implication
49	116664_16	synonym
49	128247_13	implication
49	190179_12	synonym
49	124621_20	synonym
49	128247_15	synonym
49	147383_8	implication
49	185233_10	synonym
49	147383_10	implication
49	124621_21	synonym
49	185233_12	hyponym
49	185233_13	synonym
49	176083_1	synonym
49	122400_24	implication
49	188400_22	synonym
49	188400_24	implication
49	190179_19	implication
49	107052_11	synonym
49	107052_12	implication
49	188400_25	implication
49	190179_20	synonym
49	185233_19	synonym
49	122400_26	implication
49	122400_27	implication
49	107052_13	implication
49	107052_14	implication
49	147974_0	hyponym
49	185233_21	implication
49	157008_2	hyponym
49	107683_14	implication
49	107683_16	synonym
49	147974_3	synonym
49	198152_26	implication
49	198152_27	implication
49	143881_2	synonym
49	113598_2	synonym
49	157008_10	hyponym
49	198152_29	synonym
49	193091_4	synonym
49	182680_7	implication
49	127081_2	synonym
49	127081_3	synonym
49	130539_4	hyponym
49	113598_11	implication
49	130539_5	synonym
49	101480_4	synonym
49	195735_1	synonym
49	113598_14	synonym
49	113598_15	hyponym
49	193091_11	implication
49	193091_12	implication
49	195735_2	synonym
49	182680_18	implication
49	127081_13	implication
49	114250_1	synonym
49	197150_20	synonym
49	167675_1	synonym
49	182680_20	implication
49	127081_14	implication
49	197150_21	synonym
49	197150_22	synonym
49	197150_23	synonym
49	130539_15	implication
49	197150_25	implication
49	130539_17	implication
49	101480_16	synonym
49	169111_4	synonym
49	101480_17	implication
49	101480_18	synonym
49	191331_1	synonym
49	191331_2	implication
49	101480_19	implication
49	167675_13	implication
49	101480_20	implication
49	191331_6	synonym
49	130539_21	synonym
49	167675_16	implication
49	120587_2	synonym
49	120587_3	synonym
49	114250_15	implication
49	191331_8	implication
49	101480_21	implication
49	190805_2	synonym
49	190805_3	implication
49	167675_18	synonym
49	100921_2	synonym
49	114250_19	synonym
49	101480_25	synonym
49	185487_2	synonym
49	114250_20	synonym
49	120587_10	synonym
49	127126_1	synonym
49	190805_9	implication
49	179996_0	synonym
49	127126_2	synonym
49	192522_13	implication
49	169111_24	implication
49	129279_2	synonym
49	104434_1	synonym
49	169111_28	implication
49	166295_2	synonym
49	127126_10	implication
49	127126_11	implication
49	185487_8	hyponym
49	185487_9	implication
49	169111_29	implication
49	166295_5	synonym
49	159138_5	implication
49	166295_6	synonym
49	166295_7	synonym
49	104434_13	implication
49	104434_14	implication
49	104434_15	implication
49	104434_16	synonym
49	179996_13	implication
49	138678_0	synonym
49	176801_1	synonym
49	176801_2	implication
49	138678_1	synonym
49	176801_3	implication
49	138678_2	implication
49	138678_3	synonym
49	138678_5	synonym
49	133855_0	synonym
49	193169_3	synonym
49	133855_1	synonym
49	176801_19	implication
49	193169_10	synonym
49	176801_21	synonym
49	193169_13	implication
49	138678_17	synonym
49	130510_2	implication
49	138678_19	implication
49	138678_21	synonym
49	130510_8	implication
49	130510_10	implication
49	138678_27	implication
50	179225_0	implication
50	140402_16	implication
50	179225_1	hyponym
50	179225_2	synonym
50	140402_17	hyponym
50	140402_18	hyponym
50	179225_8	hyponym
50	138678_33	hyponym
50	179225_9	implication
50	138678_34	implication
50	162348_0	synonym
50	162348_1	implication
50	162348_3	synonym
50	162348_4	hyponym
50	162348_5	hyponym
50	162348_6	implication
50	162348_10	implication
50	162348_12	synonym
50	158827_0	hyponym
50	162348_13	implication
50	162348_14	hyponym
50	162348_16	hyponym
50	158827_1	synonym
50	190242_0	synonym
50	162348_18	hyponym
50	162348_19	synonym
50	103880_0	synonym
50	190242_1	synonym
50	158827_5	abbreviation
50	158827_6	implication
50	151377_0	hyponym
50	103880_1	synonym
50	103880_2	hyponym
50	115521_0	synonym
50	115521_1	synonym
50	115521_2	implication
50	158827_7	synonym
50	158827_8	synonym
50	158827_9	synonym
50	103880_5	hyponym
50	146452_6	synonym
50	115521_3	implication
50	151377_6	implication
50	158827_10	implication
50	146452_7	synonym
50	146452_8	synonym
50	144766_0	implication
50	115521_5	implication
50	103880_9	hyponym
50	103880_10	synonym
50	158827_13	synonym
50	158827_14	implication
50	146452_9	synonym
50	190242_9	hyponym
50	146452_10	synonym
50	115521_12	implication
50	103880_15	synonym
50	146452_12	synonym
50	115521_13	synonym
50	115521_14	synonym
50	190242_11	hyponym
50	146452_13	synonym
50	103880_16	implication
50	115521_19	hyponym
50	115521_20	implication
50	115521_22	implication
50	190242_16	implication
50	176704_0	hyponym
50	176704_2	synonym
50	144766_7	synonym
50	190242_17	implication
50	155569_6	synonym
50	118210_1	hyponym
50	118210_2	hyponym
50	118210_3	implication
50	155569_7	synonym
50	176704_8	synonym
50	176704_9	abbreviation
50	155569_10	synonym
50	118210_5	implication
50	144766_10	synonym
50	118210_7	hyponym
50	118210_8	hyponym
50	176704_12	hyponym
50	176704_13	hyponym
50	144766_11	implication
50	133867_2	implication
50	118210_10	implication
50	144766_12	implication
50	133867_3	hyponym
50	180800_20	synonym
50	118210_13	hyponym
50	144766_14	implication
50	133867_10	implication
50	133867_13	hyponym
50	133867_14	synonym
50	115471_9	synonym
50	144766_15	synonym
50	144766_16	synonym
50	115471_12	synonym
50	115471_14	implication
50	161430_1	hyponym
50	132914_2	synonym
50	161430_4	implication
50	161430_8	hyponym
50	104841_0	hyponym
50	144766_24	implication
50	104841_1	hyponym
50	104841_2	hyponym
50	161430_10	implication
50	161430_11	implication
50	161430_12	hyponym
50	104841_3	hyponym
50	104841_4	synonym
50	104841_5	synonym
50	104841_6	implication
50	104841_7	hyponym
50	104841_8	hyponym
50	104841_9	hyponym
50	104841_10	synonym
50	104841_11	hyponym
50	104841_18	hyponym
50	150548_0	synonym
50	104841_19	hyponym
50	131768_1	hyponym
50	108451_8	synonym
50	150548_1	synonym
50	131768_3	hyponym
50	150548_2	hyponym
50	150548_3	synonym
50	131768_8	synonym
50	150548_5	implication
50	150548_7	hyponym
50	150548_8	synonym
50	150548_9	synonym
50	150548_10	synonym
50	150548_11	implication
50	150548_12	synonym
50	150548_13	synonym
50	195655_2	hyponym
50	131768_22	hyponym
50	131768_23	hyponym
50	195655_3	hyponym
50	195655_4	implication
50	195655_5	synonym
50	195655_10	hyponym
50	138678_0	implication
50	195655_13	implication
50	143763_3	hyponym
50	143763_7	synonym
50	143763_13	hyponym
50	138678_11	implication
50	138678_12	synonym
50	138678_13	implication
50	138678_14	implication
50	138678_19	synonym
50	138678_20	implication
50	138678_21	implication
50	140402_0	synonym
50	140402_2	implication
50	140402_3	hyponym
50	140402_9	implication
51	158711_4	synonym
51	137636_0	synonym
51	147054_0	synonym
51	150804_4	synonym
51	158711_5	synonym
51	137636_1	synonym
51	137636_2	synonym
51	147054_1	synonym
51	133855_16	synonym
51	147054_3	synonym
51	147054_4	synonym
51	171357_2	synonym
51	147054_5	hyponym
51	171357_3	synonym
51	158711_8	hyponym
51	147054_9	implication
51	102433_5	synonym
51	137636_7	synonym
51	137636_8	synonym
51	171357_5	synonym
51	137869_2	synonym
51	171357_6	synonym
51	126341_6	synonym
51	137869_3	synonym
51	126341_7	synonym
51	126341_8	synonym
51	187378_22	implication
51	137869_5	synonym
51	126341_9	synonym
51	102433_11	synonym
51	126341_10	synonym
51	137869_6	synonym
51	157685_7	synonym
51	171357_10	synonym
51	171357_11	synonym
51	149203_7	synonym
51	149203_8	hyponym
51	126341_12	synonym
51	157685_8	synonym
51	157685_9	synonym
51	194360_4	synonym
51	126341_13	synonym
51	157685_10	synonym
51	158711_18	hyponym
51	171357_13	synonym
51	194360_6	synonym
51	187916_4	synonym
51	157685_11	synonym
51	171357_14	implication
51	187916_5	synonym
51	137869_11	synonym
51	157685_13	synonym
51	157685_14	synonym
51	187916_6	synonym
51	194360_9	synonym
51	157685_16	synonym
51	171357_18	implication
51	194360_10	synonym
51	137869_12	synonym
51	168279_3	synonym
51	149203_17	implication
51	115024_7	synonym
51	157685_22	implication
51	107354_1	synonym
51	134121_6	implication
51	134121_7	implication
51	168279_4	synonym
51	115024_8	synonym
51	157685_24	synonym
51	107354_2	synonym
51	110549_1	synonym
51	115024_11	synonym
51	194360_16	synonym
51	137869_16	synonym
51	110549_3	synonym
51	147575_9	synonym
51	171357_24	synonym
51	126341_25	implication
51	137869_17	synonym
51	137869_18	implication
51	110549_6	synonym
51	187916_18	synonym
51	110549_7	synonym
51	137869_19	synonym
51	107354_6	synonym
51	110549_8	synonym
51	107354_7	synonym
51	110549_9	implication
51	137869_22	synonym
51	128050_1	synonym
51	107354_10	synonym
51	128050_2	synonym
51	137869_23	synonym
51	110549_14	synonym
51	107354_11	synonym
51	151223_0	hyponym
51	151223_1	synonym
51	196148_1	synonym
51	107354_12	synonym
51	196148_2	synonym
51	128050_7	synonym
51	151223_2	synonym
51	151223_3	synonym
51	107354_14	synonym
51	192589_1	synonym
51	192589_2	synonym
51	107354_16	synonym
51	196148_6	synonym
51	128050_10	synonym
51	151223_6	synonym
51	196148_7	synonym
51	192589_5	synonym
51	168279_29	hyponym
51	151223_7	synonym
51	159675_1	hyponym
51	128050_12	implication
51	120257_1	synonym
51	107052_0	synonym
51	137869_31	implication
51	107354_19	synonym
51	185233_9	synonym
51	151223_9	synonym
51	159675_3	synonym
51	159675_4	synonym
51	168279_30	hyponym
51	168279_32	hyponym
51	128050_14	synonym
51	107052_1	synonym
51	151223_10	synonym
51	120257_5	synonym
51	199399_0	synonym
51	107052_5	synonym
51	120257_6	synonym
51	120257_7	synonym
51	151223_13	hyponym
51	120257_8	synonym
51	104268_1	synonym
51	165603_1	synonym
51	199399_4	synonym
51	199399_5	synonym
51	168279_39	implication
51	196148_16	implication
51	151223_14	hyponym
51	151223_15	synonym
51	107052_7	synonym
51	165603_2	synonym
51	107052_8	synonym
51	107052_9	implication
51	148584_4	synonym
51	199399_8	synonym
51	151223_16	synonym
51	151223_17	synonym
51	115173_1	synonym
51	168331_18	synonym
51	168331_19	synonym
51	199399_9	synonym
51	148584_5	synonym
51	146378_6	synonym
51	146378_7	synonym
51	197150_1	synonym
51	199399_10	synonym
51	185233_18	synonym
51	196148_19	synonym
51	107052_10	synonym
51	107052_12	implication
51	146378_11	synonym
51	133424_5	synonym
51	168331_22	hyponym
51	115173_4	synonym
51	115173_5	synonym
51	161418_0	hyponym
51	196148_21	synonym
51	133424_6	synonym
51	133424_7	synonym
51	107354_30	synonym
51	161418_2	synonym
51	168331_25	implication
51	165603_5	synonym
51	107052_15	synonym
51	133424_8	synonym
51	133424_9	synonym
51	104268_6	synonym
51	165603_6	synonym
51	161418_3	synonym
51	196148_23	synonym
51	199399_15	synonym
51	199399_16	implication
51	197150_4	synonym
51	168331_27	synonym
51	133424_10	synonym
51	133424_11	synonym
51	104268_7	synonym
51	104268_8	synonym
51	179480_5	synonym
51	199399_17	synonym
51	199399_18	synonym
51	197150_5	synonym
51	115173_11	synonym
51	165603_7	synonym
51	168331_28	implication
51	168331_29	synonym
51	123916_5	synonym
51	161418_6	synonym
51	199399_19	synonym
51	199399_20	synonym
51	179480_6	synonym
51	133424_12	synonym
51	133424_13	synonym
51	161418_7	synonym
51	123916_7	synonym
51	179480_7	synonym
51	133424_14	synonym
51	133424_15	synonym
51	168331_30	hyponym
51	199399_21	synonym
51	104268_9	synonym
51	123916_8	hyponym
51	161418_9	hyponym
51	133424_16	synonym
51	133424_17	synonym
51	179480_9	implication
51	161418_11	synonym
51	133424_18	synonym
51	161418_12	hyponym
51	118501_3	synonym
51	199399_26	synonym
51	123655_5	synonym
51	148450_1	implication
51	118501_4	synonym
51	171659_1	synonym
51	123655_6	synonym
51	196148_32	implication
51	160100_7	synonym
51	197122_2	implication
51	133424_25	synonym
51	133424_26	synonym
51	118501_10	synonym
51	160100_9	synonym
51	160100_10	synonym
51	123655_8	synonym
51	159675_41	synonym
51	171659_5	synonym
51	197150_16	implication
51	171659_6	synonym
51	197122_5	synonym
51	133424_29	synonym
51	114210_1	implication
51	123655_10	implication
51	157296_16	synonym
51	148450_5	synonym
51	160100_12	synonym
51	123655_11	synonym
51	171659_7	synonym
51	171659_8	synonym
51	159675_42	synonym
51	148450_6	synonym
51	110804_3	synonym
51	162147_7	synonym
51	197122_6	synonym
51	197150_19	synonym
51	114210_4	synonym
51	114210_5	synonym
51	162147_8	synonym
51	197150_20	synonym
51	162147_11	hyponym
51	159675_46	synonym
51	197150_21	synonym
51	110804_6	synonym
51	110804_7	synonym
51	105400_0	hyponym
51	110804_9	synonym
51	114210_8	synonym
51	193944_0	synonym
51	110804_10	synonym
51	143937_2	synonym
51	119246_2	synonym
51	110804_12	synonym
51	193944_1	synonym
51	119246_3	synonym
51	114210_12	synonym
51	105400_6	synonym
51	105400_7	synonym
51	182247_1	synonym
51	179480_24	hyponym
51	197122_15	synonym
51	148450_16	synonym
51	148450_17	synonym
51	114210_14	implication
51	193944_3	synonym
51	182247_4	synonym
51	193944_4	synonym
51	148450_18	implication
51	119246_6	synonym
51	108084_1	synonym
51	182247_6	synonym
51	119246_7	synonym
51	197122_19	implication
51	119246_8	synonym
51	108084_5	synonym
51	108084_6	hyponym
51	143937_9	synonym
51	182247_8	synonym
51	182247_9	synonym
51	119246_9	synonym
51	193944_8	implication
51	108084_7	synonym
51	119246_10	synonym
51	197122_24	synonym
51	108084_9	implication
51	119246_11	synonym
51	149498_2	implication
51	108176_2	synonym
51	197419_1	synonym
51	193944_11	implication
51	165603_29	synonym
51	108176_3	synonym
51	108084_12	synonym
51	143937_15	synonym
51	193944_13	synonym
51	197419_3	hyponym
51	108084_13	synonym
51	108084_14	synonym
51	149498_5	synonym
51	193944_14	synonym
51	195655_2	synonym
51	179996_1	synonym
51	197419_4	hyponym
51	197419_5	synonym
51	119246_16	hyponym
51	149498_6	synonym
51	197419_6	synonym
51	197419_7	synonym
51	129279_2	implication
51	165603_32	synonym
51	179996_2	synonym
51	157839_3	synonym
51	119246_17	hyponym
51	119246_18	synonym
51	197419_9	hyponym
51	129279_3	synonym
51	179996_3	synonym
51	157839_4	synonym
51	176997_5	synonym
51	179996_4	synonym
51	157839_7	hyponym
51	157839_8	synonym
51	176997_6	synonym
51	149498_12	synonym
51	108084_19	hyponym
51	157839_9	synonym
51	167972_3	synonym
51	179996_6	synonym
51	108176_15	synonym
51	108084_21	synonym
51	108084_22	synonym
51	149498_14	synonym
51	167972_4	synonym
51	195655_9	synonym
51	108084_23	synonym
51	108084_24	hyponym
51	179996_8	synonym
51	195655_10	synonym
51	167972_6	synonym
51	179996_10	implication
51	108084_26	synonym
51	179996_11	synonym
51	179996_12	implication
51	167972_7	synonym
51	167972_8	synonym
51	149498_20	implication
51	119246_28	hyponym
51	142197_3	synonym
51	108084_32	implication
51	167972_11	synonym
51	142197_4	synonym
51	198930_1	synonym
51	198930_3	synonym
51	108084_36	synonym
51	198930_8	synonym
51	133855_2	synonym
51	133855_3	synonym
51	158711_1	hyponym
51	193575_2	synonym
51	193575_3	synonym
51	167972_20	implication
51	193575_4	synonym
51	193575_5	synonym
51	167972_21	implication
51	193575_7	synonym
51	193575_10	synonym
51	187378_3	synonym
51	187378_4	synonym
51	187378_8	synonym
51	187378_9	synonym
51	187378_10	synonym
52	157548_7	synonym
52	147054_0	string
52	157548_9	implication
52	147054_1	synonym
52	147054_2	implication
52	147054_3	implication
52	147054_4	string
52	147054_6	string
52	147054_8	string
52	147054_9	implication
52	147054_10	implication
52	157548_18	implication
52	144722_1	implication
52	169428_1	implication
52	169428_2	implication
52	169428_8	string
52	144722_8	synonym
52	144722_19	implication
52	186515_3	implication
52	186515_4	synonym
52	186515_5	synonym
52	171305_0	implication
52	129486_0	implication
52	129486_4	string
52	129486_5	synonym
52	129486_8	string
52	171305_14	string
52	171305_15	string
52	171305_16	implication
52	171305_27	string
52	151220_0	implication
52	151220_1	synonym
52	151220_2	implication
52	151220_3	implication
52	151220_5	string
52	151220_6	string
52	151220_7	string
52	151220_12	implication
52	184905_12	implication
52	157548_4	implication
53	146104_11	synonym
53	179937_11	synonym
53	146104_14	synonym
53	187648_1	synonym
53	153552_0	synonym
53	187648_3	synonym
53	127159_2	synonym
53	127159_3	synonym
53	187648_10	hyponym
53	127159_4	synonym
53	153552_10	synonym
53	153552_11	implication
53	110663_2	implication
53	110663_5	synonym
53	110663_6	synonym
53	110663_7	hyponym
53	110663_9	implication
53	118392_2	implication
53	118392_3	synonym
53	118392_4	synonym
53	118392_7	synonym
53	151854_4	synonym
53	118392_9	synonym
53	151854_5	synonym
53	118392_10	synonym
53	151854_7	implication
53	151854_11	synonym
53	151854_12	synonym
53	151854_17	synonym
53	151854_18	synonym
53	164644_3	implication
53	164644_4	synonym
53	164644_6	synonym
53	102295_3	synonym
53	102295_5	synonym
53	102295_9	synonym
53	102295_11	synonym
53	171110_0	implication
53	171110_1	synonym
53	171110_2	synonym
53	171110_3	implication
53	171110_5	synonym
53	171110_6	synonym
53	154202_0	hyponym
53	154202_1	synonym
53	199962_3	synonym
53	171110_13	synonym
53	154202_3	synonym
53	171110_14	synonym
53	171110_18	synonym
53	171110_20	hyponym
53	199962_13	hyponym
53	171110_21	synonym
53	154202_12	synonym
53	136175_0	synonym
53	136175_2	synonym
53	136175_6	implication
53	136175_9	synonym
53	136175_12	synonym
53	146104_6	synonym
53	146104_7	synonym
53	179937_2	implication
53	136175_18	synonym
53	128140_14	synonym
54	146104_11	synonym
54	102889_0	synonym
54	102889_1	synonym
54	149073_43	synonym
54	102889_4	hyponym
54	102889_5	implication
54	146104_15	synonym
54	196052_0	synonym
54	196052_2	synonym
54	102889_9	synonym
54	196052_3	synonym
54	196052_4	synonym
54	196052_6	synonym
54	102889_10	hyponym
54	196052_7	synonym
54	102889_13	implication
54	196052_9	synonym
54	161722_0	synonym
54	161722_1	abbreviation
54	196052_13	implication
54	161722_2	hyponym
54	161722_3	synonym
54	161722_5	synonym
54	161722_6	synonym
54	161722_10	hyponym
54	161722_11	hyponym
54	176617_0	synonym
54	176617_1	synonym
54	176617_4	hyponym
54	176617_5	synonym
54	194275_1	hyponym
54	196558_3	hyponym
54	194275_3	implication
54	190242_2	hyponym
54	124749_0	abbreviation
54	192809_0	synonym
54	192809_1	hyponym
54	192809_2	synonym
54	176617_12	string
54	112474_0	synonym
54	124749_1	abbreviation
54	196558_9	implication
54	112474_1	synonym
54	144518_0	hyponym
54	190242_6	synonym
54	192809_5	synonym
54	192809_7	abbreviation
54	112474_4	synonym
54	124749_6	synonym
54	124749_7	synonym
54	112474_6	synonym
54	190242_8	implication
54	194275_11	hyponym
54	144518_4	synonym
54	144518_6	synonym
54	124749_11	synonym
54	124749_12	synonym
54	124749_13	synonym
54	112474_9	synonym
54	112474_10	synonym
54	196878_0	synonym
54	196878_1	synonym
54	192809_14	hyponym
54	124749_15	synonym
54	124749_16	synonym
54	144518_11	synonym
54	112474_14	synonym
54	124749_20	synonym
54	124749_21	synonym
54	196878_7	abbreviation
54	124749_22	implication
54	124749_25	synonym
54	196878_11	synonym
54	124749_30	synonym
54	180621_0	hyponym
54	137856_0	synonym
54	137856_1	synonym
54	180621_5	synonym
54	137856_3	implication
54	180621_6	synonym
54	180621_7	synonym
54	137856_6	synonym
54	137856_7	synonym
54	180621_8	synonym
54	180621_9	synonym
54	163165_6	synonym
54	137856_8	hyponym
54	137856_11	synonym
54	137856_13	synonym
54	163165_9	hyponym
54	174261_0	synonym
54	174261_1	hyponym
54	118995_0	synonym
54	118995_1	synonym
54	118995_2	synonym
54	174261_3	hyponym
54	180621_18	synonym
54	118995_3	synonym
54	174261_4	implication
54	174261_5	synonym
54	180621_21	synonym
54	174261_6	hyponym
54	174261_7	synonym
54	174261_9	synonym
54	174261_10	synonym
54	180621_22	synonym
54	163165_19	implication
54	123655_2	synonym
54	174261_11	synonym
54	174261_12	synonym
54	174261_13	hyponym
54	180621_24	synonym
54	180621_25	synonym
54	118995_12	synonym
54	174261_14	synonym
54	180621_26	synonym
54	180621_33	synonym
54	108451_0	synonym
54	167675_0	synonym
54	167675_1	synonym
54	108451_5	synonym
54	185494_1	synonym
54	167675_4	synonym
54	167675_5	synonym
54	149073_9	synonym
54	142178_0	synonym
54	185494_2	synonym
54	185494_3	synonym
54	167675_6	hyponym
54	167675_7	synonym
54	142178_2	synonym
54	142178_3	synonym
54	185494_4	hyponym
54	154583_0	synonym
54	154583_2	synonym
54	150008_0	synonym
54	142178_5	synonym
54	167675_10	synonym
54	167675_12	synonym
54	154423_2	synonym
54	150008_2	synonym
54	142178_6	synonym
54	142178_7	synonym
54	101099_1	synonym
54	150008_6	synonym
54	108451_14	synonym
54	101099_2	synonym
54	108451_15	synonym
54	151011_0	synonym
54	154583_9	synonym
54	109853_0	synonym
54	109853_1	synonym
54	109853_2	synonym
54	142178_11	synonym
54	167675_18	synonym
54	176333_0	hyponym
54	109853_3	synonym
54	151011_5	hyponym
54	176333_3	synonym
54	149073_20	implication
54	185494_15	implication
54	151011_9	hyponym
54	185494_16	hyponym
54	149073_22	implication
54	107357_0	abbreviation
54	109853_9	hyponym
54	176333_7	hyponym
54	176333_8	hyponym
54	107357_3	hyponym
54	107357_4	synonym
54	107357_5	synonym
54	107357_6	abbreviation
54	149073_27	synonym
54	107357_9	abbreviation
54	146104_1	synonym
54	149073_39	abbreviation
54	146104_2	synonym
54	146104_3	synonym
54	146104_4	synonym
54	146104_6	synonym
54	146104_7	synonym
54	104082_0	synonym
54	104082_1	synonym
54	104082_2	synonym
54	104082_10	implication
55	149095_5	synonym
55	149095_6	hyponym
55	157548_15	implication
55	157548_16	synonym
55	157548_18	implication
55	157548_26	synonym
55	149095_1	implication
55	149095_4	synonym
56	192180_0	synonym
56	192180_9	implication
56	192180_10	hyponym
56	192180_13	implication
56	110998_0	synonym
56	110998_2	string
56	141891_1	string
56	110998_5	implication
56	141891_2	synonym
56	110998_16	string
56	147056_2	string
56	132914_0	synonym
56	147056_6	implication
56	132914_3	string
56	132914_10	synonym
56	132914_14	synonym
56	132914_15	string
57	192180_1	implication
57	191788_13	implication
57	195471_10	implication
57	136049_7	synonym
57	136049_8	implication
57	156025_0	synonym
57	156025_1	synonym
57	145699_28	implication
57	165297_1	synonym
57	131974_3	synonym
57	126341_3	synonym
57	192180_9	synonym
57	192180_10	implication
57	117293_2	synonym
57	131974_4	synonym
57	126341_4	synonym
57	167831_2	synonym
57	192180_11	implication
57	177550_4	synonym
57	171357_7	synonym
57	150588_5	synonym
57	158711_13	implication
57	158711_14	implication
57	110084_2	synonym
57	158711_17	implication
57	110084_3	synonym
57	158711_20	implication
57	177550_14	implication
57	155984_13	implication
57	155984_15	implication
57	110084_7	implication
57	177550_15	implication
57	165297_21	synonym
57	150588_16	synonym
57	155984_16	implication
57	177550_16	implication
57	131974_20	synonym
57	131974_21	implication
57	112248_0	synonym
57	150588_19	implication
57	150588_20	implication
57	131974_23	implication
57	112869_3	synonym
57	150588_21	implication
57	171357_21	synonym
57	171357_22	implication
57	112248_9	implication
57	171357_23	implication
57	151377_1	synonym
57	112248_11	implication
57	112869_11	synonym
57	150588_25	implication
57	112869_12	implication
57	127274_2	implication
57	127274_5	synonym
57	112869_13	implication
57	150588_27	implication
57	199008_6	synonym
57	126341_30	implication
57	117293_29	hyponym
57	165519_2	synonym
57	151377_12	synonym
57	151377_13	implication
57	127274_13	synonym
57	165519_3	synonym
57	151377_14	implication
57	151377_15	implication
57	127274_14	implication
57	126341_33	synonym
57	117293_32	implication
57	127274_17	synonym
57	151377_17	synonym
57	142645_1	synonym
57	117293_33	implication
57	115521_18	implication
57	115521_19	synonym
57	159968_1	synonym
57	117293_34	implication
57	126341_37	implication
57	153808_2	synonym
57	159968_8	implication
57	159968_10	implication
57	117293_38	synonym
57	199008_24	synonym
57	199008_25	implication
57	153808_10	implication
57	142645_14	implication
57	155655_0	synonym
57	153808_12	implication
57	153808_13	implication
57	172195_0	synonym
57	199008_27	implication
57	153808_15	synonym
57	155655_3	synonym
57	153345_3	implication
57	199008_30	synonym
57	155655_9	implication
57	169273_11	implication
57	169273_12	implication
57	153345_10	implication
57	188206_16	implication
57	172195_10	synonym
57	188206_18	implication
57	172195_15	synonym
57	172195_16	implication
57	180308_1	synonym
57	117954_12	synonym
57	117954_13	synonym
57	117954_14	implication
57	117954_15	implication
57	117954_16	implication
57	197122_0	synonym
57	117954_17	implication
57	136356_13	implication
57	171659_0	synonym
57	161610_17	synonym
57	171659_2	synonym
57	161610_18	implication
57	101480_4	synonym
57	197122_3	synonym
57	166034_6	synonym
57	161610_19	implication
57	166034_7	implication
57	112520_1	synonym
57	161610_20	implication
57	138009_7	implication
57	171659_7	implication
57	171659_8	implication
57	191196_2	synonym
57	123655_12	implication
57	123655_13	implication
57	171659_10	synonym
57	122992_11	synonym
57	121731_0	implication
57	121731_1	synonym
57	146195_1	synonym
57	171659_11	implication
57	171659_12	synonym
57	122992_12	synonym
57	122992_13	implication
57	171659_14	implication
57	122992_14	implication
57	122992_15	implication
57	121731_7	synonym
57	122992_16	implication
57	142178_1	synonym
57	112520_14	synonym
57	185494_2	synonym
57	101480_16	synonym
57	193944_2	synonym
57	108451_11	implication
57	101480_17	implication
57	101480_18	implication
57	150008_1	implication
57	101480_19	implication
57	101480_20	implication
57	150008_6	synonym
57	150008_7	synonym
57	150008_8	synonym
57	142178_8	implication
57	197122_22	implication
57	142178_11	synonym
57	176333_1	synonym
57	176333_2	implication
57	185494_12	implication
57	101480_25	synonym
57	119993_3	synonym
57	185494_15	implication
57	166034_24	implication
57	185494_16	synonym
57	167413_1	synonym
57	176333_8	synonym
57	193944_14	implication
57	166034_26	implication
57	193944_15	implication
57	167413_3	implication
57	119993_13	synonym
57	119993_14	implication
57	166034_29	synonym
57	195655_5	synonym
57	176997_4	synonym
57	132513_3	synonym
57	132513_5	synonym
57	136049_3	synonym
57	137106_3	synonym
57	176997_13	synonym
57	167413_11	synonym
57	195655_13	implication
57	176997_15	synonym
57	167413_12	implication
57	195655_14	implication
57	176997_16	synonym
57	121917_10	implication
57	121917_11	implication
57	137106_9	implication
57	132513_13	synonym
57	151265_1	synonym
57	132513_14	implication
57	137106_11	implication
57	167413_17	synonym
57	132513_15	implication
57	132513_16	implication
57	155684_3	synonym
57	145699_23	synonym
57	132513_21	implication
57	158711_2	synonym
57	167413_23	implication
57	145699_26	implication
57	106091_17	implication
57	106091_18	implication
57	191788_3	synonym
57	167413_25	synonym
57	155684_15	synonym
57	167413_26	implication
57	167413_27	implication
57	155684_18	implication
57	155684_19	implication
57	130510_1	synonym
57	195471_9	synonym
57	191788_10	synonym
57	191788_11	implication
57	130510_8	implication
57	130510_9	implication
58	124764_3	implication
58	124764_5	implication
58	124764_6	implication
58	159253_0	synonym
58	159253_1	synonym
58	179225_5	implication
58	159253_3	synonym
58	130230_0	synonym
58	130230_1	synonym
58	130230_2	synonym
58	159253_4	implication
58	159253_5	synonym
58	159253_6	implication
58	167697_1	synonym
58	159253_7	implication
58	167697_2	implication
58	179225_11	implication
58	131999_0	synonym
58	131999_1	synonym
58	179225_12	implication
58	131999_3	implication
58	131999_4	synonym
58	130230_6	implication
58	179225_13	implication
58	179225_14	hyponym
58	179225_15	implication
58	120762_0	implication
58	120762_1	implication
58	120762_5	implication
58	130230_11	implication
58	130230_12	implication
58	120762_6	synonym
58	167697_10	implication
58	120762_8	implication
58	120762_9	implication
58	167697_11	implication
58	130230_14	implication
58	176996_16	synonym
58	186314_0	synonym
58	153694_0	synonym
58	130230_15	implication
58	130230_16	synonym
58	153694_1	synonym
58	153694_2	synonym
58	153694_3	implication
58	130230_17	synonym
58	167697_17	implication
58	186314_5	synonym
58	186314_6	implication
58	186314_7	implication
58	153694_6	implication
58	130230_19	implication
58	176996_20	implication
58	153694_9	implication
58	153694_10	implication
58	186314_9	implication
58	153694_11	synonym
58	103880_1	synonym
58	186314_10	synonym
58	103880_7	abbreviation
58	150996_0	synonym
58	103880_10	synonym
58	103880_11	synonym
58	103880_12	implication
58	103880_13	implication
58	150996_1	synonym
58	150996_2	implication
58	150996_3	synonym
58	103880_14	implication
58	103880_15	synonym
58	150996_5	implication
58	163159_0	synonym
58	150996_7	implication
58	163159_1	implication
58	163159_3	implication
58	163159_4	implication
58	163159_6	synonym
58	163159_11	synonym
58	163159_12	synonym
58	163159_13	implication
58	163159_14	implication
58	161430_0	synonym
58	124788_0	synonym
58	124788_1	implication
58	124788_2	implication
58	124788_6	synonym
58	124788_8	synonym
58	124788_9	implication
58	142335_0	synonym
58	142335_1	implication
58	142335_2	synonym
58	161430_9	implication
58	161430_10	implication
58	142335_3	implication
58	142335_4	synonym
58	161430_12	implication
58	124788_12	implication
58	124788_13	implication
58	124788_15	implication
58	142335_8	implication
58	142335_10	implication
58	154761_0	synonym
58	154761_1	synonym
58	114980_0	implication
58	114980_1	implication
58	181044_0	implication
58	109170_0	synonym
58	181044_1	implication
58	181044_2	implication
58	109170_1	synonym
58	154761_4	implication
58	154761_6	implication
58	114980_6	synonym
58	109170_4	synonym
58	114980_9	implication
58	154761_8	implication
58	109170_5	synonym
58	109170_6	synonym
58	109170_7	implication
58	181044_7	synonym
58	181044_8	synonym
58	154761_9	implication
58	109170_9	synonym
58	181044_10	implication
58	181044_11	implication
58	181044_12	synonym
58	154761_12	implication
58	109170_10	implication
58	130070_0	synonym
58	130070_2	implication
58	109170_12	implication
58	109170_13	implication
58	130070_3	implication
58	109170_15	synonym
58	130070_7	implication
58	109170_16	implication
58	109170_17	implication
58	166203_0	synonym
58	166203_1	implication
58	166203_2	implication
58	166203_3	implication
58	166203_4	implication
58	145076_0	synonym
58	104434_0	synonym
58	104434_1	synonym
58	145076_1	implication
58	145076_2	synonym
58	104434_2	synonym
58	104434_4	implication
58	104434_5	implication
58	124764_0	implication
58	145076_4	implication
58	124764_2	implication
58	145076_5	implication
58	104434_12	implication
58	104434_13	implication
58	154469_0	synonym
58	154469_1	synonym
58	104434_14	implication
58	104434_15	implication
58	145076_13	implication
58	104434_16	synonym
58	154469_2	implication
58	154469_3	synonym
58	154469_5	synonym
58	154469_6	implication
58	145076_19	implication
58	145076_20	implication
58	145076_22	implication
58	145076_23	implication
59	125594_30	implication
59	125594_32	implication
59	125594_37	implication
59	125594_44	synonym
59	125594_0	synonym
59	125594_1	implication
59	125594_5	synonym
59	125594_6	implication
59	125594_9	implication
59	125594_13	implication
59	125594_14	synonym
59	125594_15	synonym
59	125594_20	implication
59	125594_22	synonym
59	125594_24	implication
60	137636_0	synonym
60	137636_2	implication
60	137636_4	implication
60	137636_15	synonym
60	111138_0	synonym
60	111138_4	implication
60	192522_5	implication
60	192522_9	implication
60	120538_0	synonym
60	120538_1	implication
60	120538_4	implication
60	120538_5	synonym
60	104831_0	synonym
60	120538_8	synonym
60	104831_1	implication
60	104831_2	implication
61	102889_1	hyponym
61	102433_0	hyponym
61	139485_14	implication
61	122903_13	implication
61	102433_3	hyponym
61	139485_15	hyponym
61	122903_14	implication
61	139485_19	implication
61	139485_21	hyponym
61	102433_8	implication
61	102433_9	synonym
61	165753_0	hyponym
61	150982_1	synonym
61	165753_2	hyponym
61	122903_22	abbreviation
61	165753_6	hyponym
61	194360_2	synonym
61	150982_10	hyponym
61	150982_11	hyponym
61	102433_16	implication
61	194360_9	hyponym
61	112869_3	hyponym
61	174786_5	hyponym
61	165395_1	hyponym
61	174697_0	synonym
61	165395_7	implication
61	107354_3	abbreviation
61	165395_8	synonym
61	110549_4	synonym
61	112869_9	hyponym
61	107354_4	hyponym
61	112869_13	implication
61	174697_15	hyponym
61	174697_16	hyponym
61	174786_19	implication
61	102931_24	implication
61	118210_1	hyponym
61	118210_8	implication
61	118210_9	implication
61	118210_10	implication
61	118210_11	implication
61	118210_12	hyponym
61	107354_24	implication
61	199399_6	abbreviation
61	107354_27	synonym
61	117954_3	synonym
61	129412_0	hyponym
61	104841_5	hyponym
61	129412_2	hyponym
61	104268_17	hyponym
61	104841_15	hyponym
61	129412_9	synonym
61	129412_11	hyponym
61	129412_12	implication
61	115087_1	hyponym
61	129412_20	hyponym
61	191244_3	hyponym
61	119993_3	hyponym
61	127126_2	hyponym
61	127126_10	implication
61	127126_12	abbreviation
61	143479_6	hyponym
61	183737_3	abbreviation
61	180121_0	hyponym
61	180121_1	hyponym
61	180121_7	hyponym
61	170654_0	abbreviation
61	139485_2	hyponym
61	170654_6	abbreviation
61	170654_11	abbreviation
61	122903_0	hyponym
61	170654_18	hyponym
61	171393_4	synonym
61	170654_19	implication
61	122903_3	implication
61	122903_4	hyponym
61	122903_5	synonym
62	159838_6	string
62	106611_10	string
62	106611_11	string
62	168411_0	implication
62	106611_13	implication
62	106611_14	synonym
62	106611_15	string
62	168411_2	implication
62	153866_9	implication
62	159006_3	string
62	106611_17	string
62	106611_18	implication
62	153866_14	string
62	168411_3	implication
62	196052_9	implication
62	196052_10	string
62	168411_6	synonym
62	153552_5	string
62	168411_15	implication
62	181394_5	string
62	181394_6	string
62	149452_3	string
62	181394_15	string
62	198152_0	implication
62	181394_16	synonym
62	100085_1	abbreviation
62	181394_18	abbreviation
62	181394_19	string
62	123743_8	string
62	100085_2	synonym
62	100085_3	string
62	100085_4	string
62	100085_5	string
62	100085_6	implication
62	100085_7	synonym
62	198152_6	string
62	100085_8	abbreviation
62	181394_26	abbreviation
62	181394_27	implication
62	198152_11	synonym
62	198152_12	synonym
62	181394_33	string
62	198152_15	string
62	156001_3	string
62	180621_7	string
62	161418_4	abbreviation
62	161418_5	abbreviation
62	161418_7	string
62	161418_8	string
62	161418_10	string
62	161418_11	string
62	180621_27	implication
62	130784_1	string
62	130784_2	string
62	130784_3	string
62	130784_4	string
62	161418_18	abbreviation
62	161418_19	implication
62	140259_0	string
62	140259_3	abbreviation
62	140259_4	abbreviation
62	117186_2	implication
62	117186_3	string
62	117186_5	string
62	117186_6	string
62	117186_10	synonym
62	159838_2	string
62	159838_3	string
62	159838_4	string
62	125101_4	string
62	125101_5	string
63	174146_6	hyponym
63	180546_4	hyponym
63	137869_1	synonym
63	138678_32	hyponym
63	137869_4	synonym
63	137869_6	hyponym
63	194360_3	implication
63	137869_8	hyponym
63	134719_3	hyponym
63	137869_11	implication
63	183972_0	hyponym
63	183972_2	hyponym
63	183972_9	implication
63	118677_20	hyponym
63	183972_12	hyponym
63	183972_13	hyponym
63	129556_2	synonym
63	199085_8	synonym
63	129556_12	implication
63	129556_13	implication
63	129556_26	implication
63	140161_9	implication
63	146210_3	hyponym
63	100454_3	synonym
63	132884_0	hyponym
63	178112_0	hyponym
63	178112_1	synonym
63	154469_1	hyponym
63	154469_2	synonym
63	160997_6	synonym
63	138678_5	hyponym
63	174146_2	implication
63	160997_19	synonym
63	160997_20	hyponym
64	119411_5	implication
64	119411_6	synonym
64	105694_11	synonym
64	184788_0	synonym
64	184788_1	hyponym
64	184788_2	implication
64	184788_3	synonym
64	184788_4	synonym
64	184788_5	synonym
64	184788_6	synonym
64	184788_7	synonym
64	184788_9	synonym
64	184788_10	synonym
64	184788_11	synonym
64	184788_17	hyponym
64	115024_0	synonym
64	115024_1	synonym
64	115024_5	synonym
64	115024_6	synonym
64	115024_7	synonym
64	149452_0	synonym
64	149452_1	synonym
64	115024_9	synonym
64	115024_10	synonym
64	115024_12	synonym
64	149452_4	synonym
64	149452_5	synonym
64	149452_6	synonym
64	115024_17	synonym
64	149452_8	synonym
64	149452_9	synonym
64	149452_10	synonym
64	149452_11	synonym
64	149452_15	synonym
64	177613_0	hyponym
64	177613_3	synonym
64	177613_12	synonym
64	168022_0	synonym
64	177613_15	synonym
64	177613_16	synonym
64	168022_1	synonym
64	168022_2	synonym
64	168022_3	implication
64	168022_4	synonym
64	168022_7	synonym
64	168022_8	hyponym
64	101099_1	hyponym
64	174744_0	synonym
64	176232_0	synonym
64	176232_1	synonym
64	176232_2	hyponym
64	176232_3	synonym
64	174744_1	synonym
64	174744_2	synonym
64	174744_3	implication
64	160867_0	hyponym
64	160867_1	synonym
64	174744_4	synonym
64	174744_5	synonym
64	176232_5	synonym
64	160867_3	synonym
64	160867_4	synonym
64	174744_6	synonym
64	174744_7	synonym
64	174744_13	synonym
64	119411_0	synonym
64	119411_1	implication
64	119411_2	abbreviation
64	105694_2	abbreviation
64	105694_3	abbreviation
64	105694_4	synonym
64	105694_5	synonym
64	105694_7	synonym
64	105694_8	synonym
64	105694_9	synonym
64	105694_10	synonym
65	127002_11	implication
65	127002_20	synonym
65	129611_1	synonym
65	129611_3	synonym
65	129611_7	synonym
65	129611_12	implication
65	129611_14	implication
65	129611_16	hyponym
65	137106_2	synonym
65	129611_19	implication
65	127002_0	hyponym
65	127002_3	synonym
65	127002_4	synonym
65	129611_23	implication
65	127002_10	implication
65	129611_26	implication
65	129611_27	implication
65	129611_29	synonym
65	125594_23	synonym
65	125594_24	synonym
65	125594_28	synonym
66	195471_10	synonym
66	157301_11	synonym
66	157301_3	implication
66	157301_4	synonym
66	157301_5	synonym
66	142197_3	implication
66	142197_7	synonym
66	142197_10	synonym
66	142197_11	synonym
66	195471_0	synonym
66	195471_2	synonym
67	148059_4	string
67	159509_8	string
67	159509_9	synonym
67	196459_5	string
67	174146_7	string
67	179225_1	string
67	179225_2	string
67	148059_10	string
67	148059_11	string
67	159253_1	string
67	124864_1	string
67	148059_12	synonym
67	196459_15	string
67	159253_5	implication
67	159253_6	synonym
67	174146_16	string
67	124864_6	implication
67	196459_16	string
67	196459_18	string
67	124864_7	implication
67	124864_8	string
67	174146_17	implication
67	174146_18	synonym
67	134831_0	string
67	196459_20	string
67	196459_21	string
67	184214_17	implication
67	184214_18	synonym
67	187916_2	string
67	190532_5	string
67	134831_7	implication
67	134831_9	implication
67	120889_2	string
67	122883_2	string
67	190532_16	implication
67	196558_3	string
67	190532_17	implication
67	190532_19	string
67	196558_11	string
67	196558_12	string
67	196558_13	implication
67	187916_21	string
67	120889_14	synonym
67	196558_14	synonym
67	196558_15	string
67	187916_22	synonym
67	122883_11	implication
67	196558_16	string
67	187916_23	synonym
67	147502_4	string
67	147502_5	string
67	187916_26	implication
67	128050_15	string
67	147502_16	implication
67	128050_17	synonym
67	103679_1	string
67	121925_16	synonym
67	146378_3	string
67	128050_21	string
67	146378_8	string
67	103679_7	string
67	103679_8	implication
67	146378_9	implication
67	177082_5	string
67	114210_2	string
67	128587_2	string
67	114210_9	synonym
67	119246_0	string
67	131768_2	implication
67	177082_20	implication
67	114210_10	implication
67	115692_4	string
67	115692_5	string
67	128587_5	implication
67	128587_6	synonym
67	128587_7	synonym
67	144298_1	string
67	128587_9	string
67	144298_9	synonym
67	162987_1	string
67	162987_2	string
67	115692_21	string
67	131768_25	implication
67	144298_22	string
67	119246_20	implication
67	143479_6	string
67	119246_21	synonym
67	192498_5	string
67	144298_25	implication
67	162987_12	implication
67	119246_23	synonym
67	162987_15	string
67	155327_2	string
67	192151_3	string
67	116117_1	string
67	118218_18	string
67	168943_4	string
67	118218_19	implication
67	148059_0	string
67	112313_3	string
67	159434_2	string
67	184214_3	string
67	184214_4	string
67	118218_22	implication
67	118218_23	implication
67	118218_26	implication
67	159434_10	implication
67	159434_11	implication
67	159509_1	string
67	159434_12	synonym
67	152105_2	string
67	112313_19	implication
67	112313_21	implication
67	170407_9	string
67	170407_10	string
67	152105_10	synonym
67	170407_13	string
67	108580_0	implication
67	108580_1	implication
67	170407_14	string
68	148059_4	synonym
68	143223_3	abbreviation
68	196052_0	hyponym
68	148059_11	hyponym
68	122893_0	hyponym
68	122893_3	hyponym
68	147421_0	abbreviation
68	147421_1	implication
68	147421_2	synonym
68	122893_6	implication
68	147421_4	synonym
68	177920_0	synonym
68	196052_13	hyponym
68	147421_5	synonym
68	147421_6	hyponym
68	147421_7	synonym
68	159001_0	hyponym
68	129375_0	abbreviation
68	147421_8	synonym
68	147421_9	synonym
68	147421_10	synonym
68	177920_5	synonym
68	135610_20	implication
68	147421_11	synonym
68	177920_6	synonym
68	135610_22	abbreviation
68	129375_3	abbreviation
68	186382_2	hyponym
68	129375_5	hyponym
68	122893_17	hyponym
68	177920_11	hyponym
68	177920_12	hyponym
68	129375_7	abbreviation
68	170892_0	synonym
68	110998_0	synonym
68	177920_15	synonym
68	183972_0	synonym
68	186382_5	synonym
68	110998_2	synonym
68	177920_18	implication
68	183972_2	hyponym
68	170892_3	synonym
68	129375_13	abbreviation
68	186382_10	synonym
68	170892_6	implication
68	183972_7	synonym
68	170892_7	implication
68	127274_0	synonym
68	183972_12	hyponym
68	124621_3	synonym
68	127274_2	synonym
68	183972_13	hyponym
68	170892_13	hyponym
68	127274_4	synonym
68	127274_5	synonym
68	190179_0	synonym
68	144766_0	synonym
68	127274_7	implication
68	165519_0	abbreviation
68	190179_3	synonym
68	127274_11	implication
68	165519_2	abbreviation
68	170892_18	hyponym
68	127274_12	synonym
68	127274_13	abbreviation
68	127274_14	implication
68	127274_15	implication
68	144766_3	synonym
68	171305_6	synonym
68	127274_16	synonym
68	171305_7	synonym
68	165519_6	synonym
68	129578_1	synonym
68	167883_2	synonym
68	170892_25	hyponym
68	151223_4	synonym
68	153808_2	hyponym
68	170892_26	hyponym
68	167883_5	implication
68	165519_11	synonym
68	167883_6	synonym
68	124621_21	synonym
68	129578_9	hyponym
68	164089_2	synonym
68	104268_0	synonym
68	153808_15	hyponym
68	164089_3	implication
68	190179_17	synonym
68	164089_6	implication
68	104268_2	synonym
68	164089_7	synonym
68	167883_18	hyponym
68	190179_18	synonym
68	171305_21	abbreviation
68	151223_16	synonym
68	151223_17	synonym
68	164089_12	synonym
68	164089_13	synonym
68	164089_14	synonym
68	171305_27	abbreviation
68	154237_0	hyponym
68	179480_3	synonym
68	164089_18	synonym
68	164089_19	synonym
68	154237_2	synonym
68	154237_3	implication
68	104268_7	implication
68	154237_4	synonym
68	154237_5	synonym
68	144766_20	synonym
68	193091_0	synonym
68	154237_6	hyponym
68	154237_8	implication
68	193091_3	abbreviation
68	144766_23	synonym
68	135705_5	synonym
68	154237_12	synonym
68	130539_4	synonym
68	154237_13	implication
68	154237_16	abbreviation
68	193091_12	synonym
68	172605_11	synonym
68	172605_12	synonym
68	154237_17	implication
68	154237_18	hyponym
68	130539_9	implication
68	172605_13	implication
68	113638_0	synonym
68	154237_20	abbreviation
68	130539_10	synonym
68	113638_1	synonym
68	154237_22	synonym
68	192522_0	hyponym
68	154237_23	hyponym
68	154237_24	synonym
68	129611_0	synonym
68	192522_3	synonym
68	192522_5	implication
68	129611_3	synonym
68	130539_21	hyponym
68	129611_5	implication
68	192522_11	hyponym
68	129611_7	synonym
68	192522_12	synonym
68	101449_0	hyponym
68	101449_2	hyponym
68	101449_4	implication
68	101449_6	hyponym
68	101449_15	hyponym
68	129611_20	synonym
68	129611_21	synonym
68	148059_0	hyponym
68	129611_29	synonym
68	125325_0	abbreviation
68	135610_0	synonym
68	135610_2	implication
68	125325_3	abbreviation
68	125325_4	implication
68	108580_0	synonym
69	137091_15	synonym
69	191144_4	implication
69	191144_5	synonym
69	125594_31	implication
69	140660_8	implication
69	125594_34	hyponym
69	140660_10	synonym
69	140660_11	synonym
69	140660_13	hyponym
69	125594_36	synonym
69	140660_15	implication
69	140660_16	implication
69	106220_5	implication
69	110549_1	synonym
69	110549_3	synonym
69	110549_6	implication
69	169851_0	implication
69	169851_1	implication
69	169851_2	implication
69	169851_3	implication
69	150164_1	synonym
69	169851_4	synonym
69	169851_7	implication
69	150164_3	implication
69	150164_6	synonym
69	176083_9	synonym
69	182680_3	synonym
69	182680_16	implication
69	182680_20	implication
69	119246_3	hyponym
69	119246_7	implication
69	159376_5	hyponym
69	159376_6	synonym
69	159376_7	implication
69	159376_8	implication
69	159376_10	implication
69	159376_11	implication
69	125594_0	synonym
69	159376_15	implication
69	159376_16	implication
69	166295_3	synonym
69	157329_3	implication
69	119246_21	implication
69	119246_22	implication
69	166295_7	implication
69	119246_23	implication
69	166295_8	implication
69	195655_9	implication
69	119246_24	implication
69	166295_10	implication
69	119246_25	implication
69	125594_8	implication
69	157329_10	implication
69	125594_9	implication
69	195655_13	implication
69	157329_11	implication
69	125594_10	synonym
69	171393_7	synonym
69	125594_21	implication
69	171393_8	synonym
69	137091_9	synonym
69	102758_3	synonym
69	137091_10	implication
69	102758_4	synonym
69	114425_2	synonym
69	114425_3	implication
69	114425_6	implication
70	176997_19	implication
70	147969_0	synonym
70	147969_1	implication
70	147969_2	implication
70	147969_8	implication
70	147969_10	synonym
70	147969_13	implication
70	142413_4	hyponym
70	147969_18	implication
70	147969_19	synonym
70	147969_20	implication
70	142413_5	synonym
70	122400_0	implication
70	122400_1	synonym
70	147969_23	implication
70	147969_24	synonym
70	104777_20	synonym
70	147969_25	implication
70	147969_26	implication
70	170614_4	implication
70	104777_26	synonym
70	170614_5	implication
70	170614_15	implication
70	122400_28	synonym
70	109928_3	synonym
70	109928_4	synonym
70	109928_18	implication
70	176997_3	implication
70	176997_5	implication
70	176997_6	implication
70	176997_15	synonym
70	176997_16	implication
70	102758_2	implication
70	102758_3	implication
70	102758_7	implication
70	102758_11	implication
71	145132_0	synonym
71	177351_3	implication
71	131974_7	implication
71	171971_0	abbreviation
71	171971_1	implication
71	177351_5	synonym
71	131974_9	hyponym
71	108346_4	synonym
71	108346_5	synonym
71	171971_4	synonym
71	108346_8	implication
71	171971_9	synonym
71	108346_9	implication
71	171971_11	implication
71	131974_15	implication
71	177351_15	implication
71	130451_0	implication
71	171971_16	synonym
71	131974_26	synonym
71	130451_13	hyponym
71	109361_1	implication
71	109361_2	hyponym
71	109361_6	implication
71	109361_9	implication
71	109361_12	implication
71	122920_1	implication
71	151223_3	implication
71	122920_2	implication
71	122920_6	implication
71	122920_8	implication
71	122920_9	implication
71	122920_12	implication
71	122920_13	implication
71	122920_16	implication
71	122920_17	implication
71	151223_12	implication
71	168279_39	synonym
71	129556_18	implication
71	168279_40	synonym
71	129556_19	synonym
71	129556_20	implication
71	129556_23	hyponym
71	175366_0	implication
71	175366_2	implication
71	129556_30	synonym
71	175366_6	implication
71	175366_7	implication
71	175366_8	implication
71	175366_9	implication
71	175366_12	implication
71	175366_14	abbreviation
71	175366_15	implication
71	175366_22	synonym
71	175366_23	implication
71	191410_6	implication
71	193944_5	implication
71	193944_8	implication
71	193944_9	implication
71	197615_0	hyponym
71	193944_10	implication
71	197615_6	hyponym
71	192498_3	synonym
71	192498_4	synonym
71	197615_9	hyponym
71	192498_10	synonym
71	192498_13	implication
71	193169_1	synonym
71	193169_2	synonym
71	193169_5	abbreviation
71	193169_6	implication
71	193169_7	synonym
71	193169_8	synonym
71	192498_25	synonym
71	193169_17	synonym
72	133855_14	implication
72	150857_9	string
72	143223_0	string
72	150857_11	synonym
72	113759_1	synonym
72	113759_2	synonym
72	148059_7	string
72	150857_12	implication
72	143223_2	synonym
72	148059_8	string
72	113759_4	synonym
72	143223_3	synonym
72	159878_1	string
72	179937_15	implication
72	148059_13	implication
72	137438_12	synonym
72	148059_14	implication
72	113759_11	string
72	137438_13	string
72	137438_14	string
72	143223_8	string
72	143223_10	synonym
72	159878_10	string
72	159878_11	string
72	137438_18	string
72	103369_0	synonym
72	144657_3	string
72	144657_4	synonym
72	148370_1	hyponym
72	148370_2	implication
72	148370_3	implication
72	113759_18	synonym
72	143223_12	string
72	126623_11	string
72	126623_12	synonym
72	159878_12	string
72	143223_13	string
72	184541_0	string
72	103369_2	synonym
72	103369_3	implication
72	126623_13	synonym
72	103369_5	synonym
72	148370_11	implication
72	126623_16	implication
72	194360_6	string
72	184541_3	string
72	184541_4	implication
72	147969_1	string
72	103369_7	string
72	194360_7	string
72	159878_16	synonym
72	126623_17	string
72	184541_5	string
72	147969_2	implication
72	118677_8	string
72	174786_0	string
72	103369_8	string
72	103369_9	synonym
72	143223_19	implication
72	112869_0	string
72	143223_20	string
72	103369_10	string
72	174786_2	string
72	111138_1	synonym
72	112869_1	implication
72	184541_14	string
72	184541_15	implication
72	118677_13	string
72	163153_20	synonym
72	125626_2	synonym
72	111138_3	synonym
72	184541_16	string
72	184541_17	string
72	199482_1	synonym
72	111138_6	synonym
72	199482_2	synonym
72	119124_3	synonym
72	184541_18	string
72	174786_6	implication
72	112869_7	string
72	147969_11	string
72	147969_12	implication
72	119124_6	synonym
72	111138_10	string
72	147969_13	implication
72	199482_4	synonym
72	112869_9	synonym
72	184541_23	string
72	106887_13	implication
72	111138_11	string
72	125626_5	synonym
72	124673_0	string
72	124673_1	synonym
72	184541_24	synonym
72	119124_13	string
72	112869_14	string
72	149452_8	implication
72	149452_9	implication
72	197423_5	string
72	119502_17	string
72	191228_4	synonym
72	181555_7	string
72	125626_13	synonym
72	125626_14	string
72	119502_18	string
72	181555_8	implication
72	124673_8	string
72	124673_10	synonym
72	119502_19	implication
72	174786_14	string
72	119502_20	implication
72	125626_16	implication
72	197423_11	implication
72	151526_4	synonym
72	195244_0	string
72	198152_4	synonym
72	125626_17	implication
72	196148_1	synonym
72	197423_13	implication
72	174786_16	synonym
72	195244_1	synonym
72	195244_2	synonym
72	199482_12	synonym
72	195244_4	string
72	119502_23	implication
72	199482_13	implication
72	195244_5	synonym
72	177498_2	synonym
72	199482_14	synonym
72	191228_18	synonym
72	155533_0	string
72	199482_16	synonym
72	195244_10	synonym
72	177498_6	implication
72	177498_7	implication
72	155533_2	string
72	195244_11	implication
72	181555_19	string
72	199482_18	string
72	155533_4	implication
72	147383_8	implication
72	147383_9	implication
72	174786_23	synonym
72	199482_19	synonym
72	147383_10	implication
72	199482_20	synonym
72	199642_0	string
72	199482_21	synonym
72	198152_16	implication
72	184833_9	implication
72	184833_10	implication
72	198152_17	synonym
72	143979_6	implication
72	199642_3	synonym
72	199642_4	string
72	198152_18	synonym
72	146378_0	implication
72	146378_1	synonym
72	184833_11	implication
72	143979_8	implication
72	199642_6	synonym
72	134268_1	synonym
72	134268_2	synonym
72	199642_9	synonym
72	146378_2	synonym
72	199482_25	implication
72	134268_4	synonym
72	146378_7	string
72	146378_8	string
72	134268_6	string
72	150164_8	implication
72	199642_13	string
72	196148_19	string
72	134268_7	implication
72	199642_16	string
72	136356_1	synonym
72	196148_21	string
72	199642_17	string
72	104707_1	synonym
72	174261_1	implication
72	199642_21	synonym
72	104707_2	string
72	145340_7	string
72	199482_31	implication
72	136356_8	synonym
72	185823_4	synonym
72	185823_5	implication
72	179222_0	implication
72	199482_35	string
72	179222_1	implication
72	175366_15	synonym
72	174261_14	synonym
72	179222_4	synonym
72	179222_5	string
72	104707_15	string
72	191702_2	synonym
72	115338_2	string
72	185823_11	string
72	145874_1	synonym
72	109129_6	string
72	104707_16	string
72	175366_16	string
72	191702_4	string
72	140161_4	synonym
72	140161_5	implication
72	115338_3	string
72	185823_12	string
72	191702_5	implication
72	109129_10	synonym
72	115338_10	implication
72	110804_3	synonym
72	191702_12	string
72	104707_27	implication
72	112520_8	implication
72	145874_9	synonym
72	185823_18	string
72	185823_19	synonym
72	175366_23	string
72	140236_7	implication
72	121045_0	string
72	115692_0	string
72	162749_11	string
72	110804_9	string
72	150548_0	synonym
72	121045_2	synonym
72	115692_2	string
72	115692_3	string
72	162749_12	string
72	119246_1	synonym
72	192522_2	string
72	143937_1	synonym
72	150548_2	synonym
72	119246_2	synonym
72	121045_7	synonym
72	115692_4	string
72	115692_5	implication
72	119246_3	string
72	145874_16	synonym
72	143937_3	implication
72	140236_11	implication
72	121045_8	string
72	119246_4	string
72	192522_4	implication
72	148924_5	string
72	119246_5	synonym
72	140236_12	implication
72	143937_5	implication
72	145874_17	implication
72	148924_6	implication
72	139433_6	synonym
72	143937_8	implication
72	142089_3	synonym
72	115692_12	string
72	131093_0	implication
72	131093_1	string
72	115692_13	string
72	192522_9	string
72	119993_2	synonym
72	190805_5	string
72	192522_10	implication
72	126546_3	synonym
72	126546_4	implication
72	101099_5	synonym
72	119993_4	synonym
72	190805_6	string
72	190805_7	string
72	101099_6	string
72	165603_29	synonym
72	126546_7	string
72	101099_7	string
72	190805_8	implication
72	150548_13	synonym
72	131093_7	implication
72	165603_30	string
72	101099_8	string
72	149111_1	synonym
72	115692_19	implication
72	119246_15	string
72	165603_31	string
72	149111_2	string
72	125755_0	string
72	125755_1	synonym
72	119246_16	string
72	119993_11	string
72	119993_12	string
72	115692_22	implication
72	120538_5	string
72	120538_6	implication
72	192498_3	synonym
72	118218_1	synonym
72	125755_2	string
72	125755_3	synonym
72	159504_2	synonym
72	119993_17	string
72	119993_18	synonym
72	165603_34	string
72	125755_7	string
72	129279_4	implication
72	187941_0	string
72	151614_7	implication
72	183737_2	synonym
72	183737_3	implication
72	119246_21	synonym
72	129279_5	implication
72	187941_2	synonym
72	187941_3	implication
72	125755_8	string
72	162528_3	synonym
72	162528_4	implication
72	151614_8	string
72	187941_7	string
72	162528_5	implication
72	179996_8	string
72	167972_6	implication
72	149111_12	string
72	187941_11	string
72	121917_6	synonym
72	149111_14	string
72	179996_12	implication
72	179996_13	implication
72	183737_9	string
72	187941_12	implication
72	187941_13	synonym
72	121917_7	synonym
72	183737_10	string
72	151614_13	implication
72	121917_8	synonym
72	183737_11	string
72	119246_28	synonym
72	167972_10	synonym
72	192498_13	string
72	167972_11	string
72	129998_2	implication
72	149111_20	implication
72	150857_5	synonym
72	150857_6	string
72	128163_1	synonym
72	121917_12	implication
72	149111_22	implication
72	129998_8	implication
72	193169_1	synonym
72	128163_11	implication
72	179937_6	implication
72	129998_11	implication
72	128163_13	implication
72	148059_1	implication
72	148059_2	synonym
72	187466_1	synonym
72	167972_21	synonym
72	187466_6	implication
72	187466_13	string
72	187466_17	implication
72	187466_19	synonym
73	179937_10	synonym
73	167483_15	implication
73	167483_16	implication
73	179937_11	synonym
73	179937_12	synonym
73	179937_13	synonym
73	167483_24	synonym
73	150105_0	synonym
73	150105_3	synonym
73	110663_1	implication
73	110663_2	synonym
73	110663_3	synonym
73	110663_4	synonym
73	110663_5	synonym
73	110663_7	synonym
73	132786_0	implication
73	132786_1	synonym
73	132786_2	synonym
73	114149_0	synonym
73	114149_1	synonym
73	132786_5	synonym
73	114149_3	synonym
73	132786_10	synonym
73	114149_5	synonym
73	114149_6	synonym
73	114149_7	implication
73	132786_11	synonym
73	132786_13	synonym
73	129645_0	synonym
73	185113_1	implication
73	185113_3	synonym
73	185113_4	implication
73	164644_0	implication
73	164644_2	synonym
73	164644_3	implication
73	164644_4	synonym
73	185113_20	hyponym
73	185113_21	hyponym
73	164644_8	synonym
73	164644_10	synonym
73	164644_11	synonym
73	185113_28	synonym
73	185113_29	hyponym
73	102295_3	synonym
73	102295_4	synonym
73	102295_5	synonym
73	102295_9	implication
73	102295_10	synonym
73	102295_12	synonym
73	126242_1	synonym
73	125007_6	implication
73	125007_10	synonym
73	125007_11	synonym
73	199962_2	synonym
73	154202_0	synonym
73	154202_1	synonym
73	154202_2	synonym
73	199962_3	synonym
73	126242_13	implication
73	154202_3	synonym
73	154202_4	synonym
73	154202_6	implication
73	154202_8	hyponym
73	199962_12	synonym
73	154202_9	synonym
73	199962_13	synonym
73	199962_14	synonym
73	126242_23	synonym
73	154202_12	synonym
73	126242_24	synonym
73	154202_13	synonym
73	194596_5	implication
73	194596_8	hyponym
73	194596_10	synonym
73	195994_0	synonym
73	195994_1	synonym
73	195994_2	synonym
73	167483_0	implication
73	195994_3	synonym
73	195994_4	implication
73	195994_5	hyponym
73	195994_7	synonym
73	195994_8	synonym
73	195994_9	synonym
73	179937_1	synonym
73	179937_2	synonym
73	167483_8	synonym
73	167483_9	synonym
73	179937_4	implication
73	167483_10	synonym
73	179937_7	synonym
73	179937_8	implication
73	170407_0	synonym
73	170407_1	synonym
73	170407_6	synonym
73	128140_8	synonym
73	128140_14	synonym
74	135610_4	implication
74	125325_9	implication
74	135610_7	implication
74	110704_2	synonym
74	127002_15	synonym
74	125325_10	implication
74	127002_16	implication
74	125325_11	synonym
74	110704_5	implication
74	159878_5	implication
74	125325_12	synonym
74	163153_5	implication
74	159878_6	implication
74	125325_13	implication
74	135610_13	implication
74	110704_9	synonym
74	110704_10	hyponym
74	159878_8	synonym
74	125325_14	implication
74	135610_15	implication
74	159878_10	synonym
74	168309_15	implication
74	110704_14	synonym
74	135610_17	implication
74	103267_4	implication
74	159878_12	synonym
74	159878_13	synonym
74	148370_4	implication
74	103267_5	implication
74	148370_9	synonym
74	148370_12	synonym
74	168309_21	hyponym
74	168309_22	hyponym
74	163153_17	implication
74	103267_12	synonym
74	126013_4	synonym
74	163153_19	implication
74	176266_1	hyponym
74	103267_14	implication
74	163153_20	synonym
74	163153_24	implication
74	100492_0	synonym
74	176266_12	implication
74	100492_1	synonym
74	100492_2	implication
74	126013_12	synonym
74	126013_13	synonym
74	176266_13	implication
74	176266_14	implication
74	100492_4	implication
74	126013_14	implication
74	176266_16	implication
74	176266_17	implication
74	100492_5	implication
74	100492_6	synonym
74	100492_7	implication
74	176266_19	synonym
74	104582_7	implication
74	104582_8	implication
74	171305_3	implication
74	104582_11	implication
74	129645_2	implication
74	129645_3	synonym
74	104582_13	implication
74	171305_9	implication
74	199482_14	implication
74	171305_10	implication
74	109935_1	implication
74	175480_0	hyponym
74	175480_2	hyponym
74	175480_3	hyponym
74	109935_6	synonym
74	109935_7	implication
74	175480_4	hyponym
74	175480_5	implication
74	175480_6	synonym
74	109935_9	synonym
74	171305_16	implication
74	109935_10	implication
74	175480_9	synonym
74	199482_20	implication
74	199399_0	implication
74	199399_1	implication
74	109935_16	implication
74	199482_23	implication
74	199399_5	synonym
74	148584_4	implication
74	186436_8	implication
74	186436_9	implication
74	133339_4	synonym
74	168331_19	synonym
74	199399_9	synonym
74	148584_5	implication
74	186436_13	synonym
74	199482_29	synonym
74	176083_8	synonym
74	186436_14	synonym
74	199482_30	synonym
74	176083_9	synonym
74	199399_15	synonym
74	199399_16	synonym
74	199399_17	synonym
74	199399_19	synonym
74	168331_30	implication
74	133339_13	implication
74	199399_21	implication
74	176083_13	synonym
74	176083_14	synonym
74	186436_23	synonym
74	168331_32	implication
74	168331_35	implication
74	186436_24	synonym
74	133339_18	implication
74	133339_19	implication
74	172605_8	synonym
74	199399_28	implication
74	123655_6	implication
74	172605_9	hyponym
74	172605_10	abbreviation
74	186141_1	synonym
74	148450_2	synonym
74	148450_4	implication
74	148450_5	implication
74	123655_11	implication
74	186141_6	implication
74	186141_7	implication
74	148450_12	synonym
74	148450_13	synonym
74	148450_16	hyponym
74	101480_18	implication
74	148450_20	synonym
74	130070_4	implication
74	129611_6	synonym
74	101480_25	synonym
74	129611_7	implication
74	129611_10	synonym
74	129279_2	implication
74	159504_2	synonym
74	129279_3	implication
74	166575_0	implication
74	159504_3	implication
74	129611_12	implication
74	166575_3	implication
74	155093_4	implication
74	166575_4	implication
74	134823_11	synonym
74	166575_7	synonym
74	134823_12	synonym
74	159504_7	synonym
74	170654_0	implication
74	129611_16	implication
74	155093_10	synonym
74	129611_17	synonym
74	170654_3	synonym
74	170654_6	implication
74	159504_13	synonym
74	155093_16	synonym
74	170654_9	synonym
74	155093_17	synonym
74	170654_11	implication
74	127002_6	implication
74	142372_11	implication
74	127002_8	implication
74	142372_13	synonym
74	170654_16	synonym
74	170654_17	implication
74	170654_18	implication
74	142372_14	synonym
74	170654_19	implication
74	170654_20	implication
74	142372_18	synonym
74	171393_7	synonym
74	159894_10	implication
74	159894_11	implication
74	159894_13	hyponym
74	171393_18	implication
74	159894_14	synonym
74	171393_19	implication
74	135610_2	implication
74	159894_17	implication
74	125325_6	implication
74	104082_6	implication
74	104082_7	synonym
74	104082_8	synonym
74	104082_9	implication
75	105694_11	synonym
75	183972_6	implication
76	142372_21	synonym
76	142372_22	implication
76	151342_2	synonym
76	118257_0	synonym
76	118257_1	synonym
76	118257_2	synonym
76	118257_3	synonym
76	118257_5	synonym
76	118257_6	synonym
76	118257_7	implication
76	118257_8	implication
76	118257_10	synonym
76	118257_11	hyponym
76	118257_14	synonym
76	161068_0	synonym
76	161068_2	implication
76	161068_3	synonym
76	161068_4	synonym
76	193267_5	synonym
76	193267_8	synonym
76	193267_10	synonym
76	193267_11	synonym
76	174243_7	synonym
76	174243_8	synonym
76	174243_12	synonym
76	174243_17	synonym
76	106773_0	synonym
76	106773_1	implication
76	106773_2	implication
76	106773_3	synonym
76	106773_4	synonym
76	106773_5	synonym
76	106773_6	synonym
76	106773_13	synonym
76	106773_14	implication
76	142372_1	implication
76	142372_4	implication
76	142372_7	synonym
76	142372_13	synonym
76	142372_15	synonym
76	142372_16	implication
76	128140_2	synonym
76	128140_7	synonym
76	128140_13	implication
76	128140_14	synonym
77	142372_21	implication
77	140660_0	synonym
77	140660_1	synonym
77	142372_22	implication
77	137091_18	implication
77	140660_2	synonym
77	140660_3	synonym
77	140660_5	abbreviation
77	179937_14	implication
77	140660_8	implication
77	140660_11	abbreviation
77	190272_14	implication
77	140660_12	synonym
77	140660_13	synonym
77	140660_16	synonym
77	187648_9	implication
77	102433_13	implication
77	129375_0	synonym
77	129375_1	synonym
77	162348_2	synonym
77	129375_3	synonym
77	129375_4	implication
77	102433_16	implication
77	129375_5	synonym
77	102433_17	implication
77	129375_7	synonym
77	129375_8	synonym
77	162348_6	implication
77	176077_6	synonym
77	103267_10	synonym
77	132786_0	implication
77	103267_11	synonym
77	103267_12	implication
77	129375_12	synonym
77	176077_12	implication
77	122883_0	synonym
77	129375_15	synonym
77	162348_17	hyponym
77	122883_5	synonym
77	177125_5	implication
77	190179_0	synonym
77	190179_1	synonym
77	123994_4	implication
77	190179_2	implication
77	190179_3	synonym
77	123994_9	synonym
77	190179_4	synonym
77	144766_4	implication
77	190179_6	implication
77	147383_1	synonym
77	190179_8	synonym
77	190179_12	synonym
77	190179_13	synonym
77	190179_14	implication
77	173124_0	hyponym
77	114845_1	implication
77	199482_22	implication
77	115471_3	implication
77	114845_2	implication
77	114845_3	synonym
77	190179_17	implication
77	114845_7	implication
77	190179_18	implication
77	114845_8	synonym
77	114845_9	implication
77	190179_19	implication
77	190179_20	synonym
77	190179_21	synonym
77	190179_22	implication
77	147056_7	implication
77	173124_24	implication
77	173124_25	implication
77	173124_26	implication
77	113598_2	implication
77	179222_0	implication
77	179222_5	implication
77	113598_11	implication
77	151220_0	synonym
77	151220_2	implication
77	122992_4	implication
77	195624_15	implication
77	140161_8	implication
77	151220_8	synonym
77	151220_11	implication
77	151220_14	implication
77	112834_1	hyponym
77	166136_2	implication
77	192522_3	implication
77	121045_8	implication
77	177389_0	synonym
77	192522_8	implication
77	192522_9	implication
77	177389_4	implication
77	140432_0	synonym
77	178126_0	hyponym
77	167413_0	synonym
77	145308_1	synonym
77	140432_1	synonym
77	140432_2	synonym
77	177389_10	synonym
77	140432_3	synonym
77	167413_2	synonym
77	178126_4	implication
77	177389_12	synonym
77	140432_6	synonym
77	177389_14	implication
77	145308_6	implication
77	145308_7	synonym
77	177389_15	synonym
77	177389_16	synonym
77	140432_7	synonym
77	157329_4	implication
77	145308_10	implication
77	157329_7	implication
77	159504_10	implication
77	167483_1	synonym
77	146104_0	implication
77	142372_0	implication
77	142372_1	implication
77	142372_2	implication
77	142372_3	synonym
77	157329_14	implication
77	142372_4	implication
77	168943_0	synonym
77	167483_2	synonym
77	142372_5	implication
77	142372_7	implication
77	178126_28	hyponym
77	168943_1	synonym
77	129051_1	hyponym
77	142372_9	implication
77	142372_10	synonym
77	168943_4	synonym
77	168943_5	synonym
77	142372_15	implication
77	168943_6	implication
77	137091_0	synonym
77	142372_18	implication
77	168943_10	implication
77	167413_23	implication
77	168943_11	synonym
77	168943_12	synonym
77	167413_24	implication
77	167413_25	implication
77	137091_5	synonym
77	137091_6	synonym
77	167413_26	implication
77	168943_16	synonym
77	125325_0	abbreviation
77	125325_5	implication
78	157640_21	implication
78	141996_23	implication
78	157640_23	synonym
78	133855_18	synonym
78	133855_20	synonym
78	157640_26	implication
78	177351_3	synonym
78	177351_4	synonym
78	130796_2	implication
78	130796_3	synonym
78	177351_9	implication
78	130796_7	synonym
78	130796_8	implication
78	177351_10	synonym
78	177351_11	synonym
78	177351_12	implication
78	177351_13	synonym
78	130796_10	synonym
78	176512_4	synonym
78	169428_10	synonym
78	177351_19	implication
78	176512_13	implication
78	177351_22	implication
78	177351_23	implication
78	168279_15	implication
78	104777_15	implication
78	168279_17	implication
78	144766_5	synonym
78	128247_5	synonym
78	199482_13	synonym
78	181394_27	implication
78	128247_10	synonym
78	128247_11	synonym
78	116664_15	implication
78	116664_16	string
78	128247_13	synonym
78	177498_10	synonym
78	177498_11	synonym
78	177498_12	implication
78	168279_35	implication
78	168279_36	implication
78	168279_37	implication
78	177498_14	implication
78	199482_28	synonym
78	168279_46	implication
78	199482_29	synonym
78	144766_17	synonym
78	168279_49	synonym
78	168279_50	synonym
78	168279_53	implication
78	199482_34	implication
78	144766_22	implication
78	113865_13	implication
78	187753_4	synonym
78	187753_6	hyponym
78	187753_9	hyponym
78	187753_10	synonym
78	197122_7	implication
78	159675_45	synonym
78	159675_46	synonym
78	144925_3	implication
78	144925_7	implication
78	154202_11	implication
78	144925_8	implication
78	144925_9	implication
78	101480_25	string
78	145699_8	hyponym
78	166575_14	synonym
78	105017_24	implication
78	172672_17	synonym
78	172672_18	implication
78	129611_23	implication
78	129611_24	implication
78	122578_13	implication
78	145699_22	implication
78	141996_16	string
78	141996_17	string
78	145699_23	implication
78	145699_26	implication
79	187378_13	synonym
79	159687_2	synonym
79	159687_6	synonym
79	174045_1	synonym
79	174045_5	synonym
79	174045_7	synonym
79	174045_10	synonym
79	128251_1	synonym
79	128251_2	synonym
79	128251_3	implication
79	187378_1	synonym
80	120467_0	implication
80	120467_2	implication
80	140222_20	implication
80	107290_0	implication
80	107290_1	abbreviation
80	107290_4	string
80	107290_5	synonym
80	107290_6	string
80	176512_0	implication
80	151408_0	abbreviation
80	107290_7	string
80	107290_8	implication
80	107290_9	implication
80	151408_2	synonym
80	151408_3	string
80	107290_11	implication
80	107290_12	string
80	176512_6	synonym
80	151408_5	string
80	151408_6	implication
80	176512_7	implication
80	107290_14	implication
80	176512_9	implication
80	176512_10	implication
80	164815_0	abbreviation
80	164815_1	implication
80	151408_11	abbreviation
80	176512_11	implication
80	176512_12	implication
80	164815_3	string
80	164815_5	abbreviation
80	164815_6	implication
80	176512_16	implication
80	164815_7	abbreviation
80	164815_10	implication
80	100037_1	string
80	100037_2	string
80	100037_6	string
80	100037_7	string
80	178782_0	hyponym
80	178782_1	string
80	178782_3	string
80	178782_4	synonym
80	181788_0	synonym
80	110481_4	string
80	181788_1	abbreviation
80	110481_5	implication
80	100037_13	string
80	100037_14	abbreviation
80	181788_6	string
80	181788_7	string
80	100037_15	synonym
80	181788_8	implication
80	181788_9	string
80	181788_10	synonym
80	181788_12	string
80	181788_13	implication
80	181788_14	string
80	181788_15	synonym
80	181788_17	string
80	181788_19	implication
80	181788_20	implication
80	133424_0	synonym
80	133424_2	string
80	133424_3	string
80	133424_5	string
80	133424_20	implication
80	133424_21	synonym
80	133424_23	implication
80	133424_24	string
80	167036_2	string
80	167036_3	synonym
80	167036_8	string
80	133424_32	string
80	133424_33	abbreviation
80	167036_11	synonym
80	133424_35	implication
80	167036_12	string
80	167036_13	string
80	167036_15	synonym
80	167036_16	implication
80	167036_17	abbreviation
80	167036_21	string
80	167036_22	string
80	101359_0	string
80	101359_1	implication
80	180693_0	synonym
80	101359_4	implication
80	180693_1	implication
80	180693_4	string
80	101359_7	synonym
80	106482_0	implication
80	180693_5	string
80	180693_6	string
80	180693_7	string
80	180693_8	implication
80	180693_9	string
80	106482_3	string
80	106482_4	synonym
80	106482_7	string
80	192975_0	abbreviation
80	192975_4	string
80	192975_5	string
80	192975_6	synonym
80	192975_7	implication
80	192975_8	abbreviation
80	192975_11	abbreviation
80	192975_13	implication
80	192975_14	implication
80	140222_0	synonym
80	140222_3	string
80	140222_6	implication
80	140222_7	string
80	140222_8	string
80	140222_9	implication
80	140222_10	implication
80	140222_11	synonym
80	140222_12	string
80	140222_13	string
81	122903_10	synonym
81	122903_11	synonym
81	122903_12	synonym
81	122903_13	synonym
81	136115_7	synonym
81	136115_8	synonym
81	122903_14	implication
81	117293_2	synonym
81	176996_2	string
81	155984_0	implication
81	155984_1	string
81	176996_3	synonym
81	176996_4	synonym
81	117293_5	string
81	176996_5	synonym
81	120849_0	synonym
81	120849_1	string
81	176996_6	synonym
81	122903_22	synonym
81	122903_23	synonym
81	176996_8	synonym
81	122903_24	synonym
81	176996_9	synonym
81	121149_0	synonym
81	134831_3	synonym
81	120849_7	synonym
81	176996_11	synonym
81	155984_10	string
81	121149_3	synonym
81	121149_4	synonym
81	176996_12	synonym
81	121149_6	synonym
81	121149_7	implication
81	155984_11	implication
81	176996_13	synonym
81	120849_8	string
81	121149_8	implication
81	155984_14	synonym
81	134831_9	synonym
81	155984_18	implication
81	176617_1	synonym
81	120849_19	synonym
81	120849_20	synonym
81	100028_0	synonym
81	100028_1	synonym
81	100028_2	synonym
81	100028_5	implication
81	100028_6	synonym
81	100028_7	synonym
81	120849_27	synonym
81	138190_1	string
81	100028_12	synonym
81	100028_14	string
81	138190_2	string
81	138190_4	synonym
81	100028_17	synonym
81	138190_5	implication
81	138190_7	implication
81	138190_8	synonym
81	138190_9	synonym
81	100028_21	implication
81	138190_17	string
81	138190_20	synonym
81	138190_21	synonym
81	117293_38	synonym
81	153345_4	synonym
81	112613_0	synonym
81	185811_2	synonym
81	153345_6	synonym
81	185811_3	synonym
81	153345_9	string
81	185811_5	string
81	185811_6	string
81	185811_8	implication
81	185811_9	string
81	112613_7	synonym
81	185811_10	synonym
81	112613_8	synonym
81	141292_0	synonym
81	141292_1	synonym
81	155573_0	synonym
81	141292_3	synonym
81	141292_4	synonym
81	155573_4	string
81	141292_7	synonym
81	155573_6	implication
81	155573_7	synonym
81	112613_20	synonym
81	184905_1	synonym
81	174736_1	implication
81	174736_2	synonym
81	184905_4	synonym
81	174736_4	implication
81	174736_6	synonym
81	184905_6	synonym
81	184905_7	synonym
81	101099_2	string
81	174736_7	implication
81	174736_8	synonym
81	184905_8	synonym
81	174736_9	abbreviation
81	184905_9	synonym
81	174736_13	synonym
81	151614_0	synonym
81	151614_1	synonym
81	151614_2	synonym
81	151614_4	implication
81	151614_5	synonym
81	151614_6	synonym
81	136115_1	implication
81	151614_12	synonym
81	122903_0	implication
81	122903_1	implication
81	122903_2	synonym
81	122903_6	implication
81	152105_8	synonym
82	122903_11	hyponym
82	168411_6	implication
82	168411_9	implication
82	168411_15	synonym
82	168411_19	synonym
82	122903_0	synonym
83	124465_7	synonym
83	124465_8	implication
83	122893_0	synonym
83	122893_3	synonym
83	122893_5	synonym
83	129375_0	abbreviation
83	122893_12	synonym
83	122893_13	implication
83	186382_0	synonym
83	122893_15	synonym
83	129375_3	abbreviation
83	186382_1	implication
83	186382_2	synonym
83	129375_5	synonym
83	122893_16	synonym
83	122893_17	synonym
83	186382_3	synonym
83	129375_7	abbreviation
83	129375_10	synonym
83	122893_20	synonym
83	122893_21	synonym
83	129375_11	synonym
83	129375_12	abbreviation
83	186382_7	synonym
83	186382_8	synonym
83	122893_22	synonym
83	129375_14	implication
83	186382_9	synonym
83	186382_10	synonym
83	129375_15	synonym
83	186382_11	implication
83	144766_0	synonym
83	144766_3	synonym
83	175480_0	abbreviation
83	175480_2	synonym
83	175480_3	implication
83	175480_4	abbreviation
83	175480_5	synonym
83	144766_10	synonym
83	175480_9	synonym
83	175480_10	implication
83	144766_11	synonym
83	144766_17	synonym
83	144766_23	synonym
83	114837_0	synonym
83	114837_1	synonym
83	114837_2	synonym
83	114837_3	synonym
83	114837_5	implication
83	114837_6	implication
83	114837_14	abbreviation
83	114837_15	synonym
83	114837_17	implication
83	114837_18	implication
83	114837_24	synonym
83	114837_25	synonym
83	166575_0	synonym
83	166575_1	synonym
83	166575_2	synonym
83	114837_31	implication
83	166575_9	synonym
83	114837_32	implication
83	114837_33	implication
83	166575_10	implication
83	166575_11	implication
83	166575_12	implication
83	160997_0	synonym
83	114837_34	synonym
83	166575_15	synonym
83	160997_2	abbreviation
83	160997_3	implication
83	124465_0	synonym
83	124465_1	synonym
83	160997_4	implication
83	160997_5	synonym
83	124465_3	implication
83	124465_4	implication
83	160997_14	implication
83	160997_15	implication
83	160997_20	synonym
83	160997_21	synonym
83	160997_24	synonym
84	113759_0	string
84	113759_3	abbreviation
84	113759_4	synonym
84	113759_9	string
84	113759_18	string
84	110084_2	string
84	110084_7	implication
84	143536_0	synonym
84	143536_1	synonym
84	143536_3	abbreviation
84	143536_4	abbreviation
84	143536_6	implication
84	143536_7	abbreviation
84	143536_8	abbreviation
84	143536_10	string
84	146947_0	string
84	146947_4	abbreviation
84	146947_5	string
84	146947_10	string
84	146947_11	string
85	113759_0	synonym
85	113759_1	synonym
85	113759_5	synonym
85	113759_6	synonym
85	113759_9	synonym
85	113759_13	synonym
85	113759_14	implication
85	136671_0	synonym
85	136671_1	synonym
85	136671_8	synonym
85	136671_13	synonym
85	136671_23	synonym
85	112313_0	synonym
85	112313_1	implication
85	112313_2	synonym
85	112313_3	synonym
85	112313_5	implication
85	112313_8	synonym
85	112313_9	synonym
85	112313_10	implication
85	112313_16	synonym
85	112313_21	implication
85	112313_22	synonym
86	167483_15	synonym
86	114444_0	implication
86	114444_1	synonym
86	114444_2	implication
86	114444_3	synonym
86	114444_4	implication
86	167483_21	synonym
86	114444_5	synonym
86	114444_6	synonym
86	114444_8	implication
86	114444_9	synonym
86	184324_3	synonym
86	184324_4	synonym
86	114444_17	implication
86	184324_5	implication
86	110663_1	implication
86	184324_7	synonym
86	114444_20	implication
86	114444_21	implication
86	110663_2	implication
86	181394_0	implication
86	114444_23	implication
86	181394_1	implication
86	132786_0	implication
86	181394_2	implication
86	110663_9	implication
86	181394_3	synonym
86	181394_4	synonym
86	181394_5	synonym
86	181394_6	synonym
86	181394_7	synonym
86	181394_8	synonym
86	181394_9	implication
86	181394_15	implication
86	115521_10	synonym
86	181394_18	synonym
86	115521_11	synonym
86	115521_13	synonym
86	115521_15	hyponym
86	115521_19	hyponym
86	115521_21	implication
86	126147_2	implication
86	108395_0	synonym
86	181394_29	implication
86	126147_5	synonym
86	126147_6	hyponym
86	108395_2	synonym
86	108395_3	synonym
86	126147_10	hyponym
86	108395_5	synonym
86	108395_6	synonym
86	181394_33	synonym
86	181394_34	implication
86	167488_2	synonym
86	167488_3	synonym
86	108395_10	synonym
86	181394_36	synonym
86	181394_37	implication
86	181394_38	implication
86	150770_0	synonym
86	150770_3	synonym
86	150770_4	synonym
86	150770_5	synonym
86	150770_8	hyponym
86	150770_9	implication
86	126242_7	implication
86	150770_10	implication
86	154202_0	implication
86	154202_1	synonym
86	199962_3	synonym
86	199962_4	synonym
86	126242_13	implication
86	154202_3	synonym
86	154202_4	synonym
86	154202_6	implication
86	154202_9	synonym
86	199962_13	synonym
86	154202_12	synonym
86	154202_14	implication
86	194596_9	implication
86	195994_1	synonym
86	195994_2	synonym
86	167483_1	implication
86	167483_2	synonym
86	167483_3	synonym
86	167483_8	synonym
86	167483_10	synonym
86	167483_11	implication
86	167483_13	synonym
86	167483_14	synonym
86	179937_7	synonym
87	143877_14	synonym
87	143877_15	synonym
87	143877_16	synonym
87	143877_18	implication
87	187648_1	synonym
87	187648_3	synonym
87	187648_4	synonym
87	131694_0	synonym
87	187648_5	synonym
87	187648_6	synonym
87	143877_23	synonym
87	143877_24	synonym
87	131694_1	hyponym
87	187648_8	implication
87	131694_4	synonym
87	131694_5	hyponym
87	187648_10	hyponym
87	187648_11	synonym
87	131694_6	synonym
87	131694_7	synonym
87	131694_10	hyponym
87	131694_11	hyponym
87	106887_0	hyponym
87	106887_1	abbreviation
87	106887_3	hyponym
87	106887_7	hyponym
87	106887_8	synonym
87	106887_12	hyponym
87	151854_5	synonym
87	151854_6	synonym
87	106887_13	implication
87	151854_7	synonym
87	151854_9	synonym
87	151854_18	synonym
87	164644_0	implication
87	164644_2	synonym
87	198098_1	abbreviation
87	164644_5	synonym
87	198098_4	synonym
87	164644_7	implication
87	198098_7	synonym
87	164644_9	synonym
87	198098_10	hyponym
87	190502_0	synonym
87	198098_11	abbreviation
87	198098_12	implication
87	190502_1	hyponym
87	172195_0	synonym
87	172195_1	synonym
87	190502_6	synonym
87	172195_6	synonym
87	190502_8	hyponym
87	190502_9	synonym
87	190502_12	hyponym
87	172195_9	synonym
87	172195_10	synonym
87	198482_3	synonym
87	198482_5	implication
87	198482_6	abbreviation
87	198482_8	implication
87	172195_17	synonym
87	120128_1	hyponym
87	120128_2	synonym
87	120128_3	implication
87	120128_5	hyponym
87	172195_18	synonym
87	127081_0	synonym
87	127081_1	synonym
87	120128_6	implication
87	120128_7	hyponym
87	172195_20	implication
87	172195_22	implication
87	127081_5	synonym
87	127081_7	hyponym
87	127081_8	synonym
87	127081_9	synonym
87	127081_10	synonym
87	127081_11	synonym
87	191196_0	synonym
87	191196_1	implication
87	191196_2	implication
87	127081_12	synonym
87	191196_3	implication
87	191196_4	synonym
87	127081_14	synonym
87	159687_0	hyponym
87	159687_3	implication
87	159687_4	synonym
87	159687_5	implication
87	128119_0	synonym
87	193608_0	implication
87	128119_2	synonym
87	159687_9	synonym
87	174045_0	implication
87	193608_4	synonym
87	159687_10	implication
87	174045_2	synonym
87	193608_8	synonym
87	128119_3	synonym
87	128119_4	synonym
87	174045_3	synonym
87	128119_5	synonym
87	174045_6	synonym
87	128119_7	synonym
87	174045_7	hyponym
87	174045_8	synonym
87	128119_9	implication
87	174045_9	synonym
87	174045_10	synonym
87	174045_11	synonym
87	174045_16	hyponym
87	103063_0	implication
87	174045_18	implication
87	103063_2	synonym
87	103063_3	synonym
87	103063_4	synonym
87	143877_0	synonym
87	143877_2	synonym
87	143877_3	synonym
87	170407_0	synonym
87	170407_2	synonym
87	170407_3	synonym
87	170407_6	abbreviation
87	170407_7	implication
87	170407_13	synonym
88	171913_10	hyponym
88	171913_11	synonym
88	127002_12	implication
88	165297_0	implication
88	171913_13	implication
88	165297_1	implication
88	165297_2	implication
88	171913_14	synonym
88	171913_15	implication
88	167697_0	implication
88	167697_1	synonym
88	165297_9	implication
88	167697_2	implication
88	165297_12	abbreviation
88	165297_13	synonym
88	187916_0	hyponym
88	187916_1	hyponym
88	165297_15	implication
88	167697_6	implication
88	187916_2	hyponym
88	174691_0	synonym
88	165297_16	implication
88	165297_18	implication
88	174691_1	implication
88	174691_2	implication
88	174691_3	implication
88	174691_4	implication
88	165297_19	implication
88	165297_20	implication
88	168128_0	hyponym
88	168128_1	implication
88	134719_8	synonym
88	174691_5	implication
88	174691_6	implication
88	174691_7	synonym
88	134719_9	implication
88	168128_2	hyponym
88	167697_11	implication
88	174691_8	synonym
88	134719_10	implication
88	168128_4	implication
88	174691_10	implication
88	168128_6	synonym
88	168128_7	implication
88	187916_8	synonym
88	167697_14	implication
88	187916_9	synonym
88	168128_10	hyponym
88	149436_0	implication
88	174691_14	hyponym
88	174691_15	implication
88	134719_12	implication
88	187916_10	synonym
88	168128_12	hyponym
88	187916_11	implication
88	168128_13	hyponym
88	149436_1	hyponym
88	149436_2	implication
88	168128_18	implication
88	187916_16	implication
88	134719_15	implication
88	149436_5	implication
88	149436_6	implication
88	187916_19	synonym
88	149436_8	synonym
88	172267_3	synonym
88	149436_9	implication
88	172267_5	synonym
88	187916_23	implication
88	172267_6	synonym
88	149436_12	implication
88	187916_24	implication
88	195244_0	hyponym
88	187916_25	implication
88	195244_1	implication
88	149436_16	implication
88	195244_4	implication
88	172267_9	implication
88	187916_27	implication
88	195244_10	implication
88	112613_2	implication
88	162798_0	implication
88	136356_0	hyponym
88	136356_2	hyponym
88	114939_0	implication
88	162798_3	implication
88	136356_3	implication
88	114939_1	implication
88	114939_2	implication
88	185823_0	hyponym
88	114939_4	synonym
88	162798_7	synonym
88	114939_5	implication
88	174261_7	implication
88	174261_8	synonym
88	162798_8	implication
88	162798_9	hyponym
88	174261_9	synonym
88	136356_9	implication
88	162798_10	synonym
88	185823_7	synonym
88	136356_10	hyponym
88	136356_11	implication
88	162798_12	implication
88	162798_13	synonym
88	114939_12	implication
88	162798_14	implication
88	162798_17	implication
88	136356_14	implication
88	162798_18	implication
88	162798_19	implication
88	114939_15	implication
88	185823_13	hyponym
88	162798_21	implication
88	162798_22	implication
88	162798_24	implication
88	107340_0	synonym
88	107340_1	synonym
88	107340_6	implication
88	188241_0	implication
88	107340_7	synonym
88	101099_0	synonym
88	188241_1	implication
88	188241_2	synonym
88	101099_1	implication
88	188241_3	hyponym
88	107340_11	implication
88	107340_12	synonym
88	188241_6	synonym
88	188241_7	synonym
88	101099_4	synonym
88	188241_9	implication
88	101099_5	implication
88	188241_10	synonym
88	101099_6	synonym
88	131701_0	synonym
88	188241_12	hyponym
88	107340_18	implication
88	131701_1	hyponym
88	131701_2	synonym
88	131701_3	hyponym
88	188241_14	implication
88	188241_15	implication
88	131701_4	synonym
88	131701_5	implication
88	131701_6	implication
88	188241_16	implication
88	107340_24	implication
88	121917_0	implication
88	107340_25	implication
88	121917_1	implication
88	162528_3	implication
88	107340_27	implication
88	121917_3	implication
88	107340_29	implication
88	121917_5	synonym
88	101099_16	implication
88	121917_6	implication
88	121917_10	implication
88	121917_17	implication
88	151192_0	synonym
88	151192_1	synonym
88	151192_2	implication
88	151192_3	synonym
88	151192_4	synonym
88	151192_6	synonym
88	151192_7	synonym
88	189423_0	synonym
88	151192_10	implication
88	189423_1	implication
88	151192_13	synonym
88	171913_0	implication
88	189423_8	implication
88	171913_2	synonym
88	189423_9	implication
88	189423_12	hyponym
89	131974_0	string
89	191842_0	string
89	126341_0	string
89	117505_13	string
89	117505_14	string
89	144659_11	string
89	191842_3	implication
89	191842_4	implication
89	165510_11	string
89	165510_12	string
89	126341_1	implication
89	126341_2	synonym
89	102433_2	string
89	184788_1	string
89	131974_3	string
89	144659_13	implication
89	102889_7	synonym
89	126341_3	string
89	117505_18	implication
89	117505_19	implication
89	126341_4	string
89	102433_4	implication
89	131974_5	implication
89	102889_8	implication
89	122903_17	implication
89	126341_5	implication
89	122903_18	implication
89	130230_3	string
89	102433_8	implication
89	122903_20	implication
89	122903_21	implication
89	162525_3	string
89	103267_0	string
89	103267_2	string
89	162525_7	implication
89	103267_3	string
89	103267_4	implication
89	102433_12	implication
89	102433_13	synonym
89	162525_8	implication
89	110663_1	string
89	126341_14	implication
89	102433_14	implication
89	102433_15	implication
89	103267_7	string
89	184788_14	implication
89	126341_15	implication
89	102433_16	synonym
89	184788_15	implication
89	102433_18	implication
89	184788_16	implication
89	130230_13	string
89	184788_17	string
89	102433_20	string
89	131974_19	string
89	130230_14	implication
89	131974_20	implication
89	102433_21	implication
89	102433_22	implication
89	103267_11	string
89	103267_12	implication
89	131974_21	synonym
89	119502_4	string
89	130230_16	synonym
89	131974_22	implication
89	130230_17	implication
89	131974_23	implication
89	139249_3	implication
89	165395_1	string
89	165395_3	string
89	131974_25	string
89	126341_22	string
89	139249_4	implication
89	165395_6	string
89	165395_7	implication
89	126341_23	implication
89	119239_1	string
89	119239_2	string
89	165395_8	implication
89	190242_2	string
89	126341_24	string
89	131974_28	implication
89	142413_0	string
89	119239_8	string
89	142413_2	string
89	119239_9	string
89	110806_0	string
89	110806_1	string
89	142413_3	implication
89	119239_15	string
89	128050_0	string
89	110806_2	string
89	119239_17	implication
89	126341_30	implication
89	110806_5	string
89	110806_6	string
89	110806_7	synonym
89	128050_1	implication
89	165519_2	string
89	126341_31	implication
89	128050_2	implication
89	119239_18	implication
89	165519_3	string
89	110806_8	synonym
89	110806_9	implication
89	110806_10	string
89	126341_32	implication
89	126341_33	string
89	128050_3	string
89	190242_13	string
89	119502_21	implication
89	119502_22	synonym
89	155569_0	string
89	126341_34	string
89	144766_4	string
89	142413_10	implication
89	128050_5	implication
89	110806_11	implication
89	110806_12	synonym
89	110806_13	implication
89	126341_35	string
89	190242_14	implication
89	199085_2	string
89	144766_5	implication
89	142413_11	implication
89	110806_14	string
89	110806_15	synonym
89	110806_16	implication
89	126341_36	string
89	128050_8	string
89	165519_9	implication
89	190242_18	implication
89	142413_13	implication
89	142413_14	implication
89	128050_10	implication
89	128050_11	implication
89	199085_8	string
89	185233_6	string
89	155569_8	implication
89	199085_10	string
89	165519_13	implication
89	155569_9	implication
89	155569_10	implication
89	165519_14	implication
89	199085_11	string
89	128050_14	implication
89	128050_16	implication
89	128050_17	implication
89	199085_17	implication
89	126574_3	string
89	171817_9	implication
89	199085_19	implication
89	171817_10	synonym
89	199085_21	implication
89	199085_23	string
89	126574_10	implication
89	126574_11	implication
89	185233_18	string
89	199085_24	string
89	199085_25	implication
89	126574_14	implication
89	185233_19	implication
89	185233_20	implication
89	145340_2	string
89	128050_24	implication
89	147056_2	string
89	131156_6	implication
89	131156_7	implication
89	144766_19	string
89	131156_10	implication
89	145340_9	implication
89	147056_9	implication
89	147056_10	implication
89	180308_1	string
89	144766_21	synonym
89	147056_11	string
89	135705_2	string
89	130539_0	implication
89	130539_1	string
89	180308_7	implication
89	160100_2	string
89	142335_2	string
89	180308_8	implication
89	180308_9	string
89	130539_4	string
89	100966_0	string
89	130539_5	string
89	100966_2	implication
89	112520_1	string
89	100966_4	string
89	142335_10	string
89	139780_0	string
89	139780_1	string
89	139780_2	string
89	139780_4	string
89	100966_8	string
89	114250_0	string
89	114250_1	string
89	100966_10	synonym
89	160100_15	implication
89	160100_16	implication
89	114250_2	string
89	185551_3	string
89	100966_11	implication
89	100966_12	implication
89	114837_3	string
89	135705_16	implication
89	160100_18	implication
89	130539_14	implication
89	103677_2	string
89	159675_48	string
89	129412_10	implication
89	130539_15	implication
89	112520_14	string
89	130539_16	implication
89	130539_17	implication
89	129412_12	synonym
89	185551_11	string
89	145013_0	implication
89	145013_1	string
89	103677_7	synonym
89	103677_8	implication
89	103677_9	implication
89	114250_11	string
89	129412_16	implication
89	185551_14	string
89	100761_0	string
89	114250_14	implication
89	130539_21	string
89	129412_18	implication
89	100761_2	string
89	191244_0	string
89	145013_7	implication
89	145013_8	implication
89	114250_16	implication
89	191244_1	implication
89	191244_2	implication
89	101359_3	implication
89	191244_3	string
89	191244_4	string
89	114250_19	string
89	167088_1	string
89	191244_5	implication
89	191244_6	string
89	167088_2	implication
89	159904_0	string
89	191244_7	implication
89	191244_8	implication
89	159904_1	string
89	159904_2	implication
89	191244_9	implication
89	127126_2	string
89	172461_2	implication
89	191244_11	implication
89	191244_12	string
89	191244_13	string
89	125755_0	string
89	109878_0	string
89	114837_27	string
89	125755_2	string
89	167088_8	implication
89	191244_14	implication
89	159904_7	implication
89	167088_9	implication
89	183737_0	string
89	159904_9	implication
89	159904_10	implication
89	127126_10	implication
89	183737_1	implication
89	114837_28	implication
89	109878_4	string
89	125755_7	string
89	127126_12	string
89	136175_0	string
89	167088_10	implication
89	167088_11	implication
89	183737_2	string
89	183737_3	string
89	137342_0	string
89	109878_6	implication
89	136175_2	string
89	167088_13	string
89	140282_1	string
89	140282_2	implication
89	192539_3	string
89	114837_32	implication
89	114837_33	implication
89	157329_7	string
89	189534_2	string
89	137342_6	implication
89	172461_13	implication
89	172461_14	implication
89	109878_12	string
89	137342_7	implication
89	137342_8	implication
89	137342_9	string
89	192539_8	synonym
89	192539_9	string
89	140282_6	implication
89	140282_7	implication
89	140282_8	string
89	112815_2	string
89	154332_3	implication
89	136175_8	string
89	171027_0	string
89	183737_8	string
89	142197_0	string
89	192539_10	string
89	136175_9	string
89	136175_10	implication
89	139485_2	string
89	142372_0	string
89	176801_1	string
89	176801_2	implication
89	127915_1	string
89	171027_2	string
89	183737_11	implication
89	183737_12	implication
89	170654_6	string
89	189534_9	synonym
89	142372_2	string
89	142197_1	implication
89	142197_2	string
89	142197_3	implication
89	117505_0	string
89	117505_1	string
89	117505_2	string
89	112815_12	synonym
89	189534_10	implication
89	189534_11	implication
89	142197_4	string
89	142197_5	string
89	142197_6	string
89	157329_15	synonym
89	157329_16	implication
89	112815_14	string
89	189534_12	implication
89	117505_3	implication
89	117505_4	implication
89	157329_17	implication
89	109878_24	string
89	142197_8	implication
89	142197_9	implication
89	136175_15	synonym
89	117505_6	string
89	189534_13	implication
89	189534_14	implication
89	157329_18	implication
89	136175_16	implication
89	171027_9	string
89	142197_10	string
89	142197_11	implication
89	142197_12	string
89	176801_11	string
89	136175_18	synonym
89	157329_21	implication
89	170654_18	string
89	171027_13	implication
89	157329_22	implication
89	171027_14	implication
89	170654_19	string
89	170654_20	string
89	171027_15	implication
89	122903_4	string
89	176801_19	implication
89	176801_20	implication
89	119691_3	string
89	122903_5	implication
89	122903_6	implication
89	176801_21	string
89	122903_7	synonym
89	165510_0	string
89	165510_1	string
89	165510_2	string
89	165510_3	string
89	139998_1	string
89	165510_6	string
89	139998_3	implication
89	139998_5	synonym
89	139998_6	string
89	144659_2	string
89	144659_3	implication
90	191144_5	synonym
90	116778_0	implication
90	116778_2	implication
90	191144_6	synonym
90	191144_7	synonym
90	191144_8	synonym
90	116778_4	synonym
90	116778_5	synonym
90	163153_0	synonym
90	116778_6	synonym
90	116778_7	hyponym
90	163153_1	synonym
90	191144_11	synonym
90	191144_12	synonym
90	162525_0	synonym
90	162525_2	synonym
90	162525_3	synonym
90	176996_6	implication
90	198957_7	synonym
90	162525_5	implication
90	162525_6	synonym
90	176996_10	implication
90	176996_11	implication
90	142533_0	synonym
90	163153_11	synonym
90	176996_12	implication
90	142533_2	synonym
90	176996_13	synonym
90	142533_3	implication
90	142533_4	synonym
90	142533_5	synonym
90	176996_15	synonym
90	163153_16	hyponym
90	163153_17	implication
90	142533_10	synonym
90	142533_12	implication
90	142533_14	synonym
90	173667_0	synonym
90	173667_1	synonym
90	173667_4	implication
90	173667_5	synonym
90	173667_6	synonym
90	176996_22	synonym
90	176996_23	implication
90	101833_0	synonym
90	101833_3	implication
90	101833_4	synonym
90	156619_0	implication
90	122920_7	synonym
90	122920_8	synonym
90	122920_9	implication
90	122920_10	synonym
90	122920_11	synonym
90	156619_5	implication
90	156619_6	synonym
90	122920_16	synonym
90	156619_10	synonym
90	122920_17	hyponym
90	122920_18	synonym
90	156619_13	implication
90	101833_14	synonym
90	131087_0	synonym
90	143701_5	implication
90	143701_8	synonym
90	112133_4	synonym
90	131087_12	synonym
90	101833_24	synonym
90	112133_6	synonym
90	101833_25	synonym
90	131087_13	synonym
90	131087_14	synonym
90	155573_1	synonym
90	131087_15	synonym
90	153544_4	implication
90	153544_5	synonym
90	153544_6	synonym
90	155573_5	synonym
90	139341_13	synonym
90	184905_3	implication
90	120337_1	synonym
90	184905_7	hyponym
90	190805_1	synonym
90	120337_2	synonym
90	147686_1	implication
90	191144_0	synonym
90	191144_1	synonym
90	122828_0	synonym
90	122828_5	synonym
90	159894_0	synonym
90	159894_2	implication
90	159894_5	implication
90	159894_6	implication
90	159894_7	synonym
90	152105_1	implication
90	152105_2	synonym
90	159894_12	synonym
90	152105_6	synonym
90	152105_8	implication
90	159894_22	implication
91	167804_7	synonym
91	172205_6	implication
91	167804_8	synonym
91	172205_10	hyponym
91	167804_15	hyponym
91	172205_11	synonym
91	105767_5	synonym
91	105767_7	implication
91	105767_9	hyponym
91	106310_9	implication
91	106310_10	implication
91	106310_11	synonym
91	106310_13	implication
91	106310_15	hyponym
91	157252_5	synonym
91	157252_6	synonym
91	157252_12	synonym
91	107554_4	implication
91	107554_5	synonym
91	182707_6	synonym
91	182707_8	implication
91	107554_10	hyponym
91	182707_9	hyponym
91	154943_4	synonym
91	154943_5	synonym
91	154943_6	synonym
91	154943_7	synonym
91	154943_8	synonym
91	154943_12	synonym
91	181555_12	implication
91	181555_13	synonym
91	181555_16	implication
91	108263_6	synonym
91	181555_19	hyponym
91	177498_9	implication
91	108263_7	hyponym
91	199407_7	implication
91	199407_8	synonym
91	177498_15	synonym
91	199407_10	synonym
91	199407_15	hyponym
91	191702_6	implication
91	112446_9	synonym
91	191702_7	implication
91	163301_6	synonym
91	191702_10	implication
91	112446_10	synonym
91	191702_12	hyponym
91	163301_10	hyponym
91	112446_14	implication
91	163301_13	hyponym
91	112446_16	hyponym
91	112446_17	hyponym
92	149073_43	synonym
92	109173_1	synonym
92	109173_4	synonym
92	109173_7	synonym
92	109173_9	synonym
92	109173_10	hyponym
92	109173_11	synonym
92	109173_13	hyponym
92	160729_0	synonym
92	160729_1	synonym
92	160729_3	synonym
92	185233_0	synonym
92	185233_1	hyponym
92	185233_4	synonym
92	185233_6	synonym
92	185233_9	synonym
92	185233_10	synonym
92	185233_13	hyponym
92	149073_0	synonym
92	149073_1	synonym
92	149073_2	implication
92	149073_3	implication
92	149073_18	synonym
92	149073_19	synonym
92	149073_24	implication
92	149073_25	implication
92	149073_29	synonym
92	149073_30	synonym
92	149073_31	synonym
92	149073_33	synonym
92	149073_34	synonym
92	149073_38	hyponym
93	138709_12	hyponym
93	138709_14	implication
93	138709_16	hyponym
93	151377_1	implication
93	169851_0	synonym
93	169851_1	hyponym
93	169851_3	synonym
93	169851_7	implication
93	169851_8	hyponym
93	159376_0	hyponym
93	159376_1	hyponym
93	159376_2	synonym
93	171327_4	hyponym
93	159376_4	hyponym
93	171327_6	implication
93	171327_7	implication
93	159376_5	hyponym
93	159376_6	hyponym
93	159376_9	hyponym
93	159376_10	synonym
93	159376_11	hyponym
93	159376_12	synonym
93	159376_14	hyponym
93	159376_15	synonym
93	159376_16	hyponym
93	159376_17	hyponym
93	171327_22	hyponym
93	171327_31	implication
93	138709_0	hyponym
93	138709_1	hyponym
94	138709_12	synonym
94	197871_12	implication
94	134027_9	implication
94	102433_0	implication
94	102433_1	implication
94	138709_13	implication
94	134027_12	implication
94	197871_13	synonym
94	102433_3	implication
94	138709_16	hyponym
94	138709_17	hyponym
94	197871_16	hyponym
94	163153_2	synonym
94	117293_4	hyponym
94	177550_4	implication
94	120849_1	hyponym
94	137869_7	synonym
94	163153_10	implication
94	163153_11	hyponym
94	102433_16	implication
94	186382_2	hyponym
94	120889_0	implication
94	186382_6	implication
94	120849_14	implication
94	120849_15	implication
94	186382_7	hyponym
94	120849_17	synonym
94	174786_4	hyponym
94	120889_5	implication
94	120889_6	implication
94	120889_7	synonym
94	120889_8	hyponym
94	190242_1	hyponym
94	120889_9	implication
94	120849_23	hyponym
94	174786_8	implication
94	142413_2	implication
94	146452_6	implication
94	174786_9	hyponym
94	174786_10	implication
94	142413_4	hyponym
94	190242_7	hyponym
94	174786_11	implication
94	146452_9	implication
94	174786_12	hyponym
94	142413_6	implication
94	120889_15	implication
94	146452_12	synonym
94	142413_8	hyponym
94	108103_1	implication
94	108103_2	implication
94	134964_0	implication
94	134964_2	implication
94	134964_4	implication
94	196148_11	implication
94	196148_12	hyponym
94	143979_3	implication
94	191228_24	hyponym
94	104268_0	implication
94	191228_28	hyponym
94	191228_29	synonym
94	165056_4	implication
94	112613_3	implication
94	112613_4	implication
94	179480_0	implication
94	119273_11	hyponym
94	165056_13	implication
94	179480_3	hyponym
94	161610_9	implication
94	157008_6	implication
94	195624_5	hyponym
94	195624_6	hyponym
94	157008_8	hyponym
94	157008_9	hyponym
94	119273_19	implication
94	135705_2	hyponym
94	161610_13	hyponym
94	196148_27	implication
94	119273_21	implication
94	168022_1	implication
94	172605_6	implication
94	196148_30	implication
94	104268_12	implication
94	161610_16	implication
94	195624_10	hyponym
94	143881_7	hyponym
94	132914_8	implication
94	104268_13	implication
94	122992_2	implication
94	122992_3	hyponym
94	132914_9	synonym
94	135705_7	implication
94	129412_0	synonym
94	135705_8	hyponym
94	132914_10	implication
94	143881_10	synonym
94	143881_11	implication
94	135705_9	implication
94	135705_10	hyponym
94	122992_9	implication
94	104268_17	hyponym
94	132914_14	implication
94	114250_1	abbreviation
94	129412_3	implication
94	145874_8	implication
94	122992_11	implication
94	104268_19	implication
94	185551_3	hyponym
94	129412_8	implication
94	179480_20	implication
94	122992_14	implication
94	114980_1	implication
94	135705_18	hyponym
94	122992_17	hyponym
94	129412_9	synonym
94	104268_23	string
94	171327_0	synonym
94	171327_1	synonym
94	171327_2	implication
94	135705_22	implication
94	114980_11	hyponym
94	171327_4	hyponym
94	155638_1	hyponym
94	104268_27	hyponym
94	171327_8	implication
94	171327_9	synonym
94	171327_10	synonym
94	171327_12	implication
94	171327_13	synonym
94	149111_0	implication
94	171327_18	implication
94	171327_19	hyponym
94	149111_2	hyponym
94	144195_2	implication
94	149111_3	implication
94	171327_22	implication
94	171327_24	hyponym
94	144195_8	implication
94	171327_26	implication
94	171327_27	hyponym
94	174744_4	implication
94	174744_5	hyponym
94	171327_28	synonym
94	171327_29	implication
94	151614_6	hyponym
94	149111_8	implication
94	144195_12	hyponym
94	145699_5	hyponym
94	174744_8	implication
94	149111_9	implication
94	141036_1	implication
94	141036_2	synonym
94	149111_10	implication
94	155327_2	implication
94	149111_11	implication
94	149111_12	implication
94	145699_8	implication
94	149111_13	synonym
94	145076_13	implication
94	197871_2	implication
94	197871_3	hyponym
94	145076_15	implication
94	137106_4	synonym
94	151614_13	implication
94	145699_12	implication
94	145076_16	synonym
94	141036_12	synonym
94	197871_7	implication
94	145699_14	implication
94	149111_20	implication
94	157640_5	hyponym
94	177846_5	implication
94	149111_21	hyponym
94	149111_22	implication
94	177846_6	implication
94	177846_7	implication
94	138678_5	implication
94	137106_13	implication
94	149111_23	implication
94	177846_13	implication
94	193169_6	implication
94	193169_7	implication
94	157640_16	implication
94	193169_12	implication
94	138709_0	hyponym
94	138709_1	synonym
94	138709_5	synonym
94	138709_6	implication
94	138709_7	hyponym
94	138678_16	hyponym
94	140402_3	hyponym
94	140402_6	implication
94	140402_7	implication
94	140402_8	implication
94	140402_9	implication
95	134857_24	synonym
95	116778_0	implication
95	116778_2	synonym
95	134857_25	synonym
95	116778_6	implication
95	108346_0	synonym
95	198331_0	synonym
95	108346_1	implication
95	108346_4	implication
95	116778_16	implication
95	198331_3	synonym
95	108346_7	implication
95	134857_37	synonym
95	108346_9	synonym
95	134857_38	synonym
95	108346_12	implication
95	158711_20	implication
95	134857_44	hyponym
95	107354_1	synonym
95	134857_45	synonym
95	107354_2	implication
95	134857_46	synonym
95	134857_47	synonym
95	107354_7	synonym
95	107354_8	synonym
95	107354_14	synonym
95	107354_15	synonym
95	107354_16	synonym
95	107354_17	synonym
95	107354_29	synonym
95	197122_0	implication
95	197122_8	synonym
95	197122_9	synonym
95	197122_10	synonym
95	197122_12	hyponym
95	197122_14	hyponym
95	197122_15	implication
95	197122_16	synonym
95	184846_0	synonym
95	197122_17	synonym
95	197122_18	synonym
95	184846_3	implication
95	197122_20	implication
95	134857_2	implication
95	184846_6	implication
95	134857_3	implication
95	134857_4	synonym
95	184846_8	synonym
95	184846_9	synonym
95	184846_10	synonym
95	184846_11	synonym
95	134857_6	implication
95	134857_7	implication
95	197122_26	implication
95	197122_27	implication
95	134857_8	implication
95	134857_10	synonym
95	134857_11	synonym
95	159504_1	implication
95	134857_12	synonym
95	197122_30	implication
95	197122_31	implication
95	134857_13	synonym
95	134857_14	synonym
95	159138_0	hyponym
95	134857_15	synonym
95	159138_3	synonym
95	159138_4	implication
95	134857_16	synonym
95	159138_7	hyponym
95	159138_8	implication
95	134857_19	synonym
95	134857_20	synonym
95	134857_21	synonym
95	159504_18	implication
95	158711_1	hyponym
96	125101_12	implication
96	140660_0	hyponym
96	125101_13	implication
96	125101_14	implication
96	193756_19	synonym
96	140660_4	hyponym
96	125101_15	implication
96	102433_3	synonym
96	117293_2	hyponym
96	125101_17	hyponym
96	140660_11	hyponym
96	140660_12	hyponym
96	171393_34	hyponym
96	140660_15	implication
96	140660_16	hyponym
96	171393_35	hyponym
96	102433_11	synonym
96	102433_12	implication
96	102433_13	implication
96	102433_15	implication
96	102433_16	implication
96	123743_2	synonym
96	190179_0	synonym
96	120701_0	hyponym
96	190179_1	synonym
96	120701_2	hyponym
96	120701_3	hyponym
96	190179_3	synonym
96	117293_29	hyponym
96	129645_2	synonym
96	120701_7	hyponym
96	120701_8	implication
96	190537_0	synonym
96	190537_1	synonym
96	193920_0	synonym
96	123743_13	hyponym
96	117293_32	implication
96	193920_1	implication
96	120701_9	implication
96	117293_33	implication
96	185233_2	hyponym
96	120701_11	hyponym
96	120701_12	hyponym
96	193920_3	hyponym
96	190537_4	implication
96	117293_34	implication
96	193920_6	hyponym
96	193920_8	hyponym
96	193189_2	hyponym
96	120701_17	hyponym
96	190537_10	implication
96	185233_6	hyponym
96	117293_38	hyponym
96	190179_12	synonym
96	193189_10	implication
96	193189_11	implication
96	185233_12	hyponym
96	185233_16	implication
96	190179_19	implication
96	190179_20	hyponym
96	145340_0	hyponym
96	185233_19	implication
96	145340_2	hyponym
96	145340_3	synonym
96	123916_0	hyponym
96	145340_5	hyponym
96	123916_3	synonym
96	145340_8	hyponym
96	123916_9	hyponym
96	145340_10	implication
96	168022_1	hyponym
96	168022_2	synonym
96	186295_1	implication
96	145340_13	hyponym
96	162515_0	hyponym
96	123916_10	implication
96	123916_11	implication
96	186295_4	implication
96	145340_15	implication
96	123916_12	implication
96	123916_14	implication
96	168022_7	implication
96	168022_8	hyponym
96	162515_3	synonym
96	162515_4	implication
96	186295_5	implication
96	186295_6	hyponym
96	186295_8	hyponym
96	199962_1	hyponym
96	186295_9	synonym
96	186295_10	hyponym
96	162147_5	hyponym
96	162147_6	hyponym
96	162515_11	hyponym
96	192522_0	synonym
96	162147_12	hyponym
96	162147_14	implication
96	199962_11	implication
96	193855_0	hyponym
96	192522_3	hyponym
96	192522_7	hyponym
96	193855_10	hyponym
96	120538_0	implication
96	140432_0	synonym
96	192522_11	hyponym
96	114307_3	synonym
96	114307_4	implication
96	114307_5	implication
96	193855_13	implication
96	193855_14	implication
96	140432_1	implication
96	140432_2	hyponym
96	145308_3	synonym
96	192522_13	hyponym
96	120538_4	implication
96	192522_14	hyponym
96	140432_6	implication
96	120538_6	implication
96	193855_17	implication
96	129279_2	synonym
96	145308_7	hyponym
96	140432_7	synonym
96	140432_8	hyponym
96	120538_7	implication
96	120538_8	synonym
96	145308_8	implication
96	145308_9	implication
96	140432_9	hyponym
96	193756_3	implication
96	109878_4	hyponym
96	145308_10	hyponym
96	193756_4	hyponym
96	129279_6	synonym
96	167483_0	synonym
96	193756_10	synonym
96	167483_1	implication
96	109878_22	hyponym
96	171393_0	hyponym
96	109878_23	hyponym
96	109878_24	hyponym
96	125101_0	hyponym
96	168605_0	synonym
96	125101_2	hyponym
96	168605_1	implication
96	168605_2	synonym
96	171393_4	hyponym
96	168605_6	implication
96	168605_7	implication
96	168605_8	implication
96	168605_9	synonym
96	168605_10	implication
96	168605_13	implication
96	168605_14	implication
96	171393_21	hyponym
97	143223_0	synonym
97	143223_2	implication
97	143223_5	synonym
97	184324_0	synonym
97	143223_8	implication
97	143223_9	implication
97	184324_2	implication
97	125325_14	synonym
97	103267_0	synonym
97	143223_10	synonym
97	103267_2	synonym
97	143223_12	implication
97	103267_5	implication
97	103267_6	implication
97	103267_7	implication
97	103267_8	implication
97	103267_9	synonym
97	170892_0	synonym
97	103267_10	synonym
97	170892_1	implication
97	103267_12	synonym
97	170892_3	synonym
97	170892_5	implication
97	199482_2	hyponym
97	170892_6	implication
97	170892_7	implication
97	170892_8	implication
97	100492_1	synonym
97	100492_2	implication
97	170892_10	implication
97	199482_5	hyponym
97	170892_12	implication
97	100492_5	hyponym
97	100492_6	hyponym
97	170892_13	synonym
97	199482_6	implication
97	170892_15	implication
97	165519_0	implication
97	161968_6	implication
97	199482_7	implication
97	170892_16	implication
97	170892_17	implication
97	165519_2	implication
97	199482_9	hyponym
97	165519_4	implication
97	165519_5	implication
97	165519_6	hyponym
97	199482_13	implication
97	165519_8	implication
97	199482_14	implication
97	165519_9	implication
97	170892_25	hyponym
97	199482_15	implication
97	170892_26	hyponym
97	165519_11	synonym
97	161968_22	synonym
97	170892_27	implication
97	199482_16	implication
97	165519_12	synonym
97	199482_17	implication
97	165519_15	hyponym
97	165519_16	hyponym
97	165056_1	implication
97	176083_0	synonym
97	165056_2	synonym
97	176083_1	implication
97	133339_0	synonym
97	133339_1	hyponym
97	176083_2	synonym
97	165056_5	implication
97	176083_3	synonym
97	133339_2	implication
97	165056_6	synonym
97	165056_7	synonym
97	176083_4	implication
97	165056_8	synonym
97	176083_6	synonym
97	147056_0	synonym
97	165056_10	synonym
97	165056_11	synonym
97	176083_7	synonym
97	165056_12	synonym
97	147056_1	implication
97	147056_3	implication
97	165056_13	implication
97	147056_4	implication
97	147056_5	implication
97	176083_9	synonym
97	147056_6	synonym
97	147056_7	implication
97	165056_16	synonym
97	133339_12	hyponym
97	147056_8	hyponym
97	147056_11	implication
97	154237_8	implication
97	176083_13	implication
97	176083_14	synonym
97	133339_15	implication
97	199482_35	hyponym
97	165056_21	synonym
97	165056_22	synonym
97	154237_11	implication
97	154237_12	implication
97	176083_17	synonym
97	176083_18	synonym
97	154237_16	implication
97	133339_22	implication
97	176083_22	synonym
97	154237_18	implication
97	113638_0	implication
97	154237_20	implication
97	154237_22	hyponym
97	113638_3	synonym
97	199929_0	implication
97	113638_6	synonym
97	199929_2	synonym
97	113638_9	implication
97	129611_0	synonym
97	129611_1	implication
97	199929_7	implication
97	199929_8	synonym
97	199929_9	synonym
97	129611_3	synonym
97	199929_10	synonym
97	199929_11	implication
97	117878_0	synonym
97	117878_1	implication
97	117878_2	implication
97	129611_5	implication
97	129611_6	implication
97	125362_0	hyponym
97	117878_4	hyponym
97	117878_5	synonym
97	117878_6	implication
97	129611_7	synonym
97	125362_3	hyponym
97	117878_7	implication
97	129611_8	implication
97	117878_8	implication
97	199929_22	implication
97	117878_9	implication
97	159504_0	implication
97	129611_9	implication
97	129611_10	implication
97	125362_10	hyponym
97	117878_10	synonym
97	132513_0	implication
97	117878_12	synonym
97	132513_1	implication
97	159504_2	implication
97	179883_1	hyponym
97	167972_0	synonym
97	132513_2	synonym
97	101449_0	hyponym
97	117878_13	implication
97	117878_14	implication
97	167972_1	implication
97	132513_3	synonym
97	129611_12	implication
97	101449_1	synonym
97	101449_2	hyponym
97	117878_15	hyponym
97	167972_2	synonym
97	179883_4	implication
97	179883_5	synonym
97	179883_6	implication
97	129611_13	implication
97	101449_4	implication
97	167972_3	synonym
97	117878_17	synonym
97	132513_5	implication
97	101449_6	synonym
97	167972_4	synonym
97	129611_14	synonym
97	192151_0	synonym
97	159504_7	implication
97	101449_7	synonym
97	101449_8	implication
97	167972_6	implication
97	192151_1	synonym
97	192151_2	synonym
97	132513_8	implication
97	101449_10	implication
97	159504_9	synonym
97	101449_13	hyponym
97	167972_7	implication
97	192151_5	implication
97	132513_10	synonym
97	159504_11	hyponym
97	101449_14	implication
97	101449_15	synonym
97	192151_6	implication
97	159504_12	hyponym
97	101449_16	implication
97	101449_17	synonym
97	192151_8	synonym
97	167972_10	hyponym
97	159504_13	synonym
97	192151_9	implication
97	167972_11	implication
97	167972_12	synonym
97	192151_11	implication
97	159504_16	hyponym
97	132513_14	implication
97	192151_13	implication
97	159504_17	synonym
97	159504_18	implication
97	192151_15	synonym
97	192151_17	implication
97	132513_17	hyponym
97	132513_19	implication
97	167972_16	implication
97	167972_17	implication
97	129611_29	synonym
97	167972_19	hyponym
97	125325_3	synonym
97	125325_4	implication
97	125325_5	implication
97	125325_7	synonym
98	143223_0	synonym
98	171393_30	implication
98	171393_33	synonym
98	125594_36	implication
98	171393_34	synonym
98	125594_37	implication
98	147421_0	synonym
98	147421_1	implication
98	147421_2	abbreviation
98	171393_35	synonym
98	147421_3	synonym
98	147421_4	implication
98	171393_36	implication
98	125594_40	implication
98	147421_6	synonym
98	147421_7	synonym
98	143223_12	implication
98	171393_37	string
98	147421_8	synonym
98	147421_9	synonym
98	147421_10	hyponym
98	171393_38	string
98	125594_44	synonym
98	186515_1	implication
98	186515_2	synonym
98	186515_4	synonym
98	186515_5	implication
98	127274_1	synonym
98	127274_5	implication
98	190179_0	synonym
98	190179_1	synonym
98	190179_2	implication
98	190179_3	synonym
98	127274_11	implication
98	127274_12	implication
98	190179_4	synonym
98	185233_0	implication
98	144766_4	implication
98	190179_6	implication
98	185233_2	synonym
98	185233_3	synonym
98	190179_8	synonym
98	185233_4	implication
98	190179_12	synonym
98	185233_9	implication
98	185233_10	synonym
98	190179_13	synonym
98	190179_14	implication
98	164089_2	synonym
98	164089_3	implication
98	185233_14	synonym
98	190179_17	implication
98	185233_15	implication
98	164089_7	implication
98	185233_16	synonym
98	190179_18	implication
98	185233_17	implication
98	190179_19	implication
98	190179_20	synonym
98	190179_21	synonym
98	179480_1	implication
98	179480_2	implication
98	190179_22	implication
98	185233_21	synonym
98	179480_3	implication
98	185233_22	synonym
98	144766_20	synonym
98	144766_21	implication
98	129611_3	implication
98	179480_27	implication
98	129611_4	synonym
98	179480_31	implication
98	125594_4	synonym
98	160997_6	implication
98	171393_0	synonym
98	171393_2	implication
98	194111_1	implication
98	171393_4	synonym
98	171393_5	synonym
98	194111_8	synonym
98	194111_9	synonym
98	194111_10	synonym
98	194111_11	implication
98	160997_19	implication
98	194111_12	synonym
98	187466_0	synonym
98	187466_1	synonym
98	160997_22	implication
98	187466_4	synonym
98	187466_6	implication
98	187466_8	synonym
98	187466_9	implication
98	187466_11	implication
98	187466_16	implication
98	187466_17	implication
98	187466_18	implication
98	187466_19	synonym
98	171393_21	synonym
98	171393_22	synonym
98	171393_23	synonym
98	171393_24	synonym
99	143223_0	synonym
99	143223_3	implication
99	190272_10	implication
99	190272_11	synonym
99	190272_12	implication
99	190272_13	implication
99	190272_14	implication
99	171393_33	synonym
99	190272_15	synonym
99	184324_0	synonym
99	184324_1	implication
99	184324_2	synonym
99	103267_0	synonym
99	143223_10	implication
99	103267_1	synonym
99	103267_2	synonym
99	171393_36	implication
99	103267_3	implication
99	184324_6	implication
99	103267_5	implication
99	110663_0	abbreviation
99	110663_1	synonym
99	184324_7	implication
99	103267_7	implication
99	110663_5	implication
99	103267_8	synonym
99	103267_9	synonym
99	103267_10	synonym
99	103267_11	synonym
99	103267_12	synonym
99	103267_14	synonym
99	199482_0	implication
99	103267_15	synonym
99	199482_3	synonym
99	161968_0	synonym
99	104582_4	synonym
99	104582_5	implication
99	161968_1	synonym
99	161968_3	synonym
99	161968_4	synonym
99	198152_1	implication
99	165519_0	synonym
99	198152_2	implication
99	104582_11	synonym
99	165519_2	synonym
99	198152_3	synonym
99	199482_9	implication
99	161968_10	synonym
99	165519_3	synonym
99	104582_12	synonym
99	104582_13	synonym
99	161968_11	synonym
99	161968_12	synonym
99	161968_13	synonym
99	161968_14	synonym
99	165519_6	synonym
99	153808_2	implication
99	153808_3	synonym
99	178787_1	synonym
99	165519_11	synonym
99	178787_3	synonym
99	104582_22	synonym
99	190179_14	synonym
99	198152_16	implication
99	172195_0	synonym
99	172195_1	synonym
99	176083_0	synonym
99	198152_17	synonym
99	153808_15	implication
99	199482_22	implication
99	172195_2	synonym
99	172195_3	synonym
99	198152_18	synonym
99	176083_2	implication
99	198152_19	implication
99	172195_6	implication
99	117954_0	synonym
99	176083_5	implication
99	198152_21	implication
99	117954_1	implication
99	117954_2	implication
99	172195_10	synonym
99	117954_3	synonym
99	117954_4	implication
99	198152_23	implication
99	172195_12	synonym
99	176083_8	implication
99	172195_13	synonym
99	117954_8	synonym
99	190179_23	implication
99	172195_14	synonym
99	172195_15	implication
99	117954_14	implication
99	176083_13	implication
99	172195_18	synonym
99	172195_19	synonym
99	199482_35	implication
99	172195_20	synonym
99	117954_18	synonym
99	176083_18	implication
99	186141_0	implication
99	186141_1	synonym
99	113492_0	synonym
99	113492_1	synonym
99	186141_5	implication
99	186141_6	implication
99	113492_2	synonym
99	121731_0	synonym
99	121731_1	synonym
99	186141_7	implication
99	113492_4	synonym
99	121731_2	implication
99	121731_3	implication
99	121731_4	synonym
99	121731_5	synonym
99	113492_7	synonym
99	192522_1	implication
99	121731_8	implication
99	121731_9	implication
99	192522_4	implication
99	177389_0	synonym
99	177389_4	abbreviation
99	140432_0	synonym
99	194596_0	synonym
99	167413_0	synonym
99	145308_0	synonym
99	194596_2	synonym
99	194596_3	implication
99	167413_1	synonym
99	140432_1	implication
99	140432_2	synonym
99	145308_3	synonym
99	194596_4	synonym
99	143479_0	implication
99	140432_3	synonym
99	159504_0	synonym
99	145308_4	synonym
99	177389_12	synonym
99	167413_3	synonym
99	140432_5	implication
99	140432_6	synonym
99	132513_0	implication
99	177389_14	implication
99	194596_8	synonym
99	145308_6	implication
99	145308_7	synonym
99	104831_0	abbreviation
99	140432_7	synonym
99	140432_8	synonym
99	132513_2	synonym
99	101449_0	implication
99	145308_8	implication
99	145308_9	implication
99	104831_1	synonym
99	104831_2	abbreviation
99	132513_3	implication
99	101449_2	synonym
99	145308_11	synonym
99	159504_4	synonym
99	143479_6	synonym
99	104831_3	synonym
99	104831_4	implication
99	159504_5	implication
99	101449_3	implication
99	101449_6	implication
99	121917_2	synonym
99	104831_5	synonym
99	159504_6	implication
99	121917_3	abbreviation
99	104831_8	implication
99	104831_9	synonym
99	159504_10	synonym
99	132513_10	implication
99	167413_11	synonym
99	159504_11	implication
99	159504_12	implication
99	143479_12	abbreviation
99	167413_12	implication
99	143479_13	implication
99	167413_13	implication
99	132513_11	implication
99	167413_15	synonym
99	159504_15	implication
99	171393_0	synonym
99	159504_16	implication
99	155684_0	implication
99	171393_1	synonym
99	171393_2	implication
99	155684_1	implication
99	155684_2	implication
99	143479_17	synonym
99	132513_16	implication
99	155684_3	synonym
99	171393_4	synonym
99	155684_8	implication
99	171393_5	synonym
99	190272_1	synonym
99	143479_22	implication
99	167413_25	implication
99	155684_14	synonym
99	155684_15	implication
99	171393_21	synonym
99	171393_22	synonym
99	171393_23	synonym
99	114425_0	synonym
99	171393_24	implication
99	114425_1	implication
99	171393_25	implication
99	114425_3	synonym
99	114425_4	implication
99	114425_8	synonym
99	114425_9	synonym
99	114425_11	implication
99	114425_13	synonym
99	114425_14	synonym
100	116778_0	synonym
100	116778_1	implication
100	116778_2	synonym
100	116778_3	implication
100	116778_6	synonym
100	116778_10	synonym
100	116778_15	synonym
100	135610_17	implication
100	104777_0	implication
100	104777_1	implication
100	104777_3	synonym
100	104777_4	synonym
100	104777_5	synonym
100	109543_0	hyponym
100	109543_1	hyponym
100	104777_6	synonym
100	104777_8	synonym
100	104777_9	synonym
100	109543_5	implication
100	109543_7	implication
100	109543_8	implication
100	109543_9	synonym
100	109543_10	hyponym
100	104777_13	synonym
100	104777_14	synonym
100	104777_15	implication
100	104777_17	implication
100	104777_18	implication
100	175480_0	abbreviation
100	104777_26	hyponym
100	175480_1	synonym
100	175480_2	synonym
100	175480_3	hyponym
100	175480_4	hyponym
100	175480_5	hyponym
100	175480_6	implication
100	175480_7	implication
100	175480_8	synonym
100	175480_9	hyponym
100	175480_10	synonym
100	184905_1	synonym
100	184905_2	implication
100	184905_3	synonym
100	184905_5	synonym
100	184905_7	synonym
100	100160_0	synonym
100	100160_3	synonym
100	184905_11	synonym
100	100160_8	implication
100	100160_9	synonym
100	117878_9	implication
100	100160_13	synonym
100	132513_0	synonym
100	117878_12	synonym
100	100160_17	synonym
100	132513_3	synonym
100	117878_15	hyponym
100	122828_0	synonym
100	122828_4	synonym
100	122828_5	synonym
100	135610_0	synonym
100	108580_0	synonym
101	124764_6	synonym
101	124764_7	synonym
101	194084_0	synonym
101	194084_6	implication
101	194084_7	implication
101	194084_9	synonym
101	194084_10	synonym
101	149203_3	hyponym
101	149203_4	abbreviation
101	176512_1	synonym
101	155984_11	synonym
101	149203_11	abbreviation
101	155984_13	synonym
101	155984_14	synonym
101	155984_15	implication
101	149203_14	implication
101	155984_16	implication
101	155984_17	implication
101	149203_16	abbreviation
101	120889_2	synonym
101	176512_12	synonym
101	149203_17	synonym
101	178961_0	implication
101	178961_1	synonym
101	197423_0	implication
101	178961_2	implication
101	197423_1	abbreviation
101	197423_2	abbreviation
101	112474_1	abbreviation
101	127274_5	abbreviation
101	120889_13	synonym
101	120889_14	synonym
101	127274_9	implication
101	197423_6	synonym
101	197423_7	implication
101	127274_10	implication
101	197423_8	hyponym
101	178961_7	implication
101	197423_11	synonym
101	112474_12	implication
101	127274_14	implication
101	112474_13	implication
101	127274_16	synonym
101	127274_17	synonym
101	163159_1	synonym
101	112474_15	abbreviation
101	101833_4	abbreviation
101	178961_12	synonym
101	178961_13	implication
101	163159_15	synonym
101	178961_18	implication
101	178961_19	synonym
101	178961_20	implication
101	177613_3	abbreviation
101	101833_16	implication
101	178961_21	implication
101	133242_3	abbreviation
101	177613_5	synonym
101	101833_17	synonym
101	101833_19	implication
101	101833_20	implication
101	178961_24	abbreviation
101	101833_21	implication
101	101833_22	implication
101	141292_0	abbreviation
101	141292_1	synonym
101	101833_25	synonym
101	124557_0	synonym
101	124557_1	synonym
101	124557_2	abbreviation
101	141292_6	implication
101	133242_16	synonym
101	112857_1	implication
101	133242_18	hyponym
101	133242_19	implication
101	124557_6	implication
101	112857_2	synonym
101	112857_3	hyponym
101	133242_20	implication
101	124557_7	hyponym
101	124557_8	synonym
101	166034_6	abbreviation
101	133242_22	hyponym
101	124557_9	implication
101	124557_10	synonym
101	186927_2	abbreviation
101	124557_11	synonym
101	133242_25	implication
101	199726_0	synonym
101	114210_2	synonym
101	124557_13	synonym
101	124557_14	synonym
101	124557_15	hyponym
101	199726_1	synonym
101	124557_16	synonym
101	124557_17	synonym
101	199726_7	synonym
101	140259_1	synonym
101	199726_8	synonym
101	186927_13	synonym
101	114210_9	synonym
101	186927_14	synonym
101	186927_15	implication
101	114210_10	implication
101	186927_16	implication
101	198266_2	synonym
101	160732_3	synonym
101	149498_0	synonym
101	119993_3	abbreviation
101	160732_6	synonym
101	149498_3	synonym
101	166034_24	implication
101	160732_7	hyponym
101	166034_25	implication
101	198266_21	abbreviation
101	166034_29	synonym
101	195655_5	abbreviation
101	124764_1	abbreviation
101	183737_3	abbreviation
101	149498_13	synonym
101	195655_12	implication
101	149498_19	synonym
101	195655_13	synonym
101	149498_22	abbreviation
101	151265_1	abbreviation
101	118218_15	synonym
101	118218_16	synonym
101	118218_19	implication
101	118218_20	synonym
101	118218_25	implication
101	151265_12	implication
101	188772_10	abbreviation
101	188772_11	synonym
101	112313_10	implication
101	112313_11	synonym
101	187466_8	synonym
101	112313_20	implication
101	187466_15	hyponym
101	112313_21	implication
101	187466_16	abbreviation
102	137636_1	synonym
102	197331_0	synonym
102	137636_3	hyponym
102	122903_12	hyponym
102	197331_1	synonym
102	197331_2	synonym
102	197331_3	synonym
102	122903_14	implication
102	197331_5	synonym
102	197331_6	synonym
102	122903_17	implication
102	110704_5	synonym
102	197331_8	synonym
102	110704_7	synonym
102	197331_10	hyponym
102	171393_34	synonym
102	110704_10	synonym
102	120849_1	implication
102	137636_13	synonym
102	137636_14	synonym
102	103267_0	hyponym
102	110704_11	synonym
102	110704_12	synonym
102	122903_22	synonym
102	122903_23	implication
102	197331_14	synonym
102	137636_15	synonym
102	103267_2	hyponym
102	120849_4	implication
102	120849_5	implication
102	171393_36	synonym
102	110704_14	synonym
102	171393_37	synonym
102	121149_0	hyponym
102	121149_1	implication
102	182073_1	synonym
102	182073_2	synonym
102	125594_41	implication
102	171393_38	synonym
102	121149_2	implication
102	121149_3	synonym
102	125594_42	synonym
102	121149_6	hyponym
102	103267_7	hyponym
102	171393_39	synonym
102	125594_44	synonym
102	182073_7	synonym
102	103267_10	hyponym
102	103267_12	implication
102	103267_14	synonym
102	125594_49	implication
102	122883_0	synonym
102	104777_1	synonym
102	122883_1	synonym
102	122883_2	synonym
102	120849_19	hyponym
102	120849_20	implication
102	122883_4	implication
102	104777_4	implication
102	104777_5	synonym
102	109543_0	hyponym
102	122883_5	synonym
102	122883_6	synonym
102	109543_2	implication
102	109543_3	implication
102	109543_5	implication
102	109543_6	synonym
102	120849_27	hyponym
102	138190_0	hyponym
102	138190_1	synonym
102	122883_8	synonym
102	124749_5	hyponym
102	122883_9	synonym
102	138190_2	synonym
102	104777_14	synonym
102	122883_10	implication
102	122883_11	synonym
102	138190_5	hyponym
102	138190_6	synonym
102	138190_7	synonym
102	122883_12	synonym
102	124749_12	hyponym
102	138190_9	hyponym
102	138190_10	synonym
102	138190_11	synonym
102	138190_12	hyponym
102	138190_13	synonym
102	138190_14	synonym
102	138190_15	synonym
102	138190_16	hyponym
102	124749_19	hyponym
102	188400_0	hyponym
102	188400_1	synonym
102	176704_0	synonym
102	138190_17	synonym
102	138190_18	synonym
102	138190_19	hyponym
102	176704_4	implication
102	124749_26	hyponym
102	188400_3	hyponym
102	114528_9	synonym
102	176704_7	synonym
102	188400_5	implication
102	114528_12	synonym
102	114528_13	synonym
102	176704_8	implication
102	176704_9	hyponym
102	114528_14	synonym
102	176704_11	synonym
102	176704_12	synonym
102	114528_17	synonym
102	188400_15	synonym
102	188400_16	synonym
102	153345_4	synonym
102	153345_5	synonym
102	157727_0	hyponym
102	153345_6	synonym
102	188400_22	implication
102	188400_23	hyponym
102	153345_9	hyponym
102	117954_0	hyponym
102	157727_1	synonym
102	157727_2	synonym
102	157727_3	implication
102	117954_1	hyponym
102	117954_2	hyponym
102	157727_6	implication
102	117954_3	synonym
102	117954_4	synonym
102	157727_7	synonym
102	157727_8	synonym
102	157727_9	hyponym
102	157727_10	synonym
102	157727_12	hyponym
102	117954_8	hyponym
102	157727_13	hyponym
102	117954_9	hyponym
102	117954_10	synonym
102	132914_3	hyponym
102	117954_11	synonym
102	117954_12	synonym
102	150770_1	synonym
102	117954_15	synonym
102	117954_18	hyponym
102	117954_19	synonym
102	162515_5	implication
102	110804_0	synonym
102	110804_1	hyponym
102	162515_11	hyponym
102	162515_12	hyponym
102	110804_4	hyponym
102	110804_5	synonym
102	162515_14	synonym
102	110804_8	hyponym
102	162515_15	synonym
102	110804_11	hyponym
102	168047_0	synonym
102	168047_1	synonym
102	168047_2	hyponym
102	168047_3	hyponym
102	168047_5	synonym
102	168047_10	synonym
102	109514_0	hyponym
102	109514_2	implication
102	109514_5	implication
102	187941_0	hyponym
102	187941_1	hyponym
102	187941_2	synonym
102	187941_3	synonym
102	157329_6	hyponym
102	187941_5	hyponym
102	157329_7	synonym
102	157329_8	hyponym
102	187941_8	implication
102	187941_9	implication
102	157329_9	hyponym
102	187941_10	implication
102	187941_11	implication
102	187941_12	implication
102	112815_4	hyponym
102	112815_6	implication
102	112815_11	implication
102	112815_14	synonym
102	171393_0	synonym
102	171393_1	hyponym
102	168943_4	hyponym
102	155684_3	hyponym
102	122903_0	implication
102	155684_5	implication
102	171393_4	synonym
102	122903_1	implication
102	155684_6	synonym
102	155684_7	hyponym
102	155684_8	synonym
102	155684_9	synonym
102	171393_5	synonym
102	155684_10	implication
102	155684_11	synonym
102	171393_7	implication
102	155684_12	synonym
102	155684_13	synonym
102	155684_15	synonym
102	155684_16	synonym
102	171393_11	synonym
102	102758_2	synonym
102	155684_20	hyponym
102	125594_27	synonym
102	155684_23	implication
102	102758_7	implication
102	171393_15	synonym
102	171393_16	synonym
102	171393_21	hyponym
102	171393_25	hyponym
102	171393_27	synonym
103	168309_0	synonym
103	168309_2	synonym
103	168309_3	synonym
103	168309_5	implication
103	168309_9	synonym
103	168309_10	synonym
103	160729_0	synonym
103	160729_1	synonym
103	160729_3	synonym
103	174483_0	synonym
103	174483_3	synonym
103	174483_4	hyponym
103	174483_11	synonym
103	174483_12	synonym
103	174483_15	synonym
103	174483_21	synonym
103	174483_22	synonym
103	174483_23	synonym
103	143937_0	implication
103	143937_1	abbreviation
103	143937_8	synonym
103	143937_13	abbreviation
103	143937_15	implication
104	133226_0	synonym
104	133226_1	synonym
104	133226_2	synonym
104	133226_4	synonym
104	151854_2	synonym
104	151854_11	synonym
104	151854_16	synonym
104	151854_19	synonym
104	179937_2	synonym
104	179937_4	implication
104	128140_2	synonym
105	133226_0	synonym
105	133226_1	synonym
105	133226_2	synonym
105	114149_0	synonym
105	114149_1	implication
105	114149_3	synonym
105	114149_4	synonym
105	114149_5	synonym
106	196459_4	synonym
106	196459_6	implication
106	196459_15	implication
106	140353_0	synonym
106	196459_16	hyponym
106	171357_7	synonym
106	196459_18	implication
106	150588_5	abbreviation
106	140353_1	synonym
106	196459_20	synonym
106	196459_21	hyponym
106	194360_0	synonym
106	177920_0	hyponym
106	194360_2	synonym
106	177920_3	hyponym
106	194360_6	synonym
106	170628_3	synonym
106	177920_12	hyponym
106	177920_13	hyponym
106	120889_2	synonym
106	177920_17	implication
106	177920_19	hyponym
106	194275_1	synonym
106	194360_14	hyponym
106	177920_24	implication
106	118257_0	hyponym
106	171357_26	implication
106	197423_1	abbreviation
106	197423_2	abbreviation
106	142413_4	synonym
106	194275_11	synonym
106	194275_12	hyponym
106	197423_11	hyponym
106	155569_0	synonym
106	163159_1	hyponym
106	118257_9	synonym
106	176704_2	hyponym
106	163159_14	implication
106	163159_15	hyponym
106	176704_12	synonym
106	115471_3	implication
106	115471_9	synonym
106	162798_2	synonym
106	162798_3	implication
106	115471_14	implication
106	157008_2	synonym
106	175366_3	synonym
106	157008_10	synonym
106	123655_2	synonym
106	122992_3	synonym
106	175366_19	implication
106	175366_21	implication
106	141825_2	hyponym
106	122992_14	implication
106	122992_15	implication
106	128119_0	synonym
106	197615_2	hyponym
106	197615_3	implication
106	145076_0	hyponym
106	104434_1	synonym
106	145076_1	synonym
106	104434_3	hyponym
106	197615_11	synonym
106	104434_4	synonym
106	143479_5	synonym
106	145076_6	implication
106	197615_12	synonym
106	145076_7	synonym
106	104434_16	synonym
106	145076_17	hyponym
106	145076_18	synonym
106	145076_19	implication
106	195628_1	hyponym
106	145076_23	implication
107	179937_11	synonym
107	128251_9	synonym
107	179937_12	implication
107	176266_0	synonym
107	176266_1	synonym
107	176266_3	synonym
107	176266_5	synonym
107	176266_6	synonym
107	176266_8	synonym
107	176266_9	synonym
107	176266_10	synonym
107	176266_11	synonym
107	176266_13	synonym
107	176266_15	synonym
107	176266_18	synonym
107	176266_19	synonym
107	129645_0	synonym
107	171753_0	synonym
107	171753_1	synonym
107	171753_2	synonym
107	171753_4	synonym
107	171753_5	synonym
107	171753_6	synonym
107	171753_8	implication
107	171753_11	synonym
107	171753_12	synonym
107	174243_2	synonym
107	174243_11	synonym
107	174243_12	synonym
107	174243_17	synonym
107	128251_0	synonym
107	128251_5	implication
107	179937_0	synonym
107	179937_1	synonym
108	179937_11	synonym
108	179937_12	synonym
108	153552_0	synonym
108	127159_1	hyponym
108	153552_1	synonym
108	127159_3	synonym
108	151854_4	synonym
108	151854_5	synonym
108	151854_7	implication
108	151854_8	synonym
108	151854_10	synonym
108	129645_0	synonym
108	151854_15	implication
108	151854_18	synonym
108	103679_0	synonym
108	103679_3	synonym
108	103679_4	synonym
108	103679_5	synonym
108	103679_8	synonym
108	154202_0	synonym
108	154202_1	synonym
108	154202_2	synonym
108	154202_3	synonym
108	154202_4	synonym
108	154202_5	implication
108	154202_12	synonym
108	179937_0	synonym
108	179937_3	implication
108	179937_6	synonym
108	128140_0	synonym
108	128140_1	synonym
108	128140_2	synonym
108	128140_7	hyponym
108	128140_8	synonym
108	128140_13	implication
108	128140_14	synonym
109	179937_11	synonym
109	179937_12	synonym
109	131251_0	synonym
109	131251_1	synonym
109	131251_2	synonym
109	131251_3	hyponym
109	131251_6	synonym
109	179937_0	hyponym
110	117293_0	synonym
110	117293_1	hyponym
110	117293_13	synonym
110	117293_14	synonym
110	117293_17	synonym
110	117293_21	synonym
110	117293_25	synonym
110	117293_26	synonym
110	117293_31	synonym
110	117293_37	synonym
110	117293_38	synonym
110	160100_0	synonym
110	160100_1	synonym
110	160100_2	implication
110	160100_4	synonym
110	160100_5	implication
110	160100_18	synonym
110	160100_19	synonym
111	128251_9	synonym
111	118392_4	synonym
111	118392_7	synonym
111	118392_10	synonym
111	118392_11	synonym
111	174243_0	synonym
111	174243_1	synonym
111	174243_11	synonym
111	174243_13	synonym
111	174243_17	synonym
111	128251_0	synonym
111	128251_3	synonym
111	128251_5	implication
112	191842_0	implication
112	191842_1	synonym
112	191842_2	synonym
112	191842_4	synonym
112	191842_5	synonym
112	129645_0	synonym
113	157743_0	implication
113	150804_6	synonym
113	157743_2	implication
113	157743_6	implication
113	168411_0	implication
113	157743_7	implication
113	168411_2	implication
113	157743_10	synonym
113	168411_3	implication
113	171971_5	implication
113	168411_7	synonym
113	168411_13	synonym
113	168411_16	implication
113	168411_18	hyponym
113	163321_0	implication
113	119502_7	synonym
113	119502_8	implication
113	119502_10	implication
113	174697_6	implication
113	119502_12	implication
113	146582_2	implication
113	174697_10	implication
113	118257_5	implication
113	151526_2	implication
113	146582_10	implication
113	146582_12	hyponym
113	118257_9	implication
113	118257_14	implication
113	171305_11	implication
113	156619_5	implication
113	146582_24	implication
113	171305_14	synonym
113	146582_28	implication
113	198152_15	implication
113	115334_3	implication
113	119273_3	implication
113	119273_5	implication
113	134578_3	implication
113	119273_7	implication
113	157727_4	implication
113	119273_8	implication
113	171473_5	implication
113	157727_11	implication
113	112613_10	implication
113	161418_10	implication
113	126242_13	implication
113	114210_4	implication
113	189762_8	implication
113	189762_9	implication
113	142089_10	synonym
113	104701_9	implication
113	147165_14	implication
113	133691_17	implication
113	155093_1	implication
113	197419_10	synonym
113	197419_13	synonym
113	109514_10	implication
113	109514_12	implication
113	109514_13	implication
113	172672_1	synonym
113	107416_7	implication
113	197419_19	implication
113	155093_12	implication
113	195471_1	synonym
113	195471_8	implication
114	172205_6	hyponym
114	172205_7	hyponym
114	172205_8	synonym
114	172205_10	hyponym
114	172205_11	synonym
114	181555_2	implication
114	181555_3	synonym
114	181555_4	implication
114	181555_8	synonym
114	181555_9	synonym
114	181555_12	implication
114	181555_13	implication
114	181555_15	synonym
114	177498_13	synonym
114	199407_8	implication
114	177498_15	hyponym
114	199407_10	synonym
114	199407_15	synonym
114	122174_10	synonym
114	122174_16	synonym
115	127002_13	synonym
115	127002_14	implication
115	127002_20	hyponym
115	127002_21	synonym
115	134831_0	synonym
115	134831_3	implication
115	176996_11	implication
115	176996_12	implication
115	134831_5	synonym
115	176996_14	synonym
115	176996_15	synonym
115	134831_9	synonym
115	176996_22	synonym
115	176996_23	synonym
115	101833_0	hyponym
115	134268_0	hyponym
115	101833_14	synonym
115	162987_0	synonym
115	162987_1	implication
115	162987_2	implication
115	162987_3	implication
115	125755_0	implication
115	125755_1	implication
115	162987_5	synonym
115	162987_6	synonym
115	125755_2	synonym
115	162987_7	synonym
115	125755_4	implication
115	125755_5	synonym
115	162987_8	synonym
115	162987_9	hyponym
115	125755_6	implication
115	125755_11	synonym
115	162987_14	synonym
115	127002_10	hyponym
116	157548_10	synonym
116	157548_11	synonym
116	157548_12	synonym
116	157548_13	synonym
116	147054_5	synonym
116	147054_6	synonym
116	157548_14	synonym
116	157548_15	implication
116	147054_8	synonym
116	157548_16	hyponym
116	157548_17	implication
116	157548_18	implication
116	124864_5	synonym
116	157548_26	hyponym
116	172591_0	hyponym
116	172591_1	hyponym
116	172591_8	hyponym
116	157548_4	implication
116	157548_5	synonym
117	159878_0	synonym
117	159878_1	implication
117	159878_5	implication
117	159878_6	implication
117	159878_7	implication
117	159878_8	implication
117	159878_9	synonym
117	159878_10	synonym
117	159878_11	abbreviation
117	159878_12	synonym
117	159878_13	synonym
117	159878_16	synonym
117	159878_18	implication
117	159878_19	implication
117	111138_0	synonym
117	111138_2	synonym
117	111138_8	synonym
117	111138_13	synonym
117	120701_1	implication
117	120701_2	implication
117	120701_7	synonym
117	120701_10	implication
117	120701_12	synonym
117	145340_0	synonym
117	145340_1	synonym
117	145340_2	implication
117	145340_3	implication
117	145340_4	synonym
117	145340_5	synonym
117	145340_6	synonym
117	145340_7	implication
117	145340_8	implication
117	186295_0	synonym
117	186295_1	implication
117	186295_2	synonym
117	145340_13	synonym
117	162515_0	synonym
117	186295_3	implication
117	186295_4	abbreviation
117	145340_14	synonym
117	145340_15	implication
117	162515_1	synonym
117	162515_2	synonym
117	171659_0	synonym
117	171659_1	synonym
117	162515_7	synonym
117	162515_8	synonym
117	186295_9	synonym
117	186295_10	synonym
117	162515_9	synonym
117	162515_10	synonym
117	171659_8	synonym
117	171659_9	synonym
117	171659_12	synonym
117	162515_14	synonym
117	171659_13	synonym
117	145308_0	synonym
117	145308_1	synonym
117	145308_2	implication
117	145308_6	implication
117	145308_7	synonym
117	193756_1	synonym
117	193756_2	hyponym
117	193756_3	implication
117	145308_10	synonym
117	193756_8	implication
117	193756_9	synonym
117	193756_10	synonym
118	191842_4	synonym
118	199962_0	synonym
118	199962_1	synonym
118	199962_2	synonym
118	199962_6	synonym
118	199962_14	synonym
119	147345_6	implication
119	147345_7	synonym
119	147345_9	implication
119	147345_13	implication
119	194275_2	implication
119	194275_3	implication
119	194275_4	synonym
119	195624_0	implication
119	195624_5	synonym
119	195624_6	implication
119	195624_10	implication
119	195624_11	synonym
119	127411_4	synonym
119	127915_3	implication
119	127915_4	implication
120	124764_7	synonym
120	122893_0	implication
120	122893_1	implication
120	122893_3	synonym
120	122893_9	implication
120	184788_13	implication
120	184788_14	implication
120	184788_15	implication
120	122893_20	hyponym
120	119502_4	synonym
120	119502_5	hyponym
120	128590_6	synonym
120	165603_3	synonym
120	147974_0	synonym
120	147974_3	synonym
120	188625_16	implication
120	178322_6	synonym
120	124764_1	synonym
120	165603_36	synonym
121	193756_19	synonym
121	111138_0	synonym
121	111138_1	synonym
121	111138_2	synonym
121	111138_4	implication
121	111138_5	implication
121	111138_8	synonym
121	111138_9	synonym
121	111138_10	synonym
121	120701_1	implication
121	120701_4	synonym
121	120701_5	synonym
121	120701_6	synonym
121	120701_7	synonym
121	120701_8	synonym
121	193920_0	synonym
121	193920_1	implication
121	193920_2	synonym
121	120701_9	synonym
121	120701_10	implication
121	120701_11	implication
121	120701_12	synonym
121	193920_3	implication
121	193920_4	implication
121	193920_6	synonym
121	193920_7	implication
121	193920_8	implication
121	193920_9	implication
121	193920_10	synonym
121	120701_17	synonym
121	120538_0	synonym
121	120538_4	implication
121	120538_5	synonym
121	120538_6	implication
121	193756_0	synonym
121	193756_1	synonym
121	120538_7	implication
121	120538_8	synonym
121	193756_3	implication
121	193756_8	implication
121	193756_9	synonym
121	193756_10	synonym
122	197331_1	implication
122	197331_4	implication
122	197331_9	synonym
122	197331_12	implication
122	199085_3	synonym
122	199085_21	implication
122	157839_0	synonym
122	157839_6	implication
123	127002_14	synonym
123	140222_20	implication
123	140222_21	synonym
123	123535_4	implication
123	127002_19	implication
123	127002_20	synonym
123	167773_7	implication
123	116955_6	implication
123	123535_12	synonym
123	123535_13	synonym
123	116955_14	implication
123	127864_0	implication
123	123535_15	implication
123	127864_3	synonym
123	123535_16	implication
123	127864_6	implication
123	123535_18	implication
123	123535_19	implication
123	110549_3	implication
123	124621_3	synonym
123	124621_4	synonym
123	110549_8	synonym
123	110549_9	implication
123	126341_29	synonym
123	110549_10	synonym
123	126341_30	implication
123	110549_12	implication
123	110549_14	synonym
123	110549_15	synonym
123	110549_16	implication
123	185233_1	synonym
123	146958_14	synonym
123	185233_2	implication
123	189261_1	synonym
123	189261_3	implication
123	124621_18	implication
123	170614_7	synonym
123	189261_4	synonym
123	189261_5	synonym
123	107052_1	implication
123	189261_8	synonym
123	189261_9	implication
123	189261_10	implication
123	185233_16	synonym
123	107052_9	implication
123	185233_17	synonym
123	185233_18	synonym
123	185233_19	implication
123	107052_14	implication
123	145340_6	synonym
123	176039_1	implication
123	176039_2	implication
123	193091_1	implication
123	193091_2	implication
123	145340_10	implication
123	176039_6	synonym
123	176039_7	synonym
123	145340_12	implication
123	145340_13	synonym
123	176039_9	synonym
123	176039_10	synonym
123	145340_14	synonym
123	145340_15	implication
123	130539_3	implication
123	193091_7	synonym
123	193091_8	synonym
123	193091_9	synonym
123	193091_10	synonym
123	193091_11	synonym
123	193091_12	synonym
123	193091_13	synonym
123	101737_2	implication
123	130539_16	implication
123	101737_5	implication
123	101737_6	synonym
123	130539_18	implication
123	101737_7	synonym
123	101737_8	implication
123	101737_11	synonym
123	120587_2	synonym
123	101737_14	implication
123	160732_2	synonym
123	160732_3	synonym
123	160732_6	synonym
123	120587_10	synonym
123	137106_3	synonym
123	137106_7	synonym
123	137106_10	implication
123	137106_11	implication
123	137106_12	implication
123	127002_9	synonym
123	140222_9	implication
123	140222_10	implication
123	140222_14	synonym
123	125325_1	synonym
123	125325_2	synonym
123	125325_6	synonym
123	125325_7	synonym
123	114425_7	hyponym
124	125325_9	implication
124	125325_12	implication
124	170309_0	implication
124	125325_13	synonym
124	170309_3	implication
124	125594_37	synonym
124	143223_8	synonym
124	143223_9	implication
124	170309_5	implication
124	143223_10	implication
124	125325_15	implication
124	170309_11	implication
124	170309_12	implication
124	170309_17	hyponym
124	125594_44	hyponym
124	170309_18	implication
124	158950_0	implication
124	125594_46	synonym
124	181394_6	implication
124	199482_2	implication
124	181394_9	synonym
124	181394_10	synonym
124	181394_11	synonym
124	199482_5	implication
124	181394_13	implication
124	181394_14	synonym
124	181394_15	synonym
124	181394_16	implication
124	199482_11	hyponym
124	199482_12	implication
124	181394_24	synonym
124	199482_13	synonym
124	199482_14	hyponym
124	181394_27	synonym
124	199482_15	hyponym
124	199482_16	implication
124	199482_17	implication
124	120257_0	implication
124	120257_1	implication
124	181394_33	implication
124	139341_0	implication
124	199482_18	hyponym
124	139341_1	implication
124	120257_8	implication
124	199482_23	implication
124	120257_12	implication
124	120257_16	abbreviation
124	120257_18	hyponym
124	199482_28	abbreviation
124	120257_21	hyponym
124	120257_22	synonym
124	141292_1	implication
124	180308_0	synonym
124	141292_3	implication
124	120257_28	abbreviation
124	180308_2	synonym
124	180308_3	implication
124	120257_30	synonym
124	141292_4	implication
124	199482_35	hyponym
124	139341_13	synonym
124	180308_10	implication
124	139341_14	implication
124	139341_15	implication
124	129611_2	hyponym
124	129611_3	implication
124	129611_4	implication
124	129611_5	implication
124	129611_8	synonym
124	109514_0	implication
124	109514_1	implication
124	109514_2	synonym
124	109514_3	implication
124	155093_1	implication
124	125594_3	synonym
124	109514_6	implication
124	109514_7	synonym
124	155093_4	implication
124	109514_8	synonym
124	109514_9	synonym
124	155093_6	implication
124	109514_11	implication
124	155093_7	synonym
124	109514_13	synonym
124	129611_17	synonym
124	109514_18	hyponym
124	129611_18	implication
124	125594_10	implication
124	129611_22	implication
124	125594_14	hyponym
124	125594_15	hyponym
124	125594_16	synonym
124	125594_17	hyponym
124	125594_21	synonym
124	129611_29	hyponym
124	125594_22	hyponym
124	125325_0	implication
124	125325_2	implication
124	125325_4	implication
124	125325_6	implication
124	125325_7	implication
125	125325_9	implication
125	135610_11	implication
125	184214_11	implication
125	184214_12	implication
125	184214_14	implication
125	179104_23	synonym
125	184214_15	synonym
125	179104_25	hyponym
125	152649_5	synonym
125	184214_19	hyponym
125	152649_7	synonym
125	152649_8	implication
125	152649_10	synonym
125	143223_20	hyponym
125	122883_0	implication
125	152649_23	synonym
125	172267_1	synonym
125	122883_9	synonym
125	172267_3	implication
125	122883_10	synonym
125	131251_0	synonym
125	131251_2	synonym
125	131251_4	synonym
125	131251_5	synonym
125	131251_6	synonym
125	172267_7	hyponym
125	172267_8	synonym
125	172267_9	implication
125	172267_10	synonym
125	149256_2	hyponym
125	149256_8	hyponym
125	149256_9	hyponym
125	149256_12	hyponym
125	149256_15	hyponym
125	149256_18	synonym
125	114939_0	implication
125	114939_4	synonym
125	114939_5	implication
125	148215_0	synonym
125	114939_14	hyponym
125	148215_5	synonym
125	148215_13	synonym
125	148215_15	synonym
125	101099_5	synonym
125	101099_6	synonym
125	101099_7	synonym
125	101099_8	synonym
125	134823_9	synonym
125	134823_10	implication
125	134823_15	synonym
125	104082_10	synonym
126	114444_2	implication
126	114444_10	implication
126	114444_11	synonym
126	114444_12	implication
126	114444_13	implication
126	114444_14	implication
126	155655_0	synonym
126	155655_1	implication
126	155655_2	implication
126	155655_6	implication
126	155655_7	synonym
126	155655_8	synonym
126	155655_9	synonym
126	194111_2	implication
126	194111_9	synonym
126	194111_11	implication
127	190272_8	synonym
127	190272_9	synonym
127	135610_11	implication
127	134389_6	synonym
127	135610_15	synonym
127	152649_0	implication
127	152649_1	synonym
127	134389_10	synonym
127	152649_2	hyponym
127	152649_3	implication
127	150588_8	synonym
127	152649_4	implication
127	152649_5	synonym
127	134389_14	synonym
127	152649_6	implication
127	152649_7	implication
127	110084_4	implication
127	152649_8	implication
127	152649_9	implication
127	134389_18	synonym
127	152649_10	implication
127	158950_0	implication
127	110084_6	synonym
127	110084_8	implication
127	150588_15	hyponym
127	150588_17	implication
127	158950_2	synonym
127	168279_0	synonym
127	168279_1	implication
127	112248_0	implication
127	112248_1	hyponym
127	158950_5	synonym
127	146452_0	synonym
127	112248_2	hyponym
127	112248_3	synonym
127	146452_1	hyponym
127	112248_4	hyponym
127	112248_5	hyponym
127	112248_7	hyponym
127	168279_4	implication
127	168279_6	implication
127	112248_8	hyponym
127	168279_8	implication
127	112248_12	hyponym
127	112248_13	hyponym
127	112248_14	implication
127	112248_15	implication
127	168279_11	synonym
127	168279_12	implication
127	168279_14	implication
127	124749_5	synonym
127	146452_10	implication
127	146452_11	synonym
127	146452_12	synonym
127	138190_11	implication
127	138190_12	hyponym
127	146452_15	hyponym
127	138190_16	synonym
127	188400_0	synonym
127	146452_16	hyponym
127	168279_24	synonym
127	188400_1	synonym
127	124749_27	synonym
127	188400_4	synonym
127	168279_28	implication
127	124749_30	hyponym
127	146452_24	hyponym
127	146452_25	synonym
127	188400_10	implication
127	188400_11	synonym
127	188400_12	synonym
127	188400_13	synonym
127	188400_14	synonym
127	188400_15	synonym
127	168279_36	implication
127	188400_16	implication
127	139341_4	implication
127	168279_38	synonym
127	168279_39	synonym
127	188400_23	synonym
127	119283_0	synonym
127	147974_0	implication
127	168279_46	implication
127	105954_7	synonym
127	147974_1	implication
127	147974_2	implication
127	168279_48	implication
127	139341_9	implication
127	147974_4	implication
127	139341_11	implication
127	118995_9	implication
127	160100_0	implication
127	147974_7	implication
127	139341_12	synonym
127	118995_12	hyponym
127	147974_9	implication
127	160100_5	implication
127	130539_4	implication
127	160100_7	implication
127	160100_10	implication
127	147974_12	implication
127	160100_11	synonym
127	105861_13	synonym
127	160100_13	implication
127	135705_12	synonym
127	174262_6	synonym
127	114210_4	synonym
127	162749_7	synonym
127	135705_13	synonym
127	173189_1	synonym
127	135705_18	hyponym
127	114183_19	implication
127	148924_0	synonym
127	148924_1	synonym
127	131768_3	implication
127	173189_5	synonym
127	173189_6	synonym
127	148924_2	implication
127	160100_23	implication
127	160100_24	implication
127	135705_19	synonym
127	182247_1	hyponym
127	139341_24	synonym
127	148924_4	synonym
127	148924_5	synonym
127	114183_23	implication
127	114183_24	implication
127	160100_26	implication
127	182247_4	synonym
127	182247_5	synonym
127	131768_7	implication
127	131768_8	synonym
127	148924_6	implication
127	114183_25	implication
127	114183_26	synonym
127	182247_7	abbreviation
127	148924_9	synonym
127	114183_27	synonym
127	131768_10	synonym
127	131768_11	synonym
127	182247_8	hyponym
127	114183_32	hyponym
127	131768_15	implication
127	182247_13	synonym
127	131768_17	synonym
127	114183_33	hyponym
127	131768_18	implication
127	129279_0	implication
127	131768_20	synonym
127	129279_1	synonym
127	107357_5	implication
127	131768_25	synonym
127	121173_8	synonym
127	129279_3	synonym
127	107357_9	hyponym
127	121173_9	implication
127	121173_10	hyponym
127	129279_6	synonym
127	101449_5	synonym
127	101449_11	implication
127	138376_0	hyponym
127	189534_4	implication
127	189534_6	synonym
127	189534_7	implication
127	138376_2	synonym
127	138376_3	synonym
127	155093_13	synonym
127	138376_4	synonym
127	189534_8	synonym
127	154649_0	implication
127	154649_2	synonym
127	154649_4	implication
127	154649_5	implication
127	154649_10	synonym
127	154649_12	synonym
127	190272_0	synonym
127	190272_1	implication
128	194084_0	synonym
128	110704_0	synonym
128	110704_2	string
128	110704_3	implication
128	194084_6	implication
128	194084_8	implication
128	110704_6	synonym
128	149203_0	synonym
128	194084_9	synonym
128	110704_7	synonym
128	198331_0	string
128	149203_3	synonym
128	149203_4	implication
128	149203_5	implication
128	149203_7	synonym
128	149203_10	synonym
128	149203_12	implication
128	148912_2	string
128	148912_3	implication
128	149203_14	synonym
128	148912_6	string
128	149203_16	synonym
128	148912_8	string
128	148912_9	implication
128	148912_10	implication
128	169173_0	synonym
128	130253_2	synonym
128	130253_4	implication
128	147502_0	string
128	130253_5	implication
128	169173_4	synonym
128	129486_0	synonym
128	147502_4	synonym
128	129486_2	synonym
128	129486_3	implication
128	129486_5	string
128	147502_6	implication
128	101833_3	string
128	129486_7	synonym
128	130253_17	synonym
128	130253_18	string
128	147502_9	string
128	130253_19	implication
128	101833_6	implication
128	147502_11	implication
128	130253_24	synonym
128	147502_13	string
128	130253_25	synonym
128	101833_10	string
128	147502_16	implication
128	101833_12	string
128	101833_15	string
128	101833_17	synonym
128	101833_19	implication
128	101833_20	implication
128	101833_21	implication
128	101833_22	implication
128	101833_25	string
128	187753_2	synonym
128	187753_5	synonym
128	187753_6	synonym
128	187753_7	implication
128	187753_8	implication
128	185494_2	string
128	185494_11	string
128	185494_12	implication
128	185494_13	implication
128	185494_16	string
128	193756_6	implication
128	193756_12	synonym
128	193756_13	synonym
128	134208_1	synonym
128	134208_11	implication
128	134208_13	synonym
129	146104_14	synonym
129	127159_2	synonym
129	127159_3	synonym
129	151342_2	synonym
129	111101_0	synonym
129	151342_8	implication
129	171753_3	synonym
129	193267_5	synonym
129	193267_8	synonym
129	193267_10	synonym
129	193267_11	synonym
129	174243_9	synonym
129	125007_4	synonym
129	125007_11	synonym
129	125007_12	synonym
129	174243_17	synonym
129	146104_4	synonym
129	146104_5	synonym
129	146104_7	synonym
129	196898_0	synonym
129	196898_1	synonym
129	196898_2	synonym
129	196898_3	synonym
129	196898_4	synonym
129	196898_5	synonym
129	196898_6	synonym
130	146104_14	synonym
130	127159_2	synonym
130	127159_3	synonym
130	151342_2	synonym
130	151342_3	synonym
130	151342_4	synonym
130	108558_0	synonym
130	163565_0	synonym
130	108558_2	synonym
130	108558_3	synonym
130	163565_1	implication
130	163565_2	synonym
130	163565_4	abbreviation
130	108558_5	synonym
130	129645_0	synonym
130	163565_5	synonym
130	163565_8	synonym
130	163565_9	abbreviation
130	163565_10	synonym
130	163565_11	synonym
130	108558_8	synonym
130	163565_15	synonym
130	163565_16	synonym
130	163565_17	synonym
130	164644_3	implication
130	164644_4	synonym
130	163565_21	synonym
130	171817_0	implication
130	171817_1	implication
130	171817_2	implication
130	171817_3	implication
130	171817_4	synonym
130	171817_5	implication
130	193267_1	implication
130	171817_7	implication
130	171817_8	implication
130	193267_3	synonym
130	171817_10	implication
130	193267_4	implication
130	193267_5	synonym
130	193267_6	synonym
130	193267_7	abbreviation
130	193267_8	abbreviation
130	193267_10	hyponym
130	193267_11	synonym
130	154202_2	synonym
130	154202_4	synonym
130	146104_8	synonym
130	146104_9	synonym
130	133325_0	implication
130	133325_1	hyponym
130	133325_2	synonym
130	133325_3	implication
130	133325_4	implication
130	133325_6	synonym
130	133325_7	synonym
130	133325_8	synonym
130	133325_9	synonym
130	128140_1	implication
130	128140_7	synonym
130	128140_8	synonym
130	128140_13	synonym
131	146104_14	synonym
131	127159_2	synonym
131	111101_0	synonym
131	111101_3	synonym
131	181394_5	synonym
131	181394_6	synonym
131	181394_12	synonym
131	108558_0	synonym
131	163565_0	synonym
131	108558_2	synonym
131	108558_3	synonym
131	181394_15	synonym
131	163565_1	implication
131	163565_2	synonym
131	163565_4	abbreviation
131	108558_4	hyponym
131	129645_0	synonym
131	163565_5	implication
131	163565_8	synonym
131	163565_9	abbreviation
131	163565_11	synonym
131	108558_8	synonym
131	108558_9	synonym
131	118257_9	synonym
131	163565_16	synonym
131	163565_17	synonym
131	164644_3	synonym
131	118257_14	hyponym
131	164644_4	synonym
131	163565_21	synonym
131	164644_6	synonym
131	164644_8	synonym
131	181394_33	synonym
131	181394_36	synonym
131	193267_0	implication
131	193267_1	implication
131	102295_2	synonym
131	193267_3	synonym
131	193267_6	synonym
131	193267_7	abbreviation
131	189408_0	synonym
131	102295_9	synonym
131	102295_10	synonym
131	193267_10	hyponym
131	193267_11	synonym
131	189408_1	implication
131	189408_2	synonym
131	189408_3	synonym
131	174243_8	synonym
131	189408_10	synonym
131	189408_11	synonym
131	189408_12	synonym
131	189408_13	synonym
131	174243_13	synonym
131	189408_15	synonym
131	101480_1	synonym
131	174243_17	synonym
131	101480_3	synonym
131	174243_18	synonym
131	174243_19	synonym
131	174243_20	synonym
131	101480_8	synonym
131	101480_9	synonym
131	101480_12	synonym
131	101480_13	synonym
131	101480_16	synonym
131	100139_0	abbreviation
131	155638_0	synonym
131	155638_5	synonym
131	155638_7	synonym
131	155638_8	synonym
131	128251_3	synonym
131	146104_6	synonym
131	146104_7	synonym
131	146104_8	synonym
131	146104_9	synonym
131	116117_0	implication
131	116117_3	synonym
131	116117_8	synonym
131	116117_11	synonym
131	116117_17	synonym
131	128140_2	synonym
131	128140_8	synonym
131	128140_14	synonym
132	126623_0	synonym
132	167773_0	synonym
132	167773_1	abbreviation
132	126623_2	synonym
132	167773_2	synonym
132	126623_3	synonym
132	126623_4	synonym
132	126623_5	synonym
132	167773_9	synonym
132	126623_10	synonym
132	182073_0	synonym
132	126623_11	synonym
132	182073_1	synonym
132	182073_2	synonym
132	126013_0	synonym
132	126623_17	synonym
132	126013_2	synonym
132	126013_6	synonym
132	126013_8	synonym
132	126013_9	synonym
132	126013_11	synonym
132	126013_12	synonym
132	126013_14	synonym
132	122920_7	synonym
132	122920_8	synonym
132	122920_10	synonym
132	122920_11	synonym
132	122920_16	synonym
132	122920_17	synonym
132	122920_18	synonym
132	174571_0	synonym
132	174571_2	synonym
133	171393_30	synonym
133	171393_31	implication
133	171393_32	hyponym
133	171393_33	implication
133	171393_40	implication
133	143877_5	hyponym
133	171393_19	implication
134	167804_10	implication
134	167804_11	synonym
134	167804_12	synonym
134	167804_15	synonym
134	167804_0	synonym
134	167804_1	synonym
134	167804_2	implication
135	165297_1	string
135	134027_13	string
135	134027_14	synonym
135	134027_15	synonym
135	165297_16	implication
135	165297_17	implication
135	165297_19	implication
135	165297_20	implication
135	165297_21	string
135	122883_2	string
135	190242_2	string
135	124897_1	string
135	124897_5	implication
135	141292_1	string
135	126242_1	string
135	141292_6	implication
135	126242_28	implication
135	126242_29	string
135	141036_8	implication
135	141036_9	synonym
135	151265_1	string
135	151265_10	implication
135	151265_11	implication
135	151265_12	synonym
135	151265_13	implication
135	134027_2	string
135	134027_3	string
136	183225_0	implication
136	183225_4	synonym
136	183225_5	implication
136	183225_9	synonym
136	106658_0	implication
136	106658_1	synonym
136	106658_4	synonym
136	118178_0	implication
136	118178_1	implication
136	118178_5	synonym
137	134857_26	implication
137	134857_27	synonym
137	134857_28	synonym
137	134857_29	implication
137	117293_5	synonym
137	134857_31	implication
137	134857_32	synonym
137	134857_33	synonym
137	134857_34	synonym
137	134857_35	synonym
137	134857_36	implication
137	117293_11	implication
137	117293_12	synonym
137	151543_4	synonym
137	151543_5	synonym
137	151543_6	synonym
137	117293_19	implication
137	134857_44	synonym
137	151543_7	synonym
137	134857_45	synonym
137	151543_9	synonym
137	134857_47	implication
137	117293_24	synonym
137	144766_3	synonym
137	151223_0	synonym
137	151223_1	synonym
137	151543_27	synonym
137	151223_6	implication
137	117293_37	synonym
137	151223_8	synonym
137	144766_11	synonym
137	151223_11	implication
137	144766_12	synonym
137	151223_12	synonym
137	144766_13	implication
137	144766_14	synonym
137	151223_14	synonym
137	144766_15	implication
137	151223_19	implication
137	144766_23	synonym
137	134857_0	synonym
137	134857_1	implication
137	134857_5	synonym
138	138709_15	implication
138	157685_3	string
138	163870_1	string
138	157685_19	implication
138	107683_0	implication
138	144807_5	string
138	107683_14	implication
138	107683_16	implication
138	167036_0	string
138	167036_1	string
138	167036_4	string
138	167036_5	string
138	167036_16	string
138	132884_0	string
138	132884_3	string
138	132884_6	string
138	132884_8	implication
138	132884_11	implication
138	119634_1	string
138	119634_5	synonym
138	119634_11	synonym
138	129998_6	string
138	129998_7	string
138	129998_11	synonym
138	138709_1	string
138	113644_14	synonym
139	135610_7	synonym
139	147421_0	implication
139	147421_1	implication
139	133568_3	implication
139	147421_5	synonym
139	147421_6	synonym
139	147421_7	synonym
139	147421_8	implication
139	133568_4	implication
139	125594_44	synonym
139	125594_45	synonym
139	133568_15	synonym
139	170892_6	implication
139	170892_7	implication
139	163321_12	implication
139	170892_16	implication
139	170892_27	implication
139	164384_4	implication
139	164384_5	implication
139	176083_6	synonym
139	133339_5	implication
139	176083_8	implication
139	164384_10	synonym
139	176083_9	synonym
139	176083_14	synonym
139	162515_0	implication
139	171659_0	synonym
139	162515_3	implication
139	171659_1	synonym
139	162515_5	implication
139	162515_6	implication
139	162515_7	implication
139	171659_5	implication
139	171659_6	synonym
139	176083_22	synonym
139	162515_10	synonym
139	171659_7	synonym
139	171659_8	synonym
139	162515_11	implication
139	162515_12	synonym
139	171659_9	synonym
139	171659_10	implication
139	171659_12	implication
139	162515_14	synonym
139	171659_13	synonym
139	171659_14	implication
139	171659_15	implication
139	193944_4	synonym
139	193944_6	implication
139	129611_5	implication
139	178126_1	implication
139	193944_11	implication
139	193944_13	implication
139	129611_10	implication
139	178126_6	implication
139	178126_9	implication
139	179996_3	synonym
139	129611_11	implication
139	178126_10	implication
139	179996_4	implication
139	129611_12	implication
139	125594_6	implication
139	179996_12	synonym
139	155093_12	synonym
139	178126_26	implication
139	125594_13	synonym
139	125594_16	implication
139	125594_21	hyponym
139	135610_2	implication
139	125325_4	implication
139	125325_5	implication
140	180546_6	synonym
140	180546_11	synonym
140	180101_0	synonym
140	180101_1	synonym
140	180101_6	synonym
140	138678_36	synonym
140	180101_7	synonym
140	138678_37	synonym
140	149203_10	synonym
140	149203_11	synonym
140	180546_20	synonym
140	180546_22	synonym
140	174786_7	synonym
140	199482_5	implication
140	120889_13	synonym
140	130253_4	hyponym
140	194155_11	implication
140	130253_5	synonym
140	146958_8	synonym
140	117293_29	synonym
140	120889_17	hyponym
140	195244_0	implication
140	195244_1	synonym
140	120889_18	synonym
140	174786_17	hyponym
140	199085_2	implication
140	174786_18	synonym
140	108103_1	synonym
140	108103_2	synonym
140	199482_15	implication
140	108103_4	synonym
140	199085_8	implication
140	130253_22	synonym
140	108103_5	synonym
140	108103_6	synonym
140	199085_14	synonym
140	178961_17	synonym
140	199482_23	implication
140	180800_23	synonym
140	150164_6	hyponym
140	180800_24	synonym
140	150164_7	synonym
140	199085_24	synonym
140	136356_0	implication
140	176083_8	synonym
140	147974_3	synonym
140	147974_5	synonym
140	199482_33	implication
140	136356_9	implication
140	136356_10	implication
140	128795_4	hyponym
140	128795_5	synonym
140	146947_2	synonym
140	161418_13	synonym
140	185823_9	synonym
140	145874_0	synonym
140	145874_1	implication
140	146947_4	synonym
140	146947_6	synonym
140	185823_12	synonym
140	145874_3	synonym
140	176083_21	synonym
140	181929_2	synonym
140	181929_3	synonym
140	147974_13	synonym
140	128795_15	hyponym
140	181929_5	implication
140	147974_14	synonym
140	174072_1	synonym
140	128795_20	hyponym
140	174072_5	implication
140	174072_9	synonym
140	147974_19	hyponym
140	145874_17	implication
140	174072_22	synonym
140	174072_23	implication
140	174072_24	synonym
140	115692_15	synonym
140	174752_9	synonym
140	174752_10	synonym
140	106327_5	synonym
140	106327_7	synonym
140	121917_0	synonym
140	174752_16	synonym
140	121917_1	synonym
140	121917_3	synonym
140	121917_4	synonym
140	121917_7	synonym
140	121917_8	synonym
140	174752_29	implication
140	174752_30	implication
140	121917_13	hyponym
140	138678_8	synonym
140	121917_17	synonym
140	192498_19	synonym
140	121917_18	implication
140	192498_20	synonym
140	138678_11	synonym
140	138678_12	synonym
140	138678_13	implication
140	192498_26	synonym
140	192498_27	hyponym
140	138678_26	synonym
141	171357_3	implication
141	126341_6	implication
141	126341_7	implication
141	168411_6	implication
141	171357_10	implication
141	126341_12	implication
141	126341_13	implication
141	168411_13	hyponym
141	168411_14	hyponym
141	168411_15	synonym
141	168411_17	implication
141	168411_18	synonym
141	168411_19	synonym
141	168411_21	implication
141	112869_5	synonym
141	100037_1	implication
141	100037_2	implication
141	100037_5	implication
141	100037_6	synonym
141	171305_0	hyponym
141	100037_7	implication
141	100037_8	synonym
141	100037_9	synonym
141	171305_3	synonym
141	100037_11	implication
141	171305_4	synonym
141	171305_5	synonym
141	171305_6	implication
141	171305_7	implication
141	171305_9	implication
141	171305_10	implication
141	170614_4	synonym
141	100037_21	implication
141	100037_22	hyponym
141	119282_2	implication
141	119282_5	synonym
141	100037_23	synonym
141	171305_16	implication
141	199399_0	implication
141	186436_0	synonym
141	186436_1	synonym
141	186436_2	implication
141	171305_18	implication
141	171305_19	hyponym
141	186436_4	synonym
141	186436_5	implication
141	199399_4	synonym
141	199399_5	synonym
141	171305_20	synonym
141	186436_6	implication
141	186436_7	synonym
141	170614_17	implication
141	170614_18	implication
141	199399_8	implication
141	186436_9	synonym
141	199399_9	synonym
141	199399_10	synonym
141	186436_11	synonym
141	199399_11	synonym
141	186436_12	synonym
141	186436_13	synonym
141	171305_27	hyponym
141	186436_15	synonym
141	199399_15	hyponym
141	199399_16	synonym
141	186436_16	synonym
141	186436_17	implication
141	171305_30	implication
141	186436_19	synonym
141	186436_20	synonym
141	186436_23	synonym
141	123684_6	implication
141	186436_24	synonym
141	199399_26	hyponym
141	199399_27	hyponym
141	123655_5	implication
141	199399_28	implication
141	123655_6	synonym
141	123684_10	synonym
141	167036_7	implication
141	123655_11	implication
141	167036_18	synonym
141	142089_0	implication
141	142089_1	implication
141	142089_2	hyponym
141	142089_3	synonym
141	142089_4	implication
141	100921_0	implication
141	142089_6	implication
141	142089_7	implication
141	197419_0	hyponym
141	197419_1	hyponym
141	142089_8	synonym
141	197419_2	implication
141	197419_4	hyponym
141	197419_5	implication
141	197419_7	synonym
141	197419_9	synonym
141	142089_14	synonym
141	197419_12	implication
141	166295_7	implication
141	197419_18	synonym
141	197419_19	synonym
141	197419_22	implication
141	121917_9	synonym
141	125325_5	implication
141	125325_6	implication
142	179104_18	synonym
142	179104_21	implication
142	179104_23	synonym
142	179104_26	synonym
142	107354_1	string
142	107354_5	synonym
142	107354_21	implication
142	107354_24	synonym
142	198266_2	synonym
142	198266_16	synonym
142	198266_21	hyponym
142	179104_2	synonym
142	179104_5	implication
142	179104_6	synonym
142	179104_7	implication
143	191842_5	synonym
143	191842_6	synonym
143	127159_2	synonym
143	127159_4	synonym
143	127159_5	synonym
143	127159_6	synonym
143	103679_4	synonym
143	103679_8	synonym
143	126242_9	implication
143	126242_10	synonym
143	154202_0	synonym
143	126242_11	implication
143	126242_12	synonym
143	154202_2	synonym
143	126242_15	synonym
143	126242_16	synonym
143	126242_18	synonym
143	154202_12	synonym
143	126242_25	implication
143	126242_29	synonym
144	163153_0	synonym
144	163153_1	synonym
144	163153_2	synonym
144	163153_3	synonym
144	163153_11	synonym
144	163153_18	synonym
144	163153_19	synonym
144	163153_20	abbreviation
144	163153_23	synonym
144	196558_0	synonym
144	196558_1	implication
144	196558_2	synonym
144	196558_4	synonym
144	196558_9	implication
144	196558_11	synonym
144	196558_13	abbreviation
144	170614_1	implication
144	170614_8	synonym
144	170614_11	implication
144	170614_13	synonym
144	163165_0	synonym
144	163165_1	implication
144	170614_14	synonym
144	163165_2	implication
144	170614_15	synonym
144	170614_16	implication
144	170614_19	implication
144	170614_20	synonym
144	170614_21	synonym
144	163165_17	synonym
144	163165_19	implication
145	128993_0	synonym
145	128993_6	synonym
145	198098_0	synonym
145	198098_6	synonym
145	198098_7	hyponym
145	198098_8	synonym
145	198098_10	synonym
145	198098_12	implication
145	174243_0	synonym
145	102295_4	synonym
145	102295_5	synonym
145	102295_6	synonym
145	174243_4	synonym
145	179480_0	synonym
145	102295_10	hyponym
145	179480_1	synonym
145	102295_11	synonym
145	102295_12	synonym
145	179480_2	synonym
145	179480_4	implication
145	179480_5	implication
145	174243_10	synonym
145	174243_17	synonym
145	179480_14	synonym
145	179480_23	synonym
145	179480_28	synonym
145	179480_36	synonym
146	128993_0	synonym
146	128993_3	implication
146	128993_4	implication
146	128993_8	implication
147	128993_0	synonym
147	128993_6	synonym
147	128993_7	synonym
147	128993_11	synonym
147	125007_8	synonym
147	125007_11	synonym
147	171110_0	synonym
147	171110_8	synonym
147	171110_18	synonym
147	171110_20	synonym
148	128993_0	synonym
148	128993_1	synonym
148	128993_3	synonym
148	128993_4	implication
148	128993_7	synonym
148	128993_8	synonym
148	151342_4	synonym
148	151342_5	synonym
149	189956_11	hyponym
149	183590_1	synonym
149	183590_2	implication
149	173273_0	synonym
149	173273_2	synonym
149	173273_6	synonym
149	194855_2	synonym
149	194855_12	hyponym
149	189956_0	synonym
150	190272_10	implication
150	190272_11	synonym
150	190272_12	implication
150	190272_13	implication
150	190272_15	synonym
150	107290_0	implication
150	107290_8	hyponym
150	107290_9	hyponym
150	107290_12	hyponym
150	123994_0	synonym
150	123994_1	synonym
150	161968_1	implication
150	123994_2	implication
150	123994_3	implication
150	123994_4	abbreviation
150	161968_4	synonym
150	198152_1	implication
150	123994_5	implication
150	123994_6	synonym
150	198152_2	implication
150	123994_8	implication
150	123994_9	hyponym
150	198152_3	implication
150	161968_10	synonym
150	161968_11	synonym
150	161968_12	synonym
150	161968_13	implication
150	161968_14	implication
150	161968_19	implication
150	198152_16	implication
150	172195_0	implication
150	172195_1	implication
150	198152_17	synonym
150	172195_3	implication
150	198152_18	implication
150	198152_19	implication
150	114845_8	synonym
150	114845_9	implication
150	198152_21	implication
150	198152_23	implication
150	172195_18	hyponym
150	186141_0	implication
150	186141_1	implication
150	186141_2	implication
150	113492_0	implication
150	113492_1	implication
150	186141_5	implication
150	186141_6	implication
150	186141_7	implication
150	113492_7	hyponym
150	120538_1	implication
150	120538_2	implication
150	167413_0	implication
150	167413_1	implication
150	120538_4	implication
150	167413_3	implication
150	120538_6	synonym
150	104831_0	implication
150	120538_8	hyponym
150	104831_1	implication
150	104831_2	implication
150	104831_3	synonym
150	104831_4	implication
150	104831_5	synonym
150	104831_8	implication
150	167413_11	implication
150	167413_12	implication
150	167413_13	implication
150	167413_15	implication
150	155684_0	implication
150	171393_2	implication
150	155684_1	implication
150	155684_3	implication
150	171393_4	hyponym
150	190272_1	implication
150	167413_25	implication
150	155684_14	implication
150	155684_15	implication
150	155684_20	synonym
150	171393_21	implication
150	171393_22	implication
150	171393_23	hyponym
150	114425_0	implication
150	171393_24	implication
150	114425_1	implication
150	114425_3	implication
150	114425_8	hyponym
150	114425_9	hyponym
150	114425_13	hyponym
150	114425_14	hyponym
151	158711_8	synonym
151	158711_9	synonym
151	158711_18	synonym
151	158711_19	synonym
151	107354_0	synonym
151	107354_1	synonym
151	107354_7	implication
151	107354_8	implication
151	107354_14	implication
151	107354_15	implication
151	107354_16	synonym
151	107354_17	implication
151	107354_30	synonym
151	157296_3	implication
151	197122_0	synonym
151	157296_8	synonym
151	157296_9	synonym
151	157296_10	implication
151	197122_2	implication
151	157296_13	implication
151	197122_8	synonym
151	197122_9	synonym
151	197122_10	synonym
151	197122_11	synonym
151	197122_12	synonym
151	197122_13	synonym
151	197122_14	synonym
151	197122_15	synonym
151	197122_16	implication
151	197122_17	implication
151	197122_18	implication
151	197122_19	synonym
151	197122_20	synonym
151	197122_25	hyponym
151	158711_0	synonym
151	158711_1	synonym
151	158711_2	synonym
152	158711_8	synonym
152	124864_1	synonym
152	124864_8	abbreviation
152	124864_9	abbreviation
152	158711_13	synonym
152	134121_2	implication
152	194275_1	synonym
152	123743_2	synonym
152	194275_11	synonym
152	123743_13	synonym
152	171473_0	synonym
152	171473_1	synonym
152	171473_2	synonym
152	179117_1	synonym
152	171473_6	synonym
152	162642_0	synonym
152	162642_1	synonym
152	162642_2	synonym
152	162642_3	synonym
152	162642_4	synonym
152	162642_7	synonym
152	162642_8	implication
152	186363_13	synonym
152	186363_15	implication
152	162642_10	synonym
152	158711_0	abbreviation
152	158711_2	synonym
153	134389_0	hyponym
153	134389_1	abbreviation
153	134389_3	synonym
153	134389_4	implication
153	134389_5	string
153	197871_20	string
153	197871_21	synonym
153	134389_6	string
153	134389_7	string
153	197871_22	implication
153	134389_8	string
153	134389_10	abbreviation
153	134389_11	synonym
153	197871_24	string
153	134389_12	abbreviation
153	134389_14	implication
153	134389_17	implication
153	134389_18	string
153	186314_0	string
153	104777_1	string
153	186314_7	implication
153	186314_8	implication
153	186314_10	string
153	104777_13	string
153	104777_21	implication
153	104777_22	synonym
153	199929_2	string
153	199929_9	abbreviation
153	199929_12	synonym
153	199929_21	synonym
153	199929_22	string
153	199929_24	synonym
153	199929_25	string
153	167972_0	abbreviation
153	167972_2	implication
153	167972_4	abbreviation
153	167972_5	string
153	167972_10	abbreviation
153	197871_7	string
153	167972_19	abbreviation
154	167831_0	synonym
154	167831_1	synonym
154	150402_0	synonym
154	150402_1	synonym
154	167831_3	synonym
154	155984_0	synonym
154	150402_3	synonym
154	155984_3	abbreviation
154	150402_6	implication
154	155984_6	implication
154	167831_7	implication
154	167831_8	implication
154	164712_0	synonym
154	150402_7	synonym
154	150402_10	synonym
154	167831_11	synonym
154	164712_2	synonym
154	184541_0	synonym
154	164712_4	implication
154	184541_1	synonym
154	184541_3	implication
154	184541_4	synonym
154	164712_10	synonym
154	150402_14	synonym
154	155984_13	synonym
154	184541_5	synonym
154	184541_6	synonym
154	184541_7	synonym
154	144754_0	synonym
154	184541_8	implication
154	184541_9	implication
154	184541_10	synonym
154	184541_11	synonym
154	150402_19	hyponym
154	184541_13	synonym
154	184541_14	synonym
154	184541_15	synonym
154	167831_22	implication
154	184541_16	synonym
154	164712_23	synonym
154	178961_0	synonym
154	144754_8	implication
154	144754_9	synonym
154	184541_23	hyponym
154	199008_3	implication
154	144754_10	synonym
154	184541_24	implication
154	184541_25	implication
154	144754_12	synonym
154	178961_4	synonym
154	199008_6	synonym
154	144754_15	synonym
154	199008_8	implication
154	144754_18	implication
154	178961_6	implication
154	144754_19	implication
154	178961_7	synonym
154	144754_20	synonym
154	199008_13	synonym
154	199008_18	implication
154	156619_3	synonym
154	156619_4	implication
154	178961_14	synonym
154	152972_0	synonym
154	152972_1	implication
154	152972_3	synonym
154	152972_5	synonym
154	178961_17	implication
154	152972_6	synonym
154	152972_7	synonym
154	104268_0	synonym
154	199008_30	synonym
154	104268_1	implication
154	152972_8	synonym
154	144754_39	hyponym
154	104268_2	synonym
154	199008_32	synonym
154	156619_18	synonym
154	104268_3	synonym
154	104268_5	implication
154	178961_24	synonym
154	104268_6	synonym
154	104268_10	synonym
154	104268_11	synonym
154	104268_14	implication
154	104268_20	implication
154	104268_21	abbreviation
154	119246_0	synonym
154	119246_1	implication
154	119246_3	synonym
154	128119_0	synonym
154	119246_5	implication
154	115087_1	synonym
154	128119_1	implication
154	128119_2	implication
154	104268_26	implication
154	128119_3	hyponym
154	128119_6	implication
154	115087_7	synonym
154	115087_8	synonym
154	128119_9	implication
154	119246_15	synonym
154	119246_19	implication
154	155327_2	synonym
154	157640_0	synonym
154	157640_4	synonym
154	157640_7	implication
154	188772_0	synonym
154	155327_13	synonym
154	188772_1	synonym
154	188772_2	implication
154	188772_4	synonym
154	157640_13	abbreviation
154	188772_7	synonym
154	188772_9	implication
154	193575_2	synonym
154	193575_3	implication
154	193575_5	synonym
154	193575_6	synonym
154	193575_7	synonym
154	193575_9	implication
154	193575_10	implication
154	193575_11	implication
154	193575_14	synonym
154	193575_15	synonym
155	129685_0	synonym
155	198957_0	synonym
155	198957_1	synonym
155	171971_0	hyponym
155	198957_2	synonym
155	171971_2	synonym
155	171971_3	synonym
155	198957_4	synonym
155	198957_5	synonym
155	198957_6	synonym
155	198957_7	synonym
155	198957_8	hyponym
155	198957_9	synonym
155	171971_6	synonym
155	171971_9	synonym
155	171971_10	synonym
155	198957_14	hyponym
155	171971_13	hyponym
155	174964_0	synonym
155	171971_14	hyponym
155	147575_0	implication
155	174964_3	hyponym
155	147575_4	implication
155	147575_5	synonym
155	174964_8	synonym
155	147575_6	synonym
155	147575_7	synonym
155	174964_9	synonym
155	147575_8	hyponym
155	174964_12	synonym
155	174964_14	hyponym
155	147575_13	hyponym
155	147575_14	implication
155	174964_19	hyponym
155	151526_0	synonym
155	151526_1	synonym
155	100085_0	synonym
155	100085_1	synonym
155	174964_20	hyponym
155	151526_2	implication
155	100085_5	synonym
155	151526_9	synonym
155	100085_11	synonym
155	188625_0	synonym
155	188625_2	synonym
155	188625_3	synonym
155	188625_4	synonym
155	161610_3	implication
155	131087_0	synonym
155	188625_9	synonym
155	177225_0	hyponym
155	177225_1	synonym
155	177225_2	hyponym
155	177225_3	synonym
155	188625_10	synonym
155	188625_11	synonym
155	177225_6	hyponym
155	131087_10	synonym
155	112133_4	synonym
155	161610_9	synonym
155	177225_7	hyponym
155	131087_12	synonym
155	161610_10	implication
155	161610_11	synonym
155	112133_6	synonym
155	123655_0	hyponym
155	161610_12	implication
155	161610_13	synonym
155	123655_2	hyponym
155	161610_14	synonym
155	101480_1	synonym
155	161610_15	synonym
155	123655_3	synonym
155	188625_19	synonym
155	123655_4	synonym
155	161610_16	implication
155	101480_2	hyponym
155	188625_20	synonym
155	101480_4	implication
155	123655_7	synonym
155	123655_8	hyponym
155	101480_6	hyponym
155	101480_7	hyponym
155	161610_22	implication
155	101480_9	synonym
155	101480_10	synonym
155	101480_11	synonym
155	101480_12	synonym
155	161610_25	synonym
155	173189_0	synonym
155	101480_13	synonym
155	173189_3	synonym
155	173189_4	synonym
155	123655_18	hyponym
155	101480_15	synonym
155	113215_0	synonym
155	101480_17	implication
155	113215_1	synonym
155	113215_2	synonym
155	113215_6	synonym
155	101480_21	hyponym
155	113215_7	hyponym
155	101480_24	hyponym
155	101480_25	hyponym
155	101480_26	synonym
155	106091_0	synonym
155	195628_0	synonym
155	195628_1	synonym
155	195628_2	synonym
155	195628_3	synonym
155	106091_4	synonym
155	106091_6	synonym
155	106091_11	implication
155	106091_12	synonym
155	106091_13	synonym
155	106091_14	abbreviation
155	106091_15	implication
155	106091_20	hyponym
156	128993_1	synonym
156	128993_4	implication
156	128993_7	synonym
156	128993_8	implication
157	157743_6	synonym
157	150588_1	synonym
157	157743_7	synonym
157	157743_9	synonym
157	155984_1	implication
157	157640_27	synonym
157	150588_3	implication
157	140477_2	synonym
157	157640_28	synonym
157	150588_5	synonym
157	155984_6	synonym
157	150588_7	implication
157	163870_2	implication
157	155984_11	synonym
157	155984_13	synonym
157	155984_14	implication
157	150588_14	synonym
157	155984_15	implication
157	150588_15	synonym
157	150588_16	synonym
157	155984_17	implication
157	150588_17	synonym
157	112248_0	synonym
157	150588_20	implication
157	112248_8	implication
157	112248_9	synonym
157	178961_0	synonym
157	150588_24	synonym
157	178961_1	synonym
157	112248_12	synonym
157	197423_0	synonym
157	178961_2	synonym
157	142413_1	synonym
157	120889_11	synonym
157	112248_15	synonym
157	120889_12	synonym
157	142413_4	synonym
157	120889_13	implication
157	197423_6	synonym
157	197423_7	synonym
157	197423_8	synonym
157	120889_16	implication
157	197423_11	synonym
157	120889_17	synonym
157	129486_1	synonym
157	129486_2	implication
157	197423_15	synonym
157	120889_19	synonym
157	178787_0	synonym
157	163565_18	synonym
157	163565_19	implication
157	178961_12	synonym
157	163565_21	implication
157	178787_1	implication
157	178961_13	synonym
157	163565_22	implication
157	178787_5	synonym
157	178961_15	synonym
157	178787_6	synonym
157	178787_7	implication
157	178787_8	synonym
157	178787_10	synonym
157	178787_11	implication
157	178787_13	synonym
157	178787_14	synonym
157	178787_16	implication
157	178961_21	implication
157	133242_2	implication
157	178787_18	implication
157	178787_19	implication
157	178787_20	implication
157	147974_0	synonym
157	133242_9	implication
157	147974_2	implication
157	165603_6	implication
157	133242_10	synonym
157	133242_11	synonym
157	165603_7	implication
157	133242_12	synonym
157	147974_6	implication
157	166034_3	synonym
157	133242_16	synonym
157	147974_9	synonym
157	142335_2	synonym
157	172605_7	synonym
157	142335_3	synonym
157	172605_8	synonym
157	142335_9	synonym
157	142335_10	synonym
157	133242_25	synonym
157	142335_11	implication
157	147974_16	synonym
157	146195_9	synonym
157	146195_10	synonym
157	184846_3	synonym
157	184846_10	synonym
157	131093_6	synonym
157	166034_25	implication
157	118218_0	synonym
157	167413_3	implication
157	120538_6	synonym
157	118218_1	synonym
157	165603_33	synonym
157	118218_3	synonym
157	115865_1	synonym
157	179998_0	synonym
157	151614_6	synonym
157	151614_7	implication
157	179998_1	synonym
157	136086_2	synonym
157	167413_10	synonym
157	157640_1	synonym
157	179998_11	synonym
157	151614_13	synonym
157	157640_2	implication
157	151614_14	synonym
157	136086_11	synonym
157	167413_14	synonym
157	157640_4	synonym
157	118218_15	synonym
157	118218_16	implication
157	118218_17	implication
157	167413_18	synonym
157	112313_0	synonym
157	157640_8	synonym
157	112313_1	synonym
157	112313_2	synonym
157	167413_20	synonym
157	112313_4	synonym
157	157640_13	synonym
157	167413_21	synonym
157	112313_5	implication
157	118218_23	implication
157	157640_14	synonym
157	167413_22	synonym
157	118218_25	implication
157	112313_8	synonym
157	112313_9	synonym
157	167413_25	synonym
157	157640_18	synonym
157	157640_19	synonym
157	112313_10	synonym
157	167413_26	synonym
157	112313_11	synonym
157	167413_27	synonym
157	187466_3	synonym
157	112313_12	implication
157	112313_16	synonym
157	112313_18	synonym
157	187466_15	synonym
157	112313_21	synonym
157	112313_22	synonym
158	144659_14	synonym
158	144659_15	synonym
158	144659_3	implication
159	109173_3	string
159	109173_7	synonym
159	185233_0	string
159	185233_1	string
159	185233_6	string
159	185233_10	string
160	109173_3	hyponym
160	109173_4	hyponym
160	125594_37	hyponym
160	125594_41	implication
160	125594_42	implication
160	125594_44	implication
160	125594_49	implication
160	165519_1	implication
160	165519_12	hyponym
160	120257_0	hyponym
160	120257_1	hyponym
160	120257_3	synonym
160	120257_14	hyponym
160	103049_1	implication
160	103049_3	implication
160	103049_12	implication
160	125594_1	implication
160	125594_2	synonym
160	125316_2	implication
160	125594_9	implication
160	125594_10	implication
160	125316_5	hyponym
160	159894_0	hyponym
160	125594_20	implication
160	159894_7	hyponym
160	125594_23	synonym
160	125594_24	implication
160	125594_26	implication
160	125594_27	synonym
160	125594_28	implication
161	172205_11	implication
161	127746_0	synonym
161	127746_1	synonym
161	127746_4	implication
161	127746_5	implication
161	127746_6	synonym
161	127746_9	synonym
162	102433_5	synonym
162	120849_0	implication
162	131938_0	implication
162	102433_16	implication
162	120849_15	implication
162	143479_0	synonym
162	143479_5	synonym
162	143479_6	synonym
162	143479_11	synonym
162	143479_12	synonym
162	143479_14	implication
162	143479_17	synonym
162	143479_18	synonym
162	176107_0	hyponym
163	128993_2	synonym
163	128993_4	implication
163	128993_6	synonym
163	128993_10	synonym
164	153552_0	synonym
164	153552_1	implication
164	153552_2	synonym
164	153552_5	synonym
164	153552_6	implication
164	153552_10	hyponym
164	151342_2	implication
164	151342_4	implication
164	151342_5	implication
164	151342_7	implication
164	118257_0	implication
164	118257_1	synonym
164	118257_2	implication
164	163565_1	implication
164	163565_2	implication
164	180800_0	implication
164	180800_1	synonym
164	163565_4	implication
164	118257_3	implication
164	180800_2	synonym
164	163565_5	implication
164	180800_3	synonym
164	118257_5	implication
164	118257_6	implication
164	180800_4	implication
164	163565_11	implication
164	180800_5	synonym
164	163565_13	synonym
164	118257_10	implication
164	180800_7	implication
164	171753_0	implication
164	171753_3	synonym
164	163565_16	implication
164	163565_17	synonym
164	118257_14	implication
164	180800_10	synonym
164	171753_6	synonym
164	118257_15	implication
164	180800_11	implication
164	171753_8	implication
164	171753_12	synonym
164	180800_13	implication
164	180800_15	synonym
164	180800_16	synonym
164	180800_17	implication
164	180800_18	implication
164	180800_19	synonym
164	180800_21	implication
164	180800_22	implication
164	180800_26	synonym
165	177351_3	implication
165	126341_9	implication
165	126341_24	synonym
165	126341_30	implication
165	126341_33	synonym
165	126341_34	synonym
165	126341_35	implication
165	192589_0	hyponym
165	192589_1	implication
165	192589_2	implication
165	164089_1	hyponym
165	104268_0	hyponym
165	141538_1	implication
165	141538_3	implication
165	164089_6	implication
165	164089_7	synonym
165	164089_8	implication
165	180800_23	hyponym
165	164089_16	implication
165	104268_15	hyponym
165	125632_6	implication
165	148450_5	implication
165	125632_8	synonym
165	104268_18	synonym
165	148450_8	synonym
165	125632_11	synonym
165	148450_13	hyponym
165	125632_15	implication
165	104268_24	hyponym
165	148450_17	hyponym
165	104268_25	hyponym
165	128119_1	implication
165	148450_20	hyponym
165	125632_23	implication
165	125632_24	synonym
165	125632_25	implication
165	125632_26	implication
165	125632_32	hyponym
165	125632_33	synonym
165	162528_0	synonym
165	162528_1	implication
165	162528_4	synonym
166	133855_21	hyponym
166	120762_0	hyponym
166	120762_1	hyponym
166	120762_2	implication
166	120762_3	hyponym
166	120762_4	hyponym
166	120762_5	abbreviation
166	120762_6	hyponym
166	184833_1	hyponym
166	169273_0	hyponym
166	169273_3	synonym
166	169273_4	synonym
166	169273_5	implication
166	169273_9	hyponym
166	133425_1	hyponym
166	133425_2	implication
166	135829_0	hyponym
166	135829_3	hyponym
166	161430_0	hyponym
166	161430_2	synonym
166	135829_10	implication
166	133425_10	hyponym
166	135829_12	hyponym
166	161430_6	synonym
166	130784_0	hyponym
166	130784_1	hyponym
166	130784_2	synonym
166	130784_3	hyponym
166	161430_11	hyponym
166	161430_12	synonym
166	130784_6	hyponym
166	129412_0	hyponym
166	130784_7	synonym
166	129412_2	hyponym
166	129412_9	synonym
166	120587_0	hyponym
166	120587_1	hyponym
166	120587_5	synonym
166	129412_20	hyponym
166	120587_6	synonym
166	120587_10	hyponym
166	149111_0	synonym
166	149111_2	hyponym
166	137342_0	hyponym
166	137342_1	synonym
166	137342_2	synonym
166	137342_4	hyponym
166	137342_9	synonym
166	149111_13	synonym
166	133855_0	hyponym
166	133855_1	hyponym
166	133855_4	synonym
166	133855_7	hyponym
166	133855_8	hyponym
166	133855_9	hyponym
166	139998_0	hyponym
166	139998_2	synonym
166	139998_6	hyponym
167	138678_32	synonym
167	162987_1	synonym
167	112777_1	synonym
167	162987_11	synonym
167	112777_8	implication
167	162987_15	synonym
167	138678_5	synonym
168	159006_1	string
168	159006_5	implication
168	172267_1	abbreviation
168	164384_1	string
168	150548_3	string
168	154423_2	string
168	154423_3	string
168	136175_2	abbreviation
168	136175_13	string
168	136175_18	string
168	158711_2	string
169	157685_1	synonym
169	157685_2	synonym
169	157685_9	hyponym
169	157685_10	synonym
169	123994_0	synonym
169	123994_1	synonym
169	123994_6	synonym
169	123994_8	hyponym
169	112834_0	hyponym
169	112834_1	synonym
169	112834_2	synonym
169	112834_3	hyponym
169	112834_16	hyponym
169	112834_17	hyponym
170	167697_0	synonym
170	150588_4	implication
170	150588_9	synonym
170	167697_6	synonym
170	171357_12	synonym
170	171357_13	synonym
170	167697_10	implication
170	150588_16	hyponym
170	167697_11	implication
170	171357_17	synonym
170	167697_12	synonym
170	171357_18	implication
170	176266_0	implication
170	150588_19	implication
170	176266_3	implication
170	150588_21	implication
170	150588_22	implication
170	176266_7	synonym
170	176266_8	synonym
170	176266_9	implication
170	171357_22	implication
170	176266_13	implication
170	176266_14	implication
170	171357_26	implication
170	150588_26	implication
170	176266_19	implication
170	151223_3	implication
170	151223_4	hyponym
170	151223_11	implication
170	151223_12	synonym
170	151223_13	hyponym
170	151223_14	hyponym
170	151223_15	synonym
170	151223_16	synonym
170	151223_17	synonym
170	151223_18	synonym
170	149073_20	synonym
170	149073_21	synonym
170	149073_22	implication
170	149073_26	hyponym
170	162528_0	synonym
170	162528_1	synonym
170	134823_9	synonym
170	162528_3	implication
170	134823_11	implication
170	162528_4	synonym
170	162528_6	synonym
170	134823_15	hyponym
171	198331_1	implication
171	148912_2	hyponym
171	162213_0	synonym
171	162213_2	synonym
171	162213_3	synonym
171	148912_9	implication
171	148912_10	implication
171	162213_10	synonym
171	190179_0	synonym
171	142413_4	synonym
171	162213_15	synonym
171	162213_16	implication
171	190179_3	synonym
171	142413_7	synonym
171	162213_18	implication
171	142413_10	synonym
171	162213_19	implication
171	142413_12	implication
171	162213_21	synonym
171	119405_0	hyponym
171	119405_3	hyponym
171	142413_13	synonym
171	119405_7	hyponym
171	119405_8	hyponym
171	119405_9	implication
171	119405_11	implication
171	190179_12	synonym
171	139341_0	synonym
171	188206_3	hyponym
171	119405_12	synonym
171	119405_14	implication
171	139341_2	hyponym
171	190179_15	synonym
171	188206_13	synonym
171	190179_19	implication
171	190179_20	synonym
171	188206_16	implication
171	188206_18	implication
171	162515_0	hyponym
171	122992_0	synonym
171	162515_3	synonym
171	122992_3	synonym
171	162515_11	hyponym
171	122992_11	synonym
171	139341_20	implication
171	122992_12	synonym
171	139341_21	implication
171	122992_14	implication
171	122992_17	synonym
171	122992_18	synonym
171	159904_0	synonym
171	159904_1	synonym
171	159904_3	synonym
171	115865_0	synonym
171	159904_9	synonym
171	159904_10	implication
171	115865_1	synonym
171	115865_2	synonym
171	159904_12	synonym
171	115865_5	hyponym
171	115865_6	hyponym
171	115865_7	hyponym
172	127159_2	synonym
172	127159_3	implication
172	151342_2	implication
172	151342_3	implication
172	111101_0	hyponym
172	151342_4	implication
172	111101_2	synonym
172	111101_3	implication
172	111101_4	implication
172	151342_8	implication
172	111101_5	implication
172	111101_6	implication
172	164644_3	implication
172	164644_4	synonym
172	171817_0	synonym
172	171817_1	implication
172	171817_4	synonym
172	171817_9	synonym
172	171817_10	implication
172	128140_1	implication
172	128140_7	implication
172	128140_8	implication
172	128140_9	implication
172	128140_13	implication
173	127159_3	implication
173	136671_0	implication
173	136671_1	string
173	168279_16	string
173	168279_17	string
173	168279_18	implication
173	168279_19	implication
173	168279_20	implication
173	136671_8	string
173	168279_21	implication
173	168279_22	synonym
173	136671_13	string
173	136671_16	implication
173	136671_17	synonym
173	178787_8	synonym
173	178787_12	implication
173	178787_14	implication
173	178787_15	implication
173	136671_23	synonym
173	168279_43	string
173	135829_0	string
173	168279_44	string
173	168279_45	implication
173	135829_5	string
173	135829_6	implication
173	135829_8	string
173	135829_12	string
173	155093_1	implication
173	155093_6	implication
173	155093_14	string
173	155093_15	implication
173	112313_1	string
173	112313_2	string
173	112313_5	implication
173	112313_8	string
173	112313_9	string
173	112313_10	implication
173	112313_18	implication
173	112313_21	implication
173	112313_22	implication
174	180101_0	hyponym
174	180101_1	implication
174	180101_2	implication
174	180101_8	implication
174	180101_9	implication
174	154423_3	hyponym
175	150588_5	implication
175	150588_6	implication
175	150588_13	synonym
175	195244_3	implication
175	195244_8	synonym
175	195244_13	synonym
175	140236_5	synonym
175	109514_8	synonym
175	109514_9	synonym
175	109514_12	implication
175	176107_3	synonym
175	176107_7	implication
175	176107_8	synonym
175	176107_9	synonym
175	176107_14	synonym
176	157685_2	synonym
176	157685_11	hyponym
176	157685_13	synonym
176	190995_0	synonym
176	190995_1	synonym
176	190995_2	synonym
176	169374_0	hyponym
176	142178_0	synonym
176	142178_1	synonym
176	142178_3	synonym
176	190995_5	synonym
176	142178_4	synonym
176	169374_3	synonym
176	169374_4	synonym
176	169374_5	implication
176	169374_7	synonym
176	142178_11	hyponym
176	169374_9	synonym
176	169374_10	synonym
176	169374_12	synonym
177	133568_0	synonym
177	133568_1	synonym
177	133568_3	implication
177	133568_4	synonym
177	133568_10	implication
177	133568_11	synonym
177	133568_12	synonym
177	133568_13	synonym
177	133568_14	synonym
177	133568_16	synonym
177	133568_20	synonym
178	137869_4	hyponym
178	137869_6	synonym
178	128587_2	hyponym
178	128587_5	implication
178	128587_6	implication
178	128587_9	synonym
179	137869_4	synonym
179	120849_4	implication
179	120849_5	implication
179	137869_6	hyponym
179	137869_7	hyponym
179	122883_2	hyponym
179	120849_19	implication
179	120849_20	implication
179	153094_1	hyponym
179	120849_21	hyponym
179	120849_27	hyponym
179	120849_29	implication
179	119246_3	synonym
179	115692_21	hyponym
179	119246_24	implication
179	159894_14	implication
179	159894_18	implication
180	114444_11	hyponym
180	114444_14	hyponym
180	114444_18	implication
180	114444_19	implication
180	114444_21	implication
180	114444_22	hyponym
180	114444_23	hyponym
180	114444_24	implication
180	147969_17	synonym
180	129645_5	hyponym
180	139341_14	synonym
180	129412_0	hyponym
180	139341_18	synonym
180	129412_3	synonym
180	184489_0	hyponym
180	139341_20	synonym
180	129412_6	implication
180	184489_4	implication
180	129412_9	hyponym
180	129412_12	implication
180	129412_14	hyponym
180	184489_13	hyponym
180	184489_14	implication
180	129412_15	implication
180	129412_19	implication
180	129412_20	hyponym
180	129412_21	implication
180	129412_23	implication
180	149111_0	hyponym
180	149111_3	synonym
180	149111_9	hyponym
180	149111_18	hyponym
180	149111_19	implication
180	149111_21	hyponym
181	149203_4	synonym
181	150982_1	synonym
181	150982_8	synonym
181	150982_10	hyponym
181	150982_11	synonym
181	149203_13	implication
181	149203_14	synonym
181	149203_15	synonym
181	151223_4	synonym
181	188625_5	synonym
181	171473_2	hyponym
181	151223_19	implication
181	171473_3	synonym
181	188625_15	synonym
181	188625_16	implication
181	188625_17	synonym
181	188625_18	implication
181	194471_3	implication
181	194471_8	hyponym
181	194471_9	synonym
181	194471_10	synonym
181	194471_11	hyponym
181	151265_1	hyponym
182	134719_0	synonym
182	134719_1	synonym
182	134719_9	synonym
183	179225_11	implication
183	179225_12	implication
183	179225_13	implication
183	139341_2	synonym
183	139341_3	synonym
183	139341_4	synonym
183	165603_3	synonym
183	139341_21	implication
183	165603_37	synonym
183	189534_2	synonym
183	155684_3	synonym
183	114425_3	synonym
183	114425_4	synonym
183	114425_12	synonym
184	118677_0	synonym
184	118677_4	synonym
184	118677_5	synonym
184	118677_6	synonym
184	118677_7	synonym
184	118677_8	synonym
184	118677_9	implication
184	106887_0	hyponym
184	106887_1	hyponym
184	118677_15	synonym
184	106887_7	synonym
184	118677_20	synonym
184	106887_12	hyponym
184	106887_13	implication
184	118677_21	synonym
184	118677_23	implication
184	118677_24	implication
184	180621_0	synonym
184	180621_14	synonym
184	180621_15	synonym
184	180621_17	synonym
184	180621_18	synonym
184	180621_27	synonym
184	180621_28	synonym
184	180621_33	synonym
184	180621_34	abbreviation
184	150548_0	synonym
184	185494_0	hyponym
184	185494_1	implication
184	144925_5	synonym
184	185494_2	implication
184	185494_3	synonym
184	150548_5	implication
184	185494_7	hyponym
184	185494_8	synonym
184	185494_9	synonym
184	150548_8	synonym
184	150548_10	synonym
184	185494_16	synonym
184	150548_14	synonym
185	120849_5	synonym
185	120849_6	string
185	120849_21	string
185	120849_22	synonym
185	120849_27	string
185	145990_1	synonym
185	145990_5	synonym
185	157640_5	synonym
186	183308_5	synonym
186	183308_21	string
186	106091_4	string
186	106091_5	implication
186	106091_6	implication
187	138678_35	implication
187	161610_0	hyponym
187	161610_3	synonym
187	161610_17	hyponym
187	174262_1	synonym
187	161610_22	hyponym
187	118218_0	synonym
187	118218_2	implication
187	118218_3	synonym
187	118218_4	implication
187	118218_10	implication
187	118218_12	synonym
187	138678_2	implication
187	118218_14	implication
187	138678_6	implication
187	138678_7	implication
187	118218_19	implication
187	118218_21	hyponym
187	118218_23	implication
188	137869_6	synonym
188	137869_7	synonym
188	120889_2	synonym
188	137869_12	synonym
188	137869_24	synonym
188	120889_17	synonym
188	174262_1	hyponym
189	187916_0	implication
189	171393_37	synonym
189	126341_21	implication
189	187916_12	implication
189	126341_25	implication
189	190179_0	implication
189	126341_27	implication
189	187916_20	implication
189	190179_2	implication
189	190179_3	implication
189	190179_4	implication
189	187916_24	implication
189	185233_0	implication
189	185233_2	implication
189	126341_36	implication
189	190179_8	implication
189	190179_12	implication
189	190179_13	synonym
189	164089_0	implication
189	190179_14	implication
189	164089_1	implication
189	190179_15	implication
189	114845_1	implication
189	190179_16	synonym
189	114845_2	implication
189	164089_7	synonym
189	164089_8	implication
189	114845_7	implication
189	185233_16	implication
189	164089_9	synonym
189	114845_8	synonym
189	190179_19	implication
189	164089_14	implication
189	190179_20	synonym
189	190179_21	synonym
189	190179_22	implication
189	185233_22	implication
189	190179_23	implication
189	192522_3	implication
189	192522_7	implication
189	192522_8	implication
189	192522_9	implication
189	192522_14	synonym
189	104831_0	implication
189	104831_1	implication
189	184846_20	hyponym
189	184846_21	synonym
189	178322_12	implication
189	104831_6	implication
189	184846_25	synonym
189	178322_13	synonym
189	178322_19	implication
189	194111_0	implication
189	194111_1	implication
189	194111_2	implication
189	194111_8	synonym
189	194111_9	synonym
189	194111_10	implication
189	194111_11	synonym
189	194111_12	synonym
189	171393_21	implication
189	171393_22	implication
189	171393_23	synonym
189	171393_24	synonym
190	121149_1	hyponym
190	145308_4	implication
191	134857_35	synonym
191	134857_43	implication
191	117293_20	implication
191	134857_45	synonym
191	117293_22	implication
191	117293_23	synonym
191	126341_28	synonym
191	126341_29	synonym
191	130253_20	synonym
191	130253_21	implication
191	156619_16	synonym
191	156619_17	synonym
191	156619_21	implication
191	156619_22	implication
191	156619_23	synonym
191	156619_24	implication
192	166902_0	synonym
192	166902_1	implication
192	166902_2	hyponym
192	166902_3	synonym
192	166902_10	synonym
192	166902_13	implication
192	166902_14	implication
192	166902_15	synonym
192	166902_16	implication
192	166902_17	implication
192	166902_18	synonym
192	166902_20	synonym
192	124621_0	synonym
192	166902_23	synonym
192	124621_3	synonym
192	166902_35	implication
192	166902_36	implication
192	166902_42	synonym
192	124621_15	synonym
192	124621_21	hyponym
193	166902_0	implication
193	166902_2	implication
193	166902_3	synonym
193	166902_4	synonym
193	166902_7	synonym
193	166902_8	synonym
193	166902_9	synonym
193	166902_14	synonym
193	118392_0	implication
193	166902_19	synonym
193	166902_20	synonym
193	118392_4	implication
193	118392_5	implication
193	166902_21	synonym
193	166902_22	implication
193	118392_6	implication
193	118392_7	implication
193	166902_23	implication
193	118392_8	implication
193	166902_26	synonym
193	166902_27	hyponym
193	166902_28	implication
193	166902_32	implication
193	166902_35	synonym
193	166902_37	synonym
193	166902_39	implication
193	166902_40	implication
193	166902_42	synonym
193	107683_0	string
193	107683_1	string
193	107683_2	implication
193	107683_8	synonym
193	107683_10	implication
193	157809_3	implication
193	107683_15	implication
193	107683_16	synonym
193	157809_9	implication
193	107683_17	synonym
193	157809_12	synonym
193	157809_13	string
194	140477_13	hyponym
194	140477_14	hyponym
194	121743_2	hyponym
194	134857_7	implication
195	187916_2	synonym
195	187916_14	synonym
196	159001_2	synonym
196	159001_3	synonym
196	159001_4	synonym
196	159001_5	synonym
196	159001_6	synonym
196	199637_0	synonym
196	199637_5	implication
196	199637_6	synonym
196	199637_8	synonym
196	199637_13	implication
196	137477_0	synonym
196	137477_1	hyponym
196	137477_2	synonym
196	137477_3	implication
196	137477_7	synonym
196	155569_0	synonym
196	137477_8	synonym
196	155569_3	synonym
196	155569_4	synonym
196	155569_5	synonym
196	155569_6	synonym
196	155569_7	implication
196	155569_10	synonym
196	142847_0	hyponym
196	142847_1	synonym
196	142847_2	synonym
196	142847_3	synonym
196	142847_6	synonym
196	142847_7	implication
196	142847_8	implication
196	142847_9	implication
196	142847_10	synonym
196	156962_0	synonym
196	108176_0	synonym
196	156962_3	hyponym
196	156962_4	synonym
196	156962_5	synonym
196	108176_3	implication
196	108176_4	hyponym
196	156962_9	synonym
196	108176_5	synonym
196	108176_10	synonym
196	108176_11	synonym
196	108176_13	synonym
196	108176_14	synonym
196	108176_15	synonym
196	108176_18	synonym
196	154332_0	synonym
196	108176_19	implication
196	108176_20	implication
196	154332_2	synonym
196	154332_3	implication
196	154332_5	implication
196	154332_7	synonym
196	154332_9	implication
196	141520_0	implication
196	141520_5	synonym
196	141520_6	synonym
196	141520_7	synonym
196	141520_8	synonym
196	141520_9	synonym
196	141520_10	synonym
196	141520_11	synonym
196	141520_12	implication
196	141520_15	synonym
197	177920_6	abbreviation
197	170892_1	synonym
197	177920_15	abbreviation
197	177920_16	synonym
197	177920_18	implication
197	170892_3	synonym
197	170892_4	abbreviation
197	170892_18	synonym
197	170892_20	implication
197	170892_24	implication
197	170892_25	implication
197	185487_2	synonym
197	185487_3	synonym
198	176512_2	synonym
198	162213_1	implication
198	176996_18	implication
198	128050_6	implication
198	119282_2	implication
198	128050_15	synonym
198	119282_6	synonym
198	103679_4	implication
198	103679_8	implication
199	134857_38	synonym
199	115471_3	implication
199	115471_9	synonym
199	115471_13	synonym
199	115471_14	implication
199	108451_0	synonym
199	126242_12	hyponym
199	150548_0	synonym
199	150548_3	hyponym
199	134857_2	implication
199	134857_4	hyponym
199	134857_5	synonym
199	134857_6	implication
199	134857_7	implication
199	134857_8	implication
199	134857_10	implication
199	134857_11	synonym
199	134857_12	synonym
199	134857_14	implication
199	159138_0	hyponym
199	134857_15	implication
199	159138_3	synonym
199	159138_4	implication
199	192498_5	hyponym
199	159138_8	implication
199	134857_18	implication
199	189534_2	implication
199	134857_19	hyponym
199	134857_20	implication
199	134857_21	synonym
200	126427_0	synonym
200	126427_2	implication
200	126427_3	synonym
200	126427_4	implication
200	126427_7	implication
200	151342_8	implication
200	180800_0	synonym
200	131251_0	synonym
200	131251_1	implication
200	131251_2	implication
200	131251_3	implication
200	131251_4	synonym
200	131251_6	synonym
200	180800_7	synonym
200	180800_8	synonym
200	180800_9	synonym
200	180800_12	implication
200	180800_13	implication
200	180800_15	implication
200	180800_16	synonym
200	180800_17	synonym
200	180800_18	synonym
200	180800_21	synonym
200	180800_22	implication
200	180800_26	synonym
201	120849_9	hyponym
201	120849_11	implication
201	120849_12	synonym
201	120849_13	implication
201	120849_15	implication
201	120849_23	synonym
201	120849_27	synonym
201	184833_3	implication
201	184833_7	synonym
201	184833_10	implication
201	184833_11	implication
201	184833_12	synonym
201	103359_3	implication
201	151614_8	implication
201	151614_21	implication
202	170628_3	synonym
202	170628_4	synonym
202	170628_8	synonym
202	170628_9	synonym
202	116664_16	hyponym
202	116664_20	hyponym
203	142533_4	synonym
203	142533_6	implication
203	142533_7	hyponym
203	142533_8	hyponym
204	186382_1	string
204	186382_2	string
204	186382_6	string
204	145076_15	string
205	127864_0	implication
205	127864_2	implication
205	127864_3	string
205	127864_5	string
205	127864_6	implication
205	110549_3	implication
205	110549_8	implication
205	110549_9	synonym
205	110549_10	synonym
205	110549_12	implication
205	110549_14	string
205	110549_15	string
205	110549_16	implication
205	110549_17	synonym
205	168331_0	synonym
205	189261_3	implication
205	189261_4	synonym
205	189261_5	synonym
205	189261_8	hyponym
205	189261_9	implication
205	189261_10	implication
205	168331_15	implication
205	174571_5	string
205	174571_6	implication
205	174571_7	implication
205	168331_22	synonym
205	168331_28	synonym
205	168331_30	implication
205	168331_34	implication
205	127621_0	implication
205	127621_2	implication
205	127621_4	string
205	197615_0	hyponym
205	197615_1	synonym
205	197615_2	hyponym
205	127621_5	string
205	197615_6	synonym
205	197615_7	synonym
205	197615_8	synonym
205	167972_1	synonym
205	197615_12	string
205	197615_13	implication
205	159504_10	synonym
205	159504_11	synonym
205	159504_15	synonym
205	159504_16	synonym
205	159504_18	implication
205	167972_16	implication
205	167972_18	implication
205	134208_1	string
205	134208_12	implication
205	134208_13	string
206	111101_0	synonym
206	111101_1	implication
206	171357_19	synonym
206	111101_6	implication
206	171357_24	synonym
206	171357_26	implication
206	128140_0	synonym
206	128140_1	synonym
206	128140_14	synonym
207	130655_2	implication
207	130655_3	synonym
207	130655_6	implication
207	144766_0	synonym
207	144766_1	implication
207	196148_0	implication
207	144766_3	synonym
207	196148_1	synonym
207	144766_4	synonym
207	196148_2	implication
207	144766_5	implication
207	144766_6	implication
207	196148_4	implication
207	144766_7	synonym
207	196148_6	synonym
207	144766_8	synonym
207	144766_11	synonym
207	196148_14	implication
207	139341_3	synonym
207	196148_15	implication
207	139341_4	implication
207	196148_16	synonym
207	196148_17	synonym
207	196148_18	implication
207	139341_5	synonym
207	144766_15	implication
207	139341_6	implication
207	196148_19	synonym
207	144766_16	synonym
207	196148_20	implication
207	139341_7	synonym
207	196148_21	synonym
207	139341_8	implication
207	144766_17	implication
207	132914_0	implication
207	144766_18	implication
207	196148_23	synonym
207	144766_19	synonym
207	132914_2	implication
207	143881_0	abbreviation
207	132914_3	synonym
207	143881_1	implication
207	143881_2	synonym
207	144766_21	implication
207	132914_4	implication
207	196148_27	implication
207	132914_5	synonym
207	144766_22	implication
207	143881_3	implication
207	143881_4	synonym
207	144766_23	synonym
207	143881_5	synonym
207	144766_24	implication
207	144766_25	implication
207	143881_6	implication
207	196148_31	synonym
207	143881_7	implication
207	196148_32	synonym
207	146210_0	abbreviation
207	143881_8	synonym
207	132914_10	implication
207	132914_11	implication
207	146210_1	abbreviation
207	146210_2	implication
207	132914_12	implication
207	143881_12	synonym
207	132914_13	synonym
207	146210_3	hyponym
207	139341_18	implication
207	132914_14	implication
207	139341_19	synonym
207	146210_5	implication
207	143881_13	implication
207	143881_14	synonym
207	132914_15	synonym
207	146210_6	abbreviation
207	143881_15	implication
207	139341_20	implication
207	143881_16	implication
207	132914_17	implication
207	146210_10	implication
207	146210_11	implication
207	146210_12	implication
207	139341_24	synonym
207	191025_0	hyponym
207	191025_1	synonym
207	191025_2	implication
207	191025_3	synonym
207	191025_4	synonym
207	191025_7	synonym
207	125316_0	synonym
207	125316_1	abbreviation
207	125316_2	implication
207	125316_3	synonym
207	125316_5	synonym
207	125316_6	synonym
207	125316_11	synonym
207	125316_12	implication
207	125316_13	implication
207	125316_14	abbreviation
207	125316_17	synonym
207	125316_18	synonym
207	125316_19	synonym
207	125316_20	implication
207	125316_21	implication
207	125316_22	implication
207	125316_23	synonym
207	125316_24	implication
207	125316_25	implication
208	151342_4	synonym
208	151342_5	synonym
209	151342_4	synonym
209	151342_5	synonym
210	162213_0	synonym
210	162213_2	synonym
210	162213_3	synonym
210	162213_10	synonym
210	139341_0	implication
210	139341_2	synonym
211	134121_0	synonym
211	134121_1	synonym
211	134121_2	synonym
211	134121_3	synonym
212	134121_0	synonym
212	118257_3	implication
212	118257_8	implication
212	161068_0	synonym
212	115992_0	synonym
212	115992_5	implication
212	100966_4	implication
212	142335_11	implication
213	172900_0	string
213	172900_4	string
214	172900_1	hyponym
214	172900_4	synonym
214	172900_9	implication
214	105954_0	synonym
214	105954_1	synonym
214	105954_2	synonym
214	105954_3	synonym
214	105954_4	synonym
214	105954_5	synonym
214	105954_6	synonym
214	105954_9	synonym
214	155573_0	hyponym
214	155573_5	synonym
214	155573_6	synonym
214	155573_7	synonym
214	152105_0	synonym
214	152105_1	synonym
214	152105_5	synonym
214	152105_6	synonym
214	152105_7	synonym
214	152105_8	synonym
214	152105_11	synonym
215	119502_6	implication
215	119502_16	hyponym
215	105861_18	hyponym
215	105861_21	implication
215	105861_28	implication
216	103369_12	hyponym
217	114149_2	implication
217	114149_3	implication
218	151543_8	synonym
218	112777_3	implication
219	151854_4	implication
219	151854_6	synonym
219	180800_0	synonym
219	180800_1	synonym
219	180800_3	synonym
219	180800_7	synonym
219	180800_15	synonym
219	180800_16	synonym
219	180800_17	synonym
219	180800_22	implication
219	180800_26	synonym
220	100037_1	implication
220	100037_6	implication
220	171305_0	hyponym
220	100037_7	implication
220	100037_8	synonym
220	100037_9	hyponym
220	171305_3	synonym
220	171305_4	hyponym
220	171305_5	hyponym
220	171305_6	synonym
220	171305_9	implication
220	171305_10	implication
220	100037_21	implication
220	100037_22	hyponym
220	100037_23	synonym
220	186436_0	string
220	186436_1	synonym
220	186436_2	implication
220	148584_0	abbreviation
220	171305_18	implication
220	186436_4	string
220	186436_5	synonym
220	199399_4	implication
220	199399_5	hyponym
220	171305_20	hyponym
220	148584_1	implication
220	148584_2	implication
220	186436_6	implication
220	186436_7	synonym
220	148584_4	implication
220	186436_8	implication
220	186436_9	synonym
220	112613_1	hyponym
220	112613_2	implication
220	199399_9	synonym
220	148584_5	implication
220	199399_10	hyponym
220	186436_11	synonym
220	199399_11	hyponym
220	186436_12	synonym
220	186436_13	synonym
220	171305_27	hyponym
220	112613_6	hyponym
220	186436_15	synonym
220	112613_7	hyponym
220	199399_15	hyponym
220	199399_16	hyponym
220	186436_16	synonym
220	186436_17	synonym
220	172605_0	synonym
220	199399_17	hyponym
220	171305_30	implication
220	172605_1	synonym
220	172605_2	synonym
220	199399_20	hyponym
220	186436_19	synonym
220	112613_12	hyponym
220	112613_13	hyponym
220	172605_3	hyponym
220	186436_20	synonym
220	172605_4	implication
220	112613_14	hyponym
220	128795_2	abbreviation
220	128795_3	abbreviation
220	186436_23	synonym
220	199399_25	hyponym
220	186436_24	synonym
220	172605_5	synonym
220	172605_6	implication
220	199399_26	hyponym
220	199399_27	hyponym
220	172605_7	implication
220	172605_8	implication
220	199399_28	implication
220	112613_20	hyponym
220	112613_21	hyponym
220	162749_0	synonym
220	172605_9	implication
220	172605_10	implication
220	162749_1	implication
220	162749_2	synonym
220	172605_12	implication
220	128795_15	implication
220	162749_5	synonym
220	128795_16	implication
220	172605_15	synonym
220	162749_9	synonym
220	128795_20	abbreviation
220	162749_10	synonym
220	162749_11	implication
220	162749_17	synonym
220	197419_0	synonym
220	197419_1	synonym
220	197419_2	synonym
220	197419_3	implication
220	197419_4	synonym
220	197419_7	synonym
220	197419_8	implication
220	197419_9	implication
220	167972_0	synonym
220	197419_12	implication
220	167972_4	synonym
220	197419_18	synonym
220	197419_19	synonym
220	167972_6	implication
220	167972_7	implication
220	197419_22	implication
220	167972_10	abbreviation
220	167972_11	implication
220	167972_15	synonym
220	167972_16	implication
220	167972_18	implication
220	167972_19	hyponym
220	150804_2	abbreviation
221	197423_0	synonym
221	197423_1	synonym
221	197423_3	synonym
221	197423_5	synonym
221	197423_6	synonym
221	197423_10	synonym
221	197423_11	synonym
221	197423_14	implication
221	174262_0	synonym
221	174262_1	synonym
221	174262_5	synonym
221	174262_10	synonym
221	100454_0	synonym
221	100454_3	synonym
221	100454_4	implication
221	100454_8	abbreviation
221	100454_13	synonym
221	100454_16	implication
222	192809_2	hyponym
222	192809_14	synonym
222	178787_0	synonym
222	178787_1	synonym
222	178787_2	synonym
222	178787_3	synonym
222	178787_5	synonym
222	178787_6	synonym
222	178787_7	synonym
222	178787_9	synonym
222	178787_18	synonym
223	196558_7	synonym
224	181555_2	synonym
224	181555_3	synonym
225	100037_5	synonym
225	100037_6	synonym
225	144807_9	synonym
226	146582_0	hyponym
226	146582_4	hyponym
226	146582_6	abbreviation
226	146582_21	hyponym
226	146582_22	abbreviation
226	148584_0	abbreviation
226	148584_1	implication
226	148584_4	implication
226	148584_5	implication
226	142089_2	hyponym
226	142089_3	synonym
226	142089_8	synonym
226	142089_14	synonym
226	176107_0	hyponym
226	176107_5	abbreviation
226	176107_7	implication
226	176107_8	synonym
226	176107_11	abbreviation
227	154943_1	implication
227	154943_2	synonym
227	181555_4	implication
227	154943_7	synonym
227	154943_8	synonym
227	181555_12	implication
228	197423_1	string
228	197423_2	string
229	169173_0	synonym
229	169173_2	synonym
229	169173_7	synonym
230	171305_0	synonym
230	171305_5	synonym
230	171305_6	synonym
230	171305_7	implication
230	171305_20	implication
230	171305_23	implication
230	171305_26	implication
231	136671_0	synonym
231	136671_12	implication
231	136671_13	synonym
231	136671_16	implication
231	136671_22	implication
231	174483_8	implication
231	174483_13	hyponym
231	174483_14	synonym
231	174483_15	hyponym
231	174483_16	hyponym
231	174483_17	hyponym
231	174483_20	hyponym
231	174483_25	synonym
231	174483_26	synonym
231	174483_27	synonym
231	196411_0	implication
231	196411_2	synonym
231	196411_3	hyponym
231	196411_6	implication
231	196411_7	implication
231	196411_8	hyponym
231	196411_9	synonym
231	196411_10	hyponym
231	196411_11	hyponym
231	196411_12	synonym
231	155093_1	implication
231	155093_5	implication
231	155093_6	synonym
231	155093_7	implication
231	155093_8	implication
231	155093_15	implication
232	178782_1	hyponym
232	183009_1	synonym
232	130510_0	implication
232	130510_1	implication
232	130510_4	implication
232	130510_5	synonym
232	130510_6	synonym
233	102931_12	implication
233	102931_21	hyponym
233	161610_3	synonym
233	161610_8	synonym
233	161610_9	synonym
234	190179_2	implication
234	190179_3	implication
234	190179_12	synonym
234	190179_13	synonym
234	190179_14	synonym
234	190179_15	implication
234	190179_20	synonym
235	116664_0	synonym
235	122400_0	implication
235	116664_1	synonym
235	122400_1	synonym
235	122400_2	implication
235	116664_4	implication
235	181788_2	synonym
235	181788_3	synonym
235	122400_3	synonym
235	116664_6	synonym
235	181788_6	synonym
235	116664_7	implication
235	116664_8	synonym
235	116664_9	synonym
235	116664_10	synonym
235	181788_12	implication
235	116664_12	implication
235	181788_14	synonym
235	116664_13	synonym
235	116664_14	implication
235	181788_16	implication
235	116664_15	implication
235	122400_13	synonym
235	181788_17	hyponym
235	153808_8	synonym
235	153808_9	implication
235	116664_18	implication
235	181788_19	synonym
235	181788_20	synonym
235	153808_10	implication
235	116664_19	synonym
235	153808_12	implication
235	122400_19	synonym
235	165603_0	implication
235	165603_1	synonym
235	122400_20	implication
235	165603_3	implication
235	122400_26	synonym
235	122400_28	synonym
235	165603_5	synonym
235	122400_30	implication
235	122400_33	synonym
235	122400_34	synonym
235	122400_35	synonym
235	199962_1	implication
235	199962_3	implication
235	199962_5	implication
235	192522_0	synonym
235	192522_1	implication
235	199962_9	implication
235	192522_3	synonym
235	192522_4	implication
235	192522_5	synonym
235	192522_8	synonym
235	192522_9	synonym
235	165603_28	implication
235	165603_30	implication
235	165603_32	implication
235	165603_33	synonym
235	165603_36	implication
235	165603_37	implication
235	192151_0	synonym
235	192151_1	synonym
235	192151_3	implication
235	192151_8	synonym
235	192151_9	synonym
235	192151_10	implication
235	192151_11	implication
235	192151_13	implication
235	192151_14	implication
235	192151_15	implication
235	192151_16	synonym
235	130510_0	synonym
235	130510_1	synonym
235	130510_4	synonym
235	130510_5	implication
235	130510_6	implication
235	130510_7	implication
235	130510_9	implication
235	130510_12	implication
235	130510_14	synonym
236	100085_1	string
236	151526_2	implication
236	100085_2	string
236	100085_3	string
236	130253_12	string
236	163159_1	string
236	130253_13	string
236	151526_8	implication
236	100085_9	implication
236	128247_7	string
236	100085_10	implication
236	163159_15	string
236	172195_1	string
236	186436_9	string
236	134578_4	implication
236	186436_12	string
236	113865_0	string
236	134578_6	string
236	113865_16	hyponym
236	191410_0	hyponym
236	191410_3	hyponym
236	121731_1	hyponym
236	121731_2	hyponym
236	121731_6	string
236	121731_7	implication
236	191410_8	implication
236	191410_9	implication
236	121731_8	implication
236	101099_2	string
236	101099_4	string
236	133691_8	string
236	133691_9	string
236	101099_8	string
236	157839_2	string
236	101099_9	string
236	101099_10	implication
236	101099_11	string
236	157839_12	string
236	106091_0	string
236	106091_4	string
236	106091_17	implication
237	185113_0	implication
237	185113_12	synonym
237	185113_17	synonym
237	185113_18	synonym
237	185113_20	synonym
237	185113_29	synonym
238	124621_7	synonym
238	124621_8	implication
238	198152_4	synonym
238	198152_5	synonym
238	198152_7	synonym
238	198152_8	synonym
238	198152_9	synonym
238	198152_10	implication
238	113469_3	synonym
238	107683_1	implication
238	107683_4	synonym
238	113469_8	synonym
238	143979_6	synonym
238	143979_7	synonym
238	107683_5	synonym
238	143979_9	synonym
238	198152_19	synonym
238	107683_9	implication
238	198152_20	synonym
238	107683_13	synonym
238	107683_14	synonym
238	198152_30	implication
238	118178_5	synonym
238	118178_6	synonym
238	138678_9	synonym
238	138678_10	synonym
238	138678_12	synonym
238	119691_5	synonym
238	119691_8	synonym
238	138678_24	synonym
239	165519_2	implication
239	157296_2	implication
239	112520_1	hyponym
239	112520_14	hyponym
239	109170_11	hyponym
239	109170_12	implication
239	167088_8	implication
240	110481_4	synonym
240	110481_5	synonym
240	154244_0	synonym
240	154244_3	hyponym
240	154244_9	synonym
240	154244_11	implication
240	154244_14	synonym
240	154244_15	implication
240	154244_16	hyponym
240	191836_0	synonym
240	191836_2	synonym
240	191836_3	synonym
240	191836_4	synonym
240	191836_5	synonym
240	191836_6	synonym
240	191836_7	synonym
240	191836_9	synonym
240	191836_11	implication
240	191836_12	synonym
241	158000_0	synonym
241	158000_2	synonym
241	158000_5	synonym
241	158000_9	synonym
242	144766_5	implication
242	144766_6	implication
242	144766_25	implication
242	159376_5	hyponym
243	124621_12	implication
243	168331_0	implication
243	168331_1	synonym
243	168331_5	implication
243	168331_7	synonym
244	168331_0	synonym
244	168331_2	hyponym
244	168331_4	implication
244	168331_10	hyponym
244	168331_22	hyponym
244	168331_29	hyponym
244	168331_30	hyponym
244	168331_32	implication
244	168331_35	synonym
245	178787_0	hyponym
245	178787_1	implication
245	178787_6	implication
246	156619_0	implication
246	156619_2	synonym
246	156619_3	synonym
246	156619_5	implication
246	156619_6	synonym
246	156619_9	synonym
246	156619_10	synonym
246	164384_0	hyponym
246	156619_11	synonym
246	156619_12	synonym
246	164384_1	hyponym
246	156619_13	synonym
246	164384_2	synonym
246	156619_15	synonym
246	156619_22	hyponym
246	164384_8	synonym
246	164384_9	implication
246	156619_23	hyponym
246	156619_25	synonym
246	156619_26	synonym
247	156619_0	implication
247	156619_1	hyponym
247	156619_2	implication
247	156619_3	implication
247	156619_5	implication
247	156619_8	implication
247	156619_9	implication
247	156619_13	implication
247	156619_15	implication
247	156619_18	implication
247	156619_22	implication
247	188125_6	implication
247	188125_7	implication
248	164644_4	implication
248	164644_7	implication
248	164644_8	hyponym
248	164644_9	hyponym
248	164644_10	implication
248	164644_11	implication
249	181730_0	implication
249	181730_1	implication
249	181730_2	implication
249	181730_3	synonym
249	181730_4	synonym
249	181730_5	synonym
249	181730_6	hyponym
249	181730_8	synonym
249	181730_9	synonym
249	126095_9	implication
249	178391_4	implication
249	178391_6	hyponym
249	186141_0	implication
249	186141_1	synonym
249	178391_9	implication
249	186141_2	implication
249	186141_4	synonym
249	186141_5	implication
249	186141_6	implication
249	186141_7	synonym
249	186141_10	implication
249	186141_11	implication
249	134157_0	synonym
250	119405_3	string
250	108451_0	string
250	193944_2	string
251	178787_1	implication
251	178787_3	implication
251	178787_4	implication
251	178787_6	implication
252	180800_11	implication
252	180800_19	synonym
252	184489_0	synonym
252	184489_5	implication
253	164644_6	synonym
253	164644_7	synonym
253	164644_10	synonym
253	199962_0	synonym
254	127746_1	implication
254	127746_2	hyponym
255	115334_0	hyponym
255	115334_1	synonym
256	115334_0	synonym
256	115334_1	abbreviation
256	115334_2	implication
256	115334_3	implication
256	115334_6	synonym
256	115334_8	implication
256	161473_0	hyponym
256	161473_1	synonym
256	161473_6	implication
257	199407_3	synonym
257	199407_8	string
257	199407_15	string
257	117878_2	string
257	117878_10	string
258	177498_12	implication
258	199407_4	implication
258	199407_9	synonym
258	177498_15	hyponym
258	195563_2	implication
258	195563_3	implication
258	199407_15	synonym
258	199407_16	synonym
258	195563_14	implication
259	199407_4	implication
259	133425_0	synonym
259	199407_13	hyponym
259	133425_8	hyponym
259	133425_10	hyponym
260	178961_17	implication
260	167088_2	implication
260	103881_1	implication
261	150164_0	synonym
261	150164_10	synonym
262	152972_6	synonym
262	152972_7	synonym
262	172884_1	implication
262	172884_9	implication
262	172884_13	hyponym
263	164089_3	implication
263	164089_10	synonym
263	164089_11	synonym
263	164089_12	synonym
263	164089_19	synonym
264	174243_0	synonym
264	174243_1	implication
264	174243_4	synonym
264	174243_10	synonym
264	174243_11	synonym
264	174243_14	implication
264	174243_15	implication
264	174243_17	synonym
265	144807_0	synonym
265	144807_1	implication
265	144807_2	synonym
265	144807_3	implication
265	144807_4	synonym
265	144807_6	implication
265	144807_8	implication
265	144807_9	synonym
265	144807_10	implication
265	144807_11	implication
265	144807_13	implication
265	144807_14	synonym
265	144807_15	synonym
265	167413_2	synonym
265	167413_3	synonym
265	167413_18	synonym
265	167413_19	synonym
265	167413_25	synonym
266	174243_1	synonym
266	174243_14	synonym
267	199399_6	implication
267	165603_3	hyponym
267	165603_5	synonym
267	199399_23	implication
267	165603_32	implication
267	195655_7	synonym
267	165603_36	hyponym
267	195655_15	implication
268	143701_0	synonym
268	143701_1	hyponym
268	143701_4	synonym
268	143701_5	synonym
268	143701_7	synonym
269	144807_5	hyponym
270	144807_5	synonym
270	145990_0	synonym
270	145990_1	synonym
270	145990_6	implication
270	145990_7	synonym
270	145990_8	synonym
270	115087_1	hyponym
270	115087_2	implication
271	174243_4	implication
272	145340_0	hyponym
272	145340_2	hyponym
272	145340_3	hyponym
272	145340_5	hyponym
272	145340_10	implication
272	132884_0	hyponym
272	140432_1	implication
272	140432_2	hyponym
272	132884_2	hyponym
272	132884_6	hyponym
272	132884_7	implication
272	140432_9	hyponym
272	157329_7	hyponym
272	157329_13	hyponym
272	157329_14	hyponym
273	161418_1	implication
274	189408_2	hyponym
274	189408_3	hyponym
274	189408_4	hyponym
274	189408_5	synonym
274	189408_6	synonym
274	189408_10	synonym
274	189408_11	synonym
274	189408_13	hyponym
275	197150_3	synonym
275	197150_4	implication
275	197150_9	synonym
275	166034_6	synonym
275	197150_17	synonym
275	197150_23	hyponym
275	166034_18	hyponym
275	166034_19	synonym
275	166034_20	synonym
275	166034_21	synonym
275	166034_31	synonym
276	177082_0	synonym
276	177082_1	synonym
276	177082_2	implication
276	177082_4	synonym
276	177082_5	synonym
276	177082_8	synonym
276	177082_10	synonym
276	177082_11	implication
276	177082_13	synonym
276	177082_14	synonym
276	177082_21	synonym
276	177082_22	synonym
276	177082_25	synonym
277	126242_0	synonym
277	126242_3	synonym
277	166136_5	synonym
277	126242_26	synonym
277	126242_29	synonym
277	126242_30	implication
278	118501_0	synonym
278	118501_1	synonym
278	118501_2	synonym
278	118501_4	implication
278	118501_5	synonym
278	118501_6	synonym
278	118501_8	synonym
278	118501_9	synonym
278	118501_10	abbreviation
278	118501_11	implication
278	118501_12	implication
278	118501_13	synonym
279	101182_3	synonym
280	144766_22	implication
280	194649_4	synonym
280	194649_12	hyponym
280	194649_13	synonym
280	194649_17	synonym
281	139341_13	synonym
282	179222_4	synonym
282	179222_6	implication
283	130539_4	string
283	130539_21	string
284	111187_0	synonym
284	111187_1	hyponym
284	111187_2	synonym
284	111187_6	hyponym
285	195624_11	synonym
286	100966_2	implication
286	100966_4	string
286	100966_10	implication
287	104841_5	string
287	104841_9	string
287	104841_11	implication
287	104841_14	string
287	104841_16	implication
287	104841_18	string
287	184489_3	string
287	184489_4	implication
287	104841_20	implication
287	184489_17	string
288	112520_1	implication
288	112520_11	implication
288	112520_13	implication
288	112520_14	hyponym
288	194111_3	synonym
288	194111_12	synonym
288	194111_13	synonym
289	146210_2	implication
289	146210_3	abbreviation
289	146210_5	implication
290	194649_0	synonym
290	194649_4	hyponym
290	194649_9	synonym
290	140675_0	hyponym
290	140675_1	hyponym
290	140675_2	implication
290	140675_5	hyponym
290	140675_7	hyponym
291	171110_6	synonym
291	171110_8	synonym
291	171110_11	synonym
291	171110_12	synonym
291	171110_14	synonym
291	171110_15	synonym
291	171110_20	synonym
292	111187_6	implication
292	111187_7	implication
292	111187_10	synonym
293	162147_4	implication
293	162147_10	implication
293	129611_13	synonym
294	154202_1	synonym
294	154202_5	synonym
294	154202_9	synonym
294	154202_12	synonym
295	146210_3	synonym
296	141825_3	hyponym
297	111187_7	hyponym
297	121173_11	implication
297	121173_12	synonym
297	121173_13	synonym
298	111187_7	hyponym
299	194649_6	synonym
299	194649_8	synonym
299	194649_9	synonym
299	194649_10	synonym
299	103677_2	synonym
299	103677_7	implication
299	121173_0	synonym
299	121173_1	synonym
299	121173_2	synonym
299	121173_4	synonym
299	121173_5	synonym
299	121173_13	synonym
300	162749_8	synonym
300	162749_15	synonym
300	162749_18	synonym
301	162642_2	implication
301	162642_10	synonym
302	121045_0	implication
302	121045_1	implication
302	121045_2	implication
302	121045_7	implication
302	121045_11	synonym
302	120538_0	implication
302	120538_5	hyponym
303	117186_0	synonym
303	117186_1	synonym
303	117186_4	synonym
303	117186_9	hyponym
304	164594_0	synonym
304	164594_7	synonym
305	184846_0	implication
305	184846_6	implication
305	184846_10	implication
305	184846_11	hyponym
305	184846_12	implication
305	184846_13	synonym
305	184846_14	hyponym
305	184846_15	hyponym
305	184846_16	implication
305	184846_17	abbreviation
305	184846_25	synonym
305	184846_26	hyponym
306	128119_1	implication
306	128119_3	synonym
306	128119_5	synonym
306	167413_4	synonym
307	179480_28	hyponym
307	179480_35	implication
308	132884_0	synonym
308	132884_1	synonym
308	132884_2	synonym
308	132884_3	synonym
308	132884_5	hyponym
308	132884_6	synonym
308	132884_12	synonym
309	106773_9	synonym
309	132513_0	implication
309	132513_10	synonym
309	132513_11	synonym
309	132513_17	synonym
309	132513_18	implication
310	140432_2	synonym
310	187466_4	synonym
310	187466_6	implication
310	187466_17	hyponym
310	187466_18	implication
311	172461_0	implication
311	172461_2	implication
311	172461_3	implication
311	172461_4	synonym
311	172461_5	synonym
311	172461_8	implication
312	145308_2	synonym
312	145308_4	implication
312	145308_6	synonym
312	145308_10	synonym
313	167413_2	implication
313	167413_3	implication
313	167413_15	implication
313	167413_23	synonym
314	144195_2	string
314	144195_12	string
315	191836_2	implication
316	155093_0	implication
316	155093_1	synonym
316	155093_2	synonym
316	155093_20	synonym
317	127525_0	implication
317	127525_2	synonym
317	127525_3	synonym
317	127525_4	synonym
317	127525_9	synonym
317	127525_11	implication
318	191836_6	implication
318	191836_7	implication
319	192498_5	synonym
319	167972_4	synonym
319	141036_2	string
319	141036_12	string
319	198930_0	synonym
319	198930_1	synonym
319	198930_5	synonym
320	155327_2	synonym
321	168943_0	implication
321	168943_1	synonym
321	168943_4	implication
321	168943_5	implication
321	168943_6	implication
321	168943_10	implication
321	168943_12	implication
321	168943_16	synonym
322	160997_9	implication
323	116117_9	synonym
324	151192_0	synonym
324	151192_1	synonym
324	151192_2	synonym
325	113644_0	implication
325	113644_1	synonym
325	113644_5	implication
325	113644_7	synonym
325	113644_9	synonym
325	113644_10	synonym
325	113644_12	synonym
326	187466_4	synonym
326	187466_7	implication
326	187466_10	synonym
326	187466_18	synonym
327	187378_1	synonym
327	187378_7	synonym
328	128140_14	hyponym
25	106238_0	string
72	106238_11	string
158	151377_0	string
28	151377_1	string
158	151377_1	string
22	120990_12	string
22	120990_13	string
28	173124_1	string
89	173124_4	string
2	173124_5	string
28	173124_5	string
2	173124_6	string
28	173124_6	string
62	173124_6	string
28	173124_11	string
62	173124_11	string
28	173124_12	string
28	173124_17	string
62	173124_17	string
89	173124_18	string
28	173124_19	string
89	173124_19	string
89	173124_20	string
204	173124_23	string
28	173124_27	string
89	173124_27	string
28	173124_28	string
28	173124_29	string
135	187753_3	string
250	187753_3	string
25	136049_3	string
25	136049_5	string
25	136049_9	string
25	136049_10	string
28	167831_2	string
62	167831_5	string
81	178961_8	string
28	178961_16	string
257	141292_1	string
257	141292_2	string
25	148215_0	string
25	148215_4	string
62	148215_12	string
25	148215_13	string
72	148215_16	string
28	198266_7	string
62	198266_7	string
4	188125_0	string
72	188125_5	string
4	188125_7	string
28	160997_3	string
28	160997_4	string
236	160997_6	string
62	160997_11	string
28	160997_14	string
72	160997_15	string
72	160997_17	string
28	160997_19	string
236	160997_19	string
28	160997_24	string
80	170407_2	string
80	170407_3	string
36	170407_9	string
36	170407_13	string
250	144659_2	string
62	144659_5	string
36	144659_6	string
67	120849_1	string
84	120849_2	string
28	120849_7	string
173	120849_8	string
28	120849_14	string
88	120849_14	string
62	120849_15	string
28	120849_22	string
28	120849_27	string
213	100085_1	string
36	112613_1	string
173	112613_4	string
28	112613_5	string
72	112613_7	string
72	112613_8	string
28	112613_9	string
72	112613_11	string
28	112613_20	string
72	112613_20	string
28	112613_21	string
80	186141_4	string
72	169111_0	string
62	169111_14	string
72	169111_18	string
72	169111_19	string
72	169111_20	string
72	169111_21	string
72	169111_23	string
173	157640_10	string
173	157640_11	string
72	146958_6	string
62	104585_4	string
138	142847_4	string
159	142847_4	string
138	142847_11	string
159	142847_11	string
67	119273_3	string
67	119273_20	string
72	197122_2	string
62	133608_10	string
2	119411_1	string
2	119411_6	string
173	124749_5	string
257	124749_10	string
173	124749_19	string
257	124749_24	string
72	105861_12	string
72	105861_15	string
236	138376_0	string
2	170628_9	string
72	170628_9	string
28	199008_6	string
250	199008_7	string
28	199008_14	string
28	199008_15	string
20	157402_0	string
28	123655_7	string
62	123655_7	string
28	123655_10	string
28	123655_18	string
153	179883_0	string
153	179883_1	string
153	179883_4	string
153	179883_5	string
36	134389_2	string
39	134389_2	string
41	163321_9	string
28	163321_14	string
28	163321_15	string
52	155533_6	string
62	132914_7	string
236	193944_7	string
2	142933_8	string
2	142933_11	string
236	186325_5	string
236	186325_7	string
72	163870_0	string
72	163870_2	string
72	163870_3	string
72	174964_0	string
28	174964_8	string
72	174964_10	string
72	174964_19	string
72	174964_20	string
257	129650_1	string
89	156619_4	string
2	156619_10	string
2	156619_11	string
89	156619_19	string
228	113598_2	string
62	113598_5	string
2	113598_8	string
28	113598_9	string
28	125362_3	string
89	125362_3	string
28	125362_4	string
28	125362_8	string
28	125362_9	string
28	133568_0	string
72	133568_0	string
72	133568_1	string
28	133568_4	string
81	133568_6	string
28	133568_11	string
28	133568_12	string
28	133568_13	string
28	133568_14	string
28	133568_16	string
28	133568_20	string
257	197423_0	string
257	197423_1	string
246	197423_5	string
246	197423_6	string
28	136373_6	string
62	136373_6	string
88	136373_13	string
28	136373_18	string
28	136373_19	string
72	136373_24	string
36	128795_10	string
36	128795_13	string
28	119246_1	string
28	119246_12	string
62	119246_12	string
89	195471_2	string
62	195471_5	string
52	195471_8	string
138	155571_0	string
138	155571_3	string
80	155571_6	string
138	155571_6	string
67	121925_1	string
67	121925_3	string
67	121925_4	string
67	121925_5	string
62	121925_11	string
67	121925_14	string
25	121925_20	string
67	121925_20	string
236	122992_2	string
28	122992_7	string
62	122992_7	string
62	100139_10	string
205	100139_15	string
88	145076_4	string
88	145076_5	string
168	145076_7	string
72	184214_0	string
72	184214_15	string
72	184214_19	string
4	162348_5	string
4	162348_16	string
4	162348_18	string
236	142413_4	string
236	142413_6	string
28	142413_7	string
236	142413_7	string
135	179642_2	string
62	180600_8	string
62	174744_13	string
72	127002_17	string
62	168128_5	string
72	168128_10	string
72	168128_16	string
72	168128_17	string
72	168128_18	string
88	170781_5	string
28	170781_6	string
72	170781_6	string
81	170781_6	string
81	170781_10	string
67	170781_11	string
28	199085_7	string
4	119283_6	string
4	101449_2	string
36	101449_2	string
4	101449_3	string
36	101449_6	string
72	101449_12	string
88	101449_16	string
25	114177_0	string
4	114177_1	string
4	114177_9	string
72	137869_0	string
67	137869_7	string
135	137869_7	string
52	137869_15	string
72	137869_17	string
135	137869_33	string
68	176083_2	string
28	176083_9	string
28	176083_10	string
72	176083_13	string
72	176083_14	string
72	176083_16	string
72	176083_17	string
72	176083_20	string
250	199726_1	string
250	199726_8	string
28	173189_0	string
89	173189_0	string
28	173189_1	string
28	173189_4	string
28	173189_6	string
72	173189_6	string
28	173189_7	string
228	167196_4	string
28	129279_3	string
278	140282_1	string
278	140282_8	string
135	171027_2	string
135	171027_3	string
62	171027_7	string
173	171027_7	string
173	171027_8	string
28	171027_9	string
173	171027_9	string
173	171027_11	string
72	136424_2	string
204	136424_8	string
62	136424_9	string
204	136424_9	string
72	136424_14	string
72	183972_0	string
28	129486_4	string
28	159675_6	string
62	159675_7	string
62	159675_8	string
62	159675_9	string
28	159675_10	string
81	159675_22	string
62	159675_31	string
62	159675_32	string
62	159675_40	string
62	159675_41	string
197	154423_0	string
72	154423_2	string
197	154423_2	string
28	154649_5	string
28	154649_6	string
28	154649_10	string
28	154649_11	string
52	154649_11	string
72	149095_6	string
8	131999_2	string
158	131999_3	string
28	147969_1	string
89	147969_5	string
62	147969_9	string
67	108103_2	string
80	179117_7	string
80	179117_9	string
36	113638_1	string
138	109170_1	string
138	109170_2	string
250	166203_1	string
62	104434_3	string
72	124465_3	string
72	124465_4	string
72	117293_0	string
28	117293_6	string
72	117293_14	string
72	117293_16	string
72	117293_19	string
72	117293_21	string
72	117293_22	string
72	117293_24	string
72	117293_28	string
72	117293_29	string
72	117293_37	string
28	105787_7	string
28	105787_9	string
36	115173_1	string
2	115173_2	string
36	115173_6	string
36	115173_7	string
36	115173_8	string
2	115173_11	string
72	102636_12	string
88	102636_13	string
28	136086_0	string
28	136086_1	string
250	136086_2	string
28	136086_6	string
28	136086_10	string
28	136086_11	string
28	136086_12	string
113	143763_0	string
113	143763_1	string
250	143763_3	string
68	184324_2	string
80	184324_4	string
80	184324_6	string
72	184324_7	string
80	184324_7	string
28	184324_8	string
28	184324_9	string
4	146378_9	string
67	157008_2	string
257	157008_2	string
25	157008_10	string
67	157008_10	string
257	157008_10	string
2	152273_12	string
257	148924_2	string
173	196411_2	string
72	191836_0	string
72	191836_1	string
72	197871_0	string
28	197871_14	string
62	197871_14	string
72	197871_15	string
72	144766_2	string
28	144766_13	string
193	144766_13	string
72	144766_20	string
185	159376_5	string
185	159376_6	string
28	159376_13	string
185	122626_2	string
80	129051_0	string
72	137091_0	string
228	137091_5	string
28	137091_10	string
62	137091_10	string
72	137091_11	string
72	137091_12	string
72	137091_15	string
72	137091_21	string
72	137091_22	string
28	151220_0	string
62	151220_3	string
62	151220_4	string
62	151220_5	string
62	151220_10	string
205	101737_0	string
205	101737_6	string
28	172672_8	string
28	172672_13	string
72	172672_14	string
72	172672_17	string
283	172672_17	string
72	172672_18	string
135	159509_1	string
250	159509_1	string
28	165297_4	string
250	175030_4	string
62	175030_13	string
28	175030_20	string
250	162987_1	string
319	162987_11	string
72	162987_12	string
250	162987_15	string
25	174786_0	string
25	174786_4	string
25	174786_14	string
4	174786_23	string
25	161086_0	string
25	161086_9	string
28	142335_2	string
30	142335_2	string
36	142335_2	string
81	142335_2	string
158	142335_2	string
28	142335_3	string
36	142335_3	string
81	142335_3	string
36	142335_10	string
81	142335_10	string
158	142335_10	string
62	191410_1	string
25	130230_2	string
28	130230_7	string
62	130230_7	string
62	196731_10	string
28	117403_12	string
319	180308_1	string
204	180308_2	string
22	150008_0	string
22	150008_2	string
4	187205_1	string
107	176232_1	string
28	136115_3	string
28	136115_4	string
28	107554_1	string
28	107554_5	string
28	107554_10	string
72	107554_10	string
67	161968_2	string
67	161968_3	string
173	161968_8	string
67	161968_17	string
67	161968_18	string
67	161968_19	string
72	161968_20	string
72	125007_0	string
34	125007_11	string
28	105400_4	string
36	126756_3	string
135	126756_3	string
28	126756_6	string
89	133226_0	string
197	105767_0	string
28	153094_2	string
89	153094_2	string
173	137856_1	string
62	137856_4	string
72	141084_0	string
250	141084_5	string
72	141084_14	string
67	191025_1	string
158	191025_4	string
62	176997_7	string
138	177550_4	string
138	165395_1	string
236	165395_1	string
72	165395_4	string
173	118257_1	string
173	118257_2	string
173	118257_3	string
173	118257_7	string
173	118257_9	string
72	107701_5	string
173	134578_9	string
89	107110_5	string
28	107110_9	string
22	107416_1	string
28	107416_1	string
4	107416_3	string
28	107416_8	string
2	107416_9	string
22	107416_16	string
72	165342_2	string
28	110704_2	string
250	110704_3	string
2	110704_6	string
28	110704_6	string
28	110704_7	string
28	110704_8	string
28	110704_9	string
28	110704_12	string
28	110704_14	string
28	164712_8	string
81	164712_9	string
257	164712_10	string
142	164712_13	string
28	109129_0	string
28	109129_1	string
28	109129_13	string
72	176333_5	string
72	172205_4	string
72	172205_10	string
25	144722_1	string
28	144722_3	string
28	144722_4	string
62	144722_4	string
28	144722_5	string
62	144722_5	string
28	144722_6	string
28	144722_8	string
28	144722_9	string
28	144722_19	string
72	194155_0	string
72	124290_6	string
236	146094_0	string
236	146094_1	string
236	146094_3	string
236	146094_5	string
257	108451_0	string
257	108451_1	string
62	108451_5	string
213	179996_5	string
81	179996_9	string
62	174691_6	string
2	174691_7	string
72	174691_14	string
72	110549_7	string
28	110549_9	string
28	110549_10	string
28	110549_12	string
28	110549_14	string
28	110549_15	string
28	110549_16	string
62	135829_3	string
62	135829_12	string
72	172884_1	string
28	172884_3	string
72	172884_13	string
28	184489_0	string
28	184489_1	string
28	184489_3	string
28	184489_17	string
28	184489_18	string
67	127621_1	string
72	137636_1	string
28	137636_2	string
72	137636_3	string
22	137636_4	string
2	137636_8	string
28	137636_8	string
28	137636_10	string
72	137636_12	string
28	137636_15	string
81	187916_7	string
28	187916_8	string
173	187916_8	string
28	187916_13	string
28	187916_14	string
72	152972_0	string
72	152972_3	string
72	152972_5	string
236	104707_9	string
62	104707_10	string
88	104707_12	string
28	154245_1	string
62	154245_1	string
197	164594_0	string
72	157839_2	string
250	157839_2	string
28	157839_4	string
28	157839_5	string
28	157839_7	string
28	157839_8	string
250	157839_12	string
236	106611_10	string
28	144657_0	string
62	144657_5	string
62	144657_6	string
28	130655_5	string
80	151854_18	string
28	171473_1	string
28	171473_2	string
67	171473_2	string
185	171473_2	string
36	171473_3	string
28	171473_5	string
62	171473_5	string
28	171473_6	string
28	171473_8	string
28	157296_14	string
250	120587_2	string
89	120587_3	string
250	120587_10	string
138	127126_2	string
158	127126_2	string
62	127126_3	string
236	127126_3	string
62	127126_4	string
62	127126_5	string
62	127126_6	string
62	127126_7	string
158	127126_12	string
89	118178_0	string
28	153406_4	string
62	153406_4	string
72	134719_2	string
28	130253_8	string
28	130253_9	string
2	130253_10	string
28	130253_13	string
28	130253_14	string
28	130253_15	string
28	130253_24	string
28	130253_25	string
80	114183_1	string
80	114183_2	string
0	114183_10	string
0	114183_32	string
62	192539_5	string
142	157548_21	string
28	129375_1	string
28	129375_2	string
28	129375_3	string
28	129375_6	string
28	129375_9	string
28	129375_15	string
319	102931_3	string
72	129017_3	string
28	129017_4	string
28	129017_5	string
28	129017_13	string
28	129017_18	string
25	195779_1	string
4	103049_3	string
62	103049_3	string
28	103049_13	string
72	103049_13	string
28	138009_0	string
72	112834_13	string
72	112834_17	string
28	146406_0	string
28	146406_3	string
2	146406_6	string
62	114444_1	string
80	114444_5	string
28	114444_13	string
4	170947_0	string
4	170947_1	string
4	170947_2	string
28	153345_9	string
28	153345_10	string
28	153345_12	string
72	153345_12	string
72	115992_1	string
4	147165_4	string
159	147165_5	string
250	147165_5	string
4	147165_6	string
236	147165_9	string
2	147165_12	string
4	147165_16	string
28	145132_1	string
236	173316_3	string
236	173316_11	string
62	176266_5	string
72	137477_4	string
138	168331_2	string
138	168331_3	string
72	168331_24	string
173	168331_31	string
62	145874_5	string
25	164967_2	string
25	164967_3	string
28	171971_6	string
72	171971_12	string
72	171971_14	string
28	111138_9	string
62	111138_9	string
28	111138_12	string
62	172571_2	string
62	172571_8	string
204	180621_11	string
204	180621_15	string
204	180621_16	string
2	139433_5	string
28	139433_5	string
72	100160_0	string
72	100160_1	string
56	100160_3	string
2	100160_7	string
81	100160_7	string
28	100160_8	string
81	100160_8	string
236	100160_8	string
72	100160_9	string
72	100160_10	string
2	100160_12	string
56	100160_17	string
72	100160_17	string
135	149591_0	string
250	149591_0	string
28	165753_5	string
62	165753_5	string
72	164384_0	string
28	162515_9	string
28	162515_10	string
28	162515_14	string
67	184905_1	string
72	184905_8	string
62	184905_13	string
28	109514_10	string
80	110663_3	string
80	110663_5	string
81	199482_7	string
213	118218_4	string
213	118218_5	string
62	118218_9	string
28	128140_13	string
72	111101_0	string
72	119239_1	string
72	119239_9	string
62	114528_9	string
81	114528_9	string
28	114528_12	string
80	172195_6	string
62	172195_7	string
80	172195_9	string
80	172195_10	string
72	181929_7	string
72	181929_14	string
28	177389_11	string
28	122174_12	string
28	122174_13	string
28	122174_16	string
72	122174_16	string
72	144023_0	string
28	144023_6	string
257	150402_5	string
25	141891_0	string
25	141891_5	string
138	182707_0	string
158	123994_2	string
25	185811_1	string
88	185811_3	string
257	185811_3	string
72	185811_6	string
88	185811_6	string
80	174045_6	string
80	174045_7	string
62	174045_9	string
80	174045_9	string
62	174045_10	string
4	111318_2	string
62	111318_4	string
25	111318_5	string
28	126341_14	string
62	126341_14	string
62	126341_15	string
62	194649_8	string
28	126427_0	string
28	126427_7	string
28	126427_9	string
28	118392_4	string
80	103679_0	string
80	103679_5	string
80	103679_8	string
62	154202_4	string
72	154202_8	string
62	137342_3	string
28	159838_0	string
28	159838_1	string
205	147054_0	string
20	147054_2	string
28	147054_2	string
62	162525_4	string
62	162525_5	string
236	151342_2	string
62	151342_3	string
62	190502_7	string
173	114837_8	string
28	114837_21	string
28	122893_10	string
319	189762_1	string
72	189762_3	string
72	143479_0	string
72	143479_4	string
72	143479_5	string
62	143479_11	string
72	143479_12	string
72	143479_13	string
81	143479_15	string
173	127293_0	string
250	176077_0	string
89	176077_1	string
158	176617_0	string
158	176617_1	string
62	180800_4	string
28	180800_5	string
72	114939_0	string
28	114939_1	string
72	114939_4	string
72	114939_5	string
28	114939_8	string
28	114939_11	string
39	196268_0	string
67	106773_1	string
173	106773_4	string
67	106773_9	string
89	104831_0	string
28	104831_1	string
89	104831_1	string
89	104831_4	string
89	104831_8	string
89	104831_9	string
72	129501_0	string
113	159468_8	string
135	183308_2	string
250	183308_2	string
62	183308_12	string
62	183308_13	string
2	183308_21	string
62	183308_21	string
135	183308_26	string
250	183308_26	string
67	192589_4	string
28	120257_18	string
28	101480_0	string
28	101480_2	string
28	101480_4	string
89	101480_4	string
28	101480_11	string
236	101480_11	string
28	101480_13	string
28	101480_14	string
28	101480_24	string
28	101480_25	string
319	194596_3	string
80	194596_7	string
80	194596_8	string
80	194596_9	string
80	194596_10	string
28	166575_4	string
28	166575_5	string
72	166575_7	string
67	150857_3	string
28	147421_1	string
72	147421_6	string
72	147421_7	string
62	171817_4	string
72	131087_5	string
72	131087_6	string
72	131087_7	string
72	131087_8	string
6	131087_14	string
72	131087_14	string
62	140318_3	string
62	140318_12	string
62	140318_13	string
128	121045_3	string
62	168047_6	string
62	168047_8	string
72	168047_8	string
28	168047_10	string
28	123535_9	string
62	158827_5	string
62	158827_6	string
4	110481_9	string
4	110481_10	string
34	109935_0	string
25	162798_9	string
25	162798_10	string
236	117186_3	string
236	117186_5	string
236	117186_6	string
28	192151_8	string
28	159878_3	string
28	159878_4	string
257	102015_0	string
62	174243_8	string
67	174243_11	string
67	174243_12	string
28	174243_19	string
28	145990_3	string
28	145990_4	string
62	179998_2	string
28	158711_0	string
28	158711_1	string
62	158711_7	string
62	158711_8	string
62	162213_7	string
62	162213_8	string
62	128590_11	string
213	192522_6	string
72	109878_0	string
72	109878_1	string
62	109878_9	string
62	109878_11	string
28	109878_14	string
28	109878_15	string
72	109878_16	string
72	109878_19	string
28	109878_20	string
72	109878_20	string
28	109878_24	string
158	179838_11	string
28	140477_0	string
28	140477_1	string
28	140477_3	string
28	140477_4	string
28	140477_9	string
28	140477_10	string
28	140477_22	string
28	140477_23	string
25	125626_0	string
25	125626_3	string
25	125626_8	string
80	126147_5	string
80	126147_6	string
80	126147_10	string
36	199399_4	string
36	199399_8	string
204	199399_14	string
36	199399_26	string
28	100454_7	string
62	100454_7	string
28	100454_13	string
28	100454_16	string
62	167483_3	string
28	167483_4	string
62	167483_4	string
28	167483_5	string
28	167483_15	string
28	167483_16	string
257	134831_1	string
250	106887_2	string
80	106887_3	string
80	115521_2	string
89	115521_4	string
62	115521_9	string
80	115521_9	string
2	115521_17	string
89	115521_19	string
28	119405_7	string
72	163165_10	string
72	163165_11	string
158	104841_0	string
158	104841_1	string
81	104841_5	string
72	104841_14	string
158	104841_18	string
67	182247_1	string
67	182247_2	string
283	182247_2	string
67	182247_3	string
67	182247_4	string
67	182247_9	string
67	182247_10	string
67	182247_13	string
62	166295_8	string
62	166295_9	string
28	197331_3	string
62	197331_4	string
257	197331_7	string
228	119124_4	string
80	122400_7	string
28	122400_8	string
80	122400_9	string
80	122400_13	string
80	122400_14	string
80	122400_16	string
28	122400_28	string
72	169374_2	string
72	169374_9	string
62	122578_8	string
62	122578_9	string
28	143223_7	string
28	143223_14	string
28	143223_19	string
28	143223_20	string
62	185113_7	string
250	122629_2	string
28	189408_12	string
135	109928_4	string
257	109928_4	string
250	109928_7	string
88	109928_13	string
88	109928_14	string
84	184846_14	string
84	184846_15	string
28	184846_17	string
28	184846_20	string
25	127915_10	string
278	168279_24	string
46	168279_35	string
28	108084_3	string
25	108084_14	string
62	108084_17	string
72	108084_24	string
142	122903_4	string
142	122903_5	string
56	184945_14	string
56	184945_15	string
56	184945_20	string
28	190179_9	string
62	176039_4	string
67	187917_0	string
213	187917_0	string
67	187917_1	string
213	187917_1	string
250	187917_1	string
67	187917_8	string
250	167675_1	string
173	167675_10	string
173	167675_11	string
250	167675_18	string
28	159434_3	string
28	159434_5	string
28	159434_7	string
28	159434_13	string
138	102433_3	string
159	102433_3	string
228	102433_3	string
138	102433_11	string
138	102433_15	string
72	179440_0	string
25	179440_5	string
36	150996_2	string
89	150996_2	string
62	150996_4	string
36	150996_10	string
62	150996_10	string
89	150996_10	string
78	139341_3	string
173	139341_8	string
173	139341_19	string
173	139341_20	string
28	120337_5	string
72	154332_1	string
28	198930_9	string
28	198930_13	string
158	102758_2	string
41	170892_3	string
257	170892_10	string
36	114210_4	string
2	114210_7	string
36	151561_2	string
135	151192_2	string
62	138286_3	string
28	173656_1	string
72	173656_1	string
28	173656_3	string
250	173656_3	string
28	173656_6	string
81	173656_6	string
173	173656_6	string
28	173656_7	string
81	173656_7	string
204	173656_7	string
4	183590_0	string
62	110806_4	string
62	110806_5	string
138	198098_1	string
250	198098_1	string
88	198098_5	string
158	174261_1	string
257	174261_9	string
236	149073_9	string
62	149073_23	string
236	149073_27	string
62	157743_1	string
62	157743_2	string
52	157743_6	string
52	157743_10	string
250	131694_1	string
67	126013_2	string
173	126013_8	string
72	126013_9	string
28	126013_10	string
72	126013_10	string
72	126013_11	string
72	126013_13	string
173	191228_11	string
173	191228_15	string
173	191228_16	string
173	191228_18	string
197	173273_1	string
319	126242_1	string
62	126242_10	string
62	126242_14	string
135	198957_3	string
319	198957_9	string
236	181555_6	string
62	181555_9	string
236	181555_19	string
62	171327_11	string
72	162981_2	string
62	146104_4	string
62	146104_8	string
62	146104_9	string
66	146104_10	string
62	146104_14	string
173	109173_7	string
28	166902_9	string
62	166902_12	string
28	166902_14	string
66	166902_24	string
72	189261_4	string
128	165603_3	string
250	165603_3	string
62	165603_20	string
28	165603_27	string
250	165603_36	string
128	165603_37	string
72	106782_5	string
158	106091_3	string
78	106091_7	string
62	106091_12	string
72	106091_13	string
62	105694_3	string
72	105694_10	string
20	194084_0	string
135	194084_0	string
20	194084_1	string
28	194084_3	string
135	194084_9	string
20	194084_10	string
135	194084_10	string
62	170309_6	string
62	170309_7	string
81	147575_6	string
88	147575_6	string
213	147575_6	string
236	147575_6	string
62	147575_7	string
72	147575_8	string
72	147575_9	string
72	147575_10	string
28	199447_9	string
72	199447_10	string
56	184833_1	string
56	184833_12	string
80	126095_3	string
80	126095_6	string
80	126095_10	string
72	148450_10	string
72	148450_12	string
72	148450_13	string
22	148450_15	string
72	148450_17	string
72	152649_0	string
72	152649_1	string
135	152649_1	string
287	152649_1	string
197	154943_1	string
197	154943_2	string
28	150306_1	string
28	150306_2	string
28	150306_9	string
72	150306_9	string
72	150306_10	string
72	150306_11	string
28	150306_12	string
72	150306_12	string
72	150306_14	string
28	150306_17	string
72	150306_17	string
28	150306_18	string
72	150306_18	string
89	165056_13	string
28	149203_2	string
28	149203_3	string
28	149203_6	string
62	149203_6	string
72	149203_9	string
28	149436_9	string
28	149436_10	string
67	147383_0	string
89	147383_0	string
142	162749_3	string
28	155638_8	string
72	107357_5	string
67	116778_2	string
142	118677_2	string
138	144518_1	string
138	144518_12	string
62	170614_10	string
257	170614_12	string
28	131156_2	string
67	131156_2	string
158	131156_2	string
67	178391_1	string
80	178391_1	string
80	178391_3	string
158	140236_1	string
25	162910_10	string
72	145699_0	string
62	145699_5	string
72	145699_5	string
72	145699_6	string
62	145699_16	string
28	145699_17	string
72	145699_17	string
28	145699_18	string
67	145699_23	string
250	163816_2	string
28	163816_5	string
25	128247_3	string
250	128247_3	string
250	128247_4	string
28	128247_7	string
28	128247_8	string
25	128247_15	string
25	128247_16	string
250	128247_16	string
28	161610_3	string
62	161610_7	string
28	161610_8	string
236	161610_9	string
62	161610_10	string
36	150548_3	string
36	150548_4	string
135	183827_2	string
236	183827_2	string
2	176107_7	string
250	147345_4	string
28	157685_7	string
72	157685_9	string
72	157685_10	string
72	157685_12	string
72	157685_14	string
72	157685_21	string
2	122920_2	string
2	122920_6	string
62	177613_11	string
72	177613_12	string
72	177613_16	string
28	146947_8	string
62	146947_8	string
28	146947_11	string
28	113492_7	string
72	185494_10	string
36	115865_1	string
142	115865_1	string
25	132444_0	string
72	132444_10	string
25	132444_12	string
25	132444_13	string
4	149256_0	string
72	149256_1	string
4	149256_2	string
72	149256_14	string
4	149256_18	string
4	149256_19	string
62	143937_3	string
28	192498_0	string
28	192498_1	string
28	192498_2	string
28	192498_5	string
28	192498_10	string
28	192498_12	string
28	192498_13	string
28	192498_15	string
28	192498_25	string
28	192498_26	string
28	169428_0	string
28	169428_1	string
158	169428_1	string
28	169428_4	string
28	169428_7	string
72	169428_10	string
22	169428_11	string
72	169428_11	string
2	169428_13	string
138	112869_3	string
205	112869_3	string
25	134964_2	string
72	134964_4	string
72	134964_5	string
25	134964_7	string
81	134964_8	string
153	199642_7	string
62	199642_12	string
2	199642_15	string
153	199642_16	string
173	143881_6	string
173	131768_2	string
72	131768_21	string
72	131768_22	string
72	131768_25	string
22	117505_17	string
89	142533_3	string
80	167488_1	string
28	106334_11	string
62	106334_11	string
28	106334_15	string
72	106334_16	string
67	183002_2	string
67	183002_3	string
80	183002_5	string
67	134857_6	string
28	134857_9	string
62	134857_9	string
28	134857_22	string
28	134857_24	string
62	108558_2	string
62	108558_3	string
28	108558_8	string
28	108558_9	string
62	141538_2	string
72	141538_4	string
72	141538_5	string
28	136356_10	string
4	136356_15	string
80	191196_0	string
173	132513_0	string
173	132513_3	string
62	132513_8	string
39	141520_1	string
72	125325_13	string
28	190532_3	string
28	171305_20	string
25	171305_24	string
25	171305_27	string
28	123684_7	string
28	123684_16	string
36	114250_1	string
250	114250_2	string
4	114250_19	string
4	114250_20	string
36	114250_20	string
250	114250_20	string
159	162528_1	string
159	162528_2	string
158	126574_3	string
236	126574_6	string
72	126574_8	string
72	126574_13	string
62	113865_1	string
62	113865_2	string
20	113865_11	string
20	113865_12	string
36	142178_1	string
213	142178_3	string
213	142178_4	string
28	180546_0	string
28	180546_1	string
28	180546_3	string
28	180546_7	string
28	180546_8	string
28	180546_9	string
28	180546_20	string
28	180546_21	string
28	180546_22	string
72	153808_10	string
72	153808_11	string
28	197150_13	string
72	195655_4	string
81	116117_3	string
62	116117_7	string
62	186314_5	string
250	186314_10	string
257	186314_10	string
204	172267_4	string
236	172267_6	string
257	178787_3	string
28	154237_8	string
28	154237_9	string
28	154237_10	string
62	154237_10	string
81	154237_11	string
173	154237_11	string
72	154237_12	string
173	154237_12	string
72	154237_18	string
72	154237_19	string
128	129611_4	string
128	129611_5	string
205	152105_2	string
72	152105_8	string
72	196459_2	string
62	196459_10	string
72	196459_13	string
68	196459_16	string
72	109543_3	string
62	129645_0	string
28	155573_8	string
72	154244_1	string
72	154244_2	string
72	154244_12	string
72	154244_13	string
62	190272_8	string
72	171753_7	string
62	174736_5	string
62	174736_6	string
246	174736_9	string
62	171913_9	string
72	186436_17	string
28	125632_3	string
2	125632_16	string
28	125632_16	string
62	125632_19	string
20	187941_3	string
28	103881_1	string
28	103881_6	string
28	103881_7	string
62	103881_7	string
236	103881_7	string
250	150588_5	string
319	150588_5	string
72	120701_1	string
72	120701_2	string
62	120701_6	string
72	177082_3	string
72	177082_4	string
62	177082_8	string
72	177082_10	string
72	177082_11	string
50	177082_12	string
72	177082_12	string
72	177082_13	string
72	177082_14	string
72	177082_15	string
72	177082_16	string
72	177082_17	string
72	177082_19	string
72	177082_21	string
25	174752_2	string
28	174752_13	string
28	174752_14	string
72	174752_17	string
28	174752_18	string
28	174752_26	string
28	174752_27	string
28	155684_10	string
62	102889_3	string
28	186382_1	string
28	186382_6	string
213	186382_6	string
213	186382_7	string
28	186382_8	string
278	169126_0	string
89	169126_1	string
28	173220_5	string
62	173220_10	string
25	173220_11	string
41	133339_0	string
72	133339_0	string
41	133339_1	string
62	133339_11	string
80	139987_0	string
28	141996_21	string
28	141996_22	string
2	153866_2	string
2	153866_4	string
28	119502_0	string
250	133424_0	string
250	133424_1	string
250	162642_1	string
158	162642_10	string
81	144298_5	string
81	144298_6	string
81	144298_22	string
236	194360_5	string
62	127274_9	string
72	127274_9	string
72	127274_16	string
72	117954_13	string
72	146210_0	string
122	146210_2	string
72	105017_0	string
72	105017_2	string
72	105017_3	string
135	105017_4	string
204	105017_8	string
204	105017_9	string
72	105017_18	string
28	168943_0	string
81	165510_2	string
81	165510_3	string
81	165510_12	string
236	163153_6	string
28	124621_0	string
28	124621_3	string
62	124621_7	string
28	124621_9	string
28	124621_10	string
28	124621_14	string
28	124621_21	string
62	104268_14	string
62	151011_4	string
62	151011_5	string
89	121173_2	string
62	119691_6	string
67	104082_0	string
72	168309_9	string
72	168309_10	string
72	110998_0	string
28	110998_5	string
204	110998_5	string
72	110998_7	string
72	110998_11	string
250	115471_3	string
62	150770_7	string
250	146195_1	string
213	146195_5	string
250	146195_13	string
250	146195_14	string
72	125594_0	string
236	125594_4	string
62	125594_11	string
62	125594_12	string
28	125594_15	string
72	125594_15	string
28	125594_16	string
28	125594_38	string
28	125594_39	string
28	125594_44	string
28	125594_46	string
62	174697_3	string
28	174697_5	string
62	196148_12	string
62	196148_13	string
173	196148_13	string
28	196148_16	string
62	186363_7	string
72	186363_13	string
28	178126_11	string
72	178126_22	string
72	188772_8	string
2	153694_2	string
36	153694_2	string
138	153694_2	string
2	153694_3	string
36	153694_11	string
138	153694_11	string
80	164644_2	string
62	164644_4	string
28	102295_6	string
28	174483_10	string
173	174483_14	string
173	174483_15	string
173	174483_20	string
2	103229_10	string
36	133691_0	string
36	133691_2	string
135	133691_2	string
36	133691_6	string
36	133691_7	string
36	133691_15	string
197	157301_4	string
72	157301_9	string
72	157301_12	string
72	157301_13	string
56	157301_26	string
89	158950_0	string
81	104777_9	string
28	104777_14	string
72	109667_0	string
135	109667_4	string
135	109667_5	string
72	109667_9	string
72	109667_10	string
62	193267_3	string
62	193267_5	string
62	193267_6	string
62	193267_7	string
62	193267_10	string
28	193267_11	string
25	115692_4	string
25	115692_21	string
80	103063_3	string
80	103063_4	string
28	179472_6	string
81	179472_6	string
213	179472_7	string
28	180101_3	string
138	180101_3	string
89	120762_1	string
89	120762_10	string
72	122883_1	string
72	122883_5	string
72	122883_6	string
72	133867_10	string
72	161418_3	string
72	161418_4	string
28	161418_12	string
72	161418_18	string
67	188241_3	string
67	188241_4	string
89	167972_5	string
89	167972_6	string
173	167972_10	string
173	167972_11	string
173	167972_12	string
89	150804_3	string
153	150804_3	string
28	146582_5	string
62	146582_11	string
67	146582_15	string
36	150164_1	string
81	150164_1	string
135	150164_1	string
135	150164_2	string
62	178922_6	string
257	181044_2	string
62	181044_6	string
257	181044_12	string
250	134823_3	string
250	134823_4	string
72	134823_11	string
2	143877_6	string
80	143877_23	string
80	181394_5	string
80	181394_8	string
257	133242_4	string
72	133242_16	string
28	185551_0	string
28	185551_1	string
286	185551_3	string
72	185551_9	string
72	185551_13	string
72	185551_14	string
56	191244_6	string
28	179104_4	string
173	179104_10	string
72	179104_19	string
67	184541_7	string
62	184541_11	string
67	184541_19	string
142	136671_4	string
236	136671_7	string
81	136671_8	string
81	136671_9	string
28	136671_22	string
135	126490_2	string
28	126490_9	string
28	126490_12	string
135	126490_12	string
28	126490_16	string
28	126490_17	string
36	160100_5	string
28	160100_9	string
62	160100_9	string
28	149498_0	string
128	149498_0	string
128	149498_2	string
28	149498_3	string
128	149498_3	string
28	149498_6	string
28	149498_7	string
236	149498_7	string
28	149498_11	string
28	149498_12	string
28	149498_13	string
128	149498_13	string
28	149498_15	string
72	149498_19	string
128	149498_21	string
28	149498_22	string
128	149498_22	string
28	171393_3	string
173	171393_11	string
28	171393_15	string
62	171393_17	string
28	171393_22	string
28	171393_23	string
28	171393_26	string
28	171393_27	string
28	171393_38	string
204	100028_2	string
213	100028_2	string
250	100028_3	string
28	100028_7	string
204	100028_8	string
213	100028_10	string
72	100028_12	string
204	100028_15	string
67	166034_5	string
67	166034_6	string
72	125316_0	string
84	125316_6	string
72	125316_11	string
72	125316_12	string
72	125316_13	string
72	125316_14	string
36	125316_18	string
67	125316_19	string
62	193575_5	string
62	134208_3	string
62	134208_4	string
67	171357_7	string
72	171357_14	string
72	171357_16	string
72	129412_0	string
28	129412_8	string
28	129412_9	string
28	129412_11	string
72	129412_11	string
72	129412_12	string
72	129412_15	string
173	149111_7	string
173	149111_17	string
72	112313_2	string
204	112313_6	string
173	113759_6	string
72	106220_12	string
28	107683_5	string
28	107683_7	string
28	107683_12	string
20	135705_0	string
72	135705_0	string
72	135705_1	string
20	135705_3	string
72	135705_10	string
72	135705_11	string
72	135705_12	string
72	155984_0	string
72	155984_11	string
2	155984_12	string
72	146452_1	string
62	146452_7	string
62	146452_10	string
28	146452_11	string
213	146452_12	string
236	146452_12	string
28	146452_13	string
28	146452_24	string
20	179480_3	string
62	179480_14	string
236	179480_21	string
28	179480_24	string
28	179480_25	string
28	179480_26	string
28	179480_36	string
28	179480_37	string
62	172591_2	string
62	172591_3	string
72	135016_2	string
72	135016_11	string
72	135016_12	string
72	135016_14	string
72	147974_0	string
72	147974_2	string
128	147974_3	string
72	147974_9	string
28	147974_15	string
72	157744_0	string
72	157744_12	string
72	157744_18	string
66	132884_0	string
66	132884_3	string
28	150313_9	string
62	133325_2	string
62	133325_7	string
62	133325_8	string
62	133325_9	string
72	176996_0	string
142	176996_4	string
250	176996_4	string
257	176996_4	string
319	176996_4	string
62	176996_10	string
72	176996_14	string
72	176996_16	string
62	112474_8	string
62	114845_5	string
72	106327_0	string
250	106327_4	string
72	106327_7	string
72	106327_8	string
173	170654_10	string
173	170654_12	string
72	106794_1	string
72	106794_15	string
72	106794_16	string
72	106794_17	string
135	106794_19	string
72	110084_0	string
72	110084_6	string
2	115024_2	string
2	115024_17	string
142	128050_3	string
142	128050_4	string
236	128050_4	string
25	124788_2	string
250	124788_3	string
36	124788_5	string
72	124788_10	string
72	124788_11	string
135	141825_2	string
250	141825_2	string
89	141825_3	string
89	141825_6	string
135	141825_6	string
72	141825_9	string
28	142197_0	string
62	142197_4	string
28	142197_6	string
138	194111_3	string
28	187466_2	string
28	187466_3	string
57	187466_4	string
138	187466_4	string
28	187466_5	string
138	187466_5	string
28	187466_12	string
28	187466_13	string
67	103369_4	string
250	103369_5	string
62	163565_0	string
62	163565_2	string
62	163565_4	string
62	163565_5	string
236	163565_5	string
62	163565_8	string
236	163565_8	string
236	163565_9	string
62	163565_10	string
62	163565_11	string
236	163565_11	string
62	163565_15	string
236	163565_15	string
62	163565_16	string
62	163565_17	string
236	163565_17	string
62	163565_21	string
319	163565_21	string
319	163565_22	string
4	188206_3	string
28	188206_9	string
28	188206_21	string
135	118995_0	string
135	118995_1	string
250	118995_1	string
257	118995_1	string
62	118995_5	string
28	127081_6	string
2	103677_5	string
28	103677_5	string
62	103677_5	string
72	177351_5	string
89	104582_4	string
4	104582_5	string
28	188625_3	string
36	188625_5	string
67	174262_1	string
257	174262_1	string
168	174262_2	string
80	134157_1	string
