694	106238_2	synonym
694	106238_9	synonym
694	144659_1	synonym
694	144659_4	implication
694	128590_14	synonym
694	128050_14	synonym
694	179117_4	implication
694	140222_13	synonym
694	162749_12	synonym
694	162749_13	synonym
694	116955_6	synonym
694	138286_12	synonym
694	199726_5	synonym
694	136373_15	synonym
694	108558_0	synonym
694	156619_2	synonym
694	108558_1	synonym
694	125325_13	synonym
694	199482_30	synonym
694	108558_4	abbreviation
694	147421_2	synonym
694	147575_7	synonym
694	186141_1	synonym
694	100492_6	synonym
694	100492_7	synonym
694	109935_9	synonym
694	147056_1	synonym
694	104582_11	synonym
694	193944_13	synonym
694	169111_25	synonym
694	148450_2	synonym
694	144298_20	synonym
694	120257_21	synonym
694	143223_17	synonym
694	125626_12	synonym
694	105787_8	synonym
694	120257_1	synonym
694	120257_2	synonym
694	107357_4	synonym
694	187917_3	synonym
694	191025_3	implication
694	109935_1	synonym
694	163165_12	synonym
694	138286_3	implication
694	165519_14	string
694	193091_5	implication
694	163153_19	synonym
694	163153_20	synonym
695	106238_3	synonym
695	106238_5	synonym
695	106238_7	synonym
695	106238_14	synonym
695	196268_5	synonym
695	187648_6	synonym
695	171817_5	synonym
695	171817_6	synonym
695	187648_9	synonym
695	140222_3	synonym
695	187648_11	synonym
695	171817_10	synonym
695	157548_23	synonym
695	140222_13	synonym
695	128119_2	abbreviation
695	115521_20	synonym
695	115521_22	synonym
695	126147_12	string
695	140222_21	string
695	193608_7	string
695	110663_1	synonym
695	111318_7	synonym
695	111318_8	synonym
695	155571_2	synonym
695	151408_6	synonym
695	151408_7	synonym
695	155571_7	synonym
695	192522_1	synonym
695	193575_7	string
695	110663_7	string
695	192522_5	abbreviation
695	159894_0	synonym
695	192522_9	synonym
695	193575_16	synonym
695	194596_0	synonym
695	194596_1	synonym
695	198482_4	synonym
695	194596_9	synonym
695	198482_5	string
695	198482_6	string
695	194596_10	synonym
695	131694_8	synonym
695	141520_16	string
695	191836_7	synonym
695	199962_6	synonym
695	199962_7	synonym
695	133990_14	string
695	184324_8	synonym
695	107290_7	synonym
695	164644_5	synonym
695	164644_6	synonym
695	164644_7	string
695	124897_0	synonym
695	118392_0	synonym
695	113759_3	implication
695	181788_6	abbreviation
695	142847_6	string
695	118392_3	synonym
695	142847_8	synonym
695	142847_9	synonym
695	113759_10	synonym
695	113759_11	synonym
695	118392_9	synonym
695	118392_13	synonym
695	198098_1	synonym
695	118392_14	synonym
695	144754_39	synonym
695	186141_1	synonym
695	184489_3	synonym
695	159687_0	implication
695	184489_6	synonym
695	186141_8	string
695	159687_1	synonym
695	184489_7	synonym
695	159687_5	synonym
695	144722_13	string
695	159687_8	synonym
695	149095_1	synonym
695	167483_15	synonym
695	108395_6	synonym
695	110481_8	string
695	108395_8	synonym
695	108395_10	synonym
695	110481_9	string
695	184489_17	synonym
695	184489_18	implication
695	109935_2	synonym
695	103679_5	synonym
695	177225_3	synonym
695	177225_5	synonym
695	181730_6	synonym
695	177225_6	synonym
695	177225_7	synonym
695	181730_10	implication
695	145013_3	abbreviation
695	126242_23	synonym
695	126242_24	synonym
695	145013_6	synonym
695	126095_9	synonym
695	126095_10	synonym
695	156962_1	implication
695	156962_5	string
695	196268_4	synonym
695	115521_2	synonym
695	106238_16	synonym
695	170407_5	synonym
695	167483_25	synonym
695	170407_6	abbreviation
695	167483_26	string
695	170407_7	synonym
695	110481_1	string
695	164644_9	hyponym
695	110481_5	string
695	109935_1	synonym
695	126242_28	string
695	144754_6	abbreviation
695	144754_7	synonym
695	109935_6	synonym
695	115521_15	string
695	115521_17	string
695	128119_6	string
695	109935_8	synonym
695	115521_21	synonym
695	128119_8	string
695	174045_11	string
695	181730_5	synonym
695	181730_8	string
695	144754_15	synonym
695	174045_13	string
695	174045_14	string
695	174045_17	string
695	126147_9	synonym
695	154332_2	string
695	171817_9	synonym
695	144754_37	string
695	157301_1	synonym
695	102758_8	string
695	193575_1	string
695	140222_14	synonym
695	157301_4	synonym
695	107290_10	synonym
695	157301_6	string
695	190502_1	synonym
695	193575_8	synonym
695	141520_18	implication
695	157301_7	string
695	193575_10	synonym
695	190502_4	hyponym
695	193575_12	synonym
695	193575_14	synonym
695	144722_2	implication
695	190502_9	synonym
695	193575_15	synonym
695	127081_15	hyponym
695	190502_10	string
695	159687_10	synonym
695	144722_15	string
695	198482_7	string
695	131694_6	string
695	131694_10	string
695	131694_11	synonym
695	131694_12	implication
695	157548_22	string
695	150306_10	synonym
695	180693_10	string
695	108395_7	synonym
695	150306_13	synonym
695	150306_15	string
695	150306_16	string
695	181788_16	string
695	157301_22	synonym
695	181788_18	string
695	150306_18	implication
695	113759_14	string
695	113759_16	string
695	157301_24	string
695	164815_7	string
695	133424_16	synonym
695	133424_17	synonym
695	133424_20	synonym
695	133424_21	synonym
695	133424_23	synonym
696	106238_5	synonym
696	162987_11	synonym
696	140222_5	synonym
696	102636_14	string
696	162987_13	string
696	197419_15	string
696	192180_11	string
696	140222_20	string
696	110998_12	string
696	179937_8	string
696	186382_12	synonym
696	110998_13	string
696	132513_13	synonym
696	132513_14	synonym
696	129375_13	synonym
696	129375_14	synonym
696	132513_15	string
696	121731_5	synonym
696	121731_8	string
696	143479_17	synonym
696	143479_18	synonym
696	143479_19	string
696	176083_21	string
696	143479_22	string
696	107357_7	string
696	106773_12	string
696	174146_18	string
696	104831_3	synonym
696	121045_9	string
696	121045_10	string
696	104831_4	synonym
696	114425_6	synonym
696	104831_7	string
696	143877_19	string
696	143877_22	string
696	114425_12	synonym
696	176077_8	synonym
696	171393_30	synonym
696	123994_6	synonym
696	122883_8	synonym
696	186436_24	string
696	144807_14	string
696	157296_2	synonym
696	103267_10	synonym
696	171393_37	string
696	125325_15	string
696	194111_2	synonym
696	191228_6	hyponym
696	119273_5	string
696	140402_12	string
696	122893_18	synonym
696	186141_6	synonym
696	172195_10	synonym
696	109667_11	string
696	119273_21	string
696	186141_7	synonym
696	184489_4	string
696	109667_12	string
696	167413_15	string
696	172195_13	synonym
696	123655_12	string
696	123655_13	string
696	126490_9	synonym
696	167413_23	string
696	123916_10	string
696	107354_24	string
696	123916_13	string
696	107354_25	string
696	177613_17	synonym
696	177613_18	synonym
696	159504_13	synonym
696	159504_14	string
696	190272_12	string
696	190272_13	string
696	184833_8	synonym
696	184833_9	synonym
696	177351_20	string
696	171305_25	string
696	145308_9	string
696	100754_7	string
696	100754_13	synonym
696	147056_9	synonym
696	146406_4	string
696	112857_1	synonym
696	112857_2	string
696	123684_13	string
696	100754_19	string
696	147502_7	synonym
696	146406_12	string
696	100139_12	synonym
696	155684_14	synonym
696	124764_6	string
696	155684_18	string
696	145076_17	string
696	145076_19	string
696	155569_8	string
696	145076_20	string
696	145076_21	string
696	170407_11	string
696	106238_16	synonym
696	184833_10	string
696	190179_7	synonym
696	171305_23	string
696	191228_27	string
696	155569_9	string
696	198331_2	string
696	190179_20	string
696	126490_15	string
696	170407_8	synonym
696	190179_23	string
696	170407_10	string
696	100139_14	string
696	176996_19	string
696	107357_8	string
696	197419_17	string
696	105017_24	string
696	177351_21	string
696	140432_8	string
696	142372_2	synonym
696	109935_10	synonym
696	109935_11	string
696	172195_16	string
696	109935_12	string
696	122893_21	string
696	119246_21	string
696	143223_20	synonym
696	119246_24	string
696	150804_11	string
696	143877_20	string
696	142372_20	string
696	117878_14	string
696	174146_19	string
696	152012_9	string
696	152012_10	string
696	183972_9	string
696	125594_40	string
696	125594_48	string
696	113492_6	string
696	102636_3	synonym
696	129486_8	synonym
696	196052_11	string
696	198098_10	string
696	117954_14	string
696	119273_14	synonym
696	157296_18	string
696	140402_11	string
696	129375_4	hyponym
696	121917_10	string
696	171393_31	synonym
696	147056_10	string
696	123994_9	string
696	140402_14	string
696	171393_33	synonym
696	171393_36	string
696	123832_11	string
696	167768_16	string
697	106238_9	synonym
697	106238_11	synonym
697	106238_15	synonym
697	109543_9	synonym
697	193855_11	string
697	148370_2	synonym
697	137869_29	string
697	193855_14	string
697	149591_2	string
697	100268_7	implication
697	100268_9	synonym
697	193855_16	abbreviation
697	193855_17	synonym
697	140222_5	synonym
697	149111_18	string
697	100268_10	synonym
697	162987_12	string
697	162987_13	string
697	104582_23	implication
697	125594_41	string
697	149111_20	string
697	179225_11	synonym
697	148370_10	synonym
697	159376_12	hyponym
697	140222_9	synonym
697	189762_5	synonym
697	176827_6	implication
697	181044_9	string
697	141084_17	synonym
697	176827_8	synonym
697	197419_15	string
697	181044_11	string
697	176827_11	synonym
697	168605_2	synonym
697	131974_4	implication
697	192180_11	string
697	140222_20	string
697	110998_11	synonym
697	186325_10	string
697	141582_12	synonym
697	140222_21	string
697	110998_13	string
697	191025_6	string
697	135705_17	string
697	162749_17	string
697	132513_13	hyponym
697	168605_14	synonym
697	113865_15	string
697	188625_21	string
697	132513_14	string
697	132513_15	string
697	132513_16	string
697	165519_7	synonym
697	124788_12	synonym
697	124788_13	synonym
697	131974_20	string
697	131974_21	string
697	174262_2	synonym
697	101480_19	string
697	167972_16	string
697	174146_5	string
697	176704_6	synonym
697	102433_12	hyponym
697	131974_23	string
697	176704_7	synonym
697	131974_24	string
697	165519_12	hyponym
697	125007_12	synonym
697	102433_14	string
697	165519_15	string
697	188206_14	synonym
697	121731_8	string
697	102433_15	string
697	167972_18	string
697	180101_4	synonym
697	174146_12	synonym
697	176083_21	string
697	106773_10	synonym
697	174146_17	synonym
697	192522_14	string
697	106773_11	synonym
697	110549_10	synonym
697	154237_22	string
697	107357_7	synonym
697	129556_27	string
697	106773_12	string
697	174146_18	synonym
697	167088_8	synonym
697	150402_14	synonym
697	138286_16	string
697	135610_18	synonym
697	150402_16	synonym
697	116955_12	synonym
697	154583_6	synonym
697	163870_6	string
697	116955_13	synonym
697	154583_7	string
697	110549_16	synonym
697	167088_12	hyponym
697	150402_18	synonym
697	155573_3	implication
697	113638_8	synonym
697	159838_5	string
697	102931_26	implication
697	159838_6	string
697	134208_12	string
697	164712_19	synonym
697	137477_9	synonym
697	126812_11	string
697	165297_16	synonym
697	176039_2	synonym
697	165297_17	string
697	194084_6	synonym
697	167773_6	implication
697	114425_10	hyponym
697	167773_7	synonym
697	165297_18	string
697	146958_7	implication
697	142533_11	synonym
697	167773_10	synonym
697	114425_12	string
697	158950_3	string
697	176039_8	string
697	176039_9	string
697	165297_20	synonym
697	133990_15	synonym
697	142533_13	string
697	178961_19	hyponym
697	122883_0	abbreviation
697	105400_12	abbreviation
697	105400_13	abbreviation
697	122883_1	abbreviation
697	129501_8	synonym
697	134857_40	synonym
697	119283_6	synonym
697	126341_29	hyponym
697	186216_5	synonym
697	146958_15	string
697	126341_30	string
697	170309_9	string
697	184541_19	string
697	186436_24	string
697	132444_9	synonym
697	186216_9	synonym
697	159675_47	synonym
697	199637_10	synonym
697	184541_21	string
697	103267_7	hyponym
697	150857_6	implication
697	150857_7	string
697	185487_13	string
697	159675_48	synonym
697	103267_9	hyponym
697	150857_8	string
697	170309_15	string
697	170309_16	string
697	170309_17	implication
697	171393_37	synonym
697	135016_3	synonym
697	141292_6	string
697	170309_18	synonym
697	118257_12	string
697	199482_30	implication
697	182247_11	synonym
697	170892_23	string
697	117954_15	string
697	199482_31	synonym
697	159468_11	string
697	176996_4	implication
697	121925_17	string
697	135016_8	implication
697	135016_9	hyponym
697	135016_10	synonym
697	159468_12	implication
697	199482_32	string
697	135016_11	hyponym
697	142847_8	string
697	110806_11	string
697	135016_14	implication
697	135016_15	implication
697	135016_16	hyponym
697	184450_9	synonym
697	174736_11	string
697	133219_6	string
697	104777_22	string
697	119273_5	synonym
697	184450_14	abbreviation
697	107052_1	synonym
697	133339_20	hyponym
697	118392_12	hyponym
697	118392_13	synonym
697	140402_12	string
697	190242_14	synonym
697	153094_2	implication
697	148215_18	string
697	112613_19	string
697	166295_3	synonym
697	140402_15	string
697	146210_13	synonym
697	144925_7	string
697	197459_10	string
697	107052_9	hyponym
697	157839_9	synonym
697	138009_3	synonym
697	180308_7	string
697	130451_10	string
697	166295_10	synonym
697	167675_14	synonym
697	107052_14	string
697	130451_11	string
697	199447_8	string
697	145340_12	string
697	112869_12	string
697	109667_11	synonym
697	158827_11	synonym
697	186141_7	synonym
697	145340_14	implication
697	149256_3	synonym
697	109667_12	string
697	199447_13	string
697	167675_16	string
697	141538_5	synonym
697	122251_8	synonym
697	122251_9	string
697	189261_4	implication
697	189261_5	string
697	122251_12	hyponym
697	138190_18	synonym
697	138190_19	synonym
697	189261_7	string
697	103880_12	synonym
697	159504_3	string
697	189423_12	hyponym
697	134578_13	string
697	114158_16	synonym
697	185233_2	synonym
697	198152_26	string
697	184846_17	synonym
697	193091_2	abbreviation
697	107354_24	synonym
697	184846_18	synonym
697	107354_25	synonym
697	159504_11	synonym
697	177613_18	string
697	159504_13	string
697	190272_12	synonym
697	120587_9	synonym
697	184846_21	abbreviation
697	132914_12	synonym
697	187941_8	string
697	139341_20	synonym
697	174744_14	synonym
697	184846_22	implication
697	193091_9	synonym
697	193091_10	string
697	184833_8	synonym
697	132914_14	synonym
697	159504_18	string
697	140259_5	string
697	142089_11	string
697	184833_9	string
697	160732_3	synonym
697	177351_20	string
697	146094_7	string
697	183308_27	synonym
697	184846_25	string
697	185233_19	synonym
697	100754_5	synonym
697	162147_4	hyponym
697	106220_15	string
697	100754_6	synonym
697	185233_21	string
697	114210_8	synonym
697	142089_16	string
697	123684_2	synonym
697	147056_1	synonym
697	162147_10	abbreviation
697	177225_7	synonym
697	123684_3	synonym
697	139780_4	abbreviation
697	120889_13	synonym
697	147056_7	synonym
697	192539_8	synonym
697	123684_8	string
697	195244_12	string
697	147056_8	synonym
697	147056_9	synonym
697	160100_17	string
697	147056_11	string
697	123684_11	synonym
697	120889_15	string
697	139433_8	synonym
697	126242_27	synonym
697	125362_4	synonym
697	123684_12	string
697	123684_13	synonym
697	139433_9	synonym
697	100754_19	string
697	126242_29	string
697	100139_12	synonym
697	193855_7	abbreviation
697	193855_8	abbreviation
697	133691_15	hyponym
697	133691_16	string
697	194471_7	synonym
697	194471_8	synonym
697	151220_12	string
697	115024_13	synonym
697	153808_2	implication
697	101737_2	synonym
697	137106_3	hyponym
697	155684_13	hyponym
697	117293_30	abbreviation
697	144298_23	synonym
697	171659_14	hyponym
697	144298_24	abbreviation
697	154332_6	string
697	114250_15	string
697	133242_21	string
697	117293_34	synonym
697	155569_8	string
697	115692_19	string
697	155569_12	synonym
697	170407_11	string
697	105787_3	synonym
697	183972_8	synonym
697	105787_6	synonym
697	105787_7	synonym
697	105787_9	synonym
697	106238_16	synonym
697	169111_24	string
697	149452_13	string
697	158711_16	string
697	191788_11	string
697	191788_12	string
697	157839_11	string
697	141538_6	string
697	169111_28	string
697	128795_13	hyponym
697	171659_11	string
697	185233_18	synonym
697	113638_1	synonym
697	144925_8	string
697	197331_13	string
697	115471_18	string
697	169111_30	string
697	128795_15	synonym
697	155569_10	string
697	130230_14	synonym
697	137477_3	synonym
697	128795_16	synonym
697	128795_17	string
697	169111_31	string
697	190179_20	string
697	184846_24	string
697	171027_16	string
697	185494_12	synonym
697	130230_17	string
697	102931_25	string
697	190179_23	string
697	167972_1	abbreviation
697	143937_11	string
697	127864_6	string
697	100139_13	string
697	139341_12	synonym
697	185494_16	string
697	171027_20	string
697	179883_5	string
697	174752_25	string
697	141084_16	synonym
697	108084_1	synonym
697	179883_7	string
697	126623_15	string
697	108084_4	synonym
697	179225_12	string
697	141084_19	string
697	176039_7	string
697	176039_11	string
697	141084_20	synonym
697	108084_6	synonym
697	107357_8	string
697	114158_15	synonym
697	167088_11	string
697	176996_20	synonym
697	105017_24	string
697	145720_6	hyponym
697	191025_5	string
697	176996_21	string
697	100492_12	string
697	145720_10	synonym
697	193855_13	string
697	177351_22	string
697	121173_10	string
697	147054_7	string
697	167675_1	implication
697	118218_19	string
697	134823_14	string
697	173667_16	synonym
697	198152_28	string
697	148912_10	string
697	118218_21	string
697	109935_10	abbreviation
697	167697_9	string
697	164712_20	string
697	120849_26	string
697	132444_2	hyponym
697	198152_32	string
697	108084_23	string
697	133691_5	synonym
697	159904_11	string
697	168331_34	synonym
697	115024_14	synonym
697	104582_22	synonym
697	120990_4	synonym
697	115024_15	string
697	143223_20	hyponym
697	108084_26	hyponym
697	120990_15	string
697	120990_16	string
697	133608_19	string
697	132444_12	hyponym
697	114183_30	synonym
697	150804_11	string
697	136175_14	string
697	114183_31	synonym
697	108084_29	hyponym
697	154332_5	string
697	136175_16	string
697	150804_13	string
697	108084_31	string
697	167773_9	string
697	136175_17	string
697	140660_15	abbreviation
697	190242_12	implication
697	168943_12	string
697	176704_11	string
697	180800_23	hyponym
697	127002_14	synonym
697	168943_13	string
697	103880_13	string
697	103049_16	string
697	149111_19	string
697	140222_10	synonym
697	142372_17	synonym
697	186325_11	string
697	108084_36	string
697	159504_15	string
697	168943_14	string
697	142372_19	string
697	127002_19	string
697	140222_14	hyponym
697	118677_16	string
697	153552_8	string
697	115692_17	string
697	115692_18	string
697	142372_20	synonym
697	188206_15	string
697	102758_9	string
697	102758_10	implication
697	101480_16	synonym
697	163816_7	abbreviation
697	188206_17	string
697	152273_11	synonym
697	101480_17	synonym
697	188625_18	string
697	163816_9	synonym
697	152273_14	synonym
697	174146_19	string
697	149073_41	string
697	101737_0	implication
697	124788_7	string
697	174146_20	string
697	101737_1	implication
697	101737_6	abbreviation
697	101737_8	hyponym
697	101737_10	string
697	146958_14	synonym
697	146958_16	string
697	155573_1	implication
697	152649_17	string
697	101737_11	implication
697	101737_12	string
697	121731_9	string
697	183972_10	string
697	159894_20	string
697	182351_12	synonym
697	152649_19	string
697	190502_11	string
697	197615_9	synonym
697	197615_13	string
697	140259_6	string
697	135610_19	string
697	116955_14	string
697	144722_12	synonym
697	117293_32	string
697	194084_7	string
697	109878_2	synonym
697	112613_18	string
697	113492_1	synonym
697	159376_13	synonym
697	165519_13	synonym
697	125594_48	string
697	134578_3	synonym
697	113492_6	string
697	189762_7	string
697	192180_3	string
697	174571_2	string
697	170309_10	string
697	106773_13	string
697	179998_8	string
697	177846_11	string
697	193091_11	string
697	159138_6	string
697	170309_11	string
697	165297_19	synonym
697	150164_7	string
697	142089_12	synonym
697	172884_8	string
697	102636_3	synonym
697	174571_7	string
697	172884_10	string
697	112869_10	synonym
697	166575_13	string
697	198098_10	string
697	104707_21	string
697	157548_25	synonym
697	112869_11	string
697	104707_22	string
697	170892_20	string
697	176827_7	implication
697	133339_21	string
697	199447_11	string
697	176827_10	synonym
697	185487_12	string
697	147056_10	synonym
697	159468_10	string
697	134857_43	synonym
697	109878_13	synonym
697	156001_7	string
697	119273_22	synonym
697	146210_12	string
697	156001_8	string
697	121925_15	string
697	138678_27	synonym
697	167768_13	synonym
697	114210_9	string
697	124621_16	synonym
697	167768_16	string
697	167768_17	synonym
697	133424_30	string
697	133424_31	synonym
698	106238_11	string
698	106238_15	string
698	118475_6	synonym
698	118475_7	synonym
698	103267_7	synonym
698	103267_9	synonym
698	103267_13	string
698	181929_10	string
698	181929_11	string
698	123684_8	synonym
698	123684_9	synonym
698	123684_15	synonym
698	155684_13	synonym
698	155684_18	string
698	106238_16	string
698	123684_14	string
698	103267_12	string
698	179883_5	string
698	179883_6	string
698	179883_7	string
698	152273_4	string
698	152273_14	string
698	121925_14	string
698	121925_15	string
698	114444_9	string
699	106238_12	string
699	106238_13	string
699	106238_15	string
699	177920_5	synonym
699	117878_3	string
699	117878_12	string
699	117878_13	string
699	154237_22	string
699	177920_18	string
699	135610_18	string
699	103267_9	string
699	103267_10	string
699	103267_13	string
699	170892_25	string
699	159504_14	string
699	193091_10	string
699	159504_17	string
699	193091_12	string
699	147056_2	implication
699	147056_8	string
699	147056_9	string
699	106238_16	string
699	103267_12	string
699	100492_10	string
699	145720_6	string
699	177920_16	string
699	177920_19	string
699	117878_14	string
699	117878_15	string
699	193091_5	implication
699	193091_11	string
699	170892_21	string
699	147056_10	string
700	106238_13	synonym
700	120257_25	string
700	101737_9	string
700	153406_11	synonym
700	153406_12	synonym
700	144659_2	implication
700	177846_10	string
700	141084_8	synonym
700	114845_11	synonym
700	188241_14	string
700	153406_14	string
700	165510_12	synonym
700	133608_12	hyponym
700	179225_7	synonym
700	151265_10	string
700	128590_14	hyponym
700	150105_0	synonym
700	197615_3	synonym
700	179225_11	synonym
700	125626_20	string
700	151265_13	string
700	144659_11	synonym
700	151614_10	string
700	128587_5	synonym
700	141084_17	string
700	130655_5	hyponym
700	162798_14	string
700	182351_10	synonym
700	192180_11	string
700	157640_23	string
700	162798_16	string
700	182351_11	string
700	159253_6	string
700	195624_14	string
700	188206_4	implication
700	183827_2	synonym
700	149073_40	string
700	113865_14	string
700	162348_6	synonym
700	124788_9	hyponym
700	160867_7	synonym
700	168022_2	synonym
700	162798_24	string
700	183827_11	string
700	112313_14	string
700	124788_12	string
700	100966_2	string
700	112777_5	string
700	132884_7	synonym
700	183827_12	string
700	150402_6	synonym
700	168022_7	synonym
700	188206_12	synonym
700	150402_7	synonym
700	124864_6	synonym
700	132884_8	string
700	112777_7	string
700	124673_2	implication
700	100966_7	string
700	162348_19	synonym
700	100966_9	string
700	177622_12	synonym
700	138678_28	string
700	169173_0	implication
700	174146_14	hyponym
700	100966_12	synonym
700	188206_20	string
700	151377_13	string
700	174146_18	string
700	177622_18	string
700	142372_15	synonym
700	167088_8	synonym
700	199726_1	implication
700	150402_16	synonym
700	116955_12	synonym
700	142372_18	synonym
700	169173_4	string
700	116955_13	synonym
700	102931_18	hyponym
700	167088_12	string
700	198482_5	string
700	115471_11	string
700	116955_15	string
700	121045_9	synonym
700	199726_7	synonym
700	126812_6	hyponym
700	134208_11	string
700	167196_0	synonym
700	172591_8	string
700	134208_12	string
700	126812_11	string
700	147345_13	string
700	130230_13	synonym
700	126812_14	synonym
700	176801_19	synonym
700	195981_6	string
700	176039_8	string
700	167196_10	hyponym
700	167196_11	string
700	178961_19	string
700	178961_20	string
700	167196_12	string
700	198957_13	synonym
700	115338_8	synonym
700	134027_19	string
700	154245_7	string
700	115338_13	synonym
700	154245_9	string
700	128251_7	string
700	112248_10	string
700	186216_7	synonym
700	163816_11	string
700	186216_8	string
700	159675_47	synonym
700	168116_3	synonym
700	159968_9	string
700	187917_6	string
700	169428_4	synonym
700	196148_33	string
700	176996_4	implication
700	199008_24	string
700	118677_15	string
700	160184_0	implication
700	152012_8	synonym
700	190242_10	string
700	184450_11	synonym
700	154423_12	hyponym
700	184450_14	string
700	184450_15	string
700	149436_9	string
700	196878_10	string
700	157839_5	synonym
700	176996_16	synonym
700	196880_11	string
700	160184_9	string
700	156619_20	string
700	185811_8	string
700	197459_10	string
700	185811_9	string
700	196880_16	synonym
700	186927_13	string
700	186927_15	string
700	116970_5	synonym
700	155984_16	string
700	130451_11	string
700	178322_12	string
700	164280_3	synonym
700	198266_13	hyponym
700	184788_14	string
700	146452_2	implication
700	175030_16	string
700	172195_15	string
700	174744_2	synonym
700	106794_17	hyponym
700	116970_13	synonym
700	198266_18	string
700	198266_19	string
700	195735_2	synonym
700	134578_10	hyponym
700	157008_9	hyponym
700	103880_12	synonym
700	157008_10	synonym
700	134578_13	string
700	188125_0	implication
700	106794_21	string
700	188125_1	synonym
700	162213_10	hyponym
700	169851_6	synonym
700	169851_7	string
700	175030_28	synonym
700	184905_14	synonym
700	113215_7	implication
700	174744_14	synonym
700	100559_10	string
700	183308_26	synonym
700	164967_6	string
700	160732_3	synonym
700	177351_20	string
700	183308_27	synonym
700	103229_1	hyponym
700	142089_13	synonym
700	137441_10	hyponym
700	100754_6	synonym
700	160732_7	synonym
700	137441_11	hyponym
700	150008_1	synonym
700	164967_11	string
700	100754_7	synonym
700	164967_12	string
700	103229_9	synonym
700	103229_11	string
700	162147_10	synonym
700	187790_5	string
700	100754_13	synonym
700	188772_7	abbreviation
700	150008_13	string
700	111966_21	synonym
700	188772_10	string
700	192589_4	synonym
700	162147_13	synonym
700	139433_6	hyponym
700	199568_13	string
700	140161_5	synonym
700	114845_3	implication
700	186314_9	string
700	112857_1	string
700	199568_15	string
700	188772_14	string
700	112857_2	string
700	108451_11	string
700	139433_9	synonym
700	100754_19	synonym
700	133608_1	synonym
700	199568_18	string
700	180121_5	synonym
700	175366_16	synonym
700	180121_7	string
700	167768_9	synonym
700	175366_18	string
700	177389_12	string
700	133608_8	implication
700	177389_13	string
700	151265_1	implication
700	175366_20	string
700	165603_31	synonym
700	115024_13	synonym
700	172461_2	synonym
700	147502_16	synonym
700	177389_17	string
700	168411_16	synonym
700	149452_11	synonym
700	153406_8	hyponym
700	117293_28	synonym
700	120257_20	synonym
700	168411_17	synonym
700	149452_14	string
700	133242_18	string
700	115692_14	synonym
700	144298_25	string
700	165510_3	synonym
700	117293_33	string
700	125626_3	implication
700	133242_21	string
700	115692_16	string
700	126574_11	string
700	106238_4	synonym
700	106238_16	synonym
700	155984_13	string
700	157839_6	synonym
700	155984_14	string
700	177622_17	string
700	184788_12	synonym
700	157839_7	synonym
700	119239_16	string
700	192589_5	string
700	157839_10	string
700	141084_4	implication
700	106794_22	synonym
700	126490_10	synonym
700	151614_9	string
700	115471_14	string
700	196148_24	string
700	106794_25	string
700	115471_18	synonym
700	197459_8	hyponym
700	196148_25	string
700	100559_13	string
700	106794_26	string
700	102931_17	hyponym
700	188241_10	hyponym
700	188241_11	hyponym
700	126490_13	string
700	196148_27	string
700	130230_14	string
700	126490_14	string
700	188241_13	synonym
700	198331_2	string
700	196148_29	string
700	188241_15	string
700	158827_7	synonym
700	102931_25	string
700	124673_9	string
700	158827_8	synonym
700	136356_10	string
700	158827_12	string
700	162147_14	string
700	136356_11	string
700	175030_22	string
700	177351_14	string
700	136356_12	string
700	144298_22	hyponym
700	144659_12	string
700	179225_12	string
700	194275_8	synonym
700	194275_9	string
700	176996_19	synonym
700	154423_4	synonym
700	176996_20	synonym
700	114528_14	synonym
700	133608_2	synonym
700	162213_18	synonym
700	120257_22	string
700	120257_23	string
700	162213_19	string
700	144754_11	synonym
700	157640_22	string
700	189534_8	synonym
700	166203_1	synonym
700	151377_14	string
700	157640_24	string
700	125626_13	string
700	147345_9	string
700	147345_10	string
700	147345_11	string
700	172195_16	string
700	172461_13	string
700	103229_12	string
700	189534_12	string
700	119124_14	string
700	186314_6	synonym
700	146452_21	string
700	100966_10	string
700	174045_13	synonym
700	174045_14	string
700	128587_7	string
700	125626_17	string
700	146452_22	string
700	165603_32	synonym
700	132444_4	synonym
700	119124_15	synonym
700	187916_19	string
700	133608_18	string
700	181269_4	string
700	132444_12	hyponym
700	132444_13	synonym
700	132444_14	synonym
700	119124_18	synonym
700	128251_5	synonym
700	188772_4	implication
700	144754_37	string
700	187916_23	string
700	188772_9	string
700	188772_11	string
700	178322_15	string
700	103880_13	string
700	134027_7	implication
700	178961_14	synonym
700	178322_17	string
700	142372_17	synonym
700	142372_19	string
700	178322_19	string
700	130655_7	synonym
700	118677_16	string
700	115692_17	string
700	115692_18	string
700	188206_15	string
700	152273_8	synonym
700	188206_16	string
700	163816_7	hyponym
700	151265_12	synonym
700	134027_12	string
700	134027_15	string
700	162798_19	string
700	124864_7	string
700	163816_9	string
700	152273_14	string
700	178961_18	string
700	134027_16	string
700	163816_10	string
700	174146_19	string
700	128590_19	synonym
700	134027_18	implication
700	186927_2	implication
700	128590_20	string
700	101737_0	implication
700	124788_8	synonym
700	178961_21	string
700	152012_9	string
700	116117_13	string
700	152012_10	string
700	183972_9	string
700	149436_12	string
700	101737_11	implication
700	196880_3	implication
700	162348_12	string
700	105694_13	string
700	186927_12	hyponym
700	186927_14	string
700	190502_10	string
700	177389_16	string
700	112313_15	string
700	140161_8	string
700	197615_13	string
700	160184_7	synonym
700	162348_20	synonym
700	112313_18	synonym
700	179104_17	string
700	179104_20	string
700	117293_32	string
700	179104_22	string
700	196880_13	synonym
700	196880_14	string
700	134578_3	string
700	101099_9	string
700	121045_11	string
700	101099_10	string
700	124764_5	string
700	160732_6	synonym
700	133855_17	string
700	132884_9	string
700	193189_11	string
700	129486_7	synonym
700	149591_3	string
700	129486_8	synonym
700	196052_11	string
700	121917_10	string
700	175366_15	implication
700	125101_15	string
700	168116_7	synonym
700	156001_7	string
700	150996_9	string
700	146210_12	string
700	199008_25	string
700	138678_24	synonym
700	199008_27	string
700	198957_11	synonym
700	198957_12	string
700	106794_6	string
700	156619_19	string
700	187466_4	implication
700	157301_24	synonym
700	187466_16	synonym
700	108451_12	string
700	187466_17	synonym
700	113215_0	synonym
700	167768_15	synonym
700	119239_13	hyponym
700	167768_16	string
701	109543_8	string
701	172461_11	string
701	125594_38	string
701	165227_7	string
701	120257_28	string
701	148450_5	implication
701	133608_12	string
701	173667_10	abbreviation
701	192975_11	string
701	150105_0	string
701	173667_11	abbreviation
701	130655_1	string
701	125594_42	string
701	194360_1	string
701	193756_13	string
701	171327_21	string
701	125594_43	string
701	118475_9	string
701	193756_15	string
701	194360_4	string
701	182351_3	string
701	141582_2	string
701	193756_16	string
701	130655_5	string
701	194360_5	string
701	131087_5	string
701	195624_9	implication
701	194360_6	string
701	171327_28	string
701	157744_6	string
701	195624_10	string
701	163565_19	string
701	125316_22	string
701	194360_8	string
701	141582_9	string
701	141582_10	string
701	174691_5	implication
701	135705_14	string
701	110998_11	string
701	114837_30	string
701	141582_12	string
701	171971_1	string
701	114837_32	string
701	144023_15	hyponym
701	167831_21	string
701	167831_22	string
701	193608_7	string
701	179937_12	implication
701	194360_15	string
701	114444_22	string
701	114444_23	string
701	124788_6	implication
701	150402_0	string
701	192498_3	string
701	112313_9	string
701	145699_3	string
701	118501_1	string
701	135610_7	string
701	176266_7	string
701	169126_6	string
701	183827_11	string
701	125007_6	implication
701	131974_21	hyponym
701	100966_2	string
701	151377_1	string
701	138709_10	string
701	138709_11	string
701	146104_13	string
701	102433_12	string
701	118501_7	string
701	118501_8	string
701	138709_12	string
701	176266_12	implication
701	171971_12	string
701	129556_21	string
701	176266_13	string
701	167972_17	string
701	176266_14	string
701	129556_23	string
701	121731_8	string
701	100966_7	string
701	135610_13	string
701	118501_11	string
701	137342_5	string
701	134389_12	string
701	124673_8	string
701	169173_0	implication
701	109853_3	string
701	135610_15	string
701	109853_4	string
701	188206_19	hyponym
701	183737_11	string
701	185113_25	hyponym
701	154583_5	string
701	150402_14	synonym
701	120938_1	string
701	199726_1	implication
701	185113_27	hyponym
701	133855_16	string
701	145699_22	string
701	115471_11	string
701	147345_2	string
701	150402_19	string
701	199085_18	string
701	199085_19	string
701	174964_4	implication
701	141520_14	string
701	137091_8	implication
701	131694_9	string
701	101359_1	string
701	101359_2	string
701	172591_6	string
701	173220_8	string
701	199085_21	string
701	195981_1	string
701	155573_9	string
701	173220_9	string
701	164712_18	implication
701	164712_19	string
701	143877_17	string
701	155573_10	string
701	122629_9	string
701	179998_4	string
701	174964_13	implication
701	142533_11	string
701	142533_12	string
701	118210_6	string
701	119282_9	hyponym
701	185823_14	string
701	158950_2	string
701	158950_3	string
701	124621_15	string
701	118210_7	string
701	143877_24	hyponym
701	105400_12	string
701	104841_12	string
701	193189_5	string
701	177082_17	string
701	193189_6	synonym
701	142197_1	abbreviation
701	142197_2	abbreviation
701	173656_7	abbreviation
701	146958_15	abbreviation
701	126341_30	string
701	186216_6	string
701	128251_8	string
701	116820_10	string
701	116820_11	string
701	150996_6	string
701	136373_13	string
701	126341_31	string
701	187917_4	string
701	126427_8	string
701	125325_11	abbreviation
701	136373_15	string
701	187917_5	string
701	164644_7	string
701	169428_4	string
701	169428_5	string
701	120538_7	string
701	188400_19	string
701	188400_20	string
701	136373_18	string
701	197871_21	synonym
701	157809_14	string
701	199482_30	string
701	136671_3	string
701	197871_22	string
701	164384_10	hyponym
701	199482_31	synonym
701	114307_1	implication
701	113469_2	string
701	108558_6	string
701	191228_6	string
701	114528_10	string
701	149203_16	string
701	100037_18	string
701	199482_32	string
701	196880_0	implication
701	142847_8	hyponym
701	104777_18	string
701	184450_8	string
701	130451_1	string
701	174736_10	string
701	196880_2	string
701	127525_7	string
701	149436_1	string
701	100037_20	string
701	196558_15	string
701	172605_15	string
701	133219_6	string
701	196558_16	string
701	193169_2	string
701	104777_21	string
701	190242_9	string
701	100037_22	synonym
701	104777_24	string
701	184450_14	string
701	100037_24	string
701	118392_12	string
701	118392_13	string
701	175030_2	string
701	184450_15	string
701	168331_30	string
701	196878_9	string
701	136671_18	string
701	193169_7	implication
701	156619_18	string
701	184788_3	implication
701	193169_8	string
701	130451_5	string
701	156619_20	hyponym
701	122920_9	string
701	158711_17	string
701	130451_7	string
701	157839_9	string
701	171110_19	string
701	198266_5	implication
701	162515_12	string
701	107052_11	string
701	158711_20	string
701	122920_16	hyponym
701	107052_13	hyponym
701	133867_12	string
701	145340_13	string
701	184489_3	string
701	158827_11	string
701	193169_17	string
701	193169_18	string
701	159878_5	implication
701	152663_4	string
701	162213_1	string
701	166902_42	synonym
701	138009_8	string
701	133867_15	hyponym
701	157008_1	string
701	144722_10	string
701	180621_27	string
701	109361_1	implication
701	109361_2	implication
701	114158_7	string
701	156001_5	string
701	198266_17	string
701	107340_11	string
701	198266_18	string
701	195735_2	hyponym
701	103880_10	string
701	161844_0	implication
701	138190_18	string
701	103880_11	string
701	109361_6	implication
701	175030_19	string
701	144722_14	string
701	180546_21	string
701	109361_9	string
701	157008_9	string
701	161418_4	implication
701	167413_23	string
701	180546_22	string
701	109361_13	hyponym
701	180621_32	string
701	121743_1	string
701	198152_26	string
701	159878_15	string
701	123916_11	string
701	165603_1	string
701	121743_2	hyponym
701	144722_18	string
701	144722_19	string
701	162213_10	string
701	165603_2	string
701	184489_17	string
701	184846_19	string
701	112474_11	string
701	121743_5	synonym
701	184846_20	implication
701	100754_1	string
701	137441_1	string
701	197331_11	string
701	184833_8	string
701	146094_5	string
701	177351_20	string
701	146094_7	string
701	161418_13	string
701	161418_14	string
701	184846_25	string
701	167483_24	string
701	139341_22	string
701	161418_15	string
701	129685_2	implication
701	103229_9	string
701	103229_10	string
701	175366_2	string
701	111966_16	string
701	122578_12	string
701	103229_11	string
701	141996_0	string
701	101833_16	string
701	197122_24	string
701	162147_11	string
701	195244_10	string
701	136424_13	string
701	150008_11	string
701	114939_10	string
701	125594_24	string
701	146406_4	string
701	162147_13	abbreviation
701	134831_8	implication
701	125594_25	string
701	103881_10	implication
701	151223_4	implication
701	126242_27	abbreviation
701	169111_25	synonym
701	133691_8	implication
701	175366_13	abbreviation
701	133608_1	string
701	160997_14	string
701	146406_12	string
701	162147_17	hyponym
701	141996_11	implication
701	156962_5	string
701	117293_20	string
701	184718_3	string
701	181269_1	string
701	159904_6	implication
701	133691_15	string
701	167768_9	string
701	165056_3	implication
701	141996_16	string
701	141996_17	string
701	133608_8	implication
701	115024_12	string
701	153406_0	string
701	147969_21	string
701	151223_15	string
701	172461_4	string
701	141996_22	string
701	172461_5	string
701	117293_26	string
701	165603_34	string
701	147969_25	string
701	153406_8	string
701	120257_20	abbreviation
701	172461_10	string
701	166034_22	string
701	120257_21	synonym
701	108346_5	string
701	107683_15	string
701	117293_30	string
701	133242_23	string
701	198930_0	synonym
701	198930_1	implication
701	198930_3	implication
701	121149_5	string
701	126574_12	string
701	139485_18	string
701	184450_22	string
701	119239_15	string
701	188241_2	string
701	184846_8	string
701	177622_17	string
701	184788_15	string
701	112248_11	string
701	119239_16	string
701	143937_1	string
701	148059_11	string
701	157839_10	string
701	185233_11	string
701	126490_7	implication
701	118501_12	string
701	120938_0	string
701	113598_14	string
701	155533_3	synonym
701	107340_16	string
701	151614_9	string
701	141538_8	hyponym
701	167483_21	string
701	197331_13	string
701	162213_2	string
701	197459_8	string
701	197459_9	string
701	178391_6	string
701	167483_23	string
701	188241_10	string
701	155569_10	string
701	177351_5	string
701	103881_2	implication
701	158827_1	string
701	177351_6	string
701	176996_3	implication
701	177351_7	synonym
701	155638_6	string
701	102931_24	string
701	152105_10	string
701	107340_23	string
701	126574_9	synonym
701	165227_5	string
701	165056_19	string
701	104268_17	string
701	192151_14	string
701	104268_18	string
701	159675_43	string
701	165227_6	string
701	103881_12	string
701	170407_10	string
701	159675_44	string
701	114158_9	string
701	114158_10	string
701	134831_6	string
701	197122_23	string
701	194275_5	string
701	134831_7	string
701	114158_11	string
701	197871_20	synonym
701	192498_4	string
701	162147_19	implication
701	105861_26	string
701	155093_0	string
701	130451_0	synonym
701	187917_3	string
701	151377_3	string
701	176107_1	synonym
701	177351_17	synonym
701	114158_15	string
701	154423_4	string
701	107354_3	synonym
701	176996_20	string
701	130451_2	string
701	141996_23	string
701	167036_16	string
701	126242_28	string
701	198152_20	string
701	174045_3	string
701	119124_2	string
701	167972_13	string
701	122893_3	string
701	139341_21	string
701	133608_2	string
701	167036_22	string
701	198152_21	string
701	120257_23	string
701	192498_10	implication
701	147054_5	implication
701	134823_11	string
701	139341_23	string
701	174691_6	string
701	174691_7	string
701	120257_24	string
701	119502_0	string
701	178126_9	implication
701	151223_0	string
701	177351_23	string
701	167697_6	string
701	178126_10	string
701	153406_13	string
701	139341_24	string
701	120257_27	string
701	166034_27	string
701	192498_13	string
701	134823_12	string
701	148912_9	string
701	172461_7	string
701	195981_5	string
701	171327_13	string
701	172461_8	string
701	166034_28	string
701	174045_12	string
701	178322_2	string
701	165603_30	string
701	134719_1	hyponym
701	119124_13	string
701	119124_14	string
701	164712_22	string
701	146452_21	string
701	178322_3	synonym
701	122893_19	string
701	157640_27	string
701	107354_14	implication
701	178322_4	string
701	151223_11	string
701	127002_3	implication
701	184718_2	string
701	166034_32	string
701	151526_5	string
701	133608_17	string
701	155327_10	string
701	155327_11	string
701	151192_7	string
701	161722_10	string
701	151223_13	implication
701	150804_10	string
701	177125_0	implication
701	195655_11	string
701	133608_19	string
701	107354_19	string
701	114183_30	string
701	142372_11	implication
701	144754_36	string
701	128251_5	string
701	151526_8	string
701	127002_8	synonym
701	136175_16	string
701	195655_13	string
701	142372_13	string
701	151223_17	string
701	150588_16	synonym
701	174243_15	string
701	107683_14	string
701	140660_15	string
701	107354_28	string
701	118677_9	string
701	118677_10	string
701	149203_13	string
701	125316_17	string
701	125316_19	string
701	177389_1	string
701	130539_17	string
701	103049_16	string
701	151192_12	string
701	150588_18	implication
701	134027_7	implication
701	122920_1	string
701	105694_1	string
701	186325_11	string
701	178961_15	string
701	153552_6	string
701	145874_13	string
701	122920_2	string
701	130655_7	string
701	107290_8	string
701	194360_9	string
701	131974_15	synonym
701	188625_16	string
701	168279_2	synonym
701	118677_18	string
701	150588_22	string
701	100037_14	string
701	153552_9	string
701	122920_17	implication
701	185113_9	implication
701	152972_2	string
701	109514_16	string
701	131974_17	implication
701	138009_9	string
701	122920_18	hyponym
701	152972_3	string
701	129556_20	string
701	163816_9	string
701	194360_13	string
701	109514_17	string
701	118677_23	string
701	101480_18	string
701	194360_14	string
701	134027_18	implication
701	101882_1	string
701	155093_17	string
701	195735_1	string
701	135610_4	string
701	116117_12	string
701	100037_17	string
701	124788_7	string
701	182351_4	string
701	183972_4	implication
701	144518_0	string
701	195735_6	string
701	152649_15	string
701	196558_0	implication
701	125594_16	string
701	135610_6	implication
701	112313_10	string
701	179937_7	abbreviation
701	178961_22	string
701	118257_14	string
701	199929_13	string
701	104707_1	string
701	177389_11	string
701	121731_9	string
701	196558_11	string
701	101480_23	string
701	178961_23	string
701	135610_9	synonym
701	157744_3	string
701	104585_6	string
701	101833_20	string
701	186927_14	string
701	112313_12	string
701	129685_3	synonym
701	189667_2	string
701	101833_21	synonym
701	183972_11	string
701	104841_2	string
701	149256_10	string
701	157744_5	string
701	157744_7	string
701	112313_13	string
701	178787_17	hyponym
701	136373_12	string
701	144518_5	string
701	117293_18	string
701	135610_12	string
701	125594_44	string
701	199962_11	string
701	149256_14	string
701	140402_0	string
701	157743_7	string
701	170781_11	string
701	112313_18	string
701	125101_1	string
701	144722_12	synonym
701	126812_10	string
701	104841_10	string
701	149256_15	string
701	157548_12	string
701	117186_8	hyponym
701	169428_13	string
701	192975_10	string
701	199962_12	string
701	110998_15	string
701	130253_22	string
701	122903_19	string
701	157548_13	string
701	104841_11	string
701	147165_18	string
701	112313_20	string
701	196880_13	string
701	160729_2	string
701	108176_17	string
701	149256_18	string
701	196880_14	string
701	144722_17	string
701	150008_10	string
701	120538_8	string
701	199085_16	string
701	133855_14	string
701	149256_19	string
701	199085_17	string
701	151408_8	string
701	157548_15	string
701	157548_16	string
701	177846_11	string
701	171971_0	string
701	157548_17	string
701	133855_15	string
701	133855_17	hyponym
701	177846_12	string
701	122400_27	string
701	187790_1	string
701	115471_2	string
701	104707_18	string
701	166575_10	string
701	150164_9	string
701	176232_4	implication
701	150402_13	string
701	176232_5	implication
701	150548_10	synonym
701	157548_22	string
701	157301_19	string
701	198098_10	string
701	117954_14	string
701	171971_11	hyponym
701	125101_11	string
701	157548_25	string
701	112869_11	string
701	140402_9	string
701	136671_7	implication
701	147575_12	string
701	134857_41	string
701	157548_26	string
701	150306_14	implication
701	169173_2	string
701	198957_3	implication
701	169173_3	implication
701	159468_10	string
701	139987_3	string
701	109361_7	implication
701	109361_10	implication
701	175366_15	implication
701	146406_10	string
701	133424_0	string
701	109928_16	string
701	157809_15	string
701	109878_13	hyponym
701	136671_15	string
701	169173_6	string
701	175366_22	hyponym
701	169173_7	string
701	199008_26	string
701	136671_17	string
701	107052_16	string
701	107052_17	string
701	107052_18	hyponym
701	156619_19	string
701	108558_2	implication
701	199008_29	string
701	168279_40	string
701	184846_0	string
701	138678_27	string
701	108451_10	string
701	199008_30	string
701	126013_14	string
701	181394_22	string
701	160997_17	string
701	187941_5	implication
701	114307_8	implication
701	133424_10	synonym
701	160997_18	string
701	157839_1	string
701	107340_12	implication
701	124621_16	string
701	164815_10	implication
701	120889_9	string
701	138678_34	string
701	138678_35	string
701	124621_17	string
701	168279_52	string
701	191228_19	string
701	133424_17	string
701	133424_22	string
701	199726_4	string
701	129611_28	string
701	129611_29	string
702	109543_8	synonym
702	109543_9	string
702	193855_11	string
702	120257_25	string
702	130796_2	implication
702	153406_12	string
702	144657_7	synonym
702	148370_2	string
702	165227_7	string
702	165227_8	string
702	181044_1	synonym
702	153406_14	string
702	130796_6	string
702	122903_15	string
702	187648_8	string
702	165510_11	hyponym
702	162987_10	string
702	133608_12	hyponym
702	136175_9	string
702	118475_5	hyponym
702	193855_16	string
702	193855_17	string
702	128590_14	string
702	172461_14	synonym
702	162987_12	string
702	162987_13	string
702	137438_1	string
702	128050_14	string
702	165227_11	string
702	130796_9	string
702	127159_7	synonym
702	189762_3	synonym
702	150105_1	string
702	136175_12	synonym
702	179225_11	string
702	148370_10	synonym
702	128050_17	string
702	150588_23	string
702	171327_21	synonym
702	118475_8	string
702	159001_1	string
702	189762_5	synonym
702	151614_10	string
702	181044_8	hyponym
702	171327_24	synonym
702	193756_15	string
702	154761_2	implication
702	140236_9	synonym
702	157640_16	string
702	136175_15	synonym
702	171327_26	synonym
702	181044_9	string
702	149591_11	implication
702	181044_11	string
702	137438_13	string
702	137438_14	string
702	137438_15	string
702	128050_23	string
702	174691_2	synonym
702	171327_29	synonym
702	137438_16	string
702	140222_17	synonym
702	162798_14	string
702	176512_13	string
702	140236_12	string
702	184945_5	hyponym
702	120849_1	string
702	114837_26	string
702	114837_27	implication
702	152972_7	string
702	140222_18	synonym
702	161722_7	hyponym
702	195624_12	hyponym
702	182351_9	string
702	182351_10	synonym
702	154761_8	string
702	157640_23	string
702	162798_16	string
702	184945_6	hyponym
702	184945_7	synonym
702	167831_17	synonym
702	191025_1	implication
702	113492_5	synonym
702	162798_17	string
702	167831_19	string
702	179117_13	string
702	192180_12	string
702	184945_8	implication
702	184945_9	hyponym
702	157640_25	string
702	195624_13	hyponym
702	159253_5	synonym
702	159253_6	string
702	151854_0	implication
702	140222_21	synonym
702	161722_9	string
702	188206_2	string
702	154761_11	string
702	151854_1	implication
702	195655_2	synonym
702	193608_7	string
702	119993_13	string
702	119993_14	string
702	160867_5	hyponym
702	113865_13	synonym
702	191025_7	string
702	113865_14	string
702	120849_8	implication
702	113865_15	string
702	184945_19	string
702	134719_13	synonym
702	107416_15	hyponym
702	119124_16	string
702	184945_20	string
702	162798_24	string
702	119124_19	string
702	155638_5	string
702	131768_25	string
702	112777_4	synonym
702	100966_2	string
702	124864_4	synonym
702	188206_11	synonym
702	169126_8	synonym
702	112777_5	string
702	155638_8	synonym
702	168022_5	hyponym
702	146104_13	string
702	134823_13	string
702	168022_7	synonym
702	112777_6	string
702	153694_1	synonym
702	176704_8	string
702	195655_14	string
702	106773_6	string
702	176704_9	string
702	150402_8	hyponym
702	176704_10	string
702	174262_8	string
702	174697_13	string
702	100966_9	string
702	176997_16	synonym
702	177622_12	implication
702	185494_15	string
702	137342_6	string
702	138678_28	string
702	176997_18	string
702	169173_0	implication
702	167088_7	hyponym
702	192498_17	string
702	174146_14	hyponym
702	176704_12	string
702	120849_24	string
702	192498_19	hyponym
702	154583_3	synonym
702	106773_11	string
702	107357_7	string
702	137342_8	string
702	154583_4	synonym
702	174146_18	synonym
702	177622_18	string
702	142372_15	abbreviation
702	136086_7	string
702	151854_19	string
702	154583_5	synonym
702	174697_17	string
702	167088_8	string
702	138286_16	string
702	194596_4	synonym
702	151854_20	string
702	199726_1	implication
702	136086_8	string
702	150402_16	string
702	169173_4	synonym
702	192498_24	string
702	191836_0	synonym
702	109878_1	string
702	174146_22	synonym
702	173220_2	string
702	154583_7	string
702	136086_11	implication
702	150313_16	string
702	179104_13	implication
702	120938_4	synonym
702	163165_15	string
702	167088_12	synonym
702	115471_11	string
702	150313_17	string
702	150313_18	string
702	150313_19	string
702	104707_17	synonym
702	179440_2	synonym
702	191836_1	synonym
702	147345_2	string
702	159838_3	hyponym
702	116955_15	string
702	141036_7	hyponym
702	164712_15	abbreviation
702	114980_6	implication
702	115471_15	string
702	199726_7	synonym
702	192809_1	string
702	114980_7	synonym
702	150313_24	string
702	179104_19	string
702	164712_16	string
702	126812_6	hyponym
702	126812_7	string
702	173220_7	synonym
702	191836_5	synonym
702	113638_8	string
702	115471_17	string
702	120762_6	synonym
702	155573_9	string
702	159838_6	string
702	134208_12	synonym
702	100085_6	string
702	164712_19	synonym
702	127081_13	string
702	167196_2	synonym
702	122629_6	string
702	163159_12	hyponym
702	191836_7	synonym
702	100085_7	string
702	155573_10	string
702	147345_13	string
702	194084_5	synonym
702	164712_21	string
702	116117_14	string
702	173220_12	string
702	143877_19	synonym
702	122629_9	string
702	126812_12	string
702	126812_13	implication
702	163159_14	string
702	176077_2	string
702	179440_13	abbreviation
702	126812_14	synonym
702	167883_15	string
702	122629_11	string
702	195981_6	string
702	194084_8	string
702	102679_7	string
702	179440_15	string
702	118210_6	hyponym
702	105400_9	synonym
702	168047_6	synonym
702	192809_8	hyponym
702	158950_3	string
702	179998_6	string
702	176039_8	string
702	176039_9	string
702	167196_10	hyponym
702	118210_7	hyponym
702	105400_10	abbreviation
702	167883_17	string
702	167196_12	string
702	105400_13	string
702	192809_10	string
702	176077_8	string
702	176077_9	synonym
702	176077_10	string
702	134857_40	synonym
702	104841_16	synonym
702	189408_5	synonym
702	119283_6	string
702	115338_8	hyponym
702	134027_19	string
702	154245_7	synonym
702	174786_17	abbreviation
702	109170_17	synonym
702	115338_10	hyponym
702	154245_8	string
702	176077_12	string
702	128251_6	synonym
702	193189_7	hyponym
702	184541_15	hyponym
702	115338_13	synonym
702	128251_7	string
702	149203_1	string
702	184541_17	string
702	186216_6	abbreviation
702	186216_7	synonym
702	150996_5	implication
702	128251_8	string
702	153345_10	string
702	153345_11	string
702	184541_18	string
702	196148_26	string
702	150996_6	implication
702	136373_13	string
702	190537_1	string
702	132444_9	hyponym
702	186216_8	string
702	159675_47	synonym
702	118257_4	implication
702	149203_3	string
702	150857_6	string
702	150857_7	string
702	187917_4	synonym
702	132444_10	hyponym
702	126427_8	synonym
702	184541_23	string
702	136373_14	string
702	136373_15	string
702	150857_8	string
702	126427_9	synonym
702	184541_25	string
702	150982_9	string
702	197871_19	synonym
702	118257_11	synonym
702	117954_11	string
702	166203_5	synonym
702	149203_9	synonym
702	149203_10	hyponym
702	118257_13	string
702	125101_13	synonym
702	178782_4	string
702	166203_6	implication
702	196148_33	string
702	182247_11	synonym
702	166203_7	synonym
702	154423_3	string
702	197871_24	string
702	121925_17	string
702	182247_12	string
702	146195_9	synonym
702	136373_24	abbreviation
702	133219_5	string
702	149436_1	string
702	113469_5	synonym
702	100037_21	string
702	123743_7	synonym
702	152012_8	hyponym
702	190242_10	string
702	136373_27	synonym
702	154423_12	string
702	158711_11	hyponym
702	123743_9	string
702	179642_14	hyponym
702	136373_29	synonym
702	100037_24	string
702	158711_12	hyponym
702	140402_12	string
702	168331_30	string
702	112613_17	string
702	136671_18	hyponym
702	123743_12	string
702	196878_10	string
702	112869_3	implication
702	176996_16	string
702	158711_14	string
702	196880_11	string
702	104434_12	hyponym
702	146210_11	synonym
702	109928_20	string
702	168279_50	synonym
702	149436_13	string
702	140402_15	string
702	185811_8	string
702	146210_13	string
702	144925_7	string
702	125632_22	string
702	196880_16	synonym
702	142645_14	synonym
702	153094_8	string
702	104434_15	synonym
702	198098_9	implication
702	138009_3	synonym
702	196880_17	synonym
702	116970_5	string
702	107052_11	string
702	107052_12	string
702	167675_13	synonym
702	158711_20	string
702	133867_11	string
702	167675_14	synonym
702	107052_13	string
702	100028_14	synonym
702	186141_6	string
702	178322_12	string
702	133867_13	string
702	133867_14	string
702	151011_2	synonym
702	186141_7	string
702	184489_4	string
702	162213_1	synonym
702	191228_26	string
702	198266_13	string
702	134578_4	synonym
702	100028_16	string
702	133867_15	string
702	167675_17	synonym
702	146582_14	string
702	178322_16	synonym
702	157008_1	synonym
702	177351_2	synonym
702	123655_11	string
702	115334_3	implication
702	114183_22	synonym
702	114158_7	synonym
702	175030_16	string
702	172195_15	string
702	106794_16	string
702	144722_11	string
702	183308_17	synonym
702	145874_11	hyponym
702	175030_18	string
702	106794_17	hyponym
702	116970_13	string
702	198266_18	synonym
702	164280_7	synonym
702	195735_2	synonym
702	100028_18	synonym
702	103880_11	hyponym
702	134578_9	hyponym
702	134578_10	hyponym
702	144722_13	string
702	146582_20	synonym
702	157008_7	hyponym
702	151011_8	synonym
702	180621_30	synonym
702	180621_31	string
702	159687_7	synonym
702	157008_8	synonym
702	183308_19	string
702	157008_10	synonym
702	134578_13	string
702	114158_16	string
702	152649_21	string
702	121743_1	synonym
702	175030_23	string
702	106794_21	string
702	183308_20	hyponym
702	180800_20	synonym
702	121743_2	synonym
702	167483_17	synonym
702	162213_10	hyponym
702	147165_1	synonym
702	136424_1	string
702	107354_24	synonym
702	130784_3	hyponym
702	180691_4	string
702	174744_10	synonym
702	100559_9	synonym
702	101833_1	string
702	147165_2	synonym
702	147165_3	synonym
702	175030_27	string
702	175030_28	hyponym
702	171305_19	abbreviation
702	197331_9	synonym
702	184905_14	string
702	112520_11	string
702	102015_1	synonym
702	103679_1	implication
702	198152_31	string
702	181394_25	implication
702	139341_20	synonym
702	112520_12	string
702	121743_7	synonym
702	120587_10	synonym
702	184833_8	synonym
702	146094_5	string
702	115109_1	implication
702	167483_22	string
702	105861_16	string
702	171305_22	string
702	121743_8	synonym
702	195244_0	synonym
702	140259_5	synonym
702	184833_9	synonym
702	164967_6	string
702	180800_26	string
702	171305_24	synonym
702	195244_1	synonym
702	177351_20	string
702	105861_18	string
702	161418_13	string
702	171305_25	synonym
702	105861_19	string
702	160732_5	synonym
702	183308_28	string
702	139341_22	string
702	161418_15	string
702	162147_3	hyponym
702	194275_6	synonym
702	137441_10	string
702	106220_15	string
702	114210_7	string
702	194275_7	synonym
702	121743_10	string
702	101833_11	abbreviation
702	160732_7	synonym
702	122578_10	hyponym
702	109935_9	string
702	137441_11	string
702	164967_11	synonym
702	147165_15	synonym
702	103679_7	synonym
702	178112_3	synonym
702	195244_6	string
702	129685_2	synonym
702	120889_11	synonym
702	122578_11	hyponym
702	160100_13	implication
702	103229_9	string
702	102015_10	string
702	178112_5	synonym
702	106611_6	synonym
702	103229_11	string
702	101833_16	hyponym
702	162147_10	string
702	187790_5	synonym
702	109935_14	implication
702	171913_12	synonym
702	161430_8	hyponym
702	114639_14	string
702	150008_8	synonym
702	195244_10	synonym
702	159434_9	string
702	150306_9	hyponym
702	199642_14	string
702	155327_12	string
702	171913_13	synonym
702	136424_13	string
702	192539_8	synonym
702	195244_11	string
702	171123_8	string
702	171913_14	string
702	199642_15	string
702	199642_16	string
702	199642_17	string
702	199568_11	string
702	182680_15	synonym
702	159434_11	string
702	150008_13	string
702	188772_10	string
702	192589_3	synonym
702	162147_13	synonym
702	126242_24	string
702	134831_8	string
702	139433_6	hyponym
702	199568_12	synonym
702	199568_13	string
702	199642_18	string
702	178391_4	string
702	127002_16	implication
702	127002_17	string
702	120889_15	string
702	117293_17	synonym
702	186314_9	string
702	105861_30	string
702	136049_7	string
702	159904_0	synonym
702	188772_14	string
702	193855_2	abbreviation
702	199642_21	string
702	199642_22	string
702	108451_11	string
702	136424_16	string
702	184358_15	string
702	127915_9	string
702	133608_1	synonym
702	199568_18	string
702	178922_8	hyponym
702	139998_2	hyponym
702	100139_12	synonym
702	193855_8	string
702	193855_9	string
702	180121_5	hyponym
702	100754_23	string
702	178922_9	abbreviation
702	139998_3	string
702	159904_6	hyponym
702	180121_6	string
702	129412_15	string
702	136424_20	string
702	180121_7	string
702	178922_10	string
702	129412_16	string
702	176232_6	synonym
702	177389_12	string
702	124557_3	implication
702	171327_9	implication
702	177389_13	string
702	129412_17	string
702	106887_10	string
702	106611_18	synonym
702	175366_19	string
702	129412_18	string
702	160997_20	synonym
702	115024_13	synonym
702	143979_8	synonym
702	129412_19	string
702	136424_24	string
702	153808_2	implication
702	106887_13	string
702	177389_17	string
702	143979_10	string
702	130539_14	synonym
702	144298_19	synonym
702	151223_19	string
702	160997_24	string
702	144298_20	string
702	144657_6	synonym
702	160997_25	synonym
702	144298_21	string
702	128050_0	synonym
702	124764_4	implication
702	155684_15	string
702	153808_10	string
702	166034_24	string
702	115692_14	hyponym
702	154332_6	string
702	155684_18	synonym
702	114250_15	synonym
702	145076_15	string
702	155684_19	string
702	145076_16	string
702	153808_14	string
702	144298_28	synonym
702	114250_17	string
702	155569_6	implication
702	145076_19	string
702	117293_37	synonym
702	145076_20	string
702	198930_9	synonym
702	145076_21	string
702	115692_19	string
702	198930_11	string
702	145076_25	string
702	121149_3	synonym
702	121149_5	string
702	126574_10	string
702	126574_11	string
702	139485_13	string
702	148912_11	string
702	136086_9	string
702	112248_9	synonym
702	119239_15	synonym
702	136049_8	string
702	184833_10	string
702	188241_2	string
702	134964_2	synonym
702	114183_1	string
702	106794_15	string
702	158711_16	string
702	184788_12	synonym
702	191836_11	string
702	112248_11	string
702	192589_5	string
702	191788_11	string
702	106794_22	string
702	191228_25	string
702	191228_27	string
702	153694_10	string
702	115471_12	string
702	115471_13	string
702	153808_7	hyponym
702	176801_11	synonym
702	197331_12	string
702	184788_16	string
702	134964_6	synonym
702	128795_13	string
702	119993_11	string
702	191788_13	string
702	176077_7	string
702	196148_24	string
702	112248_16	implication
702	128795_14	string
702	115471_16	string
702	115471_18	string
702	197459_8	synonym
702	197459_9	string
702	177351_4	string
702	196148_25	string
702	188241_10	hyponym
702	188241_11	synonym
702	197459_11	string
702	153808_15	string
702	174786_15	string
702	107416_4	synonym
702	130230_14	synonym
702	179642_18	string
702	128795_16	synonym
702	176801_13	synonym
702	115087_5	hyponym
702	174786_16	hyponym
702	185494_10	synonym
702	100559_14	string
702	179642_19	string
702	115087_7	string
702	115334_5	string
702	106794_28	string
702	196148_29	string
702	155638_6	string
702	119993_19	string
702	152105_10	string
702	127864_4	synonym
702	188241_15	string
702	165227_5	string
702	176801_16	synonym
702	185494_12	string
702	128795_19	string
702	199642_19	string
702	174786_22	string
702	136356_8	string
702	130230_18	string
702	165227_6	string
702	165227_9	string
702	114158_8	synonym
702	105861_17	string
702	105400_15	string
702	127864_6	string
702	154469_6	synonym
702	158827_8	hyponym
702	126623_13	synonym
702	136356_9	string
702	192809_13	string
702	165227_10	string
702	143937_12	string
702	154469_7	synonym
702	114158_9	synonym
702	114158_10	synonym
702	136356_10	string
702	100139_14	synonym
702	175030_17	string
702	127915_0	string
702	179225_8	hyponym
702	158827_10	hyponym
702	136356_11	string
702	176801_20	string
702	174786_25	synonym
702	105861_22	string
702	177351_14	synonym
702	186363_12	string
702	136356_12	string
702	134831_9	string
702	105017_21	string
702	144298_22	string
702	158827_13	synonym
702	194275_8	string
702	186363_13	string
702	186363_15	string
702	105861_25	string
702	162147_18	string
702	114158_14	string
702	165227_14	string
702	197871_23	string
702	197871_25	string
702	179225_13	string
702	162213_14	synonym
702	167831_16	string
702	136356_14	string
702	105017_22	string
702	136356_15	string
702	106887_11	string
702	165227_17	implication
702	107357_8	string
702	194275_10	string
702	106887_12	string
702	109170_9	synonym
702	194275_11	string
702	151011_3	synonym
702	126242_28	string
702	198152_20	synonym
702	105017_24	string
702	193756_14	string
702	114528_14	string
702	140236_11	string
702	109170_11	synonym
702	133608_2	synonym
702	191025_5	string
702	171123_9	string
702	122578_15	string
702	114528_16	synonym
702	130796_8	string
702	176996_21	string
702	151011_6	synonym
702	159968_5	string
702	198152_21	string
702	199568_16	string
702	118218_15	string
702	127915_10	string
702	120257_23	string
702	193855_13	string
702	177351_22	string
702	166034_23	string
702	162213_20	string
702	109170_14	string
702	151377_8	string
702	148912_7	hyponym
702	157640_17	string
702	146195_12	string
702	159968_8	synonym
702	114183_24	synonym
702	166034_25	string
702	103049_3	synonym
702	159968_10	string
702	195981_4	synonym
702	128587_2	hyponym
702	109935_8	string
702	118218_20	synonym
702	195244_7	string
702	167697_8	string
702	198152_28	string
702	195981_5	synonym
702	118218_21	string
702	120849_25	string
702	133608_13	synonym
702	115024_11	hyponym
702	157640_24	string
702	147345_9	string
702	147345_11	string
702	172195_16	string
702	114183_26	synonym
702	164712_17	string
702	120849_26	string
702	166203_8	synonym
702	103229_12	string
702	118218_22	string
702	167697_10	string
702	198152_30	string
702	195244_14	string
702	151377_16	string
702	119124_14	string
702	187916_17	string
702	186314_6	synonym
702	108084_21	string
702	132444_2	hyponym
702	118218_25	string
702	109935_13	string
702	198152_32	string
702	109853_7	string
702	190242_1	synonym
702	155327_9	hyponym
702	171327_25	synonym
702	128587_8	string
702	132444_4	synonym
702	181269_3	string
702	151526_4	synonym
702	119124_15	hyponym
702	139485_14	string
702	168331_34	string
702	167697_11	string
702	118218_26	string
702	187916_19	string
702	155327_11	string
702	192498_26	string
702	103049_11	string
702	115024_15	string
702	162981_1	synonym
702	131768_26	string
702	133608_19	string
702	132444_13	string
702	114183_30	synonym
702	162981_2	synonym
702	128251_5	synonym
702	108084_28	string
702	195655_12	string
702	151526_8	synonym
702	187916_21	string
702	107354_23	string
702	188772_4	implication
702	191144_8	string
702	153345_8	string
702	151192_9	string
702	167773_2	string
702	195655_13	string
702	153345_12	string
702	107354_26	string
702	150804_13	string
702	114183_32	synonym
702	187916_22	string
702	129412_20	string
702	190242_11	string
702	108084_31	string
702	150804_14	string
702	167773_8	string
702	167773_9	string
702	136175_17	string
702	125316_16	string
702	187916_23	string
702	188772_9	string
702	188772_11	string
702	155093_11	string
702	146104_14	string
702	103049_15	string
702	149203_13	string
702	125316_19	string
702	178322_14	string
702	178322_15	string
702	188772_12	string
702	143877_21	string
702	100085_10	string
702	187916_25	string
702	134719_10	synonym
702	115692_13	abbreviation
702	190242_13	string
702	130539_19	string
702	103880_14	string
702	134027_7	implication
702	152273_4	synonym
702	102889_7	synonym
702	128050_15	string
702	178322_17	string
702	136424_25	string
702	149203_15	string
702	127002_18	string
702	150588_19	string
702	190242_16	string
702	128050_16	string
702	108084_36	string
702	143877_25	string
702	102889_8	string
702	142372_19	string
702	145874_12	string
702	127002_19	string
702	100085_13	string
702	150588_20	string
702	118677_16	string
702	118677_17	string
702	187916_28	string
702	128590_13	string
702	115692_17	string
702	112313_1	synonym
702	108084_37	string
702	190242_17	string
702	145874_15	string
702	152273_8	synonym
702	152273_9	hyponym
702	152972_1	string
702	161430_10	string
702	188206_17	string
702	129556_19	synonym
702	100037_15	string
702	192539_9	string
702	134027_12	string
702	134027_13	string
702	150588_24	string
702	153094_9	string
702	188206_18	hyponym
702	152273_14	string
702	162798_20	string
702	100037_16	string
702	124864_8	string
702	149256_2	synonym
702	109514_17	string
702	134027_16	string
702	118677_23	string
702	100754_14	string
702	174146_19	string
702	128590_19	string
702	134027_18	implication
702	144766_20	string
702	100754_15	string
702	149073_41	string
702	128590_20	string
702	100037_17	string
702	159434_12	string
702	178961_21	string
702	149073_42	string
702	164967_1	string
702	152012_9	string
702	101833_17	string
702	155093_18	string
702	101833_18	string
702	128590_24	string
702	146958_14	string
702	178961_22	string
702	100754_21	string
702	118257_14	implication
702	128140_12	string
702	112313_11	string
702	105694_13	string
702	182351_12	synonym
702	190502_9	string
702	157744_3	synonym
702	177389_14	string
702	168022_6	hyponym
702	112313_12	string
702	141036_10	string
702	129685_4	synonym
702	187378_20	string
702	104841_2	synonym
702	164967_7	synonym
702	190502_10	string
702	190502_11	string
702	157744_5	string
702	189667_4	string
702	112313_13	string
702	101833_22	string
702	122629_1	synonym
702	104841_5	synonym
702	138678_2	string
702	140259_6	string
702	146582_15	string
702	187378_25	string
702	112313_16	string
702	164967_13	string
702	160184_7	synonym
702	146582_17	string
702	149256_14	synonym
702	122903_17	synonym
702	160184_8	string
702	187378_26	string
702	125101_1	string
702	147383_7	string
702	121743_9	synonym
702	179104_17	string
702	149256_15	synonym
702	124557_8	string
702	112313_19	string
702	125632_5	abbreviation
702	114980_9	string
702	147383_9	string
702	179104_22	string
702	122903_19	string
702	112313_20	string
702	129650_8	string
702	194084_9	string
702	157744_16	hyponym
702	179104_26	synonym
702	150548_2	abbreviation
702	106773_7	string
702	196880_15	string
702	112313_22	string
702	134578_3	synonym
702	191836_6	synonym
702	179998_5	synonym
702	113492_6	string
702	189762_4	synonym
702	122903_24	string
702	114837_31	synonym
702	161844_11	string
702	149256_19	string
702	189762_7	string
702	163321_18	string
702	134208_10	implication
702	191836_9	synonym
702	198266_12	string
702	198266_14	string
702	114837_33	synonym
702	114837_34	synonym
702	122903_26	string
702	120762_9	string
702	177846_11	string
702	131694_10	string
702	179998_9	string
702	124764_7	string
702	159138_5	string
702	198266_20	string
702	160732_6	synonym
702	133855_17	synonym
702	176232_1	synonym
702	150164_5	string
702	159138_6	string
702	109928_4	string
702	104841_20	string
702	108580_1	string
702	150164_7	string
702	137441_13	string
702	193189_11	synonym
702	184945_17	string
702	157301_18	string
702	190532_15	string
702	163321_22	string
702	150164_9	string
702	136671_2	string
702	190532_16	string
702	137441_15	string
702	118210_3	implication
702	149591_3	string
702	184945_23	string
702	112869_9	string
702	177082_20	string
702	133855_20	string
702	163321_23	string
702	146094_8	string
702	184945_25	string
702	184945_26	string
702	172884_12	string
702	157301_19	string
702	136115_6	synonym
702	190532_18	synonym
702	150306_10	hyponym
702	198098_10	string
702	177082_23	string
702	104707_21	string
702	118210_8	string
702	196052_13	string
702	112869_11	string
702	117954_16	string
702	104707_22	string
702	190532_20	string
702	150857_9	string
702	150857_11	string
702	174697_12	string
702	112869_14	string
702	118210_10	string
702	150548_13	string
702	150306_13	string
702	157296_18	string
702	131156_1	hyponym
702	125632_23	string
702	171393_29	implication
702	157809_11	string
702	103679_8	synonym
702	150306_16	string
702	184358_16	string
702	150996_7	string
702	106794_2	string
702	136049_6	string
702	150306_17	string
702	168116_6	string
702	184489_9	string
702	134857_43	synonym
702	175366_15	string
702	138678_21	string
702	169173_5	string
702	157809_15	string
702	156619_15	string
702	121925_14	string
702	125632_28	string
702	175366_21	string
702	140402_16	string
702	157809_16	string
702	109928_18	string
702	109928_19	string
702	125632_29	string
702	156001_9	string
702	199008_27	string
702	125101_16	string
702	190537_11	synonym
702	136671_19	synonym
702	109878_16	string
702	178922_12	string
702	184833_6	hyponym
702	199008_28	string
702	136671_20	string
702	167768_10	string
702	157301_24	string
702	156619_21	string
702	109878_19	string
702	138678_27	string
702	126013_13	string
702	108451_12	string
702	138678_29	string
702	158950_4	string
702	130784_5	string
702	116970_8	synonym
702	109878_21	synonym
702	160997_18	hyponym
702	109878_23	string
702	113469_10	synonym
702	114210_9	string
702	114210_11	string
702	167768_15	string
702	160997_21	synonym
702	177622_15	abbreviation
702	119239_13	hyponym
702	120889_10	synonym
702	109878_26	synonym
702	183308_25	implication
702	129611_25	string
702	129611_26	string
703	109543_9	string
703	165510_12	synonym
703	139485_23	string
703	137106_13	string
703	187916_24	string
703	150588_23	string
703	179499_7	string
703	193756_16	synonym
703	141084_17	synonym
703	197419_15	string
703	157744_6	string
703	174691_2	hyponym
703	137438_16	string
703	137438_17	synonym
703	197419_18	string
703	192180_11	abbreviation
703	125594_50	string
703	140222_20	string
703	192180_12	abbreviation
703	179937_8	string
703	165753_8	string
703	165753_9	string
703	140222_21	string
703	119993_14	string
703	171753_10	string
703	119993_15	string
703	129375_13	synonym
703	129375_14	abbreviation
703	176801_2	string
703	148924_7	string
703	131974_21	abbreviation
703	132884_7	hyponym
703	171379_6	synonym
703	131974_24	string
703	121731_5	string
703	121731_8	string
703	127274_14	synonym
703	143479_17	abbreviation
703	143479_19	string
703	176083_21	string
703	143479_22	string
703	177920_18	string
703	199399_23	abbreviation
703	136086_8	abbreviation
703	163870_6	synonym
703	134389_21	implication
703	199399_24	string
703	190179_19	string
703	104831_4	abbreviation
703	199085_21	string
703	104831_8	string
703	102679_7	string
703	123994_1	abbreviation
703	105400_13	string
703	134027_14	string
703	105400_14	string
703	123994_6	abbreviation
703	104841_16	string
703	123994_8	synonym
703	171473_7	abbreviation
703	174786_19	string
703	153345_10	abbreviation
703	153345_11	string
703	184541_22	string
703	125325_13	synonym
703	199482_28	string
703	125325_15	abbreviation
703	197871_21	abbreviation
703	112446_8	string
703	197871_22	synonym
703	199482_31	synonym
703	199482_32	string
703	110806_11	string
703	112446_14	string
703	110806_12	string
703	171027_13	synonym
703	122893_13	synonym
703	192151_11	abbreviation
703	123743_9	string
703	192151_12	string
703	123743_10	string
703	122893_18	abbreviation
703	167413_3	synonym
703	155533_10	hyponym
703	193169_12	string
703	193169_13	string
703	119273_21	string
703	172195_13	string
703	123655_13	string
703	126490_9	abbreviation
703	172195_17	string
703	106794_21	string
703	159504_13	abbreviation
703	159504_14	string
703	122992_14	string
703	142089_10	abbreviation
703	190272_13	hyponym
703	122992_16	string
703	142089_11	string
703	145308_9	string
703	142089_13	implication
703	133425_7	synonym
703	161430_9	string
703	195244_11	synonym
703	147056_9	abbreviation
703	111966_21	abbreviation
703	147056_11	string
703	136049_7	string
703	146406_12	string
703	125594_30	synonym
703	156962_4	string
703	184718_3	abbreviation
703	125594_31	synonym
703	141996_17	abbreviation
703	140432_7	abbreviation
703	155684_14	abbreviation
703	133242_18	string
703	166034_24	synonym
703	165510_3	synonym
703	155684_18	abbreviation
703	133242_21	synonym
703	155684_19	string
703	166034_26	synonym
703	179996_13	synonym
703	170407_11	synonym
703	139485_19	string
703	136086_9	string
703	136086_10	string
703	136049_8	string
703	157839_10	string
703	157839_11	string
703	106794_24	string
703	174752_21	string
703	174752_22	string
703	171027_14	string
703	190272_15	string
703	126490_15	string
703	174786_20	string
703	190179_23	string
703	124673_9	string
703	136356_12	hyponym
703	141084_19	string
703	136356_13	string
703	141996_19	string
703	193756_14	string
703	120257_23	synonym
703	100492_13	string
703	171379_7	synonym
703	100492_14	synonym
703	120257_26	string
703	140432_8	string
703	166034_27	synonym
703	166203_1	string
703	132444_4	string
703	132444_5	string
703	184718_4	string
703	142335_9	abbreviation
703	139485_20	string
703	187916_23	abbreviation
703	159504_15	string
703	142372_19	synonym
703	115692_18	string
703	142372_20	synonym
703	134027_15	string
703	187753_8	string
703	128590_19	string
703	128590_21	string
703	152012_9	string
703	152012_10	string
703	152012_11	string
703	127274_15	string
703	189667_4	abbreviation
703	125594_40	string
703	122903_18	string
703	130253_23	string
703	125594_48	string
703	199085_16	string
703	157077_15	synonym
703	184541_20	string
703	104841_20	string
703	104841_21	string
703	132884_9	hyponym
703	196052_12	synonym
703	119273_14	string
703	156269_7	string
703	156269_8	string
703	123994_9	synonym
703	121917_11	string
703	157809_16	string
703	121917_12	string
703	109928_19	string
703	121917_13	string
703	121925_15	abbreviation
703	138678_29	string
703	123655_15	string
703	167768_15	string
703	199482_29	string
704	109543_9	string
704	104582_15	abbreviation
704	144659_1	abbreviation
704	144659_2	implication
704	109543_10	synonym
704	104582_16	string
704	125594_37	string
704	137869_29	string
704	154202_9	synonym
704	150105_0	string
704	154202_11	string
704	144659_10	string
704	150105_1	string
704	137869_32	string
704	167972_2	abbreviation
704	149498_13	synonym
704	115521_18	string
704	144659_17	implication
704	149073_36	synonym
704	134389_1	abbreviation
704	179480_30	synonym
704	170781_12	string
704	199929_6	string
704	199929_9	abbreviation
704	174697_8	string
704	167972_16	string
704	174697_11	abbreviation
704	134389_11	abbreviation
704	185113_21	synonym
704	134389_12	abbreviation
704	117878_13	string
704	176083_21	string
704	196411_6	string
704	176704_12	abbreviation
704	196411_9	string
704	134389_17	synonym
704	199929_20	string
704	196411_10	string
704	196411_11	synonym
704	174697_17	synonym
704	196411_12	string
704	199929_25	string
704	167088_12	string
704	171496_15	synonym
704	199482_11	abbreviation
704	116117_11	synonym
704	120990_14	string
704	170628_8	synonym
704	170628_9	synonym
704	101099_8	abbreviation
704	199482_18	string
704	159675_41	string
704	196148_22	abbreviation
704	126427_5	string
704	177082_19	synonym
704	189408_9	string
704	103267_7	synonym
704	177082_24	synonym
704	103267_9	abbreviation
704	113759_1	string
704	141292_4	string
704	164644_7	string
704	164644_8	string
704	159675_50	synonym
704	108558_4	string
704	113759_11	string
704	168279_45	string
704	102295_6	synonym
704	113759_15	string
704	176996_14	abbreviation
704	196878_9	string
704	107052_10	string
704	176996_22	string
704	167413_10	string
704	107052_13	string
704	198266_11	abbreviation
704	156001_5	synonym
704	198266_17	abbreviation
704	198266_19	string
704	123916_7	synonym
704	123916_8	abbreviation
704	198266_23	string
704	167413_22	synonym
704	123916_9	synonym
704	198152_25	string
704	139341_13	abbreviation
704	167483_16	synonym
704	167413_26	synonym
704	190272_10	synonym
704	123916_14	string
704	167413_27	abbreviation
704	181929_5	string
704	123916_16	abbreviation
704	190272_14	string
704	105861_18	abbreviation
704	181394_29	string
704	122578_10	string
704	103679_6	string
704	114210_8	string
704	125594_17	synonym
704	160997_9	string
704	105861_28	abbreviation
704	136424_15	synonym
704	169111_25	string
704	120889_16	string
704	159904_5	synonym
704	130539_11	string
704	189534_15	string
704	147974_2	synonym
704	149073_15	synonym
704	143223_18	abbreviation
704	143223_19	abbreviation
704	147974_10	synonym
704	170407_9	string
704	112248_9	synonym
704	162749_15	string
704	162749_16	string
704	151614_8	string
704	169111_27	synonym
704	107340_15	string
704	162749_18	string
704	148450_14	string
704	105861_15	abbreviation
704	187916_1	abbreviation
704	126623_14	synonym
704	105861_21	synonym
704	126623_15	synonym
704	197871_23	string
704	189423_2	string
704	187916_6	synonym
704	120849_7	string
704	149073_14	string
704	189423_3	string
704	149073_16	string
704	198152_22	string
704	189534_7	string
704	113865_12	string
704	187916_13	string
704	154423_10	string
704	146195_13	synonym
704	115521_15	synonym
704	115521_21	synonym
704	116778_14	string
704	151526_5	synonym
704	133608_18	string
704	109543_7	abbreviation
704	187916_20	string
704	120990_15	string
704	133608_19	string
704	139485_17	string
704	151526_6	string
704	109514_6	abbreviation
704	129412_13	string
704	187916_22	string
704	118677_10	string
704	142372_16	synonym
704	187916_25	string
704	118677_11	string
704	187916_28	string
704	134719_14	string
704	118677_19	string
704	147974_11	string
704	172267_9	synonym
704	117878_14	string
704	163165_14	synonym
704	130253_1	string
704	163165_16	string
704	147974_20	hyponym
704	199929_10	synonym
704	116117_15	string
704	179480_8	string
704	179480_10	string
704	170781_8	synonym
704	130253_14	string
704	170781_9	synonym
704	130253_15	string
704	122400_20	synonym
704	154244_13	synonym
704	179480_13	string
704	130253_17	string
704	196878_3	string
704	196411_7	string
704	137869_21	string
704	196878_8	synonym
704	167413_11	string
704	129611_2	string
704	198266_20	string
704	177082_12	string
704	177082_16	synonym
704	177082_20	string
704	167413_21	abbreviation
704	167413_25	string
704	177082_23	synonym
704	137869_30	string
704	174697_12	string
704	106794_1	synonym
704	112248_8	synonym
704	181788_16	string
704	184489_10	synonym
704	113759_12	string
704	113759_13	string
704	107052_17	string
704	107052_18	string
704	113759_17	string
704	139341_1	synonym
704	169111_18	string
704	154202_10	string
704	199482_16	string
704	169111_20	string
704	155984_8	string
704	114210_11	string
704	155984_10	string
704	155984_11	synonym
704	168279_49	string
704	181394_30	string
704	176083_19	synonym
704	199482_34	string
704	133424_18	string
704	133424_21	synonym
704	129611_23	string
705	109543_9	string
705	187648_6	synonym
705	125594_37	synonym
705	187648_9	string
705	131251_5	string
705	103359_3	string
705	174243_18	implication
705	129556_2	synonym
705	118475_8	string
705	101480_3	synonym
705	179480_23	string
705	178787_18	string
705	186325_7	synonym
705	178787_20	synonym
705	129556_9	synonym
705	186325_8	synonym
705	197419_20	synonym
705	129556_11	synonym
705	129556_12	synonym
705	151526_7	string
705	129556_13	synonym
705	186325_13	synonym
705	129556_14	synonym
705	177920_1	synonym
705	132884_1	synonym
705	134268_7	synonym
705	112815_12	string
705	146104_11	synonym
705	117878_1	synonym
705	117878_2	synonym
705	117878_3	synonym
705	146104_12	synonym
705	146104_13	string
705	168022_7	string
705	125007_10	synonym
705	110663_9	implication
705	106773_6	synonym
705	176266_14	synonym
705	177920_12	synonym
705	169273_10	synonym
705	169273_12	string
705	177920_20	implication
705	117186_7	string
705	133990_0	implication
705	177550_12	synonym
705	113638_8	synonym
705	113638_9	synonym
705	100085_6	synonym
705	125755_9	synonym
705	100085_7	synonym
705	142178_10	string
705	133990_13	string
705	155573_14	synonym
705	176801_19	synonym
705	194084_8	string
705	154244_1	synonym
705	158950_3	string
705	189408_4	synonym
705	196148_22	synonym
705	118210_13	synonym
705	189408_9	string
705	128163_12	synonym
705	151342_4	abbreviation
705	170309_15	synonym
705	170309_16	string
705	150982_9	string
705	128163_20	synonym
705	123535_3	synonym
705	133219_0	string
705	182247_11	string
705	188400_22	synonym
705	188400_24	synonym
705	122828_0	synonym
705	164815_6	synonym
705	107052_2	synonym
705	136823_3	string
705	104434_14	string
705	107052_9	synonym
705	107052_10	synonym
705	171110_19	string
705	141538_0	synonym
705	152649_10	synonym
705	141538_3	synonym
705	152663_5	synonym
705	141538_4	synonym
705	147383_5	synonym
705	138190_18	synonym
705	123916_9	synonym
705	107354_22	synonym
705	193267_8	synonym
705	121173_5	implication
705	193267_10	string
705	193267_11	synonym
705	193267_12	implication
705	193091_6	abbreviation
705	121173_9	synonym
705	193267_14	synonym
705	121173_12	synonym
705	193091_10	synonym
705	100559_12	string
705	140259_7	string
705	107354_30	synonym
705	181730_6	synonym
705	114939_7	synonym
705	120337_6	synonym
705	123684_9	synonym
705	103881_11	synonym
705	123684_11	synonym
705	114939_13	string
705	151220_2	abbreviation
705	168411_1	synonym
705	114939_16	hyponym
705	114939_17	synonym
705	156962_4	string
705	156962_5	string
705	157329_4	synonym
705	156962_7	synonym
705	140477_13	synonym
705	151220_8	synonym
705	156962_8	synonym
705	151220_11	synonym
705	151220_12	string
705	151220_13	string
705	115024_13	synonym
705	140477_19	synonym
705	143979_10	string
705	140477_21	synonym
705	168411_16	synonym
705	140477_22	synonym
705	140477_23	synonym
705	140477_24	synonym
705	168411_18	synonym
705	179480_1	synonym
705	140477_25	synonym
705	179480_2	synonym
705	124764_6	string
705	108346_12	implication
705	155684_23	synonym
705	121149_3	synonym
705	121149_5	synonym
705	151614_6	synonym
705	151614_7	synonym
705	120257_2	synonym
705	153808_13	string
705	157329_6	implication
705	157329_7	synonym
705	151614_14	synonym
705	126623_10	implication
705	192151_13	string
705	126574_15	implication
705	192151_14	string
705	151614_16	synonym
705	155533_11	string
705	192151_15	string
705	103267_11	synonym
705	186515_0	synonym
705	157329_14	synonym
705	157329_16	string
705	121149_9	synonym
705	168411_21	synonym
705	197122_29	synonym
705	194275_10	string
705	197419_13	synonym
705	157329_22	string
705	167088_11	string
705	156962_6	implication
705	194275_13	implication
705	119634_12	hyponym
705	126623_20	synonym
705	133990_10	string
705	121173_13	synonym
705	164712_11	implication
705	131251_7	synonym
705	120337_7	synonym
705	181730_8	string
705	115024_14	string
705	115024_15	string
705	150804_12	string
705	150804_13	string
705	118677_8	synonym
705	186325_1	synonym
705	175480_10	string
705	100085_5	synonym
705	107354_28	string
705	112815_13	string
705	118677_9	synonym
705	174243_19	implication
705	177550_14	string
705	186325_14	implication
705	118677_13	synonym
705	177550_16	string
705	118677_17	string
705	107290_10	string
705	117878_14	string
705	117878_15	implication
705	188400_5	synonym
705	101480_18	string
705	129556_25	string
705	129556_26	synonym
705	116117_17	synonym
705	129556_31	synonym
705	168022_6	string
705	152649_19	string
705	148924_1	synonym
705	178787_17	string
705	159687_10	string
705	118475_10	synonym
705	154244_15	string
705	157743_9	string
705	117186_8	string
705	114980_9	string
705	144518_9	string
705	122828_4	string
705	129611_3	synonym
705	122400_30	string
705	127525_9	string
705	157548_24	synonym
705	157548_25	synonym
705	157548_26	synonym
705	149591_9	implication
705	181788_16	string
705	150996_9	string
705	152663_6	string
705	168279_38	synonym
705	168279_39	synonym
705	108451_8	synonym
705	156619_21	synonym
705	126013_14	synonym
705	158950_4	string
705	107340_9	implication
705	164815_7	string
705	164815_10	implication
705	169111_23	synonym
705	128163_16	string
705	168279_52	string
705	128163_19	synonym
705	100028_19	synonym
705	129611_27	string
706	143881_7	implication
706	173316_7	implication
706	130796_2	implication
706	130796_3	implication
706	114837_6	implication
706	144659_2	implication
706	114250_20	implication
706	151265_7	implication
706	114845_11	string
706	130796_4	string
706	130796_5	string
706	130796_6	string
706	165510_11	string
706	143881_13	string
706	128590_12	implication
706	143881_14	implication
706	143881_15	synonym
706	130796_9	string
706	130796_10	string
706	151265_11	string
706	179225_11	string
706	148370_10	string
706	144659_11	string
706	179117_4	implication
706	140222_11	string
706	148370_11	string
706	106091_4	implication
706	141582_2	implication
706	148370_15	string
706	197615_12	string
706	179937_4	implication
706	157744_6	string
706	130655_6	string
706	135610_0	implication
706	168605_1	string
706	114837_25	string
706	132513_7	implication
706	141582_7	implication
706	168605_2	string
706	145990_4	string
706	145990_5	string
706	145990_6	string
706	114837_26	synonym
706	140222_18	string
706	168605_5	implication
706	110998_10	string
706	157640_23	string
706	162798_16	implication
706	145990_8	string
706	106091_11	implication
706	194360_10	hyponym
706	119405_2	implication
706	113492_5	string
706	188206_0	implication
706	174697_0	implication
706	168605_9	string
706	179480_28	abbreviation
706	120849_4	implication
706	168605_10	string
706	119405_7	implication
706	167831_22	string
706	134719_11	string
706	179480_29	abbreviation
706	114444_23	string
706	155571_3	implication
706	133568_2	implication
706	132513_13	string
706	168605_14	string
706	159509_0	implication
706	134719_12	string
706	119405_12	string
706	179480_30	string
706	134268_7	string
706	119405_15	string
706	176997_3	implication
706	129375_14	string
706	155571_6	implication
706	192522_1	string
706	119405_16	synonym
706	183737_0	implication
706	199085_2	implication
706	102433_11	string
706	127274_7	implication
706	132513_18	implication
706	134823_13	string
706	134389_9	implication
706	183737_2	string
706	188206_12	string
706	174146_6	implication
706	174697_11	string
706	109173_0	synonym
706	132884_8	hyponym
706	176997_11	implication
706	167972_17	string
706	167088_5	implication
706	102433_14	string
706	109173_2	string
706	109173_3	implication
706	112777_8	string
706	127274_13	string
706	127274_14	synonym
706	177622_11	implication
706	162348_19	string
706	132884_11	string
706	132884_12	implication
706	199482_2	string
706	174697_13	string
706	176997_16	hyponym
706	192522_11	string
706	133568_15	string
706	174697_14	implication
706	179480_36	implication
706	183737_8	implication
706	179104_3	implication
706	176997_17	string
706	171496_3	implication
706	135610_15	string
706	174146_15	string
706	127274_17	implication
706	183737_10	string
706	188206_19	string
706	183737_11	string
706	167883_0	synonym
706	133568_18	string
706	109173_12	string
706	174697_17	string
706	198482_0	implication
706	192522_15	implication
706	143877_6	implication
706	150402_14	synonym
706	199085_12	string
706	185823_0	implication
706	109173_14	synonym
706	141036_2	implication
706	174146_21	implication
706	102433_20	string
706	150402_16	synonym
706	116955_12	abbreviation
706	150402_17	string
706	163165_15	string
706	150402_18	synonym
706	122629_0	implication
706	135610_21	string
706	199085_18	string
706	171496_15	string
706	116955_15	implication
706	177082_0	implication
706	148059_4	implication
706	177550_12	string
706	179104_19	abbreviation
706	167883_10	implication
706	185823_7	string
706	199085_21	string
706	137477_6	string
706	167773_0	implication
706	119282_5	synonym
706	199085_22	string
706	167883_11	string
706	198957_0	implication
706	168047_1	string
706	122629_6	implication
706	137477_9	string
706	148059_10	hyponym
706	121925_1	implication
706	109170_0	implication
706	165297_16	hyponym
706	174786_4	string
706	114980_10	implication
706	167883_14	hyponym
706	146958_6	implication
706	148059_13	string
706	167883_15	string
706	116117_16	string
706	193189_0	implication
706	136373_2	string
706	119282_9	implication
706	158950_3	string
706	105400_11	implication
706	193189_1	string
706	121925_5	implication
706	178961_19	string
706	167883_17	string
706	165297_21	hyponym
706	119239_17	string
706	193189_2	string
706	176077_6	string
706	165395_3	implication
706	105400_12	string
706	105400_13	hyponym
706	167883_18	implication
706	168047_10	string
706	122883_2	string
706	198957_10	string
706	173656_3	hyponym
706	105400_14	string
706	129501_8	abbreviation
706	129650_1	implication
706	134857_40	implication
706	119283_6	string
706	174786_17	abbreviation
706	177082_18	string
706	123832_2	implication
706	187917_1	implication
706	142197_3	implication
706	118677_1	string
706	170654_4	string
706	191788_10	hyponym
706	164384_0	implication
706	170654_6	implication
706	182247_1	implication
706	196148_26	string
706	142197_7	string
706	142197_8	string
706	190537_1	string
706	193189_9	string
706	142197_10	implication
706	129998_8	string
706	168116_3	synonym
706	185487_13	string
706	126427_8	string
706	191788_14	string
706	193189_10	string
706	125325_12	string
706	196148_30	string
706	170892_18	hyponym
706	171393_37	synonym
706	123535_0	string
706	176617_5	string
706	123535_2	string
706	123535_3	string
706	157809_14	string
706	126427_11	string
706	125101_13	synonym
706	108558_5	hyponym
706	164384_9	string
706	196148_33	string
706	177125_9	implication
706	182247_11	string
706	164384_10	string
706	172605_11	string
706	123535_6	implication
706	123535_7	implication
706	147575_0	implication
706	182247_12	string
706	170654_15	string
706	199482_33	string
706	147575_1	string
706	146195_10	synonym
706	170654_18	abbreviation
706	123535_10	string
706	171027_12	string
706	177125_17	synonym
706	142645_1	implication
706	123535_11	string
706	139341_2	implication
706	136373_27	synonym
706	192151_11	synonym
706	123535_15	synonym
706	146210_2	string
706	144925_1	string
706	184450_14	abbreviation
706	136373_29	string
706	123535_17	implication
706	184450_15	hyponym
706	172884_7	implication
706	184450_16	string
706	147575_10	string
706	148215_17	abbreviation
706	184788_3	implication
706	166295_0	implication
706	166295_1	string
706	180546_4	implication
706	198266_0	implication
706	112613_19	string
706	146210_10	string
706	146210_11	string
706	166295_3	string
706	147575_13	string
706	146210_13	string
706	174483_0	implication
706	166295_4	string
706	166295_5	synonym
706	144754_39	implication
706	174483_1	string
706	174483_2	implication
706	166295_7	implication
706	116970_3	implication
706	198266_4	implication
706	145874_0	implication
706	184598_1	abbreviation
706	184598_2	implication
706	169374_11	string
706	166295_9	implication
706	198266_7	string
706	174483_3	implication
706	166295_10	string
706	166295_11	string
706	125632_26	string
706	167488_1	implication
706	134578_0	implication
706	116970_7	string
706	166295_12	string
706	166295_13	string
706	184489_3	string
706	175030_13	implication
706	156001_0	implication
706	122251_3	string
706	198266_11	synonym
706	180546_12	synonym
706	180546_13	string
706	166295_14	string
706	166295_15	string
706	161610_0	implication
706	174483_7	implication
706	162213_1	synonym
706	149256_3	string
706	123655_10	synonym
706	164280_3	string
706	175030_14	implication
706	154469_2	string
706	178322_16	hyponym
706	123655_12	string
706	134578_6	implication
706	174483_10	implication
706	122251_7	string
706	122251_9	string
706	180546_16	string
706	161610_3	implication
706	156001_5	hyponym
706	122251_10	string
706	134578_7	string
706	145874_11	implication
706	174483_11	implication
706	164280_7	string
706	125632_32	string
706	120587_2	string
706	110481_2	implication
706	189261_6	synonym
706	144722_13	string
706	175030_21	string
706	134578_12	implication
706	123655_17	string
706	149095_0	implication
706	174483_15	implication
706	123655_18	string
706	106794_20	string
706	149095_1	string
706	149095_2	synonym
706	110481_6	string
706	134578_14	string
706	100492_9	string
706	184489_14	string
706	114158_16	string
706	197122_6	hyponym
706	174483_17	implication
706	145874_18	string
706	184788_17	string
706	123655_19	string
706	123655_20	string
706	183308_20	string
706	107354_24	hyponym
706	175030_25	implication
706	165603_2	implication
706	149095_5	implication
706	149095_6	string
706	100559_8	string
706	174483_22	synonym
706	147165_3	string
706	112133_0	implication
706	170614_19	abbreviation
706	121743_6	string
706	101449_3	string
706	103679_1	implication
706	149095_7	string
706	184846_22	string
706	184833_8	abbreviation
706	174483_27	synonym
706	126242_1	implication
706	139585_1	string
706	121743_8	implication
706	140259_5	hyponym
706	194649_0	hyponym
706	194649_1	synonym
706	183308_26	string
706	181929_8	synonym
706	177351_20	string
706	161610_18	string
706	194649_2	synonym
706	103679_3	implication
706	105861_19	string
706	106220_14	synonym
706	100268_1	string
706	183308_28	string
706	194649_4	implication
706	161610_19	string
706	181929_9	synonym
706	181929_10	synonym
706	164967_9	string
706	164967_11	string
706	134831_0	implication
706	191196_2	implication
706	194649_8	implication
706	194649_9	implication
706	161610_21	synonym
706	178112_3	string
706	181929_13	string
706	161610_22	synonym
706	147165_16	string
706	147165_17	string
706	178112_4	string
706	122578_11	string
706	105861_24	synonym
706	194649_14	hyponym
706	182680_11	implication
706	178112_6	implication
706	123684_4	string
706	194649_16	implication
706	144298_1	implication
706	162147_12	string
706	178391_1	implication
706	162147_13	string
706	114939_11	string
706	123684_10	synonym
706	127126_13	implication
706	140161_5	string
706	127002_17	string
706	114845_3	implication
706	103881_11	string
706	123684_11	string
706	114939_13	string
706	126242_26	synonym
706	199568_15	string
706	147502_5	implication
706	123684_12	string
706	123684_13	string
706	136424_16	abbreviation
706	143881_0	implication
706	127002_20	string
706	114845_7	implication
706	162147_16	string
706	162147_17	string
706	143881_2	implication
706	143881_3	implication
706	148370_0	string
706	186295_8	implication
706	156962_4	string
706	157329_4	string
706	114837_3	string
706	194471_3	implication
706	165603_26	implication
706	145720_0	implication
706	145076_0	implication
706	151265_1	implication
706	145720_3	implication
706	145720_4	implication
706	145076_1	implication
706	145720_7	string
706	189534_13	synonym
706	157329_13	string
706	165603_34	synonym
706	130796_0	implication
706	130796_1	implication
706	130539_14	synonym
706	165603_35	hyponym
706	187916_5	implication
706	151223_19	string
706	196459_4	string
706	151223_20	string
706	165510_0	implication
706	133242_18	implication
706	114250_14	hyponym
706	117293_33	string
706	165510_6	implication
706	166034_26	string
706	196459_17	string
706	133242_24	string
706	145076_17	abbreviation
706	114250_18	string
706	191244_0	implication
706	170407_9	string
706	121149_2	implication
706	139485_2	implication
706	121149_4	string
706	191244_9	synonym
706	121149_6	string
706	191244_13	implication
706	126574_7	implication
706	139485_19	string
706	106238_4	string
706	185494_1	implication
706	191788_7	synonym
706	185487_14	string
706	185487_15	string
706	177622_16	string
706	100268_2	string
706	188241_3	synonym
706	122251_11	string
706	148059_0	implication
706	178922_14	string
706	171496_0	implication
706	106220_2	implication
706	148059_11	string
706	157329_0	implication
706	107340_15	string
706	191788_11	string
706	191788_12	implication
706	123535_13	implication
706	167831_0	implication
706	157329_1	string
706	126490_10	string
706	107340_16	string
706	167831_1	string
706	157329_2	implication
706	162213_0	implication
706	123535_16	string
706	106794_24	string
706	107416_3	implication
706	126490_11	string
706	169047_0	string
706	191788_15	string
706	197331_13	string
706	162213_2	string
706	196148_24	string
706	157329_3	string
706	106794_25	implication
706	185494_7	implication
706	133242_0	implication
706	127159_6	string
706	123535_18	string
706	154469_0	string
706	157329_6	synonym
706	167831_4	implication
706	106794_26	string
706	107340_20	string
706	165603_0	implication
706	154469_1	string
706	107340_21	string
706	188241_13	string
706	105400_0	implication
706	157329_8	implication
706	107340_22	string
706	100559_15	string
706	179225_1	implication
706	115334_5	string
706	106794_28	string
706	174786_18	hyponym
706	105400_3	string
706	185494_11	hyponym
706	171027_16	implication
706	115334_6	string
706	196148_31	string
706	100559_16	string
706	107340_25	string
706	171027_17	string
706	126623_11	synonym
706	174786_21	synonym
706	174752_24	string
706	107340_26	string
706	106794_30	string
706	123684_14	string
706	185494_13	string
706	178112_0	implication
706	100559_17	synonym
706	192151_15	string
706	174786_22	string
706	196148_34	string
706	157329_14	string
706	171027_20	string
706	184598_6	hyponym
706	174752_25	string
706	105400_16	implication
706	167831_11	implication
706	167831_12	string
706	146195_1	implication
706	191244_3	synonym
706	134831_6	string
706	170407_12	string
706	143881_11	implication
706	143881_12	string
706	143937_13	implication
706	170407_13	string
706	136356_11	abbreviation
706	199568_1	implication
706	157329_17	string
706	134831_7	string
706	184324_10	string
706	184598_8	string
706	191244_10	synonym
706	134823_2	implication
706	176801_21	string
706	105861_22	string
706	109170_3	implication
706	109170_4	implication
706	143536_3	implication
706	134823_3	string
706	179225_10	implication
706	191244_11	synonym
706	191244_12	string
706	157640_5	implication
706	161086_2	implication
706	161086_3	implication
706	126623_16	string
706	143536_7	implication
706	179225_13	string
706	162213_14	synonym
706	122893_0	string
706	126623_17	string
706	167831_18	string
706	122893_1	string
706	162213_15	synonym
706	179225_15	synonym
706	144754_3	implication
706	177351_17	synonym
706	157329_22	synonym
706	107354_3	synonym
706	143536_11	synonym
706	109170_8	implication
706	109170_9	string
706	130539_4	string
706	177351_18	string
706	133608_0	implication
706	161086_14	implication
706	157329_23	string
706	110481_10	implication
706	107354_4	implication
706	126242_28	string
706	167831_23	string
706	199568_14	string
706	109170_10	string
706	109170_11	string
706	133608_3	string
706	176997_0	implication
706	122578_15	string
706	162213_18	string
706	174483_6	implication
706	157329_24	string
706	157329_25	string
706	167972_14	string
706	126623_21	implication
706	101449_2	implication
706	100492_13	string
706	100492_14	string
706	177351_23	string
706	109170_15	implication
706	162213_21	string
706	177351_24	string
706	139341_24	string
706	157640_20	string
706	155684_3	implication
706	114250_12	implication
706	166034_27	string
706	174483_18	string
706	134823_14	string
706	144754_10	implication
706	103049_3	string
706	151192_2	implication
706	155327_2	implication
706	122893_11	implication
706	184214_0	implication
706	114183_25	string
706	189534_9	synonym
706	122893_12	string
706	109935_10	string
706	134719_0	string
706	174483_25	string
706	109935_11	string
706	157640_24	synonym
706	157640_26	string
706	176997_14	hyponym
706	178961_4	string
706	178322_1	implication
706	119405_0	implication
706	119405_3	implication
706	127002_1	string
706	165603_29	synonym
706	181269_0	implication
706	144754_17	string
706	136424_4	implication
706	122893_19	string
706	176997_19	string
706	159904_2	implication
706	157640_27	synonym
706	119405_8	implication
706	130539_12	abbreviation
706	155327_9	implication
706	122893_20	synonym
706	133608_16	hyponym
706	144754_18	string
706	144754_19	implication
706	134719_3	implication
706	155684_17	implication
706	178322_5	string
706	177550_0	synonym
706	177550_1	string
706	197423_1	implication
706	165603_36	synonym
706	127002_4	implication
706	114183_29	synonym
706	161722_10	string
706	118677_0	string
706	118677_2	implication
706	162798_2	implication
706	181269_5	implication
706	197423_2	implication
706	150804_10	string
706	177125_0	implication
706	177550_2	string
706	177550_3	string
706	118677_3	implication
706	133608_20	string
706	151192_8	synonym
706	144754_36	hyponym
706	110549_12	implication
706	177125_1	implication
706	145874_2	implication
706	150804_12	string
706	114183_31	string
706	177550_4	string
706	107354_23	string
706	144754_37	hyponym
706	144754_38	synonym
706	151192_9	string
706	123743_2	implication
706	140222_4	string
706	181929_14	implication
706	107683_13	string
706	130539_15	string
706	130539_16	synonym
706	114183_32	synonym
706	128140_2	string
706	163165_4	implication
706	178322_10	implication
706	197423_6	string
706	114183_33	implication
706	128590_6	string
706	103049_14	string
706	167773_8	string
706	107683_14	string
706	177125_16	string
706	177550_8	implication
706	177550_9	string
706	168943_11	string
706	177125_18	string
706	116117_2	implication
706	168943_12	string
706	178322_14	synonym
706	178322_15	synonym
706	177550_10	string
706	177550_11	string
706	168943_13	string
706	163816_2	implication
706	130539_19	string
706	109173_7	implication
706	151192_12	string
706	140222_10	string
706	145874_9	synonym
706	145874_10	implication
706	178322_17	string
706	178322_18	synonym
706	177550_13	string
706	109173_8	string
706	109173_9	synonym
706	151265_4	implication
706	171393_0	implication
706	118677_14	string
706	145990_0	implication
706	145990_1	string
706	112313_0	implication
706	188206_7	implication
706	168943_14	string
706	145874_12	string
706	145874_13	string
706	178322_19	string
706	177550_15	string
706	130539_20	string
706	109173_13	string
706	118677_16	string
706	118677_17	synonym
706	145874_14	string
706	145990_3	implication
706	145990_7	string
706	151265_6	implication
706	123743_13	string
706	194360_9	synonym
706	177550_17	string
706	177550_18	string
706	134719_15	implication
706	118677_19	string
706	184214_18	string
706	177550_19	string
706	148370_1	string
706	151265_12	string
706	118677_20	synonym
706	152012_4	implication
706	163816_8	synonym
706	149256_0	implication
706	194360_12	string
706	136373_0	implication
706	151265_15	string
706	141520_15	string
706	128590_18	hyponym
706	163816_9	string
706	172267_10	synonym
706	178961_18	string
706	163816_10	hyponym
706	118677_23	synonym
706	118677_24	implication
706	136373_1	implication
706	164967_0	implication
706	172267_11	synonym
706	128590_19	synonym
706	163816_12	string
706	152649_14	string
706	164280_2	implication
706	162348_5	string
706	185823_12	implication
706	128993_2	implication
706	127274_5	implication
706	163816_13	implication
706	185823_18	string
706	148370_14	string
706	128590_21	hyponym
706	183972_4	implication
706	152012_9	string
706	152649_15	string
706	116117_15	string
706	164280_6	string
706	146958_14	synonym
706	101882_6	string
706	164967_3	implication
706	152012_11	string
706	170781_3	implication
706	127274_15	synonym
706	178961_23	string
706	164280_9	hyponym
706	140161_1	hyponym
706	138678_0	synonym
706	140259_1	string
706	101833_20	string
706	161610_4	implication
706	178961_24	string
706	157744_5	string
706	122903_11	synonym
706	136373_11	implication
706	162348_16	string
706	162348_17	string
706	164967_8	string
706	170781_10	abbreviation
706	122629_7	string
706	119273_0	string
706	138678_4	implication
706	136373_21	synonym
706	140161_9	implication
706	161610_17	hyponym
706	112313_17	synonym
706	164967_13	string
706	168605_13	string
706	162348_20	string
706	136373_22	string
706	129486_0	implication
706	161610_24	string
706	122903_16	synonym
706	122903_17	hyponym
706	170781_11	implication
706	137869_18	implication
706	119273_2	string
706	138678_5	synonym
706	112313_19	synonym
706	117293_32	string
706	148215_11	implication
706	199962_12	string
706	144722_15	string
706	137869_19	string
706	136373_23	string
706	119273_3	synonym
706	122903_21	string
706	149256_16	string
706	112313_20	string
706	167883_12	synonym
706	194471_10	implication
706	124764_0	implication
706	129486_1	implication
706	136373_28	string
706	157744_15	string
706	117293_35	string
706	125101_2	string
706	134578_1	string
706	110998_16	string
706	172884_1	synonym
706	121925_2	string
706	136373_30	implication
706	173656_5	implication
706	134578_3	string
706	177082_3	implication
706	121917_0	implication
706	114837_31	string
706	170892_6	implication
706	149256_19	string
706	198266_8	string
706	198266_10	synonym
706	124764_1	implication
706	199085_17	string
706	150164_3	implication
706	136373_31	implication
706	134578_5	implication
706	114837_33	string
706	114837_34	implication
706	121917_2	implication
706	122903_26	hyponym
706	131694_10	string
706	198266_20	string
706	119282_8	string
706	194649_3	synonym
706	150164_5	string
706	165297_19	synonym
706	198266_22	string
706	168047_7	implication
706	119282_11	implication
706	194649_10	implication
706	176801_1	string
706	193189_11	string
706	129486_7	string
706	172884_8	string
706	172884_9	string
706	129998_9	string
706	185487_0	hyponym
706	171393_21	implication
706	150164_9	string
706	150164_10	implication
706	172884_11	string
706	150402_13	string
706	184450_13	synonym
706	194649_15	hyponym
706	194649_17	implication
706	170892_13	implication
706	133855_20	string
706	157809_6	implication
706	185487_1	string
706	185487_2	implication
706	129486_8	synonym
706	184450_17	string
706	171393_25	string
706	126013_2	string
706	172884_13	string
706	174697_9	string
706	150164_11	implication
706	150164_12	string
706	185487_3	implication
706	133855_21	string
706	119273_14	string
706	174697_10	string
706	168116_0	string
706	168116_1	string
706	178922_0	implication
706	119273_15	string
706	184489_0	implication
706	170892_20	string
706	138678_16	implication
706	170654_22	implication
706	157548_26	string
706	168116_2	implication
706	178922_2	string
706	119273_16	string
706	157809_9	implication
706	121925_10	string
706	170892_21	string
706	185487_8	implication
706	185487_9	string
706	157296_18	string
706	166295_2	implication
706	138678_17	implication
706	103679_8	synonym
706	180546_15	string
706	174697_18	implication
706	185487_10	string
706	185487_12	string
706	198957_3	implication
706	131156_3	implication
706	172605_3	string
706	119273_19	string
706	168116_5	string
706	156001_6	string
706	196148_0	implication
706	119273_20	string
706	157301_22	string
706	168116_7	synonym
706	157809_15	string
706	196148_1	string
706	191788_0	synonym
706	157809_16	string
706	156001_8	implication
706	109928_18	synonym
706	157301_23	string
706	196148_3	string
706	112777_1	string
706	157809_17	string
706	191788_2	implication
706	171393_34	string
706	156001_9	synonym
706	183308_2	string
706	121925_15	string
706	156001_10	implication
706	125101_17	implication
706	138678_25	synonym
706	184489_15	synonym
706	123832_3	implication
706	171393_36	synonym
706	157301_25	string
706	108558_8	string
706	138678_27	string
706	169374_7	implication
706	121925_19	string
706	181394_21	string
706	126013_13	string
706	157301_26	string
706	188241_0	implication
706	199482_10	string
706	122251_2	string
706	176512_14	string
706	126013_14	string
706	187941_3	implication
706	122251_6	string
706	183308_6	string
706	121925_20	string
706	138678_30	string
706	100559_0	implication
706	100559_1	implication
706	126490_2	synonym
706	196148_15	implication
706	119239_14	string
706	159675_27	implication
706	183308_21	string
706	183308_22	string
706	183308_25	implication
706	171027_2	implication
706	129611_28	string
706	129611_29	implication
707	193855_10	string
707	162987_8	string
707	167972_2	string
707	157640_14	string
707	157640_23	string
707	186515_1	string
707	188206_2	string
707	129375_8	string
707	199929_1	string
707	132513_12	string
707	167972_11	string
707	193575_2	string
707	112313_9	string
707	154237_8	string
707	188206_8	string
707	154237_9	string
707	159509_5	string
707	192522_2	string
707	154237_14	string
707	154237_15	string
707	154237_16	string
707	199482_2	string
707	192522_10	string
707	136086_6	string
707	133855_16	string
707	154237_24	string
707	136086_11	implication
707	150804_7	string
707	199482_11	string
707	199482_12	string
707	199482_13	string
707	104841_3	string
707	199482_18	string
707	129501_8	string
707	108176_14	string
707	113759_1	string
707	199482_28	string
707	166902_23	implication
707	199482_31	string
707	114528_12	string
707	155533_6	string
707	175030_3	string
707	175030_4	abbreviation
707	118392_14	string
707	125594_2	synonym
707	197122_2	abbreviation
707	179838_2	string
707	175030_20	synonym
707	113598_9	string
707	177613_13	string
707	159504_11	string
707	101833_2	string
707	101833_3	string
707	129412_9	string
707	114845_2	string
707	125362_1	string
707	125362_2	string
707	148450_2	string
707	193855_5	string
707	143223_2	synonym
707	107683_2	string
707	157548_11	string
707	120257_16	string
707	143223_17	string
707	143223_18	string
707	177622_16	string
707	113598_1	string
707	157839_7	string
707	157839_8	string
707	157839_11	string
707	184846_12	string
707	100921_2	string
707	184846_15	string
707	184846_24	string
707	141084_14	string
707	125362_9	string
707	154423_1	string
707	157640_9	string
707	157640_10	string
707	120257_27	string
707	143223_3	synonym
707	157640_22	string
707	120257_30	string
707	153345_1	string
707	153345_2	string
707	157640_27	string
707	157640_28	synonym
707	155093_7	string
707	107683_8	synonym
707	143223_8	string
707	155093_8	string
707	157301_1	string
707	153345_8	string
707	129412_13	string
707	150804_14	string
707	105694_1	string
707	134857_4	string
707	159894_2	synonym
707	188206_9	string
707	187378_4	string
707	125594_14	string
707	125594_15	string
707	125594_16	string
707	157548_1	string
707	105694_10	string
707	112313_10	string
707	155093_19	string
707	159894_12	synonym
707	157301_11	string
707	187378_20	string
707	104841_4	string
707	157301_12	string
707	187378_21	synonym
707	112313_20	string
707	104841_13	string
707	157548_16	string
707	134857_33	abbreviation
707	118392_8	string
707	179642_1	string
707	157809_12	synonym
707	129375_9	string
707	157809_13	synonym
707	113759_12	string
707	129375_11	string
707	171357_19	string
707	136086_1	string
707	129611_8	string
707	199482_15	string
707	167768_12	string
707	167768_13	string
707	199482_16	string
707	199482_17	string
707	177622_15	string
707	199482_27	string
708	193855_10	string
708	120257_25	string
708	128140_13	string
708	144659_2	implication
708	128050_10	string
708	144657_8	string
708	165510_11	hyponym
708	165510_12	string
708	144657_9	implication
708	137106_12	string
708	139249_4	string
708	149111_18	string
708	136175_10	string
708	128050_14	string
708	197615_3	string
708	127159_7	hyponym
708	149111_20	string
708	171817_10	string
708	186382_1	implication
708	151265_11	string
708	122903_20	string
708	128050_17	string
708	144659_11	abbreviation
708	118475_8	string
708	144659_13	string
708	115521_18	string
708	197615_12	string
708	157744_6	string
708	128050_23	string
708	114837_27	implication
708	128050_24	string
708	114837_28	implication
708	113492_5	string
708	186325_10	string
708	154761_10	string
708	162981_4	string
708	195624_14	string
708	195471_10	string
708	154761_11	implication
708	193608_7	string
708	179480_29	synonym
708	169126_1	string
708	183827_2	string
708	169126_2	string
708	132513_13	string
708	102433_8	string
708	132513_14	string
708	134268_7	string
708	126341_0	implication
708	165519_3	implication
708	131974_19	string
708	183827_11	implication
708	132513_16	synonym
708	167088_2	implication
708	131974_20	string
708	131974_21	string
708	183737_0	synonym
708	132513_17	implication
708	126341_1	synonym
708	179480_32	string
708	183737_1	synonym
708	176704_6	string
708	131974_22	string
708	183737_2	synonym
708	102433_13	hyponym
708	102433_14	hyponym
708	143479_18	string
708	185494_15	synonym
708	137342_6	string
708	143479_19	string
708	143479_20	string
708	142413_3	synonym
708	192498_17	string
708	137342_7	string
708	102433_18	string
708	183737_10	implication
708	119502_21	string
708	188206_19	string
708	199085_11	string
708	183737_11	string
708	137342_8	implication
708	142413_7	implication
708	142413_8	implication
708	106773_12	string
708	176107_12	string
708	192498_21	string
708	151854_19	string
708	167088_8	string
708	142413_10	string
708	109853_6	string
708	151854_20	synonym
708	117186_4	abbreviation
708	150402_16	string
708	142413_11	string
708	163870_6	string
708	116955_13	string
708	150402_17	string
708	170628_0	synonym
708	170628_1	string
708	133855_19	string
708	199085_19	string
708	174964_5	implication
708	170628_3	implication
708	104831_4	implication
708	104831_5	abbreviation
708	185823_7	string
708	101359_3	string
708	104831_7	string
708	198957_0	implication
708	174964_9	implication
708	174964_12	string
708	199085_24	string
708	173124_3	string
708	199085_25	string
708	137091_17	string
708	137091_18	string
708	170628_11	string
708	176801_19	string
708	103677_2	implication
708	185823_14	string
708	126341_23	string
708	103677_7	string
708	191144_7	implication
708	126341_24	string
708	103677_9	implication
708	165395_6	string
708	191144_9	string
708	165395_7	synonym
708	191144_11	string
708	142197_0	abbreviation
708	173656_8	string
708	103267_4	implication
708	169428_0	implication
708	126341_30	string
708	144807_10	string
708	193189_8	string
708	171473_8	hyponym
708	110806_1	synonym
708	142197_8	synonym
708	174736_1	implication
708	173124_26	string
708	176617_2	string
708	142197_10	string
708	173124_27	string
708	126341_32	string
708	159968_9	string
708	110806_2	string
708	169428_3	implication
708	173124_29	string
708	110806_5	implication
708	169428_4	string
708	110806_6	implication
708	125325_15	synonym
708	149203_12	string
708	110806_7	string
708	103049_4	string
708	110806_8	string
708	110806_9	string
708	199008_24	string
708	174736_8	implication
708	110806_10	string
708	110806_12	string
708	170654_18	string
708	174736_10	string
708	170654_19	string
708	171027_13	string
708	174736_11	implication
708	110806_13	string
708	176617_11	string
708	174736_12	string
708	186927_1	abbreviation
708	184450_14	string
708	184450_15	string
708	196878_9	synonym
708	112613_17	string
708	196878_10	string
708	123655_1	string
708	147575_13	string
708	104268_23	string
708	155533_10	string
708	186927_11	string
708	146378_2	string
708	186927_15	string
708	155984_16	string
708	146378_7	string
708	123655_9	string
708	119273_21	synonym
708	193169_17	implication
708	161610_1	implication
708	123655_12	string
708	193169_19	string
708	147383_8	string
708	123655_13	string
708	123655_14	synonym
708	141538_7	string
708	122992_1	string
708	179838_2	string
708	113598_8	string
708	144722_13	string
708	161610_6	implication
708	113598_9	string
708	113598_11	synonym
708	134578_14	string
708	123916_10	string
708	114158_16	string
708	167413_24	string
708	180621_32	string
708	198152_26	string
708	198152_27	string
708	174483_19	string
708	174483_20	string
708	123916_12	string
708	107354_24	hyponym
708	123916_13	string
708	113598_15	implication
708	113598_16	string
708	177613_16	string
708	147165_3	string
708	177613_18	string
708	161610_13	abbreviation
708	122992_14	string
708	197331_9	implication
708	120587_9	string
708	174483_24	string
708	132914_12	abbreviation
708	197331_11	string
708	198152_31	implication
708	190272_13	string
708	179838_13	string
708	161610_16	implication
708	179838_15	synonym
708	132914_17	string
708	122992_18	implication
708	161418_13	string
708	161418_14	string
708	139341_22	implication
708	161418_15	string
708	161610_19	synonym
708	106220_15	string
708	179838_18	synonym
708	161610_23	string
708	195244_8	abbreviation
708	162147_9	implication
708	122578_12	string
708	147056_2	implication
708	109935_14	string
708	171913_13	string
708	171913_14	string
708	147056_9	string
708	146406_4	synonym
708	159434_11	string
708	120889_14	string
708	120889_15	string
708	129412_10	synonym
708	114845_4	implication
708	193944_14	synonym
708	145013_8	string
708	129412_12	implication
708	193944_15	synonym
708	172900_6	string
708	130539_10	hyponym
708	141996_12	string
708	139998_3	string
708	191842_3	string
708	165056_2	string
708	159904_7	string
708	141996_17	string
708	139998_5	string
708	189534_10	synonym
708	151220_11	string
708	169111_32	string
708	106887_10	string
708	147969_20	string
708	141996_18	string
708	129412_18	string
708	172461_2	hyponym
708	137106_1	synonym
708	147969_23	string
708	189534_14	string
708	169111_36	string
708	100160_14	string
708	160997_24	implication
708	144657_5	string
708	128050_2	string
708	155569_0	implication
708	165510_3	string
708	133242_22	string
708	144298_27	implication
708	128050_5	implication
708	133242_24	string
708	155569_8	string
708	191244_0	implication
708	191244_2	string
708	139485_2	implication
708	191244_7	string
708	191244_9	string
708	126574_10	string
708	119239_15	synonym
708	155984_14	string
708	131156_10	string
708	134964_3	string
708	112248_12	string
708	193169_16	string
708	119239_18	string
708	106794_22	string
708	113598_13	string
708	176801_11	hyponym
708	106794_24	string
708	119239_19	implication
708	144925_8	string
708	155569_9	string
708	106794_25	string
708	127159_6	string
708	137091_21	string
708	179996_14	hyponym
708	127126_2	implication
708	103881_2	implication
708	171027_14	string
708	107416_4	string
708	130230_14	string
708	174752_23	string
708	126490_15	string
708	130230_16	string
708	174786_20	string
708	169111_33	synonym
708	179642_20	string
708	126490_16	string
708	133242_19	string
708	137342_0	implication
708	103267_11	string
708	103267_12	string
708	103881_12	string
708	185494_14	string
708	191244_1	string
708	157329_15	string
708	157329_17	string
708	134831_7	string
708	103881_14	string
708	191244_10	string
708	126623_15	string
708	114158_12	string
708	104268_24	string
708	127915_1	implication
708	162147_15	string
708	164384_3	implication
708	191244_11	synonym
708	191244_12	string
708	183827_3	string
708	144298_26	string
708	114158_13	string
708	191842_4	string
708	106887_11	string
708	114158_17	string
708	157329_22	string
708	141996_20	string
708	197419_17	string
708	139341_21	string
708	140477_15	string
708	105017_25	string
708	120257_23	string
708	193855_13	string
708	198152_22	string
708	132914_11	string
708	198152_23	string
708	176107_14	string
708	159968_8	string
708	140477_20	string
708	115521_17	string
708	162525_8	string
708	172461_13	string
708	120849_26	string
708	168331_33	string
708	151192_5	hyponym
708	192498_20	string
708	192498_22	string
708	146452_22	string
708	133568_19	string
708	167697_12	string
708	133608_18	string
708	103049_13	implication
708	137106_10	string
708	171817_9	string
708	136175_16	string
708	130539_16	string
708	107354_26	string
708	151192_10	string
708	139249_3	string
708	108084_31	string
708	173124_13	implication
708	183737_12	string
708	174243_16	string
708	103049_15	string
708	149203_13	string
708	151192_12	string
708	180621_33	string
708	173124_21	string
708	149203_15	string
708	186325_11	string
708	128050_16	string
708	150588_20	string
708	165510_2	implication
708	151265_12	string
708	109514_16	string
708	101480_17	string
708	187753_7	string
708	144766_19	string
708	172267_11	synonym
708	101882_1	string
708	163165_16	string
708	186927_2	implication
708	116117_12	string
708	101882_2	hyponym
708	144766_21	string
708	185823_18	string
708	178961_21	string
708	116117_13	synonym
708	128140_10	string
708	128140_11	string
708	149436_11	string
708	101833_18	string
708	163870_7	string
708	101480_22	string
708	128140_12	string
708	152649_17	string
708	174964_16	string
708	152649_18	string
708	186927_14	string
708	186382_4	implication
708	170628_10	string
708	174964_18	string
708	190502_11	string
708	177613_15	string
708	187378_24	string
708	103677_8	string
708	161610_17	string
708	122903_17	string
708	116955_14	string
708	147383_7	string
708	122903_18	string
708	199962_12	string
708	199085_10	string
708	122903_21	string
708	100160_16	string
708	100160_17	string
708	144722_16	string
708	122400_23	string
708	112613_18	string
708	121925_2	implication
708	144722_17	string
708	165519_13	string
708	149256_19	string
708	147969_22	implication
708	199085_17	string
708	165519_14	string
708	122400_26	string
708	101099_9	string
708	114837_33	string
708	110806_0	string
708	101099_10	string
708	177846_12	string
708	193189_11	string
708	146094_6	string
708	180546_2	string
708	147575_12	string
708	142197_5	implication
708	150548_14	string
708	180546_15	string
708	147056_10	string
708	146406_10	string
708	163153_24	string
708	169173_5	string
708	131156_6	string
708	131156_7	string
708	193608_8	string
708	136671_20	string
708	136671_21	implication
708	160997_21	string
708	160997_23	string
708	122992_8	string
708	176083_22	string
708	171027_0	synonym
709	193855_10	string
709	193855_11	string
709	177846_10	synonym
709	165056_17	string
709	143881_15	string
709	151265_11	synonym
709	165227_15	string
709	151265_14	string
709	193608_6	string
709	161722_8	string
709	124788_11	string
709	155638_5	string
709	124788_12	string
709	124788_13	string
709	155638_7	string
709	101480_19	string
709	112777_5	string
709	176107_5	implication
709	176997_16	string
709	176997_18	string
709	199399_22	string
709	176107_12	string
709	167088_8	synonym
709	199399_23	string
709	199726_1	implication
709	176107_13	string
709	154583_6	synonym
709	141825_10	string
709	199726_7	synonym
709	177550_12	string
709	164712_16	string
709	114980_8	string
709	119282_5	synonym
709	164712_19	string
709	148059_10	synonym
709	114980_10	string
709	164712_21	string
709	119282_7	string
709	101099_8	string
709	148059_13	synonym
709	103677_2	implication
709	103677_7	string
709	103677_9	string
709	103677_10	string
709	196148_30	string
709	150982_9	string
709	117954_11	synonym
709	196148_33	string
709	117954_15	string
709	133219_4	string
709	146195_10	string
709	133219_5	string
709	122893_14	string
709	190242_10	synonym
709	184450_14	string
709	184450_15	string
709	147575_10	synonym
709	109928_20	string
709	107052_12	string
709	107052_13	string
709	174483_22	string
709	174483_23	string
709	174483_24	string
709	137856_13	synonym
709	136424_16	string
709	143881_1	string
709	100139_12	synonym
709	193855_9	string
709	165056_3	implication
709	136424_22	string
709	136424_24	string
709	147502_16	synonym
709	108346_1	implication
709	196459_4	string
709	129255_8	string
709	108346_5	string
709	108103_6	string
709	108103_7	string
709	108103_9	string
709	196459_13	abbreviation
709	196459_14	string
709	196459_17	synonym
709	196459_22	string
709	196459_23	string
709	196459_24	implication
709	148059_11	string
709	184788_16	string
709	196148_23	string
709	144925_8	string
709	196148_24	string
709	196148_25	string
709	174752_21	string
709	198331_1	string
709	185494_10	synonym
709	165056_18	string
709	155638_6	string
709	185494_12	synonym
709	165227_9	string
709	196459_18	string
709	143881_9	string
709	143881_10	string
709	165227_10	string
709	196459_19	string
709	143881_12	string
709	186363_12	string
709	186363_13	string
709	165227_17	implication
709	193855_12	string
709	129255_2	string
709	129255_3	string
709	174483_21	string
709	164712_17	string
709	164712_20	string
709	167697_10	string
709	187916_17	synonym
709	146452_21	string
709	146452_22	string
709	139485_14	string
709	122893_21	string
709	122893_22	string
709	139485_20	string
709	187916_22	string
709	190242_11	synonym
709	151192_11	string
709	136424_18	string
709	187916_25	string
709	177550_11	string
709	190242_13	synonym
709	177550_14	string
709	102758_8	string
709	108346_6	string
709	187916_28	string
709	190242_17	string
709	190242_18	string
709	101480_16	synonym
709	142178_9	string
709	101480_18	string
709	150982_7	synonym
709	150982_10	string
709	159376_4	string
709	101099_9	string
709	177846_11	string
709	119282_8	string
709	117954_14	string
709	117954_16	implication
709	150548_13	string
709	109928_23	string
709	133424_32	string
710	193855_10	synonym
710	193855_11	synonym
710	147974_17	synonym
710	193855_16	synonym
710	193855_17	synonym
710	187916_24	synonym
710	137477_6	synonym
710	137477_7	synonym
710	137477_9	synonym
710	163816_11	hyponym
710	190537_1	synonym
710	125101_13	synonym
710	190537_10	synonym
710	193855_6	abbreviation
710	117293_33	synonym
710	137477_3	synonym
710	193855_13	synonym
710	187916_20	synonym
710	151192_9	synonym
710	187916_23	hyponym
710	151192_11	string
710	163816_4	synonym
710	163816_9	synonym
710	163816_10	synonym
710	117293_29	synonym
710	117293_32	string
710	138678_19	synonym
710	125101_15	hyponym
710	138678_24	synonym
711	193855_10	synonym
711	193855_11	synonym
711	108103_11	synonym
711	165056_17	synonym
711	165510_11	hyponym
711	165510_12	synonym
711	137106_12	synonym
711	128050_17	synonym
711	186325_10	string
711	151526_7	synonym
711	169126_1	synonym
711	183827_2	synonym
711	169126_2	synonym
711	138709_13	synonym
711	138709_14	implication
711	143479_17	synonym
711	143479_18	synonym
711	199085_11	synonym
711	151377_13	synonym
711	167088_8	synonym
711	114980_8	synonym
711	185823_7	synonym
711	199085_21	synonym
711	199085_24	synonym
711	100085_9	string
711	199085_25	synonym
711	137091_17	synonym
711	137091_18	synonym
711	137091_20	synonym
711	170628_12	synonym
711	119239_17	synonym
711	185823_16	synonym
711	169428_0	implication
711	126341_30	synonym
711	142197_6	synonym
711	142197_8	synonym
711	142197_9	hyponym
711	126341_32	synonym
711	150982_8	synonym
711	142197_11	synonym
711	176617_11	synonym
711	168279_50	synonym
711	122920_14	synonym
711	122920_15	synonym
711	123916_9	synonym
711	123916_10	synonym
711	106794_21	synonym
711	123916_14	synonym
711	185233_19	hyponym
711	185233_20	hyponym
711	110804_10	synonym
711	120889_14	synonym
711	145013_7	synonym
711	145013_8	synonym
711	189534_13	synonym
711	137106_8	synonym
711	108103_6	synonym
711	108103_9	synonym
711	165510_3	synonym
711	106794_22	synonym
711	106794_25	synonym
711	137091_19	synonym
711	130230_14	synonym
711	130230_16	synonym
711	130230_17	hyponym
711	183827_3	synonym
711	167088_10	synonym
711	193855_12	hyponym
711	151377_14	string
711	189534_11	synonym
711	172461_13	hyponym
711	189534_12	synonym
711	151377_16	synonym
711	151526_6	synonym
711	100085_8	string
711	102889_7	synonym
711	186325_11	string
711	128050_16	synonym
711	102889_8	synonym
711	165510_2	implication
711	187753_8	string
711	101882_1	synonym
711	101882_2	synonym
711	108103_8	synonym
711	108103_12	implication
712	193855_10	synonym
712	120701_3	implication
712	120701_16	synonym
712	186325_10	string
712	120701_17	synonym
712	186325_12	string
712	131974_19	synonym
712	131974_20	synonym
712	131974_25	string
712	131974_28	synonym
712	100085_9	string
712	159968_9	string
712	184450_14	synonym
712	161610_19	synonym
712	161610_20	synonym
712	127126_10	string
712	123684_10	synonym
712	123684_11	synonym
712	123684_12	string
712	159904_12	string
712	171027_15	string
712	193855_12	string
712	193855_13	hyponym
712	159968_8	synonym
712	167697_8	synonym
712	167697_10	string
712	191144_10	string
712	100085_10	string
712	102889_7	synonym
712	102889_9	string
712	149436_11	string
712	149436_14	string
712	161610_17	string
712	163153_15	synonym
712	147575_11	string
712	163153_24	string
713	193855_11	string
713	187648_9	string
713	128587_5	string
713	162981_4	string
713	183002_3	implication
713	170781_12	string
713	124864_1	implication
713	131768_25	string
713	174146_7	implication
713	138709_13	string
713	124864_6	string
713	138709_14	string
713	120849_24	string
713	174146_17	string
713	174146_18	string
713	176107_12	string
713	120849_27	string
713	145699_23	string
713	148059_4	implication
713	145699_26	string
713	116778_2	implication
713	121925_1	implication
713	177082_5	implication
713	148059_12	string
713	166575_8	string
713	121925_5	implication
713	116778_13	string
713	129501_8	string
713	166575_14	string
713	187917_1	implication
713	187917_4	string
713	187917_6	string
713	182247_9	string
713	172605_9	string
713	182247_10	string
713	182247_11	string
713	146378_3	implication
713	147383_0	implication
713	146378_8	string
713	146378_9	string
713	146582_16	string
713	147383_8	string
713	146582_19	string
713	188125_1	string
713	103679_1	implication
713	114210_2	implication
713	134831_0	implication
713	103679_7	string
713	114210_10	string
713	118218_23	string
713	144298_1	implication
713	178391_1	implication
713	182680_15	string
713	120889_14	string
713	182680_16	string
713	178391_4	string
713	178391_5	string
713	175366_16	string
713	175366_18	string
713	175366_20	string
713	168411_17	string
713	144298_25	string
713	148059_0	implication
713	148059_11	string
713	128795_14	string
713	128795_15	string
713	128795_16	string
713	197419_8	string
713	134831_7	string
713	134831_9	string
713	144298_22	string
713	131768_2	string
713	168411_21	synonym
713	193855_12	string
713	118218_18	string
713	118218_19	string
713	120849_25	string
713	128587_6	string
713	116778_12	string
713	118218_22	string
713	128587_7	string
713	184214_4	implication
713	118218_26	string
713	131768_23	string
713	119246_20	string
713	119246_21	string
713	119246_23	string
713	187916_21	string
713	183002_9	string
713	187916_22	string
713	187916_23	string
713	184214_17	string
713	184214_18	string
713	124864_7	string
713	174146_16	string
713	119502_17	string
713	146582_15	implication
713	146582_17	string
713	170781_11	string
713	147383_7	string
713	121925_3	implication
713	166575_10	string
713	177082_20	string
713	129501_9	string
713	103679_8	string
713	175366_17	string
713	121925_15	string
713	121925_18	string
713	114210_9	string
714	193855_11	string
714	162987_4	implication
714	197615_1	implication
714	162987_13	string
714	187916_24	hyponym
714	125594_41	string
714	118475_7	synonym
714	179499_6	synonym
714	179499_7	synonym
714	141084_17	synonym
714	137438_15	string
714	137438_16	string
714	125594_49	string
714	111187_1	synonym
714	111187_2	implication
714	179480_28	hyponym
714	111187_3	implication
714	111187_4	implication
714	179480_29	synonym
714	188206_4	implication
714	171379_6	synonym
714	174146_6	implication
714	174146_7	implication
714	188206_13	implication
714	199407_8	synonym
714	199407_9	synonym
714	140318_10	synonym
714	140318_11	synonym
714	199407_12	synonym
714	176266_19	string
714	188206_19	string
714	188206_20	string
714	176107_12	synonym
714	199407_15	implication
714	167088_8	string
714	176107_13	string
714	116955_12	synonym
714	116955_13	synonym
714	133855_19	string
714	116955_15	synonym
714	153552_10	synonym
714	159838_5	string
714	106310_13	string
714	182707_0	implication
714	182707_6	hyponym
714	105400_13	synonym
714	198957_10	hyponym
714	129017_9	string
714	105400_14	string
714	116664_14	synonym
714	198957_13	string
714	116664_15	string
714	129017_15	synonym
714	199482_28	synonym
714	197871_19	string
714	197871_21	string
714	197871_22	string
714	112446_9	string
714	108263_4	string
714	190537_10	synonym
714	168955_4	synonym
714	168955_6	string
714	199482_33	string
714	112446_14	synonym
714	108263_7	implication
714	171027_13	string
714	112446_16	implication
714	113759_15	string
714	181555_11	synonym
714	181555_12	synonym
714	181555_13	hyponym
714	181555_14	synonym
714	181555_16	synonym
714	157839_9	synonym
714	181555_17	synonym
714	129083_6	string
714	163301_10	string
714	125594_0	implication
714	106794_19	implication
714	106794_20	implication
714	100492_11	string
714	106794_23	string
714	101449_3	synonym
714	127411_0	implication
714	106794_29	synonym
714	151851_6	hyponym
714	164967_12	synonym
714	127411_8	string
714	158000_3	synonym
714	133425_7	string
714	122578_12	synonym
714	157252_8	string
714	158000_7	string
714	133425_10	implication
714	158000_9	implication
714	122578_14	string
714	146406_4	string
714	191702_6	string
714	118178_4	synonym
714	118178_5	synonym
714	118178_6	synonym
714	191702_7	synonym
714	191702_9	synonym
714	116651_12	synonym
714	116651_13	synonym
714	125594_28	implication
714	191702_10	synonym
714	119246_26	string
714	146406_12	string
714	125594_29	synonym
714	139998_3	abbreviation
714	139998_5	string
714	147502_16	implication
714	140477_21	string
714	140477_24	synonym
714	196459_15	synonym
714	198930_1	implication
714	198930_3	synonym
714	198930_8	synonym
714	134964_3	synonym
714	196148_19	synonym
714	157839_8	implication
714	157839_10	string
714	196148_20	string
714	159129_3	string
714	171027_14	string
714	196148_28	string
714	106794_28	hyponym
714	185494_12	synonym
714	174752_24	string
714	157252_6	string
714	185494_13	string
714	196148_34	string
714	157252_9	string
714	196459_19	string
714	143881_11	implication
714	179883_6	string
714	136356_12	string
714	197871_20	string
714	136356_13	string
714	140477_14	synonym
714	122578_15	string
714	193855_12	string
714	171379_7	string
714	147054_7	string
714	186314_10	string
714	187916_19	hyponym
714	112490_4	synonym
714	119246_23	string
714	130539_16	string
714	187916_22	synonym
714	125594_1	implication
714	187916_23	synonym
714	199407_11	string
714	153552_9	string
714	174146_0	implication
714	174146_1	implication
714	153094_9	string
714	127411_6	string
714	127411_7	string
714	174146_19	string
714	155093_16	synonym
714	155093_17	string
714	139998_1	implication
714	183972_10	string
714	111187_8	hyponym
714	111187_9	string
714	197615_13	string
714	189956_8	string
714	164967_13	string
714	125594_40	string
714	164967_15	synonym
714	157077_15	string
714	133855_17	hyponym
714	149591_5	string
714	134857_39	synonym
714	156269_7	string
714	182707_8	string
714	134857_42	string
714	179480_34	string
714	125101_14	string
714	140402_13	string
714	168279_32	hyponym
714	140402_14	string
714	108263_6	synonym
714	134857_46	synonym
714	198957_12	string
714	136671_19	implication
714	113759_17	string
714	136671_21	string
714	136671_22	string
714	157839_2	synonym
714	157839_3	implication
715	193855_11	string
715	177846_10	synonym
715	165227_8	string
715	165056_17	string
715	187648_8	string
715	187648_9	string
715	143881_13	string
715	139249_5	string
715	165227_11	string
715	102758_7	string
715	154761_1	implication
715	154761_2	implication
715	115521_16	string
715	181044_9	string
715	181044_10	string
715	115521_19	string
715	181044_11	string
715	137438_14	string
715	137438_15	string
715	137438_16	string
715	194360_10	string
715	179117_13	synonym
715	120701_16	string
715	154761_10	string
715	161722_9	string
715	120701_17	string
715	119993_13	string
715	119993_14	string
715	113865_14	string
715	119993_15	string
715	124788_9	hyponym
715	124788_12	string
715	189667_5	string
715	171496_3	implication
715	154583_6	synonym
715	102931_18	hyponym
715	163165_15	string
715	170628_3	implication
715	141036_8	string
715	199085_22	string
715	165297_16	string
715	143877_18	synonym
715	120762_8	string
715	163159_13	string
715	143877_19	string
715	165297_17	string
715	146958_6	implication
715	122400_25	string
715	170628_11	string
715	185823_13	synonym
715	165297_20	string
715	121925_5	implication
715	109170_13	string
715	174786_17	synonym
715	190150_3	string
715	174786_19	string
715	129998_8	hyponym
715	150857_8	string
715	149203_10	hyponym
715	149203_12	string
715	149203_14	string
715	133219_5	string
715	161086_13	synonym
715	136373_26	synonym
715	114528_15	string
715	136373_27	string
715	147575_10	synonym
715	158711_14	synonym
715	158711_15	string
715	125632_22	string
715	125632_26	synonym
715	167675_14	string
715	167675_15	string
715	167675_16	string
715	115087_6	string
715	106794_17	hyponym
715	197122_3	implication
715	151011_8	string
715	125632_33	synonym
715	114158_16	synonym
715	180691_4	synonym
715	187941_8	string
715	190272_13	string
715	184833_8	synonym
715	140259_5	string
715	184833_9	string
715	105861_18	string
715	105861_19	hyponym
715	137441_10	hyponym
715	159434_2	implication
715	122578_10	hyponym
715	137441_11	hyponym
715	178112_3	synonym
715	105861_23	string
715	178112_4	synonym
715	122578_11	hyponym
715	114639_13	string
715	122578_12	string
715	101833_16	hyponym
715	159434_8	hyponym
715	114639_14	string
715	127126_10	string
715	171913_13	string
715	159434_10	string
715	171913_14	string
715	182680_15	synonym
715	182680_16	string
715	199568_13	string
715	123684_11	synonym
715	130070_1	implication
715	136049_7	string
715	119246_22	string
715	123684_12	string
715	136424_16	string
715	136424_17	string
715	127915_9	string
715	199568_18	string
715	143881_2	implication
715	119691_10	string
715	193855_8	synonym
715	136424_19	string
715	194471_3	implication
715	130070_5	string
715	165056_3	implication
715	194471_8	string
715	194471_9	string
715	143979_9	string
715	143979_10	string
715	137106_3	implication
715	165603_35	string
715	108346_1	implication
715	130510_8	synonym
715	130510_9	string
715	153808_8	synonym
715	137106_7	hyponym
715	137106_8	string
715	153808_10	string
715	153808_11	string
715	153808_12	string
715	114250_15	string
715	139485_2	implication
715	139485_19	string
715	136049_8	string
715	187941_9	string
715	153808_7	hyponym
715	114639_12	string
715	128795_14	hyponym
715	153808_13	string
715	174752_21	string
715	102931_17	hyponym
715	128795_16	string
715	165056_16	string
715	115087_5	synonym
715	171496_16	string
715	128795_17	string
715	114158_2	synonym
715	165056_18	string
715	107340_25	string
715	180691_5	string
715	197122_22	string
715	165227_10	string
715	143881_11	string
715	143881_12	synonym
715	197122_23	string
715	105861_21	string
715	105861_22	string
715	127915_1	implication
715	103369_4	implication
715	103369_5	implication
715	163159_1	implication
715	165227_14	string
715	105954_9	string
715	122578_13	string
715	109170_9	string
715	151011_3	synonym
715	109170_11	string
715	161086_16	string
715	103369_12	string
715	127915_10	string
715	193855_12	string
715	161086_17	string
715	118218_18	string
715	167675_1	implication
715	118218_19	string
715	118218_20	string
715	167697_8	string
715	167697_9	string
715	183009_4	string
715	115024_14	string
715	119246_20	string
715	102889_1	implication
715	183002_9	string
715	119246_25	string
715	137106_11	string
715	130539_16	string
715	143877_21	string
715	119691_9	string
715	130539_17	string
715	102889_7	string
715	102889_8	string
715	108346_6	string
715	102758_9	string
715	194360_11	string
715	190150_4	string
715	153094_9	string
715	124788_8	synonym
715	159434_12	string
715	101833_17	string
715	104707_0	implication
715	146958_16	string
715	141036_9	string
715	101833_20	string
715	154761_9	string
715	189667_4	string
715	101833_22	string
715	140259_4	synonym
715	169273_11	string
715	136373_25	synonym
715	199085_16	string
715	122400_24	string
715	179998_9	synonym
715	165297_19	string
715	137441_13	string
715	129998_9	string
715	129998_10	string
715	190532_15	string
715	190532_16	string
715	137441_14	string
715	137441_15	string
715	196052_11	hyponym
715	104707_21	synonym
715	118210_8	string
715	118210_9	string
715	130070_6	string
715	125632_23	string
715	184358_16	string
715	136049_6	string
715	140402_13	string
715	140402_14	string
715	125632_27	string
715	125632_28	string
715	121925_15	string
715	194111_11	string
715	136671_19	string
715	106794_6	hyponym
715	125632_35	string
715	121925_18	string
715	109878_21	string
715	109878_22	string
715	107340_10	synonym
715	109878_23	string
715	119993_3	implication
716	193855_11	synonym
716	177846_10	string
716	165056_17	synonym
716	187648_8	string
716	193855_14	string
716	139249_4	string
716	171327_15	synonym
716	171327_16	synonym
716	147974_18	string
716	139249_5	string
716	192975_11	string
716	151265_10	synonym
716	106091_0	synonym
716	165227_11	string
716	197615_3	synonym
716	131251_5	string
716	154202_11	string
716	152273_13	string
716	106091_1	synonym
716	125594_41	string
716	197150_22	string
716	150105_1	synonym
716	171327_20	synonym
716	151265_11	synonym
716	106091_2	synonym
716	118475_7	string
716	174243_18	implication
716	149591_7	string
716	189762_5	string
716	171327_26	string
716	197615_11	synonym
716	181044_10	string
716	167036_3	synonym
716	178787_16	string
716	128050_21	synonym
716	157744_6	synonym
716	185113_2	abbreviation
716	120701_5	abbreviation
716	163565_19	string
716	176512_13	string
716	140236_12	string
716	167831_17	string
716	113492_5	string
716	140236_14	synonym
716	167831_19	string
716	182351_11	string
716	110998_11	string
716	110998_12	synonym
716	179937_8	string
716	157640_25	string
716	188625_13	synonym
716	154761_10	string
716	193608_6	string
716	161722_9	string
716	110998_14	string
716	151526_7	string
716	191025_6	string
716	167831_22	string
716	183002_5	abbreviation
716	146104_1	abbreviation
716	106091_16	string
716	193608_7	string
716	195624_15	string
716	179480_29	synonym
716	171753_10	string
716	106091_17	string
716	113865_14	string
716	134719_12	string
716	160867_6	hyponym
716	113865_15	string
716	179937_14	synonym
716	167036_20	string
716	111187_10	string
716	124788_11	synonym
716	110663_6	string
716	195655_9	synonym
716	106773_2	synonym
716	110663_7	string
716	155638_7	synonym
716	134121_7	hyponym
716	110549_2	synonym
716	132884_6	synonym
716	112777_6	string
716	138709_13	synonym
716	174697_11	synonym
716	110663_9	implication
716	112777_7	string
716	179480_35	string
716	132884_11	string
716	132884_12	implication
716	189667_5	string
716	110549_6	abbreviation
716	177920_12	synonym
716	122626_9	string
716	185113_23	string
716	122626_10	string
716	137342_7	string
716	192498_19	string
716	188206_19	string
716	185113_25	string
716	106773_12	string
716	174146_18	synonym
716	124621_3	synonym
716	192498_21	string
716	160729_4	synonym
716	196411_11	string
716	138286_15	string
716	151854_19	synonym
716	177920_18	string
716	134389_18	string
716	185113_26	string
716	153694_9	string
716	151854_20	implication
716	185113_28	string
716	153694_11	synonym
716	120938_4	hyponym
716	163165_15	string
716	141825_10	synonym
716	104831_2	synonym
716	104831_3	synonym
716	164712_14	string
716	185823_5	synonym
716	131694_8	string
716	148134_3	synonym
716	199085_19	string
716	174964_4	implication
716	141520_14	string
716	101359_2	string
716	116117_11	synonym
716	199962_2	abbreviation
716	114425_6	abbreviation
716	159838_5	string
716	134208_11	string
716	125755_8	synonym
716	122629_4	abbreviation
716	164712_19	synonym
716	101359_5	synonym
716	125755_9	synonym
716	125755_10	string
716	137477_9	synonym
716	141891_4	string
716	120762_8	string
716	173220_12	hyponym
716	126812_12	string
716	100085_9	string
716	137091_18	synonym
716	195994_3	synonym
716	195981_6	string
716	142533_12	string
716	136373_2	synonym
716	119282_9	string
716	128993_9	string
716	142533_13	string
716	185823_15	string
716	178961_19	string
716	178961_20	string
716	157685_7	synonym
716	147054_6	synonym
716	185823_16	string
716	134027_14	string
716	189408_2	abbreviation
716	128744_2	synonym
716	123994_4	synonym
716	125325_5	synonym
716	166575_12	string
716	165395_8	string
716	116664_15	string
716	157685_14	string
716	116820_3	string
716	192809_12	string
716	166136_2	string
716	117954_2	synonym
716	196148_22	synonym
716	170654_2	synonym
716	190150_3	string
716	113644_11	string
716	124621_20	string
716	173656_8	synonym
716	118210_13	synonym
716	190150_5	synonym
716	189408_8	string
716	154245_9	string
716	128251_7	string
716	186216_7	string
716	153345_10	string
716	173124_23	synonym
716	184541_19	synonym
716	177082_21	string
716	100454_11	string
716	107290_11	string
716	173124_25	string
716	173124_26	string
716	184541_21	string
716	159968_9	implication
716	104585_7	string
716	125325_12	synonym
716	173124_29	synonym
716	126427_9	synonym
716	170309_15	string
716	187917_6	string
716	120538_7	synonym
716	142847_1	synonym
716	108176_16	string
716	197871_21	synonym
716	118257_13	string
716	140660_8	synonym
716	149203_12	string
716	108558_4	synonym
716	108558_5	synonym
716	166203_7	implication
716	103049_4	synonym
716	121925_17	implication
716	149203_16	string
716	199008_24	string
716	140660_11	abbreviation
716	132786_1	abbreviation
716	159468_12	string
716	132786_2	synonym
716	142847_8	synonym
716	127525_6	string
716	176617_10	synonym
716	133219_5	string
716	135016_14	synonym
716	127525_7	string
716	114307_6	string
716	172605_14	string
716	133219_6	string
716	181394_3	synonym
716	125632_13	abbreviation
716	118392_10	synonym
716	114528_15	string
716	158711_10	synonym
716	148215_10	synonym
716	123535_15	string
716	100028_1	synonym
716	118392_13	string
716	123743_10	string
716	180693_9	string
716	102295_8	synonym
716	132786_10	synonym
716	112613_17	string
716	172884_7	string
716	167483_1	synonym
716	145340_4	abbreviation
716	136823_3	string
716	136823_4	string
716	198098_4	abbreviation
716	158711_14	synonym
716	160184_9	string
716	140402_15	string
716	155533_10	synonym
716	197459_10	string
716	167413_8	abbreviation
716	104434_14	synonym
716	174483_1	synonym
716	158711_17	string
716	172195_6	synonym
716	171110_19	string
716	198098_9	synonym
716	144925_9	string
716	180308_7	string
716	183308_10	hyponym
716	130451_10	string
716	155984_16	string
716	122920_16	string
716	107052_14	string
716	145340_12	string
716	145340_13	implication
716	112869_12	string
716	191228_26	string
716	141538_4	synonym
716	125632_30	string
716	115087_6	string
716	197122_1	synonym
716	144766_3	synonym
716	138190_20	synonym
716	132914_2	synonym
716	180621_30	string
716	120128_7	synonym
716	167413_23	synonym
716	114158_16	synonym
716	167413_24	string
716	107340_17	string
716	193267_8	synonym
716	193267_9	string
716	108395_8	string
716	107354_24	synonym
716	119634_5	string
716	193267_12	string
716	174483_23	string
716	171305_19	synonym
716	125594_9	abbreviation
716	193267_14	synonym
716	184846_22	string
716	146094_5	synonym
716	193267_15	synonym
716	161610_18	string
716	103679_3	abbreviation
716	183308_27	synonym
716	139341_22	synonym
716	181929_10	synonym
716	139585_5	synonym
716	107340_27	synonym
716	121743_10	synonym
716	106334_16	string
716	181929_12	string
716	196898_1	synonym
716	105861_23	string
716	122578_11	string
716	114639_13	string
716	178112_5	string
716	194649_14	string
716	177225_7	synonym
716	162147_11	synonym
716	195244_10	string
716	171913_13	string
716	175366_6	abbreviation
716	160100_16	string
716	110804_10	string
716	110804_11	synonym
716	127126_11	string
716	171123_8	abbreviation
716	122578_14	string
716	186314_7	string
716	133691_2	synonym
716	178391_2	abbreviation
716	145013_3	synonym
716	150008_12	string
716	150008_13	string
716	162147_13	synonym
716	134831_8	string
716	114939_12	string
716	178391_4	synonym
716	112857_1	string
716	119246_22	string
716	178391_5	string
716	112857_2	implication
716	123684_13	string
716	136424_16	synonym
716	193944_15	synonym
716	162147_16	string
716	119246_26	string
716	106887_4	abbreviation
716	191842_1	abbreviation
716	165056_0	synonym
716	100139_12	string
716	184718_3	string
716	130070_5	string
716	144298_10	abbreviation
716	191842_3	synonym
716	180121_6	string
716	140477_13	synonym
716	151220_8	synonym
716	140432_5	synonym
716	129412_16	string
716	141996_17	string
716	139998_5	string
716	128140_6	abbreviation
716	151220_11	string
716	160100_29	synonym
716	147969_20	synonym
716	175366_19	string
716	106611_19	synonym
716	124557_7	string
716	141996_18	string
716	129412_18	string
716	151220_13	string
716	107683_4	abbreviation
716	147969_21	synonym
716	124557_9	string
716	145720_8	abbreviation
716	143979_10	string
716	140477_21	string
716	165603_35	synonym
716	136115_7	synonym
716	187916_5	abbreviation
716	196459_4	synonym
716	196459_5	synonym
716	140477_24	synonym
716	149452_14	string
716	108346_5	string
716	107683_15	string
716	130539_18	string
716	108346_7	string
716	153808_11	string
716	117293_33	string
716	144298_27	string
716	114250_17	string
716	145076_18	synonym
716	196459_22	string
716	155569_8	string
716	196459_23	string
716	145076_20	string
716	191244_2	synonym
716	137869_25	string
716	121149_5	string
716	121149_6	string
716	102889_10	synonym
716	126574_11	string
716	139485_13	synonym
716	102931_10	abbreviation
716	112248_9	synonym
716	119239_15	string
716	100268_2	synonym
716	187941_9	string
716	149452_13	string
716	190179_7	synonym
716	131156_8	string
716	131156_10	string
716	158711_16	string
716	191836_11	string
716	178922_14	synonym
716	119239_16	implication
716	176266_20	string
716	131156_12	string
716	155984_15	string
716	157839_10	string
716	131156_13	string
716	112857_4	string
716	115471_13	synonym
716	169111_28	string
716	123535_16	synonym
716	115471_14	synonym
716	167483_21	string
716	190179_13	abbreviation
716	127159_6	string
716	197459_9	string
716	137091_19	string
716	137091_21	string
716	144298_2	abbreviation
716	174752_21	string
716	174752_22	string
716	161068_2	string
716	128795_17	string
716	151614_14	string
716	169111_31	string
716	170407_6	abbreviation
716	127864_5	string
716	107340_23	string
716	151614_15	string
716	112520_14	synonym
716	180691_5	string
716	143937_9	string
716	126574_15	implication
716	123684_14	string
716	102931_25	string
716	103881_12	string
716	185494_14	string
716	127864_6	implication
716	196459_18	string
716	170407_10	string
716	100139_13	string
716	155533_12	synonym
716	192809_13	string
716	196459_19	string
716	197122_23	string
716	157640_3	synonym
716	103881_14	string
716	162147_15	string
716	105017_21	string
716	197871_20	synonym
716	105861_25	string
716	197871_23	string
716	157329_19	string
716	157329_20	string
716	105017_23	string
716	106887_11	string
716	157329_21	string
716	154423_4	synonym
716	191025_5	string
716	197150_21	string
716	130796_8	synonym
716	177351_21	string
716	145720_10	string
716	173667_13	string
716	106334_17	implication
716	161086_17	string
716	109170_12	string
716	109170_14	string
716	120257_26	string
716	109170_15	synonym
716	147054_7	string
716	147054_8	string
716	159968_8	string
716	148912_9	synonym
716	122893_11	synonym
716	114250_16	string
716	198152_28	string
716	148912_10	string
716	195981_5	string
716	142372_4	abbreviation
716	109935_10	synonym
716	171327_14	synonym
716	159968_12	string
716	142372_5	synonym
716	109935_11	string
716	128587_6	string
716	164712_20	string
716	181730_7	string
716	192498_22	string
716	171327_25	synonym
716	109853_8	string
716	144766_2	synonym
716	133608_17	string
716	181269_4	string
716	146452_23	string
716	165603_36	synonym
716	184718_5	synonym
716	144754_36	string
716	136175_14	string
716	150804_12	string
716	183002_4	synonym
716	119246_25	string
716	144754_37	string
716	177125_5	abbreviation
716	136175_16	string
716	107354_26	string
716	151192_10	string
716	140660_15	string
716	112815_13	string
716	146104_14	string
716	103049_15	synonym
716	197423_8	string
716	149203_11	string
716	125316_19	string
716	197423_9	implication
716	122400_3	synonym
716	168943_13	string
716	174243_17	string
716	130539_19	string
716	174243_19	implication
716	143979_11	string
716	173124_21	synonym
716	186325_11	string
716	186325_14	synonym
716	128050_16	string
716	102889_8	string
716	168943_15	string
716	123743_11	string
716	150588_20	synonym
716	102889_9	string
716	118677_17	string
716	134719_14	string
716	153552_7	string
716	188206_15	string
716	188625_16	string
716	130539_21	synonym
716	134719_15	string
716	153552_9	string
716	190150_4	string
716	161430_10	string
716	107290_12	synonym
716	151265_12	string
716	129556_19	synonym
716	101480_17	string
716	142178_9	string
716	115692_21	string
716	187753_7	string
716	188625_20	synonym
716	152273_14	string
716	134027_16	string
716	127411_7	string
716	116117_10	synonym
716	155093_17	string
716	186927_2	implication
716	129556_25	synonym
716	185823_18	string
716	149073_42	string
716	101480_21	string
716	101833_17	string
716	166136_3	string
716	155093_18	string
716	116117_15	string
716	139998_4	string
716	101833_18	string
716	152012_10	string
716	128140_12	string
716	174262_10	string
716	155093_19	string
716	141036_9	string
716	182351_12	string
716	152649_18	string
716	185113_24	string
716	111187_9	string
716	190502_10	string
716	154761_9	string
716	159894_21	string
716	183972_12	string
716	154761_12	implication
716	101833_23	string
716	140161_8	string
716	187378_24	string
716	142089_1	synonym
716	192975_10	string
716	192975_12	synonym
716	147383_9	string
716	199962_12	string
716	130253_23	string
716	120538_4	synonym
716	112613_18	string
716	125594_48	string
716	141582_1	implication
716	147969_22	string
716	199085_17	string
716	196878_11	string
716	163321_18	synonym
716	122400_26	string
716	179998_8	string
716	120762_9	string
716	177846_11	string
716	100454_14	synonym
716	184541_20	string
716	163321_20	string
716	112869_6	synonym
716	159138_6	string
716	150313_1	synonym
716	146094_6	string
716	177082_20	string
716	170654_10	abbreviation
716	196052_11	string
716	166575_13	string
716	171357_5	synonym
716	198098_10	string
716	167413_25	string
716	149591_5	string
716	104707_21	string
716	117954_14	string
716	112869_11	string
716	112869_13	string
716	167483_2	abbreviation
716	147575_12	string
716	174697_12	string
716	149591_9	implication
716	174697_15	string
716	179480_34	string
716	129375_4	abbreviation
716	150548_14	string
716	139987_1	synonym
716	184358_16	string
716	174697_16	string
716	125632_24	synonym
716	181788_16	string
716	159468_10	synonym
716	194111_6	synonym
716	121917_11	string
716	140402_14	string
716	175366_21	string
716	156001_8	string
716	194111_11	synonym
716	190537_11	synonym
716	178922_12	string
716	125632_34	synonym
716	121917_14	string
716	121925_16	string
716	136671_21	string
716	108558_7	string
716	125632_35	string
716	171393_36	synonym
716	157301_24	string
716	157301_25	string
716	199008_29	string
716	154245_10	string
716	171357_23	string
716	130784_5	string
716	108451_13	string
716	138678_31	string
716	108451_14	string
716	195994_4	synonym
716	164815_7	string
716	114149_5	string
716	195994_6	string
716	154202_13	implication
716	114210_9	synonym
716	164815_8	synonym
716	164815_10	implication
716	124621_17	string
716	135016_13	synonym
716	100028_19	string
716	193267_3	synonym
716	133424_30	string
716	171027_2	synonym
716	129611_24	string
716	196898_4	string
717	193855_11	synonym
717	159376_6	implication
717	159376_11	string
717	144659_11	synonym
717	125316_20	string
717	125316_21	string
717	159894_14	string
717	159894_18	string
717	143881_12	string
717	144659_12	string
717	193855_12	string
717	125316_19	string
717	157744_5	string
717	157744_19	string
718	106782_6	synonym
718	108742_1	string
718	173316_10	synonym
718	122174_12	string
718	144023_8	synonym
718	126546_5	string
718	179480_26	abbreviation
718	190368_5	string
718	111187_7	string
718	179480_30	string
718	134121_7	string
718	176266_12	string
718	176266_14	string
718	199407_9	string
718	199726_5	synonym
718	168279_17	synonym
718	135858_4	string
718	199726_6	synonym
718	106310_11	string
718	184884_8	synonym
718	177498_9	synonym
718	177498_10	synonym
718	172571_5	string
718	182707_6	synonym
718	168279_25	abbreviation
718	129017_11	string
718	134857_40	string
718	129017_12	string
718	167804_8	string
718	168279_35	synonym
718	168279_36	synonym
718	168279_37	synonym
718	166902_23	implication
718	112446_10	synonym
718	112446_11	synonym
718	157296_9	string
718	108263_5	string
718	108263_7	implication
718	166902_27	synonym
718	166902_28	abbreviation
718	153254_7	string
718	168279_45	synonym
718	168279_46	synonym
718	166902_32	synonym
718	166902_34	abbreviation
718	181555_14	string
718	170449_4	string
718	107701_12	string
718	107701_13	string
718	163301_7	string
718	129083_5	string
718	157077_11	synonym
718	184846_16	string
718	121173_9	string
718	106658_7	synonym
718	106658_8	synonym
718	121173_11	string
718	181394_29	synonym
718	183160_4	string
718	194855_8	synonym
718	151851_6	synonym
718	158000_6	string
718	192791_7	string
718	158000_9	implication
718	119964_5	string
718	119964_6	string
718	116651_9	string
718	191702_7	string
718	157548_11	string
718	158000_4	synonym
718	176266_20	string
718	159129_2	synonym
718	159129_3	synonym
718	173273_5	string
718	173273_6	string
718	157252_6	string
718	157252_7	string
718	167804_9	string
718	106611_10	string
718	134973_5	string
718	144766_13	string
718	144766_15	synonym
718	144766_16	string
718	157905_3	string
718	144766_21	string
718	144766_22	string
718	179480_8	string
718	111187_8	string
718	179480_10	string
718	140318_8	string
718	189956_6	synonym
718	179480_13	string
718	157744_12	string
718	168279_15	string
718	154943_6	string
718	154943_7	string
718	173316_9	synonym
718	157548_15	string
718	157548_17	string
718	134857_34	string
718	134857_35	synonym
718	134857_36	string
718	158711_1	string
718	157548_25	string
718	156269_5	string
718	157548_26	string
718	134857_45	synonym
718	164594_8	string
718	181394_30	synonym
719	120257_25	string
719	172461_11	string
719	177846_10	string
719	141084_8	string
719	152273_7	string
719	165227_7	string
719	165056_17	string
719	188241_14	string
719	153406_14	string
719	122903_15	string
719	165510_11	string
719	165510_12	string
719	162798_1	abbreviation
719	192975_9	string
719	143881_13	string
719	125626_16	string
719	133608_12	string
719	179225_7	string
719	192975_11	string
719	149111_18	string
719	151265_10	abbreviation
719	128590_14	string
719	172461_14	string
719	187916_24	string
719	144659_7	string
719	144659_8	string
719	165227_11	string
719	127159_7	string
719	152273_13	string
719	144659_9	string
719	130655_1	abbreviation
719	179225_11	string
719	122903_20	string
719	118475_7	string
719	187378_18	string
719	151614_10	string
719	128587_5	synonym
719	144659_13	string
719	133608_21	string
719	130655_4	abbreviation
719	182351_3	string
719	141582_3	string
719	181044_9	string
719	181044_10	string
719	140236_10	string
719	141084_17	string
719	119124_1	abbreviation
719	128590_22	string
719	130655_5	abbreviation
719	187378_23	string
719	131087_5	string
719	137438_15	string
719	157744_6	string
719	157640_18	string
719	143937_10	string
719	185113_2	abbreviation
719	163565_19	abbreviation
719	137438_16	string
719	137438_17	string
719	162798_14	string
719	128590_25	string
719	174045_15	string
719	159253_1	synonym
719	182351_9	string
719	182351_10	string
719	114444_16	string
719	157640_23	string
719	162798_16	string
719	184214_19	string
719	167831_17	string
719	194360_10	abbreviation
719	162798_17	string
719	167831_19	string
719	182351_11	string
719	188206_0	string
719	157640_25	string
719	188625_13	string
719	159253_5	string
719	159253_6	string
719	162798_18	string
719	165753_8	string
719	165753_9	string
719	161722_8	string
719	188206_2	abbreviation
719	162981_4	abbreviation
719	151526_7	string
719	134719_11	string
719	119993_13	string
719	119993_14	string
719	195624_15	string
719	179480_29	synonym
719	183827_2	string
719	114444_22	string
719	114444_23	string
719	149073_40	string
719	145699_2	string
719	113865_14	string
719	119993_15	string
719	134719_12	string
719	160867_6	synonym
719	162348_6	string
719	170781_12	string
719	188625_21	string
719	124788_9	abbreviation
719	168022_2	string
719	119124_16	string
719	162798_24	string
719	119124_19	string
719	124788_11	synonym
719	155638_5	string
719	131768_25	string
719	112313_14	string
719	176801_2	string
719	124788_12	synonym
719	124788_13	string
719	100966_0	string
719	100966_2	string
719	155638_8	string
719	183827_12	string
719	134823_13	string
719	121731_3	abbreviation
719	150402_6	abbreviation
719	168022_7	string
719	112777_6	string
719	124864_6	abbreviation
719	121731_4	abbreviation
719	121731_8	string
719	193575_13	string
719	100966_7	string
719	127274_13	string
719	162348_19	string
719	100966_8	string
719	100966_9	string
719	150402_10	abbreviation
719	177622_12	synonym
719	137342_6	string
719	174262_9	string
719	185113_23	string
719	138678_28	string
719	100966_11	string
719	169173_0	implication
719	193575_16	string
719	109853_3	abbreviation
719	137342_7	string
719	174146_14	string
719	150402_11	abbreviation
719	100966_12	string
719	100966_13	string
719	192498_19	string
719	107357_7	string
719	185113_25	string
719	151377_13	string
719	177622_18	string
719	192498_21	string
719	142372_15	abbreviation
719	138286_15	string
719	167088_8	synonym
719	185113_26	string
719	142413_10	string
719	153694_9	string
719	109853_6	string
719	167088_9	string
719	199726_1	implication
719	145699_20	string
719	150402_16	string
719	142372_18	string
719	154583_6	string
719	169173_4	string
719	177622_20	string
719	142413_11	string
719	142413_12	string
719	163870_6	synonym
719	145699_21	abbreviation
719	185113_28	string
719	102931_18	string
719	154583_7	string
719	177622_21	string
719	145699_22	abbreviation
719	120938_4	string
719	102931_19	string
719	163165_15	string
719	119239_6	string
719	115471_11	string
719	104707_17	string
719	174964_3	abbreviation
719	145699_24	string
719	147345_2	abbreviation
719	185823_5	string
719	190179_19	string
719	130253_21	string
719	174964_4	implication
719	102931_22	string
719	141036_8	string
719	121045_9	abbreviation
719	121045_10	string
719	159838_4	string
719	115471_15	string
719	101359_2	string
719	199726_7	string
719	192809_1	string
719	177550_12	string
719	126812_6	abbreviation
719	173220_7	string
719	173220_8	string
719	114980_8	string
719	102931_26	string
719	115471_17	string
719	195981_1	string
719	141891_3	string
719	179104_21	string
719	172591_8	abbreviation
719	119282_5	abbreviation
719	165297_15	synonym
719	104707_23	string
719	167196_2	string
719	143877_17	string
719	176039_0	synonym
719	174964_9	implication
719	126812_11	string
719	147345_13	string
719	109170_0	string
719	165297_16	synonym
719	176039_2	string
719	148059_12	string
719	120762_8	string
719	163159_13	string
719	173220_12	string
719	119282_7	abbreviation
719	143877_19	synonym
719	176077_2	string
719	179440_13	string
719	179440_14	abbreviation
719	165297_18	string
719	176801_19	string
719	185823_13	string
719	176039_8	string
719	176039_9	string
719	167196_10	string
719	167196_11	string
719	128993_9	string
719	185823_15	string
719	115338_0	string
719	178961_19	string
719	178961_20	string
719	167196_13	string
719	143877_24	hyponym
719	179440_19	string
719	134027_14	string
719	192809_10	string
719	189408_2	abbreviation
719	176077_8	string
719	128744_5	string
719	109170_13	string
719	176077_10	string
719	176077_11	string
719	134857_40	string
719	115338_8	string
719	192809_12	string
719	190150_0	string
719	179998_11	string
719	134027_19	string
719	154245_7	synonym
719	174786_17	string
719	109170_17	string
719	190150_2	string
719	190150_3	string
719	176077_12	string
719	128251_6	string
719	193189_7	string
719	115338_12	string
719	115338_13	string
719	191788_10	string
719	112248_10	string
719	174786_19	string
719	189408_9	string
719	109878_18	string
719	153345_10	string
719	153345_11	string
719	163816_11	string
719	196148_26	string
719	144195_11	string
719	136373_13	abbreviation
719	190537_1	string
719	159675_47	abbreviation
719	171357_17	string
719	129998_8	abbreviation
719	168116_3	string
719	185487_13	string
719	193189_10	string
719	124749_28	string
719	159968_9	string
719	196148_30	string
719	187917_5	string
719	150982_8	string
719	150982_9	string
719	197871_19	string
719	136373_16	abbreviation
719	169428_4	string
719	171357_22	string
719	125632_3	abbreviation
719	184450_2	string
719	149203_10	abbreviation
719	197871_21	string
719	125101_13	string
719	125632_4	abbreviation
719	149203_12	string
719	136671_3	string
719	196148_33	string
719	197871_22	string
719	152012_1	abbreviation
719	166203_7	string
719	149203_14	string
719	154423_3	string
719	199008_24	abbreviation
719	118677_15	string
719	196880_0	implication
719	190537_10	string
719	177125_15	synonym
719	146195_10	synonym
719	184450_8	string
719	130451_1	string
719	177125_17	string
719	161086_13	string
719	196880_2	abbreviation
719	149436_1	synonym
719	184450_9	string
719	155984_0	abbreviation
719	184450_10	string
719	136373_26	string
719	125632_13	abbreviation
719	176617_11	string
719	152012_8	string
719	190242_10	abbreviation
719	184450_11	string
719	184450_12	string
719	192151_11	abbreviation
719	154423_12	string
719	186363_14	string
719	123743_9	string
719	119273_5	string
719	184450_14	string
719	179642_14	abbreviation
719	136373_29	string
719	175030_2	synonym
719	166902_32	string
719	184450_15	string
719	190242_14	string
719	147575_9	abbreviation
719	149436_9	synonym
719	172884_7	string
719	136671_18	string
719	147575_10	abbreviation
719	196878_10	string
719	156619_18	string
719	155170_2	string
719	157839_5	string
719	176996_16	string
719	196880_11	string
719	176996_18	string
719	155170_3	string
719	156619_20	string
719	155533_9	string
719	104268_23	string
719	140402_15	string
719	104434_13	string
719	185811_8	string
719	139987_4	string
719	155533_10	string
719	144754_39	string
719	184450_21	string
719	104434_14	string
719	185811_9	string
719	125632_22	abbreviation
719	136671_24	string
719	196880_16	string
719	153094_8	string
719	176996_22	string
719	120467_0	synonym
719	196880_17	string
719	130451_9	string
719	186927_15	string
719	116970_5	string
719	190502_0	string
719	155984_16	string
719	130451_11	string
719	178322_12	string
719	112869_12	string
719	158827_11	string
719	122251_3	abbreviation
719	167675_15	string
719	151011_2	string
719	119273_21	string
719	162213_1	string
719	149256_3	string
719	167675_16	string
719	164280_3	string
719	198266_13	abbreviation
719	154469_2	string
719	158827_14	string
719	178322_16	string
719	157008_1	string
719	177351_2	abbreviation
719	144722_10	string
719	125632_30	string
719	123655_11	string
719	122251_8	abbreviation
719	122251_9	string
719	115087_6	string
719	184788_13	string
719	184788_14	string
719	114158_7	string
719	175030_16	string
719	174744_2	string
719	144722_11	string
719	107340_11	string
719	145874_11	abbreviation
719	106794_17	string
719	116970_13	string
719	198266_18	synonym
719	120587_2	string
719	103880_11	string
719	134578_10	string
719	144766_3	abbreviation
719	144722_13	string
719	157008_7	string
719	151011_8	string
719	189423_11	abbreviation
719	180621_30	string
719	118218_1	abbreviation
719	106794_20	string
719	189423_12	abbreviation
719	157008_10	string
719	134578_13	string
719	114158_16	string
719	121743_1	string
719	198152_26	string
719	123655_19	string
719	107340_17	string
719	106794_21	string
719	152273_0	string
719	198152_27	string
719	121743_2	string
719	144722_18	string
719	162213_10	string
719	180691_4	string
719	122992_12	string
719	106794_23	string
719	128795_22	string
719	102015_0	string
719	175030_27	string
719	122992_14	string
719	112474_12	string
719	121743_6	string
719	102015_1	string
719	120587_9	string
719	137441_1	synonym
719	198152_31	string
719	174744_14	string
719	121743_7	string
719	100559_10	string
719	122992_15	string
719	146094_5	string
719	139585_1	string
719	140259_5	string
719	107340_24	string
719	184833_9	string
719	183308_26	string
719	164967_6	string
719	160732_3	string
719	177351_20	string
719	105861_18	string
719	146094_7	string
719	161610_18	string
719	100559_12	string
719	162147_3	string
719	137441_10	string
719	139585_5	string
719	150164_8	string
719	107340_27	string
719	121743_10	string
719	122578_10	string
719	161610_20	string
719	109935_9	string
719	137441_11	string
719	137856_13	string
719	164967_11	abbreviation
719	188772_0	string
719	178112_3	string
719	187790_0	string
719	164967_12	string
719	131156_9	string
719	122578_11	string
719	103229_9	abbreviation
719	105861_24	string
719	102015_9	string
719	164967_14	string
719	114639_13	string
719	122578_12	synonym
719	103229_11	string
719	101833_16	string
719	162147_10	string
719	159434_8	string
719	118218_23	string
719	187790_5	string
719	109935_14	string
719	161430_8	synonym
719	103229_14	string
719	109935_16	string
719	100754_13	string
719	161430_9	string
719	108084_8	abbreviation
719	155327_12	string
719	171913_13	string
719	120889_13	abbreviation
719	192539_8	string
719	159434_10	string
719	122578_14	string
719	186314_7	string
719	182680_15	synonym
719	159434_11	synonym
719	120889_14	string
719	139433_6	string
719	182680_16	string
719	140161_5	string
719	188772_13	string
719	119691_1	string
719	127002_16	string
719	127002_17	string
719	105861_30	string
719	136049_7	string
719	119246_22	string
719	188772_14	string
719	139433_8	string
719	108451_11	string
719	139433_9	string
719	100754_19	string
719	127915_9	string
719	133608_1	synonym
719	162147_16	string
719	119246_26	string
719	172900_5	abbreviation
719	172900_6	string
719	119691_10	string
719	139998_2	string
719	100139_12	string
719	180121_5	synonym
719	184718_3	string
719	100754_23	string
719	139998_3	string
719	180121_6	string
719	167768_9	abbreviation
719	108084_22	string
719	176232_6	string
719	177389_12	string
719	133608_8	implication
719	145076_0	string
719	177389_13	string
719	169111_32	string
719	172461_1	string
719	159904_9	string
719	108451_18	synonym
719	153406_0	abbreviation
719	108451_19	string
719	106611_19	string
719	165603_31	string
719	160997_20	string
719	115024_13	string
719	172461_4	string
719	153808_2	implication
719	172461_5	string
719	147502_16	abbreviation
719	177389_17	string
719	143979_10	string
719	169111_36	string
719	165603_35	string
719	149452_11	string
719	187916_5	abbreviation
719	153406_8	string
719	117293_28	abbreviation
719	120257_20	string
719	129255_8	string
719	172461_9	string
719	172461_10	string
719	153808_8	string
719	108103_6	string
719	154332_3	abbreviation
719	130539_18	string
719	108103_9	string
719	114250_13	string
719	153808_11	string
719	115692_14	string
719	165510_3	string
719	154332_6	string
719	117293_33	string
719	145076_14	string
719	114250_15	string
719	145076_16	abbreviation
719	115692_16	string
719	179996_13	string
719	115692_19	string
719	145076_22	string
719	198930_10	string
719	145076_23	string
719	198930_12	string
719	170407_11	string
719	198930_14	string
719	145076_25	string
719	103063_0	string
719	103063_1	string
719	183972_8	string
719	102889_10	string
719	148912_11	string
719	184450_22	implication
719	102931_10	abbreviation
719	155984_13	abbreviation
719	119239_15	synonym
719	136049_8	synonym
719	149452_13	string
719	190179_7	synonym
719	184788_12	string
719	196878_15	string
719	131156_11	string
719	131156_12	string
719	148059_2	string
719	157839_10	string
719	128795_11	synonym
719	191788_12	string
719	153808_7	string
719	151614_9	string
719	128795_13	synonym
719	190179_13	abbreviation
719	128795_14	abbreviation
719	197459_8	abbreviation
719	153808_13	string
719	174752_21	string
719	114158_0	string
719	102931_17	string
719	188241_10	synonym
719	197459_11	string
719	126490_13	synonym
719	107416_4	string
719	130230_14	abbreviation
719	179642_18	synonym
719	128795_16	abbreviation
719	165056_16	abbreviation
719	115087_5	string
719	179642_19	string
719	174752_23	string
719	170407_6	abbreviation
719	174786_18	abbreviation
719	155638_6	string
719	100921_7	string
719	104268_16	synonym
719	192151_13	string
719	165056_19	string
719	180691_5	string
719	143937_9	string
719	126490_16	string
719	130230_17	string
719	174752_24	string
719	158827_7	abbreviation
719	185494_13	string
719	105861_17	string
719	102931_28	synonym
719	158827_8	abbreviation
719	165227_10	abbreviation
719	136356_10	abbreviation
719	162213_11	abbreviation
719	176039_6	string
719	167088_4	abbreviation
719	143881_12	abbreviation
719	104268_22	string
719	105861_21	string
719	103369_2	string
719	175030_22	string
719	177351_14	abbreviation
719	136356_12	string
719	144659_12	string
719	179225_10	implication
719	194275_8	string
719	175030_26	string
719	186363_13	abbreviation
719	176039_7	string
719	197871_23	implication
719	157329_19	string
719	105954_9	string
719	194275_9	string
719	107357_6	abbreviation
719	157329_20	synonym
719	174752_29	string
719	145076_5	string
719	157329_21	string
719	154423_4	string
719	109170_9	abbreviation
719	151011_3	string
719	105017_24	string
719	114528_14	string
719	109170_10	string
719	161086_16	string
719	162213_18	synonym
719	198152_21	string
719	103369_12	string
719	105017_25	string
719	120257_23	string
719	162213_19	string
719	177351_22	string
719	159253_0	string
719	107357_13	string
719	129255_2	string
719	146195_11	string
719	106611_1	string
719	157640_17	string
719	159253_7	string
719	106611_2	string
719	109170_16	string
719	153406_15	string
719	128587_2	string
719	143877_0	synonym
719	195981_5	string
719	142372_4	abbreviation
719	133608_11	implication
719	166203_1	string
719	125626_13	abbreviation
719	187916_16	string
719	147345_9	string
719	147345_10	string
719	147345_11	string
719	168331_33	string
719	198152_30	string
719	134719_1	abbreviation
719	119124_14	synonym
719	192498_20	string
719	186314_6	string
719	108084_21	string
719	146452_21	abbreviation
719	128587_7	string
719	181269_2	abbreviation
719	125626_17	string
719	109935_15	string
719	146452_22	string
719	155327_9	abbreviation
719	133608_16	string
719	125626_18	string
719	181269_3	string
719	159968_15	string
719	144766_2	abbreviation
719	168331_34	string
719	167697_11	string
719	131768_23	abbreviation
719	187916_19	abbreviation
719	155327_10	abbreviation
719	155327_11	abbreviation
719	119246_20	string
719	184718_4	string
719	133608_19	string
719	134027_0	implication
719	144754_36	string
719	128251_5	string
719	145699_29	string
719	142335_9	synonym
719	142335_10	synonym
719	177125_5	abbreviation
719	130539_16	string
719	187916_22	synonym
719	177550_7	synonym
719	197423_6	abbreviation
719	151192_10	string
719	154332_8	string
719	163565_20	string
719	187916_23	synonym
719	162798_7	implication
719	131087_2	string
719	161722_14	string
719	188772_9	string
719	188772_11	string
719	167697_16	synonym
719	143877_20	string
719	167697_17	string
719	177125_18	string
719	197423_8	abbreviation
719	178322_15	abbreviation
719	177125_22	string
719	119691_9	string
719	168943_13	abbreviation
719	177389_1	synonym
719	103880_13	string
719	103049_16	string
719	134027_7	implication
719	178961_14	string
719	149111_19	string
719	197423_10	string
719	102889_7	string
719	190242_15	string
719	177550_13	string
719	177550_14	string
719	188625_12	string
719	153094_1	string
719	168943_14	string
719	145874_12	synonym
719	177550_15	string
719	130655_7	synonym
719	102889_9	string
719	134719_14	string
719	145874_14	string
719	150588_21	string
719	142178_7	string
719	142178_8	string
719	188625_16	abbreviation
719	134027_11	abbreviation
719	118677_19	string
719	124788_1	abbreviation
719	107290_10	string
719	194360_11	string
719	174146_0	string
719	190150_4	string
719	163816_7	abbreviation
719	107290_12	string
719	151265_12	string
719	188206_17	string
719	134027_12	abbreviation
719	124864_7	string
719	162348_3	string
719	163816_9	string
719	135610_3	abbreviation
719	178961_18	string
719	127411_7	string
719	163816_10	string
719	101480_18	string
719	101480_20	string
719	172267_11	synonym
719	128590_19	string
719	134027_18	implication
719	144766_20	abbreviation
719	162798_22	string
719	186927_2	implication
719	135610_4	synonym
719	116117_12	synonym
719	124788_8	synonym
719	159434_12	abbreviation
719	162798_23	string
719	165510_10	string
719	164967_1	string
719	152012_9	string
719	116117_13	string
719	139433_5	string
719	139998_4	string
719	183972_9	string
719	149436_12	string
719	101833_19	string
719	116117_18	string
719	187378_16	abbreviation
719	127274_15	string
719	193575_14	synonym
719	162348_12	string
719	141036_9	string
719	174964_16	string
719	174964_17	string
719	105694_13	string
719	164280_9	string
719	168022_6	string
719	186927_12	string
719	186927_14	synonym
719	192975_1	string
719	101833_21	string
719	190502_10	string
719	154761_9	string
719	189667_4	string
719	177389_16	string
719	112313_15	string
719	140161_6	string
719	134208_0	string
719	187378_22	synonym
719	170781_10	abbreviation
719	135610_19	string
719	169273_11	string
719	160184_7	string
719	192975_7	string
719	122903_17	abbreviation
719	170781_11	string
719	160184_8	string
719	125101_1	string
719	117293_32	string
719	114980_9	string
719	194084_7	string
719	136373_25	synonym
719	179104_22	string
719	130253_22	abbreviation
719	130253_23	string
719	112313_20	string
719	156619_0	string
719	101359_4	string
719	189408_6	string
719	144518_9	string
719	121045_5	synonym
719	196880_14	string
719	134578_3	string
719	179998_5	string
719	163321_17	string
719	141582_1	implication
719	101099_9	string
719	108580_0	string
719	179998_7	string
719	121045_11	string
719	124764_5	string
719	179998_9	synonym
719	160732_6	string
719	112869_6	synonym
719	165297_19	synonym
719	108580_1	string
719	133855_18	string
719	137441_13	string
719	129486_7	synonym
719	172884_9	string
719	129998_9	string
719	157301_18	abbreviation
719	190532_15	string
719	150164_9	string
719	137441_15	string
719	149591_4	string
719	147575_6	string
719	101099_16	string
719	157301_19	abbreviation
719	196052_12	string
719	104707_21	abbreviation
719	196052_13	string
719	118210_9	string
719	147575_12	string
719	163153_21	synonym
719	134857_41	string
719	125632_21	string
719	149591_10	string
719	179480_34	string
719	131156_1	abbreviation
719	125632_23	string
719	150306_15	abbreviation
719	150306_16	string
719	185487_12	synonym
719	150996_7	string
719	104707_26	implication
719	150996_8	string
719	139987_3	string
719	160997_4	string
719	125101_15	string
719	168116_7	string
719	121917_11	string
719	196148_1	abbreviation
719	156001_7	string
719	177622_0	abbreviation
719	136671_15	abbreviation
719	125632_28	string
719	106794_5	implication
719	121925_15	synonym
719	125632_31	string
719	178922_11	string
719	190537_11	implication
719	136671_19	string
719	171357_18	string
719	124749_27	string
719	178922_12	string
719	121917_14	implication
719	121925_16	string
719	136671_20	string
719	157301_25	abbreviation
719	119239_5	string
719	171357_20	abbreviation
719	172605_13	string
719	121917_17	string
719	108451_10	string
719	171357_21	string
719	155984_3	abbreviation
719	126013_13	abbreviation
719	122251_2	synonym
719	122251_5	abbreviation
719	130784_5	string
719	116970_8	string
719	109878_21	synonym
719	160997_18	string
719	109878_23	string
719	113469_10	string
719	123655_16	string
719	169111_21	string
719	167768_15	abbreviation
719	160997_21	string
719	119239_13	abbreviation
719	167768_16	string
719	109878_25	string
719	129611_21	abbreviation
719	129611_27	string
720	120257_25	string
720	187378_18	string
720	136175_15	string
720	115521_18	string
720	187378_23	string
720	119993_13	string
720	119993_14	string
720	106091_17	string
720	106091_18	string
720	155638_5	string
720	134208_11	string
720	148059_10	synonym
720	148059_12	string
720	116117_14	string
720	158950_0	implication
720	158950_2	synonym
720	158950_3	string
720	121925_5	implication
720	104841_16	string
720	173656_8	string
720	188400_22	synonym
720	121925_17	string
720	188400_24	synonym
720	192151_11	string
720	192151_12	string
720	120587_2	synonym
720	189423_11	synonym
720	180621_30	string
720	180621_31	string
720	189423_12	synonym
720	193267_9	string
720	101449_3	synonym
720	120587_10	synonym
720	161610_18	string
720	161610_19	string
720	100754_6	synonym
720	100754_19	string
720	119691_10	string
720	100139_12	synonym
720	114250_14	synonym
720	112248_9	synonym
720	112248_11	string
720	148059_11	string
720	171496_16	string
720	192151_10	hyponym
720	155638_6	string
720	100139_13	string
720	120257_23	string
720	159968_8	string
720	159968_10	string
720	114250_16	string
720	168331_29	string
720	168331_33	string
720	168331_34	string
720	136175_14	string
720	119691_9	string
720	168943_13	string
720	177550_14	string
720	177550_15	string
720	177550_16	string
720	188400_5	synonym
720	116117_12	string
720	116117_13	string
720	128140_11	string
720	101833_17	string
720	101833_20	string
720	101833_24	string
720	161610_17	string
720	187378_26	string
720	104841_15	string
720	104841_17	string
720	104841_20	string
720	104841_21	string
720	121925_14	string
720	121925_15	string
720	136671_19	string
720	136671_20	string
721	120257_25	string
721	167088_5	synonym
721	174146_18	synonym
721	167088_8	string
721	165297_16	string
721	143877_19	synonym
721	165297_17	string
721	143877_22	synonym
721	191788_14	synonym
721	155533_10	hyponym
721	177613_17	string
721	191836_11	string
721	191788_11	string
721	191788_12	string
721	167088_11	string
721	120257_24	string
721	139341_24	string
721	119246_21	string
721	119246_23	string
721	119246_24	string
721	143877_21	string
721	127002_18	synonym
721	184214_18	string
721	144766_16	synonym
721	144766_17	synonym
721	174146_16	synonym
721	174146_19	string
721	144766_20	synonym
721	144766_21	synonym
721	183972_4	implication
721	122400_27	string
721	165297_19	synonym
721	199008_26	string
721	157301_25	string
721	199008_29	string
722	120257_25	string
722	149591_6	string
722	146947_10	string
722	168022_7	synonym
722	116955_13	string
722	159838_5	string
722	199085_22	string
722	147054_6	string
722	105400_12	string
722	105400_13	string
722	105400_14	string
722	150996_10	string
722	146195_10	synonym
722	180546_13	string
722	180546_17	string
722	144722_14	string
722	181929_10	synonym
722	181929_11	string
722	186314_7	synonym
722	186314_8	string
722	184833_10	string
722	174752_21	string
722	174752_22	string
722	107416_4	synonym
722	185494_12	string
722	120257_23	string
722	146195_11	string
722	147054_7	string
722	118218_19	synonym
722	118218_21	synonym
722	115024_14	string
722	181269_4	string
722	181269_5	string
722	142335_9	synonym
722	115692_15	synonym
722	115692_18	string
722	153094_9	string
722	183972_10	string
722	140259_6	string
722	144722_16	string
722	199085_15	string
722	144518_10	string
722	133855_17	string
722	168116_2	synonym
722	125101_14	string
722	168116_7	synonym
722	150996_9	string
722	121925_18	string
722	129611_23	string
723	104582_14	synonym
723	144657_7	synonym
723	144659_2	implication
723	177846_10	synonym
723	128050_10	string
723	148450_4	implication
723	128050_11	synonym
723	154202_7	synonym
723	147974_17	synonym
723	125626_16	synonym
723	139249_4	string
723	136175_9	synonym
723	128050_13	synonym
723	104582_21	string
723	171327_16	hyponym
723	141084_11	synonym
723	197150_19	synonym
723	197150_20	synonym
723	149111_17	hyponym
723	149111_18	synonym
723	128050_14	synonym
723	104582_23	string
723	118475_6	synonym
723	125626_19	synonym
723	125594_41	string
723	149111_20	string
723	144659_10	synonym
723	171327_19	synonym
723	171327_20	synonym
723	136175_12	synonym
723	130655_1	synonym
723	179225_11	synonym
723	128050_17	string
723	150588_23	string
723	125626_20	synonym
723	102758_7	string
723	118475_8	synonym
723	187916_29	synonym
723	181044_8	hyponym
723	118475_9	synonym
723	154761_2	implication
723	144659_13	synonym
723	157640_16	synonym
723	136175_15	string
723	171327_26	string
723	182351_3	synonym
723	141084_17	synonym
723	131974_1	implication
723	128590_22	string
723	128050_21	synonym
723	181044_11	string
723	137438_13	synonym
723	137438_14	synonym
723	171327_29	synonym
723	161722_6	implication
723	137438_16	synonym
723	137438_18	string
723	148450_16	synonym
723	140236_12	synonym
723	135705_12	synonym
723	125594_49	synonym
723	128590_25	string
723	160867_1	synonym
723	128050_24	synonym
723	161722_7	implication
723	182351_9	synonym
723	162798_16	synonym
723	140236_13	synonym
723	182351_11	string
723	143937_14	synonym
723	162981_4	synonym
723	154761_11	string
723	134268_4	synonym
723	195624_15	string
723	179480_29	synonym
723	132513_12	synonym
723	154237_5	synonym
723	134268_6	synonym
723	171393_3	synonym
723	179480_30	synonym
723	113865_15	synonym
723	159509_1	synonym
723	160867_7	synonym
723	132513_14	synonym
723	134268_7	synonym
723	169273_4	implication
723	131974_19	synonym
723	131768_25	synonym
723	154237_10	implication
723	176801_2	synonym
723	131974_20	string
723	131974_21	string
723	199085_1	synonym
723	174262_2	string
723	132513_17	string
723	159509_7	synonym
723	171971_10	synonym
723	159509_9	string
723	102433_12	synonym
723	131974_22	string
723	131974_23	string
723	169126_9	synonym
723	102433_13	synonym
723	176997_11	implication
723	112777_7	string
723	138709_14	string
723	169126_10	synonym
723	199482_1	synonym
723	135610_13	synonym
723	176997_16	synonym
723	151854_14	implication
723	135610_14	synonym
723	137342_6	synonym
723	120849_21	synonym
723	176997_17	synonym
723	176997_18	string
723	176083_21	string
723	199085_9	implication
723	116955_9	synonym
723	131974_29	synonym
723	120849_23	synonym
723	169273_12	synonym
723	154237_22	synonym
723	169273_13	synonym
723	137342_8	string
723	151377_13	string
723	167883_1	synonym
723	116955_10	synonym
723	138286_16	string
723	135610_18	string
723	116955_12	synonym
723	154583_6	synonym
723	116955_13	synonym
723	120938_4	synonym
723	159838_3	implication
723	179440_3	synonym
723	170628_3	implication
723	116955_16	string
723	159838_4	synonym
723	126812_7	synonym
723	113638_9	synonym
723	159838_5	string
723	199085_21	string
723	105400_1	hyponym
723	105400_2	string
723	126812_8	synonym
723	167883_11	synonym
723	104707_23	string
723	141036_11	string
723	141891_4	string
723	163159_12	hyponym
723	167883_13	synonym
723	199085_23	hyponym
723	114980_10	string
723	194084_5	synonym
723	173220_11	synonym
723	119282_7	string
723	199085_24	implication
723	163159_14	string
723	179440_13	synonym
723	179440_14	synonym
723	176801_19	synonym
723	105400_8	implication
723	195981_6	string
723	179440_15	synonym
723	170628_12	synonym
723	179998_6	synonym
723	197871_2	synonym
723	118210_7	hyponym
723	179440_17	synonym
723	105400_10	synonym
723	173656_2	synonym
723	121925_5	implication
723	179440_19	synonym
723	179440_20	synonym
723	158950_5	synonym
723	179440_22	synonym
723	176077_8	synonym
723	179998_10	string
723	199482_20	synonym
723	128744_5	string
723	199482_21	synonym
723	176077_10	synonym
723	176077_11	synonym
723	118210_11	string
723	179998_11	synonym
723	154245_7	synonym
723	154245_8	string
723	173656_8	synonym
723	187917_1	implication
723	146958_15	string
723	154244_12	synonym
723	174786_19	synonym
723	173656_9	synonym
723	128251_8	synonym
723	199482_25	synonym
723	196148_26	string
723	144195_11	string
723	159675_47	synonym
723	112446_2	synonym
723	170892_16	synonym
723	112446_3	synonym
723	187917_5	synonym
723	159468_6	synonym
723	161086_1	synonym
723	190537_5	synonym
723	159468_7	synonym
723	136373_18	synonym
723	197871_21	synonym
723	112446_8	synonym
723	108558_5	synonym
723	196148_33	synonym
723	166203_7	synonym
723	103049_4	synonym
723	199482_31	string
723	113469_2	synonym
723	197871_24	string
723	108558_6	synonym
723	172605_11	synonym
723	190537_9	synonym
723	182247_12	string
723	190537_10	synonym
723	170892_25	string
723	112446_14	synonym
723	161086_10	synonym
723	161086_11	implication
723	176617_10	synonym
723	159468_14	string
723	172605_14	synonym
723	104777_20	synonym
723	112613_12	synonym
723	152012_8	implication
723	112446_17	synonym
723	136373_27	synonym
723	186927_1	synonym
723	161086_19	synonym
723	158711_11	synonym
723	184450_14	synonym
723	113469_9	synonym
723	136373_29	synonym
723	161086_20	string
723	112613_16	synonym
723	140402_12	string
723	196878_9	string
723	147575_10	synonym
723	148215_16	synonym
723	148215_17	synonym
723	148215_18	hyponym
723	112613_19	synonym
723	158711_14	synonym
723	160184_9	string
723	104434_12	synonym
723	158711_15	string
723	104434_13	synonym
723	186927_11	synonym
723	146582_2	synonym
723	171305_0	synonym
723	138009_2	hyponym
723	104434_15	string
723	171305_1	synonym
723	138009_3	synonym
723	186927_16	string
723	174752_12	synonym
723	105861_1	synonym
723	174752_13	synonym
723	146582_12	synonym
723	146582_13	synonym
723	164280_3	synonym
723	141538_4	synonym
723	146582_14	synonym
723	178322_16	synonym
723	144722_10	synonym
723	184788_13	synonym
723	114183_22	synonym
723	146582_16	hyponym
723	175030_16	synonym
723	106794_16	synonym
723	144722_11	synonym
723	174752_15	synonym
723	116970_13	synonym
723	198266_18	string
723	198266_19	string
723	144722_14	string
723	151011_8	synonym
723	198266_23	synonym
723	118218_1	synonym
723	113598_11	synonym
723	149095_1	synonym
723	100492_9	synonym
723	114158_16	synonym
723	146582_24	string
723	198266_24	synonym
723	180621_32	synonym
723	184788_17	synonym
723	159878_15	synonym
723	174483_19	synonym
723	159878_17	implication
723	107354_24	synonym
723	130784_3	hyponym
723	146582_28	synonym
723	180691_4	string
723	149095_6	synonym
723	100559_8	synonym
723	100559_9	synonym
723	101833_1	synonym
723	106794_23	synonym
723	101833_2	synonym
723	171305_18	synonym
723	178126_21	synonym
723	178126_22	synonym
723	197331_9	synonym
723	147165_4	synonym
723	101833_3	synonym
723	102015_1	synonym
723	120587_9	synonym
723	101449_3	synonym
723	175030_29	implication
723	178126_23	synonym
723	174744_14	synonym
723	112520_12	string
723	121743_7	synonym
723	184833_8	synonym
723	184833_9	synonym
723	130539_1	synonym
723	177351_20	string
723	140259_7	string
723	100268_1	synonym
723	101449_6	implication
723	194275_6	implication
723	130539_3	synonym
723	184833_11	synonym
723	100754_6	synonym
723	114210_7	synonym
723	121743_10	synonym
723	101833_11	synonym
723	174571_6	string
723	109935_9	synonym
723	103679_6	synonym
723	101833_12	synonym
723	103679_7	synonym
723	137441_16	implication
723	146452_18	synonym
723	178112_4	string
723	103229_9	synonym
723	103229_10	synonym
723	101449_11	synonym
723	114210_12	synonym
723	102015_9	synonym
723	159434_7	synonym
723	141996_0	implication
723	101833_16	implication
723	162147_10	synonym
723	187790_5	synonym
723	109935_14	synonym
723	161430_8	synonym
723	114639_14	synonym
723	166034_2	synonym
723	136424_13	synonym
723	141996_2	synonym
723	141996_3	synonym
723	109514_10	synonym
723	105861_28	synonym
723	125594_23	synonym
723	162147_13	string
723	123684_10	string
723	140161_5	string
723	123684_11	synonym
723	104582_13	synonym
723	120889_15	string
723	186314_9	string
723	136049_7	string
723	159434_13	hyponym
723	123684_13	string
723	133691_7	synonym
723	133691_8	implication
723	141996_9	implication
723	143881_1	synonym
723	130539_10	synonym
723	133242_3	implication
723	101833_26	synonym
723	178922_8	hyponym
723	100754_22	synonym
723	129412_14	synonym
723	141996_12	synonym
723	136424_19	string
723	139998_3	string
723	129412_15	synonym
723	141996_15	synonym
723	180121_7	string
723	125594_33	synonym
723	176232_6	synonym
723	177389_12	string
723	141996_17	synonym
723	171327_9	implication
723	177389_13	string
723	129412_17	synonym
723	152105_9	synonym
723	106611_18	synonym
723	147502_13	synonym
723	118475_0	hyponym
723	136115_0	synonym
723	166034_16	synonym
723	115024_13	synonym
723	136424_24	synonym
723	100160_11	synonym
723	100160_12	synonym
723	166034_17	synonym
723	143979_9	string
723	129255_6	synonym
723	177389_17	string
723	136175_1	synonym
723	165603_34	synonym
723	143979_10	string
723	120257_16	synonym
723	129255_7	synonym
723	136175_2	synonym
723	129412_21	string
723	130539_14	synonym
723	165603_35	synonym
723	100160_15	synonym
723	129412_23	string
723	144298_19	synonym
723	160997_24	synonym
723	144298_20	synonym
723	144657_6	synonym
723	160997_25	synonym
723	133242_16	synonym
723	120257_21	synonym
723	149452_14	synonym
723	108103_6	synonym
723	154332_3	synonym
723	124764_4	implication
723	168411_20	synonym
723	108103_9	synonym
723	128050_2	string
723	166034_24	string
723	144298_24	string
723	144298_25	string
723	133242_20	string
723	145076_14	synonym
723	143223_14	synonym
723	145076_15	synonym
723	143223_15	synonym
723	145076_16	synonym
723	153808_14	synonym
723	144298_28	string
723	133242_24	string
723	114250_17	synonym
723	114250_18	synonym
723	145076_19	string
723	179996_13	string
723	145076_20	string
723	198930_8	synonym
723	198930_10	implication
723	145076_23	implication
723	145076_25	string
723	126574_10	synonym
723	126574_12	string
723	196148_17	synonym
723	100268_2	synonym
723	106220_1	synonym
723	106794_15	synonym
723	176801_9	synonym
723	196148_18	synonym
723	184788_12	hyponym
723	105861_2	synonym
723	151614_7	synonym
723	177622_19	string
723	151614_8	synonym
723	106794_22	synonym
723	153694_10	string
723	113598_13	string
723	176801_11	synonym
723	171913_15	string
723	169111_28	string
723	106794_24	string
723	197871_3	synonym
723	197871_4	string
723	197331_13	string
723	176077_7	synonym
723	134964_7	implication
723	162213_2	synonym
723	136356_1	synonym
723	169111_30	string
723	174786_14	synonym
723	120257_3	synonym
723	185494_8	synonym
723	166034_0	synonym
723	141084_9	synonym
723	174786_15	synonym
723	107416_4	synonym
723	130230_14	synonym
723	106794_27	synonym
723	104268_14	implication
723	141084_10	synonym
723	105400_0	implication
723	100559_14	synonym
723	115087_7	string
723	166034_1	string
723	106794_28	synonym
723	196148_29	string
723	174786_18	synonym
723	152105_10	string
723	180691_3	implication
723	196148_31	synonym
723	105861_14	synonym
723	176801_16	synonym
723	118218_2	synonym
723	126490_16	string
723	196148_32	synonym
723	174786_21	hyponym
723	105400_5	synonym
723	136356_7	string
723	104268_18	synonym
723	197871_14	implication
723	136356_8	string
723	113638_6	synonym
723	104268_19	implication
723	130230_18	string
723	118218_5	implication
723	143937_11	synonym
723	105400_15	string
723	154469_6	synonym
723	143881_10	synonym
723	176617_6	implication
723	115024_1	synonym
723	179883_5	synonym
723	192809_13	string
723	105861_20	hyponym
723	197871_15	synonym
723	197871_16	synonym
723	143937_12	synonym
723	104268_21	synonym
723	154469_7	synonym
723	141084_16	synonym
723	174786_24	string
723	126623_14	synonym
723	143881_12	synonym
723	130230_20	synonym
723	144298_16	synonym
723	179225_8	implication
723	197871_17	synonym
723	104268_22	implication
723	105861_21	synonym
723	179883_6	string
723	136356_11	string
723	174786_25	hyponym
723	141084_18	string
723	114158_12	synonym
723	104268_24	string
723	177351_14	synonym
723	144659_12	string
723	197871_18	implication
723	157640_5	implication
723	118218_9	implication
723	126623_16	string
723	162213_13	synonym
723	136356_13	string
723	114158_13	synonym
723	114158_14	synonym
723	177351_15	synonym
723	168411_15	synonym
723	197871_25	synonym
723	179225_13	string
723	104268_26	synonym
723	118218_10	implication
723	141996_13	synonym
723	130539_2	synonym
723	151377_3	synonym
723	120257_17	synonym
723	194275_10	string
723	105861_27	hyponym
723	131768_3	implication
723	107354_3	synonym
723	136356_16	string
723	105861_29	synonym
723	171327_1	implication
723	141996_19	synonym
723	197150_15	implication
723	187917_7	string
723	161086_12	string
723	161086_14	string
723	118218_13	string
723	120257_19	synonym
723	100492_10	string
723	114528_14	string
723	132914_7	implication
723	161086_15	string
723	118218_14	string
723	122578_15	string
723	114528_16	synonym
723	120257_22	synonym
723	105017_26	string
723	120257_23	string
723	161086_17	string
723	157640_15	implication
723	100492_13	string
723	120257_24	string
723	129255_2	string
723	120849_15	implication
723	151377_8	synonym
723	118218_17	string
723	177351_23	string
723	151192_1	string
723	131768_11	implication
723	151377_9	implication
723	159968_8	synonym
723	129255_9	synonym
723	114183_24	synonym
723	166034_25	string
723	118218_19	synonym
723	151377_10	synonym
723	145076_24	string
723	146195_13	string
723	159968_10	string
723	195981_4	synonym
723	155327_2	implication
723	195244_7	synonym
723	167697_8	string
723	195981_5	synonym
723	151377_11	synonym
723	151377_12	synonym
723	187916_15	synonym
723	109935_10	synonym
723	120849_25	string
723	115024_11	hyponym
723	125626_13	string
723	187916_16	synonym
723	120849_26	string
723	118218_24	synonym
723	167697_10	string
723	171327_17	synonym
723	151377_15	string
723	178126_25	synonym
723	114183_27	synonym
723	109935_13	string
723	166034_30	hyponym
723	104582_12	implication
723	104582_18	string
723	125626_17	string
723	155327_9	synonym
723	128587_8	string
723	165603_32	synonym
723	181269_3	string
723	109853_8	string
723	118218_26	string
723	131768_24	synonym
723	104582_20	string
723	155327_11	string
723	130539_13	synonym
723	136175_11	string
723	115024_16	string
723	150588_13	synonym
723	112474_14	string
723	128590_3	synonym
723	114183_30	synonym
723	162981_2	synonym
723	150588_14	synonym
723	197423_4	implication
723	136175_14	string
723	114183_31	synonym
723	162981_3	synonym
723	132513_11	synonym
723	151192_9	synonym
723	142335_10	synonym
723	154332_5	string
723	128590_5	synonym
723	197423_5	synonym
723	130539_15	string
723	187916_22	synonym
723	132513_19	string
723	197423_6	implication
723	197423_7	synonym
723	136175_17	string
723	187916_23	synonym
723	136175_18	string
723	197423_8	string
723	178322_14	synonym
723	109514_8	implication
723	197423_9	string
723	178961_14	hyponym
723	178322_17	string
723	187916_26	string
723	128050_16	string
723	128590_11	implication
723	123743_11	synonym
723	130539_20	string
723	130655_7	synonym
723	131087_8	synonym
723	187916_28	synonym
723	128590_15	string
723	161430_10	string
723	163816_7	synonym
723	155093_15	synonym
723	163816_8	synonym
723	134027_13	string
723	134027_15	string
723	153094_9	synonym
723	162348_3	synonym
723	119502_16	synonym
723	131974_18	synonym
723	162798_20	string
723	149256_2	synonym
723	163816_10	synonym
723	172267_11	synonym
723	128590_19	synonym
723	163816_12	synonym
723	186927_2	implication
723	116117_12	synonym
723	159434_12	string
723	162798_23	implication
723	128590_21	string
723	149073_42	string
723	116955_1	implication
723	135610_5	synonym
723	149436_11	synonym
723	101882_4	synonym
723	139585_4	synonym
723	139585_6	synonym
723	177389_10	string
723	182351_8	synonym
723	163321_1	synonym
723	101833_19	string
723	186927_10	implication
723	182351_13	implication
723	152012_12	string
723	190502_9	synonym
723	168022_6	synonym
723	186927_12	synonym
723	141825_1	synonym
723	150982_10	string
723	129685_3	hyponym
723	116955_7	synonym
723	101833_21	synonym
723	190502_10	string
723	182351_14	synonym
723	154244_4	implication
723	146582_4	hyponym
723	186927_18	string
723	183972_12	string
723	189667_6	synonym
723	116955_8	synonym
723	119502_23	string
723	154244_10	synonym
723	154237_2	synonym
723	190532_3	synonym
723	140259_6	string
723	186382_11	synonym
723	146582_15	hyponym
723	190532_4	string
723	154244_13	synonym
723	135610_19	string
723	125594_40	synonym
723	101833_25	implication
723	122903_16	synonym
723	122903_17	synonym
723	154244_14	synonym
723	159509_6	implication
723	146582_27	string
723	157301_14	synonym
723	148215_12	implication
723	144518_8	synonym
723	122903_19	string
723	100160_16	string
723	194084_9	string
723	101099_4	synonym
723	157301_15	string
723	106773_7	synonym
723	101099_5	synonym
723	199085_15	string
723	125594_48	synonym
723	144518_10	synonym
723	101099_6	synonym
723	101099_7	synonym
723	157301_16	string
723	134208_10	implication
723	101099_9	string
723	174571_2	string
723	102433_19	string
723	179998_9	string
723	133855_17	synonym
723	177846_12	string
723	101099_11	string
723	190532_13	synonym
723	163153_15	synonym
723	198266_22	synonym
723	122828_5	string
723	187790_3	synonym
723	150402_12	synonym
723	174571_7	string
723	133855_20	string
723	187790_4	synonym
723	196052_12	string
723	104707_21	synonym
723	171971_15	string
723	190532_20	implication
723	147575_12	string
723	141891_5	string
723	106794_0	synonym
723	140402_10	implication
723	130070_6	string
723	150306_14	implication
723	171971_16	string
723	159468_5	implication
723	103679_8	synonym
723	150996_8	string
723	163153_24	string
723	106794_3	synonym
723	196148_1	synonym
723	159675_8	implication
723	196148_2	synonym
723	140402_16	string
723	138678_24	synonym
723	156001_9	synonym
723	125101_16	string
723	138678_25	synonym
723	178922_13	string
723	184833_6	hyponym
723	183308_3	synonym
723	108558_7	string
723	157301_24	synonym
723	199482_9	implication
723	138678_27	synonym
723	126013_13	string
723	149452_8	implication
723	172591_7	hyponym
723	199482_10	synonym
723	158950_4	string
723	130784_5	string
723	116970_8	synonym
723	130784_6	string
723	138678_31	string
723	116970_12	synonym
723	160997_18	string
723	114210_9	synonym
723	157839_1	synonym
723	177622_15	synonym
723	138678_34	synonym
723	138678_35	synonym
723	169111_22	synonym
723	160997_22	string
723	155984_12	synonym
723	174786_1	implication
723	174786_2	synonym
723	129611_23	string
724	104582_15	string
724	196268_7	synonym
724	196268_8	synonym
724	162987_10	synonym
724	178787_12	synonym
724	110998_1	synonym
724	101480_3	synonym
724	178787_15	synonym
724	178787_16	synonym
724	157744_6	synonym
724	178787_18	string
724	140222_17	synonym
724	110998_8	synonym
724	149073_36	synonym
724	162749_12	synonym
724	140222_21	string
724	186515_1	synonym
724	129375_8	synonym
724	134389_1	synonym
724	127274_1	string
724	174697_6	implication
724	134121_3	synonym
724	129375_14	string
724	169126_5	synonym
724	159509_5	synonym
724	199929_9	synonym
724	174697_8	synonym
724	110549_2	string
724	159509_9	synonym
724	127274_10	string
724	154237_14	synonym
724	134389_11	synonym
724	127274_11	synonym
724	174262_8	synonym
724	134389_12	synonym
724	192498_15	synonym
724	157743_8	string
724	199085_8	synonym
724	176704_12	synonym
724	134389_17	string
724	110549_11	synonym
724	199085_12	synonym
724	104831_1	synonym
724	199085_18	string
724	164712_15	synonym
724	165297_14	synonym
724	165297_15	synonym
724	199482_13	synonym
724	106327_7	synonym
724	142533_6	synonym
724	101099_8	synonym
724	114425_10	synonym
724	142533_9	string
724	164712_25	synonym
724	114425_12	synonym
724	125325_2	synonym
724	168279_25	synonym
724	142533_13	string
724	163816_1	synonym
724	142533_15	implication
724	114425_13	string
724	171473_2	synonym
724	128744_2	synonym
724	128744_4	synonym
724	128744_5	string
724	128744_6	string
724	159675_41	synonym
724	117954_2	synonym
724	196148_22	synonym
724	171473_7	synonym
724	126427_5	synonym
724	117954_3	synonym
724	193189_8	synonym
724	125325_10	synonym
724	164384_1	synonym
724	193189_9	synonym
724	168279_35	synonym
724	117954_9	synonym
724	100037_10	synonym
724	168279_36	synonym
724	141292_4	string
724	159675_50	synonym
724	191228_3	synonym
724	169428_4	synonym
724	168279_37	synonym
724	117954_11	synonym
724	188400_20	synonym
724	188400_21	synonym
724	164384_8	synonym
724	103049_4	synonym
724	154423_3	synonym
724	168331_22	implication
724	199482_32	synonym
724	155984_2	synonym
724	168279_46	synonym
724	179642_14	synonym
724	155533_6	synonym
724	168331_30	string
724	169374_4	synonym
724	112869_1	synonym
724	128247_9	synonym
724	191228_21	synonym
724	107052_10	string
724	159894_16	synonym
724	191228_22	synonym
724	178126_0	implication
724	191228_23	synonym
724	169374_11	synonym
724	178126_4	synonym
724	107052_13	string
724	152663_4	synonym
724	149256_3	synonym
724	177351_1	synonym
724	174752_14	synonym
724	105861_5	synonym
724	123916_7	synonym
724	180621_31	string
724	123916_8	synonym
724	118218_1	synonym
724	123916_9	synonym
724	139341_13	synonym
724	149095_1	synonym
724	117293_2	synonym
724	142089_6	synonym
724	190272_9	implication
724	178126_18	synonym
724	142089_7	synonym
724	190272_10	synonym
724	105861_12	synonym
724	177351_12	synonym
724	146094_0	synonym
724	105861_13	synonym
724	123916_14	string
724	178126_19	synonym
724	190272_12	synonym
724	180800_24	synonym
724	123916_16	synonym
724	190272_14	synonym
724	105861_16	synonym
724	142089_13	string
724	195244_4	synonym
724	195244_5	synonym
724	160100_12	synonym
724	114210_10	string
724	104582_3	synonym
724	150306_9	synonym
724	101449_14	synonym
724	195244_11	string
724	150008_11	synonym
724	109514_10	synonym
724	125362_1	synonym
724	125362_2	synonym
724	125594_26	synonym
724	106611_12	synonym
724	133242_2	synonym
724	148450_2	synonym
724	100160_1	synonym
724	117293_20	synonym
724	117293_21	synonym
724	117293_23	synonym
724	150588_2	synonym
724	157548_11	synonym
724	100160_11	synonym
724	117293_25	synonym
724	143223_6	implication
724	143223_7	implication
724	120257_16	synonym
724	189534_15	string
724	136115_7	synonym
724	133242_17	synonym
724	147974_2	synonym
724	133242_23	string
724	115692_16	synonym
724	133242_26	synonym
724	143223_18	synonym
724	147974_10	synonym
724	117293_38	synonym
724	126574_0	synonym
724	147974_14	synonym
724	126574_3	synonym
724	126574_8	synonym
724	155984_17	string
724	151614_8	synonym
724	107340_15	synonym
724	120257_1	synonym
724	177351_5	synonym
724	148450_14	synonym
724	127864_2	synonym
724	179642_19	string
724	179642_20	string
724	105861_15	synonym
724	105017_19	synonym
724	125362_9	synonym
724	126623_15	synonym
724	105954_8	synonym
724	189534_1	synonym
724	154423_1	synonym
724	120257_15	synonym
724	105017_23	string
724	150588_0	implication
724	134823_9	synonym
724	177351_19	synonym
724	154423_7	synonym
724	177351_22	string
724	154423_8	synonym
724	177351_23	string
724	189534_7	synonym
724	155093_3	string
724	155093_4	string
724	120257_27	string
724	105017_28	synonym
724	154423_11	synonym
724	174691_13	synonym
724	120257_30	synonym
724	178126_24	implication
724	127002_2	synonym
724	150588_11	synonym
724	144766_2	synonym
724	106611_10	synonym
724	150588_12	synonym
724	109543_7	synonym
724	139485_17	string
724	157301_1	synonym
724	109514_6	synonym
724	148584_1	synonym
724	148584_2	synonym
724	103049_15	synonym
724	127002_14	synonym
724	144766_13	synonym
724	163816_5	synonym
724	150588_20	synonym
724	163816_6	synonym
724	163165_10	synonym
724	147974_11	synonym
724	172267_9	synonym
724	115692_20	string
724	142533_1	synonym
724	142533_7	synonym
724	101480_18	string
724	142533_8	string
724	142533_14	string
724	147974_20	hyponym
724	199929_10	synonym
724	162987_14	string
724	177389_11	string
724	100160_2	synonym
724	174262_10	string
724	157744_3	synonym
724	117293_24	synonym
724	157743_6	string
724	100160_10	synonym
724	157744_13	synonym
724	100160_16	string
724	117293_35	string
724	199085_15	string
724	146094_1	synonym
724	157548_15	synonym
724	150306_1	synonym
724	150306_2	synonym
724	157548_17	string
724	146094_3	synonym
724	193189_11	string
724	112869_8	synonym
724	142089_15	string
724	146094_8	string
724	157548_25	string
724	179642_0	synonym
724	150306_11	synonym
724	150306_12	synonym
724	112869_14	synonym
724	157548_26	string
724	117954_17	string
724	129375_2	synonym
724	112869_15	string
724	150306_17	string
724	129375_9	synonym
724	129375_11	string
724	107052_17	string
724	107052_18	string
724	139341_1	synonym
724	155984_1	synonym
724	167768_12	synonym
724	167768_13	synonym
724	129611_9	synonym
724	155984_10	synonym
724	155984_11	synonym
724	155984_12	synonym
724	199482_27	synonym
725	106334_18	string
725	137869_29	string
725	183009_0	synonym
725	106091_1	synonym
725	197150_22	synonym
725	106091_2	synonym
725	102758_7	synonym
725	137869_32	string
725	141582_2	implication
725	167036_3	string
725	145990_4	synonym
725	120849_1	synonym
725	167831_17	string
725	106091_17	synonym
725	134389_3	synonym
725	188625_21	synonym
725	176704_0	synonym
725	176704_1	synonym
725	167036_20	synonym
725	167036_21	synonym
725	106091_20	synonym
725	163870_3	synonym
725	163870_6	string
725	199085_19	string
725	177550_12	synonym
725	154244_1	synonym
725	154244_2	synonym
725	188400_13	synonym
725	188400_17	synonym
725	123535_2	synonym
725	123535_3	synonym
725	188400_24	synonym
725	122828_0	synonym
725	123535_12	synonym
725	104777_22	synonym
725	100028_1	synonym
725	107052_2	synonym
725	166295_3	synonym
725	159894_19	string
725	145340_13	string
725	191228_26	synonym
725	141538_4	synonym
725	141538_5	synonym
725	138190_19	synonym
725	108395_1	implication
725	183308_19	synonym
725	108395_4	implication
725	119634_3	synonym
725	123916_12	string
725	100492_11	synonym
725	107354_24	synonym
725	106334_2	synonym
725	185233_19	synonym
725	106334_16	string
725	119691_1	synonym
725	194471_1	synonym
725	124557_3	implication
725	169111_36	string
725	154332_3	synonym
725	123535_13	synonym
725	123535_14	implication
725	171659_12	string
725	169111_33	string
725	134823_2	synonym
725	106334_1	synonym
725	197419_17	string
725	150804_9	synonym
725	154332_4	synonym
725	108084_29	synonym
725	108084_30	synonym
725	150804_14	string
725	103049_15	synonym
725	103049_16	synonym
725	177550_14	string
725	188400_2	synonym
725	134857_4	synonym
725	177550_16	string
725	188625_14	synonym
725	150588_20	synonym
725	102758_9	string
725	188625_17	string
725	188625_18	string
725	141520_15	string
725	188400_5	synonym
725	144766_21	string
725	159434_12	string
725	188400_10	synonym
725	159894_20	string
725	179104_23	synonym
725	141582_1	implication
725	174571_2	string
725	174571_3	string
725	114425_0	implication
725	105787_2	synonym
725	174571_7	string
725	127525_9	string
725	191788_2	string
725	154202_13	implication
725	183308_18	synonym
725	176083_22	string
725	129611_27	string
726	106334_18	string
726	171817_6	synonym
726	193855_14	string
726	159001_5	synonym
726	176704_9	synonym
726	192522_9	synonym
726	176704_10	synonym
726	120849_20	string
726	174262_7	synonym
726	192522_14	implication
726	154583_4	synonym
726	154583_5	synonym
726	192522_15	implication
726	105694_11	synonym
726	154583_8	string
726	165297_15	synonym
726	125755_10	synonym
726	171393_23	synonym
726	171393_24	synonym
726	123832_9	synonym
726	123832_10	synonym
726	157296_20	synonym
726	159894_15	synonym
726	144925_9	string
726	167413_13	synonym
726	186141_6	synonym
726	178322_12	synonym
726	184489_3	synonym
726	167413_14	synonym
726	184489_4	synonym
726	139341_20	synonym
726	161430_7	synonym
726	106611_7	synonym
726	159904_0	implication
726	106611_13	synonym
726	140432_1	synonym
726	144298_12	synonym
726	159904_9	synonym
726	106611_19	synonym
726	159904_10	string
726	144298_17	synonym
726	162213_3	synonym
726	141084_20	string
726	162213_15	synonym
726	154423_4	synonym
726	162213_16	synonym
726	139341_21	synonym
726	162213_18	string
726	106334_17	string
726	162213_19	string
726	154423_9	synonym
726	139485_12	synonym
726	150588_12	synonym
726	150588_13	synonym
726	178322_13	synonym
726	176704_11	string
726	150588_21	string
726	124864_5	synonym
726	150588_27	synonym
726	157301_7	synonym
726	164967_10	synonym
726	196878_8	synonym
726	163153_14	synonym
726	167413_18	synonym
726	150164_9	string
726	167413_21	synonym
726	150306_11	synonym
726	157296_18	synonym
726	171393_36	synonym
726	123832_11	string
727	106334_18	synonym
727	173316_7	synonym
727	130796_3	implication
727	153406_11	abbreviation
727	114837_6	synonym
727	163565_3	implication
727	120257_28	synonym
727	146947_4	implication
727	128050_13	implication
727	137438_2	synonym
727	186382_1	synonym
727	146947_7	implication
727	150588_23	abbreviation
727	110998_1	abbreviation
727	125594_43	synonym
727	188625_2	implication
727	135705_5	implication
727	126147_3	implication
727	157640_16	synonym
727	114837_23	synonym
727	110998_6	synonym
727	126546_3	synonym
727	132513_7	implication
727	178787_18	string
727	176083_4	abbreviation
727	162348_0	implication
727	106091_11	implication
727	195471_7	synonym
727	157905_4	synonym
727	193608_4	synonym
727	186325_10	string
727	195624_13	string
727	195471_8	abbreviation
727	195471_9	synonym
727	151854_0	implication
727	167831_21	synonym
727	186325_12	string
727	195624_14	string
727	199929_1	synonym
727	167831_22	synonym
727	154237_5	synonym
727	134389_3	synonym
727	171393_3	synonym
727	192498_3	synonym
727	176704_1	synonym
727	165519_1	implication
727	174697_6	synonym
727	171971_7	hyponym
727	145699_6	synonym
727	106773_0	synonym
727	165519_5	implication
727	127274_3	synonym
727	127274_4	synonym
727	145699_7	synonym
727	127274_7	implication
727	110549_2	abbreviation
727	138709_10	implication
727	174146_5	synonym
727	154237_13	synonym
727	134389_9	abbreviation
727	171971_12	synonym
727	124673_1	synonym
727	154237_14	synonym
727	167088_5	synonym
727	109173_2	synonym
727	109173_3	synonym
727	117878_11	implication
727	185494_15	string
727	174146_12	synonym
727	150313_2	implication
727	127274_17	implication
727	117878_16	implication
727	117878_17	implication
727	109173_11	abbreviation
727	179104_8	abbreviation
727	163165_13	hyponym
727	127081_1	implication
727	109878_1	synonym
727	114425_1	synonym
727	137091_3	synonym
727	174964_3	synonym
727	130253_19	synonym
727	127081_5	synonym
727	125755_2	synonym
727	199085_18	synonym
727	199085_19	synonym
727	137091_8	implication
727	177498_7	synonym
727	120762_5	abbreviation
727	137091_9	implication
727	148059_8	abbreviation
727	137091_12	synonym
727	133990_9	synonym
727	127081_13	string
727	177498_8	synonym
727	176039_1	synonym
727	148059_9	abbreviation
727	137091_14	implication
727	176039_2	abbreviation
727	137091_15	synonym
727	173124_3	synonym
727	157685_2	synonym
727	177498_14	string
727	142533_12	hyponym
727	168331_2	synonym
727	142533_13	synonym
727	137091_22	implication
727	184541_4	synonym
727	167804_3	synonym
727	157685_9	abbreviation
727	157685_10	synonym
727	128163_1	hyponym
727	100037_2	synonym
727	199482_20	abbreviation
727	128163_2	implication
727	186216_1	synonym
727	117954_2	synonym
727	128163_6	abbreviation
727	100454_7	synonym
727	118677_1	synonym
727	170654_4	synonym
727	170309_9	synonym
727	125325_9	synonym
727	128163_13	hyponym
727	100454_11	implication
727	125325_10	synonym
727	125325_11	synonym
727	126341_32	string
727	168331_18	synonym
727	170654_9	abbreviation
727	126341_33	synonym
727	123535_2	synonym
727	135016_2	hyponym
727	141292_6	string
727	194111_2	synonym
727	141292_7	string
727	176996_2	synonym
727	170654_13	synonym
727	191228_6	abbreviation
727	133219_2	synonym
727	136373_24	abbreviation
727	198152_1	implication
727	130451_1	synonym
727	123535_10	synonym
727	127525_8	string
727	100037_20	synonym
727	123535_11	synonym
727	166902_28	synonym
727	114307_7	hyponym
727	193169_1	synonym
727	155984_2	synonym
727	192151_11	synonym
727	102295_6	abbreviation
727	167413_3	synonym
727	186927_5	synonym
727	198266_0	synonym
727	181555_11	string
727	166295_3	abbreviation
727	170449_3	implication
727	133867_2	implication
727	166295_4	synonym
727	109667_3	abbreviation
727	174483_2	hyponym
727	159894_17	implication
727	116970_3	implication
727	105017_1	synonym
727	100028_12	hyponym
727	198266_9	synonym
727	105017_2	synonym
727	172195_10	abbreviation
727	123655_9	synonym
727	177613_1	abbreviation
727	161418_1	implication
727	106794_16	abbreviation
727	141538_7	synonym
727	179838_2	hyponym
727	197122_3	abbreviation
727	125594_3	synonym
727	161610_7	synonym
727	179838_6	abbreviation
727	197122_6	hyponym
727	174483_20	abbreviation
727	190272_9	implication
727	181929_1	abbreviation
727	101833_1	synonym
727	113215_5	synonym
727	136424_3	implication
727	165603_6	abbreviation
727	181394_25	implication
727	113215_7	string
727	100492_15	implication
727	161418_12	hyponym
727	194649_1	abbreviation
727	194649_2	abbreviation
727	155327_1	synonym
727	150164_6	implication
727	167483_24	synonym
727	142089_13	implication
727	162642_6	synonym
727	103679_5	implication
727	110084_6	implication
727	117293_14	synonym
727	197122_24	synonym
727	195244_11	synonym
727	117293_15	synonym
727	116651_5	synonym
727	191702_4	synonym
727	147969_3	synonym
727	119691_1	synonym
727	191702_5	synonym
727	117293_16	synonym
727	129412_10	synonym
727	129412_11	synonym
727	168411_1	synonym
727	133242_2	abbreviation
727	100160_1	abbreviation
727	147502_7	synonym
727	137869_3	abbreviation
727	187378_5	synonym
727	157329_4	synonym
727	143223_1	synonym
727	143223_2	synonym
727	193756_1	synonym
727	147969_16	implication
727	124557_3	implication
727	140432_7	abbreviation
727	101737_2	synonym
727	149498_2	synonym
727	129412_22	synonym
727	101737_7	synonym
727	187916_5	synonym
727	157640_2	synonym
727	106782_5	synonym
727	149111_2	abbreviation
727	117293_30	abbreviation
727	149111_4	abbreviation
727	143223_13	abbreviation
727	143223_15	synonym
727	133242_23	synonym
727	149111_12	abbreviation
727	133242_24	string
727	147974_9	implication
727	147974_10	implication
727	113215_2	implication
727	113215_3	string
727	148059_2	abbreviation
727	127159_2	synonym
727	113215_4	synonym
727	113215_6	string
727	137091_4	implication
727	197871_1	synonym
727	141538_6	string
727	123535_14	implication
727	120257_2	hyponym
727	184324_1	synonym
727	122578_4	synonym
727	106794_28	synonym
727	192151_14	synonym
727	165603_7	implication
727	176039_6	abbreviation
727	157640_3	abbreviation
727	197122_25	synonym
727	134823_2	synonym
727	105017_21	synonym
727	160100_7	implication
727	105861_26	string
727	105017_22	synonym
727	141084_21	hyponym
727	134823_6	synonym
727	100492_8	implication
727	177351_18	abbreviation
727	126242_28	string
727	114183_20	synonym
727	134823_9	synonym
727	168331_17	synonym
727	157640_15	implication
727	139341_23	synonym
727	106334_19	synonym
727	115692_2	synonym
727	120257_27	synonym
727	166034_27	synonym
727	167675_3	synonym
727	192498_18	synonym
727	193944_12	implication
727	153345_1	synonym
727	178322_3	synonym
727	144766_2	synonym
727	144766_5	synonym
727	188625_3	synonym
727	177125_5	synonym
727	163165_4	implication
727	151192_12	synonym
727	145990_1	abbreviation
727	188625_15	implication
727	159894_2	synonym
727	145990_3	implication
727	150588_21	string
727	149436_5	abbreviation
727	142533_1	synonym
727	183972_4	implication
727	101480_22	string
727	179480_8	synonym
727	135610_8	abbreviation
727	119502_18	synonym
727	101480_23	string
727	178961_23	synonym
727	127081_11	implication
727	127081_12	synonym
727	170781_8	hyponym
727	127081_16	synonym
727	146582_10	synonym
727	157743_7	string
727	147969_11	synonym
727	109878_3	synonym
727	121045_6	implication
727	194649_10	implication
727	185487_1	synonym
727	171357_4	synonym
727	127525_9	string
727	171357_5	synonym
727	143479_14	implication
727	134857_41	string
727	179642_1	synonym
727	157296_18	synonym
727	171393_29	implication
727	139341_1	synonym
727	110804_4	implication
727	171393_38	implication
727	130784_2	implication
727	122251_2	implication
727	119239_8	synonym
727	126490_1	synonym
727	133424_12	synonym
727	120889_18	synonym
727	141084_1	synonym
727	104268_1	synonym
727	104268_2	synonym
727	129611_29	synonym
728	108103_11	string
728	125626_16	string
728	125626_20	string
728	108103_7	string
728	125626_2	synonym
728	125626_11	synonym
728	125626_12	synonym
728	130230_14	string
728	130230_16	string
728	125626_17	string
728	128590_13	synonym
728	128590_21	string
728	128590_23	synonym
728	128590_24	synonym
728	108103_8	string
728	108103_10	string
729	108103_11	string
729	144657_7	string
729	177846_10	synonym
729	148370_2	synonym
729	144657_8	string
729	147974_17	synonym
729	125626_16	string
729	128590_12	implication
729	125626_19	string
729	144023_1	hyponym
729	146947_7	implication
729	150588_23	abbreviation
729	125626_20	string
729	144023_2	abbreviation
729	148370_12	implication
729	135705_5	implication
729	126147_3	implication
729	118475_9	string
729	181044_9	string
729	132513_7	implication
729	128590_25	synonym
729	160867_1	synonym
729	168605_5	implication
729	140236_13	string
729	106091_11	implication
729	143937_14	synonym
729	120849_4	implication
729	144023_14	synonym
729	144023_15	string
729	154761_11	string
729	144023_16	synonym
729	179480_29	synonym
729	195624_16	string
729	179480_30	abbreviation
729	113865_15	string
729	176704_1	hyponym
729	148924_4	implication
729	184945_20	hyponym
729	184945_24	string
729	102433_12	synonym
729	102433_13	implication
729	112777_7	string
729	109173_2	abbreviation
729	109173_3	abbreviation
729	121731_7	synonym
729	112777_8	string
729	120849_21	synonym
729	174146_17	implication
729	169273_12	string
729	137342_8	string
729	199929_20	implication
729	150402_15	implication
729	138286_16	synonym
729	120938_4	string
729	114425_3	synonym
729	114425_5	implication
729	159838_6	string
729	141036_11	string
729	137477_9	string
729	114980_10	string
729	173220_11	string
729	119282_7	synonym
729	142178_10	string
729	137477_10	synonym
729	163159_15	string
729	176077_9	implication
729	176077_11	string
729	104841_16	synonym
729	192809_12	string
729	118210_11	string
729	179998_11	synonym
729	154245_8	implication
729	128251_6	string
729	142197_3	implication
729	154245_9	string
729	153345_10	synonym
729	125325_10	implication
729	159675_47	abbreviation
729	159675_48	abbreviation
729	112446_3	abbreviation
729	187917_5	string
729	166203_7	string
729	170654_13	implication
729	170654_16	implication
729	190537_10	string
729	123535_11	implication
729	176617_11	hyponym
729	113469_9	string
729	107052_2	synonym
729	112613_16	string
729	140402_12	synonym
729	147575_10	synonym
729	107052_5	implication
729	112613_19	string
729	160184_9	synonym
729	153094_8	string
729	104434_15	string
729	116970_3	implication
729	166295_10	implication
729	164280_3	synonym
729	122251_7	abbreviation
729	184788_13	abbreviation
729	123916_5	hyponym
729	120587_2	string
729	151011_8	synonym
729	180621_30	abbreviation
729	107354_21	implication
729	179838_6	abbreviation
729	197122_6	hyponym
729	180621_32	string
729	107354_25	synonym
729	112474_12	string
729	120587_9	string
729	121173_11	implication
729	174744_14	string
729	190272_13	abbreviation
729	112520_12	string
729	194649_1	abbreviation
729	194649_2	abbreviation
729	140259_7	string
729	136356_17	synonym
729	142089_13	implication
729	103679_5	hyponym
729	100754_6	string
729	121743_10	implication
729	151851_3	string
729	151851_4	string
729	114210_10	string
729	122578_11	implication
729	151851_9	synonym
729	151851_10	abbreviation
729	104582_3	synonym
729	114639_14	string
729	182680_15	synonym
729	188772_10	abbreviation
729	120889_15	string
729	186314_9	string
729	139998_3	string
729	176232_6	string
729	151265_1	implication
729	106611_18	string
729	172267_2	synonym
729	149452_12	string
729	144657_6	synonym
729	117293_30	abbreviation
729	144298_24	synonym
729	153808_14	string
729	114250_18	string
729	155569_6	synonym
729	155569_7	implication
729	155569_8	implication
729	153694_10	string
729	184788_16	string
729	120257_2	abbreviation
729	182680_3	synonym
729	155569_10	implication
729	130230_14	synonym
729	115087_5	string
729	130230_15	synonym
729	143937_12	string
729	176039_6	abbreviation
729	176801_20	string
729	136356_12	string
729	105017_21	synonym
729	160100_7	implication
729	186363_13	abbreviation
729	186363_15	string
729	126623_16	string
729	136356_14	synonym
729	194275_11	string
729	126242_28	string
729	122578_15	string
729	113865_16	string
729	146195_13	string
729	195981_7	string
729	167675_3	synonym
729	120849_25	string
729	120849_26	string
729	178322_3	synonym
729	128587_8	string
729	128590_1	synonym
729	181269_4	string
729	128590_2	synonym
729	115024_16	string
729	143223_20	synonym
729	114183_30	synonym
729	128251_5	string
729	114183_31	synonym
729	128590_5	synonym
729	163165_4	implication
729	130539_19	string
729	123743_11	string
729	147974_5	implication
729	142178_7	synonym
729	142178_8	synonym
729	161430_10	string
729	161430_11	string
729	101480_17	string
729	133855_4	abbreviation
729	172267_11	synonym
729	128590_19	synonym
729	183972_4	implication
729	139585_4	synonym
729	139585_6	string
729	100754_21	string
729	152012_12	string
729	162348_13	implication
729	150982_10	string
729	189667_4	string
729	140161_6	string
729	146582_10	synonym
729	160184_8	string
729	144518_8	string
729	194084_9	string
729	121045_6	implication
729	165519_13	abbreviation
729	177846_11	string
729	190532_15	synonym
729	190532_16	synonym
729	184945_23	string
729	108103_8	string
729	190532_17	string
729	184945_26	string
729	196052_12	string
729	130070_6	string
729	150996_7	string
729	121917_10	synonym
729	140402_13	string
729	138678_21	synonym
729	163153_24	string
729	140402_16	string
729	156001_9	string
729	125101_16	string
729	156001_10	string
729	178922_13	string
729	157301_25	abbreviation
729	121925_19	string
729	158950_4	string
729	122251_6	implication
729	130784_6	string
729	116970_12	string
729	113469_10	string
729	114210_9	abbreviation
730	108103_11	string
730	137106_9	string
730	102433_8	synonym
730	176801_2	synonym
730	131974_21	string
730	102433_12	synonym
730	131974_23	string
730	102433_13	synonym
730	102433_15	string
730	100966_8	synonym
730	100966_9	synonym
730	167088_8	synonym
730	176801_19	string
730	142197_8	synonym
730	142197_9	string
730	110806_2	string
730	110806_5	implication
730	110806_11	string
730	110806_12	string
730	174736_10	string
730	179838_13	synonym
730	179838_14	string
730	185233_19	string
730	160100_15	synonym
730	127126_10	string
730	160100_16	string
730	137106_5	synonym
730	176801_11	synonym
730	185233_18	synonym
730	179838_17	string
730	167088_11	string
730	140477_15	string
730	140477_16	string
730	137106_11	string
730	187916_23	string
730	174736_9	synonym
730	108103_8	string
731	108103_11	string
731	136175_9	string
731	139249_5	string
731	149591_11	implication
731	151854_0	implication
731	131974_19	string
731	131974_20	string
731	131974_21	string
731	174697_8	string
731	188206_11	string
731	131974_23	string
731	163870_3	abbreviation
731	188206_20	string
731	151854_20	string
731	145699_23	string
731	142178_5	string
731	102931_22	string
731	199962_7	string
731	173656_8	synonym
731	136373_24	string
731	122893_14	string
731	134578_4	string
731	147383_8	string
731	134578_9	string
731	134578_10	string
731	134578_13	string
731	197331_9	string
731	103679_1	implication
731	109935_9	abbreviation
731	103229_10	string
731	101833_15	string
731	122578_12	string
731	121149_3	string
731	139485_13	string
731	197331_12	string
731	112248_16	implication
731	167483_23	string
731	171496_16	string
731	102931_21	string
731	165227_17	implication
731	187916_17	string
731	122893_20	string
731	114183_30	string
731	145699_28	string
731	188206_16	string
731	142178_9	string
731	101833_20	string
731	101833_24	string
731	112313_16	string
731	147383_7	string
731	112313_19	string
731	189408_6	string
731	134578_3	string
731	150164_9	string
731	108103_8	string
731	174697_7	string
731	157296_18	string
731	157809_11	synonym
731	157296_19	string
731	191228_19	string
731	133424_25	string
731	133424_32	string
732	137106_9	string
732	107416_18	synonym
732	171357_22	string
732	171027_13	string
732	168279_50	string
732	128247_11	string
732	128247_12	string
732	128247_13	string
732	178322_16	string
732	157008_2	synonym
732	159434_11	string
732	137106_3	implication
732	107416_4	synonym
732	171027_15	string
732	137106_11	string
732	178322_17	string
732	178322_19	synonym
732	159434_12	string
732	159138_5	string
732	171357_21	string
732	171357_23	string
733	137106_9	string
733	128050_11	string
733	197150_18	string
733	137106_13	string
733	100268_10	string
733	137106_14	string
733	127159_7	string
733	197150_22	string
733	106091_2	string
733	137106_15	string
733	178787_12	abbreviation
733	110998_1	abbreviation
733	101480_3	abbreviation
733	178787_15	string
733	178787_16	string
733	192180_7	synonym
733	197419_15	string
733	128050_23	string
733	163565_18	abbreviation
733	110998_8	string
733	144023_8	string
733	163565_21	string
733	195471_5	implication
733	102433_2	synonym
733	192180_11	synonym
733	186382_9	hyponym
733	195471_6	abbreviation
733	195471_7	synonym
733	191025_0	string
733	191025_1	string
733	144023_12	abbreviation
733	171753_7	string
733	195471_8	string
733	186515_1	synonym
733	157301_8	abbreviation
733	144023_15	string
733	106091_14	abbreviation
733	195471_11	synonym
733	134268_2	synonym
733	134268_3	synonym
733	144023_16	string
733	102433_8	string
733	129375_14	string
733	169126_5	string
733	159509_5	string
733	188206_10	string
733	110549_2	string
733	159509_9	string
733	159509_10	string
733	129556_21	synonym
733	171971_13	string
733	118501_10	string
733	131974_25	string
733	165519_15	string
733	151854_14	string
733	131974_28	string
733	142413_3	string
733	120849_23	string
733	188206_19	string
733	110549_10	string
733	142413_7	string
733	142413_8	string
733	167883_1	synonym
733	136086_6	synonym
733	136086_7	synonym
733	110549_11	string
733	142413_12	string
733	104831_1	abbreviation
733	136086_11	implication
733	136086_12	synonym
733	120938_3	synonym
733	199726_5	synonym
733	185823_5	string
733	137477_5	synonym
733	167883_11	synonym
733	171393_22	synonym
733	137477_8	synonym
733	137477_9	string
733	142533_6	string
733	133325_5	string
733	142533_9	string
733	166575_7	abbreviation
733	171393_26	abbreviation
733	179440_18	string
733	142533_13	string
733	163816_1	abbreviation
733	199482_18	string
733	179440_19	string
733	142533_15	implication
733	179440_21	string
733	128744_2	string
733	128744_4	synonym
733	129501_8	synonym
733	128744_6	string
733	142197_0	synonym
733	117954_2	string
733	117954_3	abbreviation
733	193189_8	string
733	142197_6	string
733	142197_8	string
733	193189_9	string
733	117954_9	synonym
733	142197_11	string
733	199482_28	string
733	169428_4	string
733	117954_11	synonym
733	188400_20	synonym
733	136373_18	synonym
733	136373_19	synonym
733	166902_23	implication
733	172605_9	synonym
733	188400_21	synonym
733	136373_20	synonym
733	169428_9	string
733	166902_27	synonym
733	186927_1	string
733	155533_6	abbreviation
733	128247_2	string
733	175030_3	synonym
733	168331_30	string
733	112869_1	abbreviation
733	157296_20	string
733	123655_1	string
733	128247_9	string
733	109667_3	string
733	186927_11	string
733	186927_16	string
733	180546_9	synonym
733	171305_3	string
733	123655_9	string
733	124465_0	string
733	124465_1	string
733	119273_21	string
733	152663_4	string
733	149256_3	synonym
733	123655_10	synonym
733	177351_1	abbreviation
733	123655_11	hyponym
733	126490_8	abbreviation
733	114183_22	synonym
733	174752_15	string
733	174752_16	abbreviation
733	126490_9	abbreviation
733	179838_2	string
733	180546_19	string
733	175030_20	synonym
733	174752_17	synonym
733	132914_1	abbreviation
733	132914_2	abbreviation
733	170614_6	string
733	118218_1	abbreviation
733	180546_22	string
733	149095_1	abbreviation
733	109361_12	synonym
733	174483_17	string
733	123655_19	string
733	181929_1	synonym
733	193091_2	string
733	142089_7	string
733	177351_12	synonym
733	146094_0	abbreviation
733	147165_2	synonym
733	147165_3	synonym
733	101833_2	synonym
733	170614_17	synonym
733	170614_19	synonym
733	101833_3	synonym
733	174483_24	string
733	187941_7	abbreviation
733	170614_22	synonym
733	193091_9	string
733	193091_10	string
733	181929_6	string
733	174483_27	string
733	171305_22	string
733	132914_16	synonym
733	142089_13	string
733	147165_12	synonym
733	171305_29	string
733	195244_5	synonym
733	101833_12	string
733	117293_13	synonym
733	150008_9	string
733	160997_9	string
733	150306_9	abbreviation
733	147056_7	string
733	106611_8	implication
733	150008_11	string
733	147056_9	string
733	192589_3	string
733	192589_4	string
733	150548_1	synonym
733	174752_31	synonym
733	103881_10	string
733	103881_11	string
733	192589_6	string
733	106611_12	string
733	168411_1	string
733	160997_14	string
733	100160_1	abbreviation
733	133691_12	string
733	160997_15	string
733	117293_20	string
733	141996_12	string
733	160997_16	string
733	117293_21	synonym
733	141996_14	string
733	133691_15	string
733	117293_22	string
733	106611_19	string
733	137106_0	implication
733	137106_1	synonym
733	100160_11	abbreviation
733	168411_14	synonym
733	117293_25	abbreviation
733	129255_7	string
733	100160_15	string
733	136115_7	string
733	137106_5	string
733	160997_24	string
733	137106_6	synonym
733	128050_9	string
733	149073_15	synonym
733	191244_2	string
733	197150_2	string
733	191244_7	string
733	191244_13	implication
733	105787_7	string
733	105787_8	string
733	105787_9	string
733	136086_10	string
733	120467_3	string
733	187941_10	string
733	127159_5	string
733	171305_28	string
733	177351_3	synonym
733	120257_2	string
733	171027_11	synonym
733	128795_15	synonym
733	177351_5	synonym
733	168411_2	string
733	127864_2	string
733	141084_14	synonym
733	177351_10	string
733	179883_5	abbreviation
733	191244_11	string
733	174752_26	string
733	141996_8	string
733	141996_13	string
733	141996_20	string
733	141996_23	string
733	191025_3	string
733	187917_7	string
733	189423_3	string
733	103369_11	string
733	145720_6	string
733	177351_19	synonym
733	145720_11	string
733	132914_11	string
733	177351_23	string
733	114183_23	synonym
733	174483_16	string
733	155093_3	string
733	155093_4	string
733	129255_9	string
733	114183_25	synonym
733	120849_22	string
733	155327_5	string
733	174483_25	string
733	101449_10	string
733	155093_6	string
733	114183_26	synonym
733	151223_9	string
733	155327_8	synonym
733	114183_27	synonym
733	127002_2	synonym
733	109853_8	string
733	106611_10	string
733	110549_9	string
733	148584_0	synonym
733	157301_1	synonym
733	128050_1	string
733	106091_3	string
733	153552_1	string
733	127002_14	synonym
733	128050_15	string
733	163816_5	synonym
733	128050_19	string
733	163816_6	synonym
733	102758_10	string
733	131087_10	synonym
733	131087_11	synonym
733	117293_1	synonym
733	142533_1	abbreviation
733	131974_18	string
733	142533_7	string
733	101480_18	string
733	142533_8	string
733	142533_14	synonym
733	101833_18	string
733	105694_10	synonym
733	169428_1	string
733	169428_2	string
733	126341_28	synonym
733	177389_11	string
733	100160_2	abbreviation
733	112613_6	string
733	186927_12	string
733	186927_14	string
733	141825_1	string
733	178787_17	string
733	186927_18	string
733	146947_2	hyponym
733	117293_24	abbreviation
733	101833_24	string
733	146947_3	string
733	130253_15	synonym
733	130253_17	synonym
733	100160_10	string
733	144023_6	string
733	117293_32	string
733	167883_12	synonym
733	117293_35	string
733	130253_24	string
733	106773_8	string
733	122400_24	string
733	102433_7	string
733	165519_14	string
733	146094_1	synonym
733	150306_1	string
733	150306_2	string
733	119273_8	string
733	170614_7	string
733	146094_3	string
733	142089_12	string
733	193189_11	string
733	142089_15	string
733	146094_8	string
733	129501_9	string
733	150548_11	synonym
733	170614_20	string
733	157296_16	string
733	150306_11	abbreviation
733	150306_12	string
733	142197_5	string
733	117954_17	string
733	180546_10	string
733	119273_16	string
733	129375_2	abbreviation
733	194111_3	abbreviation
733	157809_12	string
733	150306_17	string
733	147056_10	string
733	156001_6	string
733	157809_13	string
733	156001_7	string
733	129375_11	string
733	129375_15	string
733	174752_5	string
733	136086_1	string
733	187941_2	string
733	167768_12	synonym
733	167768_13	synonym
733	124621_10	string
733	123655_15	string
733	124621_13	string
733	167768_15	string
733	160997_23	string
733	141084_1	string
733	109667_10	string
734	137106_9	string
734	177846_10	string
734	137106_13	string
734	139249_5	string
734	140222_5	synonym
734	174243_18	implication
734	149591_7	synonym
734	148370_11	synonym
734	189762_5	string
734	146947_10	synonym
734	181044_10	string
734	192180_8	synonym
734	163565_18	synonym
734	181044_13	synonym
734	178787_20	synonym
734	192180_11	synonym
734	162798_17	synonym
734	162798_18	string
734	154761_10	string
734	193608_6	string
734	195624_15	string
734	171753_10	string
734	113865_14	string
734	160867_6	synonym
734	113865_15	string
734	186515_4	synonym
734	111187_10	synonym
734	110663_6	string
734	106773_2	synonym
734	110663_7	string
734	134121_7	synonym
734	112777_6	string
734	125007_10	synonym
734	109173_1	synonym
734	110663_9	implication
734	112777_7	string
734	125007_12	synonym
734	112777_8	synonym
734	127274_14	synonym
734	185113_23	string
734	137342_7	string
734	160729_3	synonym
734	109173_11	synonym
734	106773_12	string
734	160729_4	synonym
734	138286_15	string
734	172591_0	synonym
734	185113_26	string
734	167088_9	synonym
734	185113_27	implication
734	120938_4	synonym
734	119282_0	synonym
734	148134_3	synonym
734	177082_0	synonym
734	119282_3	synonym
734	101359_2	string
734	159838_5	string
734	134208_11	string
734	177082_4	synonym
734	137477_8	synonym
734	137477_9	synonym
734	141891_4	string
734	120762_8	string
734	173220_11	synonym
734	173220_12	synonym
734	195981_6	string
734	150770_8	synonym
734	128993_9	string
734	133325_10	synonym
734	185823_15	string
734	178961_19	hyponym
734	185823_16	string
734	166575_12	synonym
734	119283_6	synonym
734	192809_12	string
734	190150_3	string
734	113644_11	string
734	154245_8	synonym
734	176077_12	synonym
734	154245_9	string
734	128251_7	string
734	159468_1	synonym
734	151342_0	synonym
734	173124_23	synonym
734	177082_21	synonym
734	151342_1	synonym
734	173124_26	string
734	126427_8	synonym
734	123832_10	string
734	159968_9	implication
734	173124_29	synonym
734	126427_9	synonym
734	164644_8	synonym
734	187917_6	string
734	166203_7	synonym
734	190537_10	synonym
734	176617_10	synonym
734	114307_6	string
734	118392_10	synonym
734	119273_5	synonym
734	118392_13	synonym
734	180693_9	string
734	112613_17	string
734	160184_9	string
734	152012_14	implication
734	153094_8	synonym
734	183308_10	synonym
734	130451_10	string
734	112869_12	string
734	116970_9	synonym
734	115087_6	string
734	116970_13	synonym
734	151011_8	synonym
734	151011_9	synonym
734	169851_7	string
734	120587_9	synonym
734	101449_3	synonym
734	197331_11	abbreviation
734	161418_13	string
734	161418_16	string
734	139585_5	synonym
734	121743_10	synonym
734	161418_17	string
734	114639_13	string
734	178112_5	string
734	171913_13	string
734	114639_15	synonym
734	127126_11	string
734	122578_14	hyponym
734	186314_7	string
734	120337_8	string
734	150008_13	synonym
734	112857_1	synonym
734	186314_11	synonym
734	146406_11	synonym
734	100139_12	string
734	130070_5	string
734	180121_6	string
734	149073_0	synonym
734	176232_6	synonym
734	139998_5	string
734	180121_9	implication
734	189534_15	string
734	136115_7	synonym
734	172461_9	synonym
734	149452_14	string
734	130539_18	implication
734	114250_17	string
734	126574_11	string
734	149452_13	string
734	133424_33	implication
734	191836_11	string
734	178922_14	synonym
734	112857_4	string
734	197331_12	string
734	197331_13	string
734	174752_22	string
734	119993_16	synonym
734	161068_2	string
734	119993_19	synonym
734	180691_5	string
734	143937_9	string
734	126574_15	implication
734	123684_14	string
734	100139_13	string
734	154469_7	synonym
734	192809_15	implication
734	141084_20	string
734	194275_13	implication
734	177351_21	hyponym
734	126623_20	synonym
734	173667_13	string
734	147054_7	string
734	147054_8	string
734	159968_8	string
734	114250_16	string
734	167697_8	synonym
734	195981_5	string
734	128119_8	implication
734	151342_6	string
734	189534_11	string
734	159968_12	synonym
734	128587_6	string
734	120337_9	implication
734	109853_8	string
734	181269_4	string
734	174243_17	string
734	174243_19	implication
734	102889_8	string
734	123743_11	string
734	102889_9	string
734	190150_4	string
734	161430_10	string
734	194360_12	string
734	127411_7	string
734	155093_17	string
734	127274_5	implication
734	155093_18	string
734	139998_4	string
734	152012_10	string
734	127274_15	string
734	185113_24	string
734	111187_9	string
734	183972_12	string
734	189667_6	synonym
734	140161_8	string
734	112613_18	string
734	179998_8	string
734	177846_11	string
734	102679_8	string
734	150319_15	synonym
734	159138_6	string
734	150164_9	string
734	196052_11	string
734	149591_5	synonym
734	112869_11	string
734	112869_13	string
734	149591_9	implication
734	159468_10	synonym
734	121917_11	string
734	194111_10	synonym
734	194111_11	synonym
734	190537_11	synonym
734	178922_12	string
734	121917_14	synonym
734	121925_16	string
734	154245_10	string
734	130784_5	string
734	116970_10	synonym
734	114149_5	string
734	125007_3	synonym
734	124621_17	string
734	196898_4	string
735	137106_9	string
735	144657_7	string
735	177846_10	string
735	137869_29	string
735	187648_9	string
735	144657_9	implication
735	147974_17	synonym
735	147974_18	string
735	140222_5	synonym
735	102636_13	string
735	102636_14	string
735	187916_24	string
735	144657_10	synonym
735	131251_5	string
735	103359_3	synonym
735	197150_22	synonym
735	179225_11	synonym
735	122903_20	string
735	137869_32	synonym
735	151265_14	string
735	148370_11	synonym
735	189762_6	string
735	171327_23	synonym
735	174243_20	synonym
735	136175_15	string
735	193756_16	string
735	128050_20	string
735	181044_10	string
735	141084_17	synonym
735	192180_7	synonym
735	171327_27	string
735	143937_10	string
735	176512_13	synonym
735	192180_10	synonym
735	197419_18	string
735	111187_1	synonym
735	194360_10	synonym
735	110998_11	string
735	110998_12	string
735	111187_2	synonym
735	157640_25	string
735	141582_12	synonym
735	176512_15	string
735	154761_10	string
735	135705_16	string
735	114837_32	string
735	110998_13	string
735	176512_16	string
735	195624_14	string
735	191025_6	string
735	179480_29	synonym
735	171753_10	string
735	113865_14	string
735	160867_6	synonym
735	188625_21	synonym
735	167036_19	string
735	179937_14	synonym
735	134268_7	synonym
735	162798_24	synonym
735	155638_7	string
735	134121_7	synonym
735	148924_8	synonym
735	179480_33	synonym
735	112777_5	string
735	132884_7	string
735	146104_12	string
735	148924_9	synonym
735	112777_6	string
735	124864_6	string
735	132884_8	string
735	125007_12	synonym
735	176266_14	synonym
735	118501_11	synonym
735	137342_6	string
735	102433_16	string
735	138286_14	string
735	107357_7	string
735	129556_27	string
735	199399_22	synonym
735	106773_12	string
735	174146_18	synonym
735	192498_21	string
735	138286_15	string
735	177920_17	string
735	174697_17	synonym
735	199399_23	synonym
735	167088_9	string
735	185113_27	string
735	154583_6	string
735	177920_20	synonym
735	199399_24	synonym
735	117186_7	string
735	154583_7	string
735	177920_21	synonym
735	199399_25	implication
735	131694_8	string
735	141520_14	string
735	121045_10	string
735	159838_4	string
735	131694_9	string
735	141520_16	string
735	134208_11	string
735	141891_3	string
735	164712_19	synonym
735	141891_4	string
735	155573_11	string
735	165297_16	string
735	116117_14	string
735	173220_11	synonym
735	194084_6	synonym
735	126812_12	string
735	133990_13	string
735	100085_9	string
735	155573_14	hyponym
735	176801_19	synonym
735	102679_7	string
735	185823_14	synonym
735	170628_12	synonym
735	158950_3	string
735	128993_9	string
735	165297_20	synonym
735	100085_12	implication
735	185823_15	string
735	178961_19	string
735	178961_20	string
735	185823_16	string
735	105400_12	synonym
735	105400_13	synonym
735	134027_14	string
735	116778_13	string
735	159138_7	string
735	191144_9	string
735	166575_12	string
735	192809_11	string
735	116664_15	string
735	176077_11	synonym
735	154245_7	synonym
735	113644_11	string
735	154245_8	string
735	176077_12	synonym
735	199637_7	string
735	191144_13	synonym
735	128251_6	string
735	146958_15	synonym
735	189408_8	string
735	186216_7	string
735	186436_24	synonym
735	107290_11	string
735	184541_21	string
735	170309_14	string
735	191788_14	synonym
735	124749_28	string
735	159968_9	string
735	189408_13	synonym
735	187917_5	string
735	191228_2	synonym
735	151342_5	implication
735	170309_15	string
735	118257_11	synonym
735	169428_4	synonym
735	169428_5	synonym
735	197871_21	synonym
735	118257_12	string
735	125101_13	string
735	199482_30	synonym
735	108558_5	synonym
735	108176_19	string
735	108558_6	string
735	159468_12	string
735	142847_8	synonym
735	190537_10	synonym
735	146195_10	string
735	176617_10	synonym
735	133219_5	string
735	184450_8	implication
735	142847_10	string
735	127525_7	string
735	172605_14	synonym
735	164815_6	string
735	127525_10	synonym
735	122893_15	hyponym
735	181788_15	string
735	184450_14	synonym
735	118392_13	synonym
735	180693_9	string
735	132786_10	string
735	104777_25	string
735	184450_16	string
735	123743_12	synonym
735	158711_13	synonym
735	166295_1	implication
735	136823_3	string
735	158711_14	synonym
735	158711_15	string
735	155533_10	string
735	197459_10	string
735	104434_14	string
735	193169_11	string
735	193169_12	string
735	153094_8	synonym
735	184598_1	synonym
735	144925_9	string
735	186927_15	string
735	122920_15	string
735	128247_14	string
735	155984_16	string
735	198098_11	synonym
735	107052_14	string
735	130451_11	string
735	167675_15	string
735	119273_21	synonym
735	193169_18	synonym
735	161068_3	string
735	180546_14	string
735	100028_16	string
735	100028_17	implication
735	115087_6	string
735	184788_14	string
735	141538_7	string
735	180546_18	string
735	146582_18	string
735	144722_13	string
735	146582_20	string
735	151011_8	synonym
735	180621_30	string
735	113598_11	synonym
735	134578_14	synonym
735	123916_10	synonym
735	109361_12	string
735	167413_24	string
735	123916_11	string
735	100492_11	string
735	180691_4	synonym
735	169851_7	string
735	177613_17	string
735	177613_18	string
735	174483_23	string
735	112474_12	string
735	120587_9	synonym
735	184846_21	string
735	184833_8	synonym
735	122992_16	string
735	180800_25	synonym
735	132914_15	synonym
735	179838_14	synonym
735	140259_5	string
735	107340_24	string
735	184833_9	synonym
735	183308_26	synonym
735	179838_15	string
735	180800_26	synonym
735	119634_13	synonym
735	122992_19	string
735	100559_12	string
735	184833_11	string
735	139585_5	synonym
735	122992_20	string
735	185233_20	string
735	121743_10	synonym
735	171305_29	synonym
735	106334_16	synonym
735	162642_9	string
735	131156_9	string
735	142089_16	string
735	178112_4	string
735	104582_1	implication
735	101833_15	synonym
735	102015_9	synonym
735	114639_13	string
735	101833_16	string
735	161430_9	string
735	171913_13	string
735	127126_11	string
735	122578_14	string
735	186314_7	string
735	120337_8	string
735	120889_14	string
735	160100_17	string
735	162147_13	synonym
735	134831_8	string
735	178391_4	synonym
735	160100_18	string
735	123684_11	synonym
735	192589_6	string
735	178391_5	string
735	112857_2	string
735	123684_12	synonym
735	136424_17	string
735	162147_16	string
735	100754_20	synonym
735	160100_23	synonym
735	160100_24	synonym
735	156962_4	string
735	100139_12	string
735	180121_5	string
735	184718_3	string
735	130070_5	string
735	191842_3	string
735	156962_7	string
735	133691_16	synonym
735	140477_13	synonym
735	176232_6	synonym
735	141996_17	string
735	151220_11	string
735	106611_18	synonym
735	106611_19	synonym
735	124557_7	string
735	141996_18	string
735	159904_10	string
735	115024_13	string
735	147969_21	synonym
735	124557_9	synonym
735	124557_10	implication
735	140477_21	string
735	165603_35	synonym
735	130510_8	string
735	149452_12	string
735	130510_9	string
735	151223_20	synonym
735	140477_24	synonym
735	130510_12	string
735	130539_18	string
735	166034_24	synonym
735	153808_12	string
735	114250_15	string
735	166034_26	string
735	108346_10	implication
735	155684_20	string
735	155684_23	hyponym
735	155569_8	string
735	155569_11	string
735	170407_11	string
735	147974_13	synonym
735	136086_9	string
735	119239_15	synonym
735	112248_12	string
735	119239_16	string
735	176266_20	string
735	112248_13	synonym
735	155984_15	string
735	113215_6	synonym
735	171305_26	string
735	118501_13	string
735	191788_11	string
735	131156_14	synonym
735	113598_13	string
735	141538_6	string
735	171305_27	implication
735	197331_12	string
735	119239_19	implication
735	107340_18	string
735	115471_16	synonym
735	115471_18	synonym
735	174752_22	string
735	167483_25	string
735	115087_5	string
735	169111_31	synonym
735	196148_29	string
735	174786_18	synonym
735	112520_13	string
735	102931_24	string
735	171027_16	string
735	174786_20	string
735	180691_5	string
735	196148_34	synonym
735	103881_12	string
735	105400_15	string
735	180691_7	synonym
735	107340_29	implication
735	184598_6	string
735	105400_16	implication
735	116664_18	string
735	151614_19	synonym
735	197122_23	string
735	184598_8	string
735	103881_14	string
735	136356_12	string
735	141084_19	string
735	119634_6	string
735	197871_23	string
735	172900_7	string
735	136356_14	synonym
735	172900_8	synonym
735	119634_7	string
735	119634_10	string
735	167831_20	string
735	176996_20	string
735	122578_13	string
735	136823_6	string
735	156962_6	implication
735	193756_14	string
735	114528_14	string
735	140236_11	string
735	161086_16	string
735	191025_5	string
735	119634_12	string
735	176996_21	string
735	120257_22	string
735	177351_21	string
735	173667_13	string
735	106334_17	string
735	120257_24	string
735	146195_11	string
735	173667_15	string
735	147054_7	string
735	133990_10	string
735	128119_7	string
735	195981_5	string
735	151377_12	string
735	109935_10	synonym
735	167697_9	string
735	128119_8	string
735	151342_6	string
735	109935_11	synonym
735	128587_6	string
735	157640_24	string
735	164712_20	string
735	166203_8	synonym
735	181730_8	string
735	109935_12	string
735	116778_14	string
735	159968_14	hyponym
735	189534_16	synonym
735	128587_7	string
735	181269_2	string
735	109853_7	string
735	192498_23	string
735	181730_9	string
735	116778_17	string
735	181269_3	string
735	115024_14	string
735	104582_20	string
735	133608_17	string
735	155327_10	synonym
735	155327_11	string
735	126147_9	string
735	126147_10	implication
735	137106_10	string
735	136175_14	string
735	167697_14	implication
735	171753_11	string
735	137106_11	string
735	130539_16	string
735	167697_15	synonym
735	107354_27	string
735	163565_20	string
735	187916_23	synonym
735	112815_13	string
735	174243_16	string
735	149498_22	string
735	168943_13	string
735	127002_18	string
735	128050_16	string
735	153552_6	string
735	108346_6	string
735	115692_17	string
735	142372_20	string
735	188206_15	string
735	142178_8	string
735	188625_17	string
735	118677_18	string
735	118677_19	string
735	153552_9	string
735	161430_10	string
735	151265_12	string
735	194360_12	string
735	134027_15	synonym
735	162798_19	string
735	188206_18	string
735	187753_7	string
735	188400_5	synonym
735	188625_20	implication
735	152273_14	string
735	109514_17	string
735	127411_7	string
735	101480_18	string
735	116117_12	synonym
735	159434_12	string
735	183972_4	synonym
735	149073_42	string
735	174146_20	string
735	101480_21	string
735	155093_18	string
735	139998_4	string
735	139585_6	synonym
735	183972_9	string
735	116117_17	string
735	193575_12	synonym
735	101833_19	string
735	179937_9	string
735	121731_9	string
735	116117_18	string
735	199637_9	string
735	168022_6	synonym
735	185113_24	string
735	141036_10	string
735	127081_15	implication
735	101833_21	string
735	111187_8	string
735	178787_17	string
735	152649_20	string
735	140161_6	string
735	187378_24	string
735	159894_22	string
735	113644_13	string
735	169273_11	string
735	119502_24	string
735	160184_8	string
735	154244_15	string
735	124557_13	implication
735	192975_10	string
735	144518_8	string
735	194084_7	string
735	144722_16	string
735	144518_9	string
735	199085_15	string
735	108176_17	string
735	122400_24	string
735	147969_22	string
735	102433_17	string
735	199085_20	string
735	179998_8	string
735	120762_9	string
735	124764_5	string
735	198266_20	string
735	122828_4	string
735	150319_15	synonym
735	184541_20	synonym
735	101099_11	string
735	165297_19	synonym
735	133855_18	string
735	142089_12	string
735	101099_14	implication
735	146094_6	string
735	166575_11	string
735	174571_7	string
735	150164_9	string
735	172884_11	string
735	122400_30	string
735	196052_11	string
735	127525_11	string
735	129501_9	string
735	112248_2	synonym
735	198098_10	string
735	198098_12	synonym
735	147575_11	string
735	171971_15	synonym
735	104707_22	string
735	180693_10	string
735	133339_21	string
735	174697_15	string
735	122626_11	string
735	171971_16	string
735	157296_18	synonym
735	150548_14	string
735	122626_14	string
735	157296_19	synonym
735	181788_16	string
735	159468_10	synonym
735	156001_6	string
735	150996_8	string
735	121917_11	string
735	181788_18	string
735	125632_28	string
735	157809_16	string
735	199008_25	string
735	121917_12	string
735	109928_19	string
735	125632_31	string
735	178922_11	string
735	121925_16	string
735	199008_29	string
735	121917_16	synonym
735	126013_14	synonym
735	130784_5	string
735	108451_13	string
735	164815_7	string
735	113469_10	synonym
735	124621_16	string
735	108451_17	hyponym
735	167768_17	string
735	124621_18	string
736	137106_9	string
736	174243_18	implication
736	171753_7	string
736	179480_27	implication
736	179480_28	string
736	151854_1	implication
736	125755_9	string
736	125755_10	string
736	171393_23	string
736	103677_1	string
736	103677_2	implication
736	126341_23	string
736	119239_17	string
736	162525_7	implication
736	122883_7	abbreviation
736	125325_10	abbreviation
736	142645_1	implication
736	162515_3	string
736	168331_32	string
736	162515_12	string
736	167488_1	string
736	141538_3	string
736	180546_13	string
736	113598_2	abbreviation
736	180546_16	string
736	107354_22	string
736	193091_6	abbreviation
736	103679_1	implication
736	100754_2	string
736	100754_4	string
736	100754_5	string
736	191196_0	string
736	196898_3	string
736	114939_6	string
736	114939_7	string
736	174261_14	string
736	145013_4	synonym
736	100754_17	string
736	137869_3	abbreviation
736	107683_2	string
736	115521_1	abbreviation
736	151223_18	string
736	196459_2	string
736	149498_4	string
736	151223_19	string
736	143223_11	string
736	143223_12	abbreviation
736	113598_1	string
736	119239_18	string
736	114183_8	string
736	166034_3	string
736	155533_11	string
736	108084_3	string
736	108084_4	string
736	198152_17	string
736	148912_6	string
736	187916_12	implication
736	167697_8	synonym
736	183002_1	string
736	125755_11	string
736	155093_10	string
736	197423_5	string
736	137106_11	string
736	137869_4	string
736	103049_15	string
736	174243_19	implication
736	193575_3	string
736	128140_12	string
736	164967_8	string
736	148215_3	string
736	149256_19	string
736	180693_2	string
736	149591_3	string
736	112869_10	string
736	171357_5	synonym
736	157548_24	string
736	117954_14	string
736	157548_25	string
736	112869_11	string
736	179480_31	string
736	149591_9	implication
736	171393_36	string
736	119239_10	string
737	194855_11	string
737	199407_12	string
737	199407_13	synonym
737	168955_7	synonym
737	163301_10	synonym
737	116651_13	string
737	106658_9	string
738	124557_12	implication
738	118475_5	string
738	177920_1	string
738	134121_3	synonym
738	177920_12	string
738	118210_6	string
738	144195_9	string
738	159675_50	synonym
738	166902_23	implication
738	114307_4	synonym
738	104434_12	string
738	106887_7	synonym
738	124557_2	synonym
738	124557_3	synonym
738	125007_7	synonym
738	176801_11	synonym
738	176801_12	synonym
738	108084_6	string
738	108084_7	string
738	130539_12	string
738	108084_25	string
738	108084_26	string
738	134857_2	string
738	164280_6	implication
738	141036_6	string
738	190502_9	string
738	134857_34	string
738	136115_6	synonym
738	159675_0	string
738	157809_11	synonym
738	114444_9	synonym
739	107683_16	string
739	179472_11	synonym
739	193756_12	hyponym
739	188206_3	synonym
739	188206_8	synonym
739	120938_1	synonym
739	173220_2	synonym
739	130253_20	synonym
739	130253_21	synonym
739	157685_1	synonym
739	103677_1	synonym
739	166575_8	synonym
739	116778_13	string
739	157685_10	synonym
739	157685_13	synonym
739	157685_18	synonym
739	104585_0	synonym
739	104585_1	synonym
739	104585_2	synonym
739	104585_5	synonym
739	157685_23	synonym
739	157685_24	synonym
739	104585_8	synonym
739	104585_10	synonym
739	122893_13	synonym
739	109667_3	synonym
739	190805_8	string
739	124465_0	synonym
739	157952_1	synonym
739	157952_4	string
739	157952_6	synonym
739	172900_0	synonym
739	123684_11	synonym
739	123684_12	synonym
739	157329_4	synonym
739	157329_12	synonym
739	157329_13	synonym
739	196459_2	string
739	196459_12	string
739	179472_1	synonym
739	179472_2	synonym
739	157952_5	synonym
739	128795_19	string
739	157329_20	string
739	193756_18	string
739	157685_19	synonym
739	107683_17	synonym
739	190179_2	string
739	134857_42	string
739	157952_2	string
739	157952_3	synonym
739	156619_17	hyponym
739	109667_13	string
740	107683_16	string
740	149591_6	implication
740	102758_7	string
740	125316_20	string
740	125316_21	implication
740	199929_12	synonym
740	199929_25	string
740	196558_2	implication
740	117954_12	synonym
740	117954_15	implication
740	117954_20	synonym
740	107354_20	string
740	107354_21	implication
740	107354_29	string
740	146406_4	string
740	146406_12	string
740	107683_15	string
740	107416_5	string
740	139341_15	string
740	107416_13	string
740	107416_14	implication
740	139341_23	string
740	125316_19	string
740	102758_8	string
740	102758_9	implication
740	199929_21	string
740	112834_13	synonym
740	149591_4	string
740	149591_5	string
740	117954_14	string
740	117954_16	string
741	107683_16	synonym
741	165056_17	string
741	140222_3	synonym
741	197150_22	string
741	114837_14	synonym
741	197150_23	implication
741	146947_9	string
741	151614_10	string
741	197150_25	synonym
741	129375_0	synonym
741	197419_15	string
741	120701_3	implication
741	120701_5	abbreviation
741	120701_6	implication
741	120701_9	hyponym
741	197419_18	string
741	182351_10	string
741	120701_11	string
741	120701_13	synonym
741	148450_19	synonym
741	167831_21	string
741	129375_8	synonym
741	199929_1	synonym
741	110663_0	synonym
741	110663_1	synonym
741	111318_7	synonym
741	111318_8	synonym
741	119405_10	string
741	134268_7	synonym
741	106091_19	synonym
741	129375_14	synonym
741	110663_5	abbreviation
741	106091_21	synonym
741	193575_7	synonym
741	102433_11	synonym
741	110549_2	synonym
741	102433_12	synonym
741	110549_3	synonym
741	102433_13	synonym
741	106773_5	synonym
741	106773_6	synonym
741	176266_14	synonym
741	110549_6	hyponym
741	102433_16	string
741	199399_20	synonym
741	106773_10	synonym
741	119502_21	string
741	194596_0	synonym
741	143877_5	synonym
741	150402_16	string
741	163870_6	string
741	143877_9	synonym
741	104831_3	synonym
741	114425_3	string
741	141520_13	string
741	141520_14	implication
741	101359_3	string
741	125755_8	synonym
741	164712_19	synonym
741	125755_9	synonym
741	125755_10	synonym
741	164712_21	string
741	114425_9	synonym
741	171393_24	synonym
741	165395_6	synonym
741	116664_14	synonym
741	165395_7	synonym
741	116664_15	string
741	191144_11	string
741	116664_16	string
741	166575_14	synonym
741	117954_2	synonym
741	129279_5	synonym
741	107290_9	synonym
741	112248_10	string
741	110806_1	synonym
741	188400_17	synonym
741	185487_13	string
741	140660_1	synonym
741	140660_2	synonym
741	123832_9	synonym
741	123832_10	synonym
741	171393_37	synonym
741	123535_1	synonym
741	123535_2	synonym
741	194111_1	synonym
741	125632_4	synonym
741	194111_2	synonym
741	103049_4	synonym
741	157296_7	synonym
741	140660_11	hyponym
741	188400_24	synonym
741	102295_0	synonym
741	132786_2	hyponym
741	133219_4	string
741	114307_4	synonym
741	140660_12	synonym
741	142645_1	implication
741	102295_1	synonym
741	114307_6	string
741	171027_13	string
741	123535_12	synonym
741	123535_15	string
741	107052_2	string
741	123535_17	string
741	172884_7	string
741	172195_1	synonym
741	198098_4	hyponym
741	176996_17	synonym
741	157296_20	hyponym
741	185811_8	synonym
741	176996_22	string
741	107052_12	string
741	167675_13	hyponym
741	178126_4	synonym
741	167413_13	synonym
741	159894_19	string
741	186141_6	synonym
741	167413_14	synonym
741	186141_7	synonym
741	178322_16	synonym
741	172195_13	synonym
741	125632_30	string
741	144722_13	string
741	144722_14	string
741	159687_6	synonym
741	198152_27	string
741	185233_4	synonym
741	181929_1	synonym
741	107354_24	synonym
741	119634_5	synonym
741	190272_10	synonym
741	193091_4	synonym
741	147165_3	string
741	112834_14	synonym
741	193091_6	abbreviation
741	122992_13	synonym
741	190272_12	string
741	102015_1	synonym
741	184846_22	string
741	132914_14	string
741	179838_14	string
741	139585_1	string
741	193091_12	string
741	171305_24	implication
741	122992_17	string
741	122992_19	string
741	185233_17	string
741	185233_19	string
741	185233_21	string
741	181394_31	synonym
741	175366_6	hyponym
741	171123_8	abbreviation
741	199642_18	string
741	199642_20	string
741	125362_1	synonym
741	125362_2	synonym
741	146406_9	synonym
741	146406_11	string
741	140432_1	synonym
741	114837_0	synonym
741	144298_13	synonym
741	140477_17	string
741	153808_2	implication
741	144298_17	synonym
741	130510_8	synonym
741	130510_10	string
741	153808_10	string
741	114250_14	synonym
741	153808_12	string
741	114250_15	synonym
741	155569_8	string
741	105787_8	synonym
741	112248_9	synonym
741	185233_5	implication
741	185487_14	implication
741	190179_7	implication
741	171305_23	string
741	112857_3	string
741	190179_8	hyponym
741	171305_26	string
741	112857_4	string
741	123535_14	implication
741	190179_13	hyponym
741	162213_2	synonym
741	155569_9	string
741	151614_11	string
741	171027_14	string
741	184846_23	implication
741	102931_23	synonym
741	179838_17	string
741	102931_24	string
741	197419_8	string
741	125362_10	synonym
741	155533_12	synonym
741	184598_7	string
741	167831_13	synonym
741	184598_8	string
741	167831_14	synonym
741	119634_6	string
741	198152_17	synonym
741	198152_18	synonym
741	182680_18	string
741	162213_15	synonym
741	198152_19	synonym
741	162213_16	synonym
741	182680_20	string
741	119124_2	synonym
741	197150_21	string
741	162213_18	synonym
741	140477_15	string
741	162213_19	string
741	178126_5	synonym
741	140477_16	string
741	153406_9	synonym
741	144754_11	synonym
741	148912_9	synonym
741	198152_28	string
741	148912_10	string
741	142372_4	abbreviation
741	131251_4	implication
741	198152_29	string
741	164712_17	synonym
741	116778_12	string
741	143877_3	synonym
741	116778_14	string
741	178322_3	synonym
741	198152_32	string
741	178126_26	synonym
741	154332_0	synonym
741	154332_1	synonym
741	128590_2	synonym
741	110549_12	synonym
741	140222_2	synonym
741	190805_9	string
741	157301_1	synonym
741	107354_27	string
741	107683_14	synonym
741	177389_1	synonym
741	193575_1	synonym
741	178322_19	synonym
741	157301_4	synonym
741	150588_20	synonym
741	142372_21	string
741	101480_16	synonym
741	119502_16	synonym
741	101480_18	string
741	101480_20	string
741	193575_8	synonym
741	141520_18	implication
741	193575_9	synonym
741	119502_17	synonym
741	101480_21	string
741	155093_18	string
741	129556_29	string
741	139585_6	string
741	128140_12	string
741	182351_12	string
741	112834_8	synonym
741	119502_22	string
741	178787_17	string
741	159687_2	implication
741	119502_23	string
741	162348_17	synonym
741	138678_3	hyponym
741	144722_17	string
741	131694_6	string
741	186141_5	implication
741	102679_8	string
741	193091_11	string
741	171357_2	synonym
741	114425_0	implication
741	122828_5	synonym
741	167413_18	synonym
741	172884_11	string
741	127525_9	string
741	118210_8	string
741	112869_11	string
741	112869_13	string
741	118210_10	string
741	190179_2	string
741	157548_26	synonym
741	150548_13	string
741	190179_3	string
741	138678_19	synonym
741	184489_8	implication
741	185487_11	synonym
741	185487_12	synonym
741	102931_0	synonym
741	123832_3	hyponym
741	138678_26	synonym
741	102931_1	synonym
741	138678_27	synonym
741	114210_9	synonym
741	167768_15	synonym
741	128163_16	string
741	181394_30	synonym
742	173316_7	synonym
742	173316_11	synonym
742	192791_5	synonym
743	196268_5	string
743	167804_10	string
743	167804_11	string
743	167804_14	string
743	133154_7	string
743	145013_3	abbreviation
743	145013_4	hyponym
743	145013_5	synonym
743	133154_0	implication
743	133154_2	implication
743	133154_3	string
743	133154_4	string
743	133154_8	string
743	133154_9	string
744	196268_5	synonym
744	196268_7	synonym
744	154202_7	synonym
744	173667_10	string
744	106091_2	string
744	137869_32	string
744	159001_3	hyponym
744	113492_2	synonym
744	176512_13	string
744	106091_15	synonym
744	106091_16	string
744	134719_13	string
744	106091_19	string
744	106091_21	string
744	199407_3	string
744	148134_2	synonym
744	166575_0	synonym
744	137477_5	string
744	137477_7	string
744	116664_2	synonym
744	137477_9	string
744	166575_8	synonym
744	116664_14	string
744	116664_15	string
744	113644_9	synonym
744	199637_7	string
744	100454_10	synonym
744	186436_24	string
744	199637_11	synonym
744	142847_2	implication
744	142847_7	synonym
744	142847_8	synonym
744	142847_9	string
744	169374_1	synonym
744	159894_13	synonym
744	169374_3	hyponym
744	169374_4	string
744	159894_14	synonym
744	195563_3	string
744	128247_10	implication
744	195563_9	hyponym
744	195563_10	string
744	169374_10	hyponym
744	128247_12	string
744	169374_11	synonym
744	128247_14	string
744	195563_13	hyponym
744	128247_16	implication
744	128247_17	implication
744	159894_19	string
744	119634_3	synonym
744	119634_4	synonym
744	106334_2	string
744	106334_3	string
744	106334_4	synonym
744	143701_2	synonym
744	143701_3	synonym
744	106334_14	string
744	106334_16	string
744	177225_5	synonym
744	177225_6	synonym
744	177225_7	synonym
744	117293_19	synonym
744	196268_4	synonym
744	107683_2	synonym
744	130510_9	string
744	130510_10	implication
744	173667_2	string
744	137477_2	string
744	137477_3	string
744	170407_8	synonym
744	168411_15	string
744	106334_1	string
744	173667_13	string
744	173667_14	string
744	173667_15	synonym
744	106334_19	string
744	173667_16	hyponym
744	116778_15	string
744	137869_0	string
744	154332_5	string
744	137869_4	string
744	159894_1	string
744	100037_15	synonym
744	179937_10	string
744	157301_12	string
744	117293_18	synonym
744	137869_17	string
744	117293_29	hyponym
744	123993_1	string
744	137869_18	string
744	137869_19	string
744	177225_2	synonym
744	137869_27	string
744	122626_11	string
744	122626_13	string
744	169374_5	string
745	154202_6	synonym
745	114837_17	synonym
745	159001_1	synonym
745	114837_18	synonym
745	159001_3	synonym
745	157744_6	synonym
745	183002_2	synonym
745	114837_30	synonym
745	179480_27	synonym
745	106091_15	synonym
745	106091_16	string
745	106091_18	string
745	114837_36	synonym
745	151408_7	synonym
745	179480_32	synonym
745	122626_9	string
745	122626_12	string
745	194596_10	synonym
745	137477_6	synonym
745	137477_9	synonym
745	199637_1	synonym
745	116664_14	synonym
745	116664_15	synonym
745	154245_7	synonym
745	199637_7	string
745	154245_9	string
745	199637_10	string
745	117954_10	synonym
745	117954_11	synonym
745	108176_19	string
745	108176_20	string
745	142847_8	synonym
745	142847_9	string
745	117954_18	implication
745	177125_17	string
745	117954_19	implication
745	132786_5	synonym
745	177125_21	synonym
745	129611_15	synonym
745	159894_14	synonym
745	159894_15	synonym
745	125632_22	synonym
745	159894_16	synonym
745	155984_16	string
745	172195_11	synonym
745	172195_17	string
745	172195_19	synonym
745	181929_9	synonym
745	181929_10	string
745	181929_11	string
745	181730_6	synonym
745	181730_10	implication
745	106887_8	synonym
745	183972_8	synonym
745	155984_13	synonym
745	181394_35	string
745	155984_15	string
745	137477_2	synonym
745	137477_3	synonym
745	104268_19	implication
745	104268_20	synonym
745	116664_18	string
745	104268_24	string
745	104268_26	synonym
745	110481_5	string
745	110481_7	string
745	106887_11	string
745	154423_4	synonym
745	172195_16	string
745	119246_20	string
745	119246_21	string
745	119246_24	string
745	154332_4	string
745	154332_5	string
745	177125_12	implication
745	177125_13	synonym
745	179480_7	string
745	132786_9	string
745	183972_10	string
745	157744_5	synonym
745	125632_6	synonym
745	108176_17	string
745	108176_18	string
745	114837_33	string
745	186141_9	string
745	122400_27	string
745	122400_30	string
745	150306_10	synonym
745	171357_6	synonym
745	117954_17	string
745	125632_21	synonym
745	150306_13	synonym
745	150306_15	synonym
745	150306_16	string
745	150306_18	implication
745	125632_28	string
745	171357_15	synonym
745	125632_29	implication
745	181394_18	implication
745	176512_14	string
745	129611_19	synonym
745	129611_25	string
746	101737_9	string
746	130796_2	implication
746	141084_8	synonym
746	114845_11	string
746	188241_14	string
746	130796_6	string
746	187648_8	string
746	165510_11	hyponym
746	165510_12	string
746	143881_13	string
746	149591_2	string
746	133608_12	hyponym
746	141084_11	string
746	143881_15	string
746	140222_5	string
746	102636_14	string
746	151265_10	string
746	128050_14	string
746	152273_13	hyponym
746	151265_11	synonym
746	151265_13	string
746	151265_14	string
746	128050_20	string
746	149591_11	implication
746	141084_17	string
746	128050_21	string
746	137438_13	string
746	137438_14	string
746	137438_15	string
746	174691_1	synonym
746	162798_14	string
746	168605_2	string
746	194360_8	string
746	137438_19	string
746	140222_18	string
746	128050_24	string
746	162798_16	string
746	194360_10	string
746	119405_2	implication
746	162798_17	string
746	179117_13	string
746	159253_5	string
746	168605_8	hyponym
746	140222_21	string
746	119405_7	implication
746	119405_9	string
746	194360_15	string
746	168605_14	string
746	162348_6	string
746	119405_12	string
746	107416_15	hyponym
746	119405_13	string
746	169273_4	implication
746	119124_19	string
746	124788_11	string
746	124788_12	string
746	132884_7	string
746	132884_8	string
746	121731_8	string
746	193575_13	string
746	150402_8	hyponym
746	162348_19	string
746	189667_5	string
746	176997_16	string
746	185494_15	string
746	176997_18	string
746	193575_16	string
746	157743_8	string
746	119502_21	string
746	107357_7	string
746	163870_4	string
746	154583_6	synonym
746	163870_6	string
746	116955_13	string
746	179104_13	implication
746	154583_8	string
746	141520_12	string
746	115471_11	string
746	141520_13	string
746	141520_14	string
746	102931_22	string
746	115471_15	string
746	102931_26	string
746	115471_17	string
746	141891_3	string
746	179104_21	string
746	134208_12	string
746	127081_13	synonym
746	122629_6	string
746	141891_4	string
746	147345_13	string
746	142178_10	string
746	122629_9	string
746	159675_36	implication
746	122629_11	string
746	185823_13	abbreviation
746	176039_8	string
746	176039_9	string
746	167196_10	hyponym
746	178961_19	string
746	167196_12	string
746	167196_13	string
746	199637_0	string
746	167196_14	string
746	199637_1	string
746	185823_19	string
746	109170_13	string
746	104841_16	string
746	199637_6	string
746	113644_11	string
746	191788_10	string
746	186216_7	string
746	163816_11	string
746	186216_8	string
746	159675_47	string
746	150857_6	string
746	168116_3	string
746	136373_14	abbreviation
746	196558_3	implication
746	113469_1	string
746	136373_24	abbreviation
746	196558_12	string
746	146195_10	string
746	196558_14	string
746	196558_17	string
746	136373_26	string
746	123535_15	string
746	154423_12	hyponym
746	158711_11	abbreviation
746	136373_29	string
746	123535_17	string
746	161086_21	string
746	158711_12	string
746	184450_15	string
746	186363_18	string
746	147575_9	abbreviation
746	147575_10	hyponym
746	112869_3	implication
746	158711_14	string
746	196880_11	string
746	158711_15	string
746	147575_13	string
746	149436_13	string
746	185811_8	string
746	186927_11	hyponym
746	185811_9	string
746	125632_22	string
746	196880_16	string
746	186927_13	string
746	122920_12	string
746	138009_3	string
746	196880_17	string
746	186927_16	string
746	122920_14	string
746	122920_15	string
746	130451_10	string
746	158711_20	string
746	167675_14	string
746	199447_10	string
746	112869_12	string
746	138009_8	string
746	154469_2	string
746	167675_17	string
746	178322_16	synonym
746	125632_30	string
746	175030_16	string
746	172195_15	string
746	106794_16	string
746	106794_17	hyponym
746	103880_11	string
746	103880_12	string
746	106794_21	string
746	175030_24	string
746	180691_4	string
746	169851_6	string
746	169851_7	string
746	102015_0	string
746	175030_28	synonym
746	190272_12	string
746	102015_1	string
746	187941_7	string
746	187941_8	string
746	174744_14	string
746	190272_13	string
746	184833_8	string
746	139585_1	string
746	184833_9	string
746	100559_11	string
746	164967_6	string
746	161610_18	string
746	162147_3	abbreviation
746	161610_19	string
746	164967_11	string
746	164967_12	string
746	103229_10	string
746	162147_10	abbreviation
746	187790_5	synonym
746	188772_7	abbreviation
746	155327_12	string
746	117293_15	string
746	171913_14	string
746	188772_10	string
746	160100_17	string
746	162147_13	string
746	199568_12	string
746	136049_7	string
746	199568_15	string
746	188772_14	string
746	108451_11	string
746	143881_3	implication
746	100139_12	string
746	100754_23	string
746	177389_12	string
746	141996_17	string
746	189534_10	string
746	194471_8	string
746	194471_9	string
746	115024_13	string
746	189534_14	string
746	177389_17	string
746	101737_3	implication
746	165603_34	hyponym
746	130796_0	implication
746	165603_35	string
746	117293_28	string
746	129255_8	string
746	149452_14	string
746	155684_15	string
746	115692_14	abbreviation
746	114250_14	string
746	117293_33	string
746	155684_18	string
746	145076_15	string
746	155684_19	string
746	145076_16	string
746	145076_17	string
746	179996_13	string
746	117293_37	string
746	115692_19	string
746	145076_22	string
746	145076_25	string
746	117293_40	string
746	191244_13	implication
746	126574_10	string
746	126574_11	string
746	102636_2	string
746	184450_22	string
746	136049_8	string
746	114183_1	string
746	157839_6	string
746	106794_15	string
746	149452_15	string
746	177622_19	string
746	162749_15	string
746	162749_16	string
746	191788_12	string
746	119239_18	string
746	115471_12	string
746	115471_13	string
746	123535_14	implication
746	123535_16	string
746	187941_13	string
746	128795_13	string
746	115471_18	string
746	174752_21	string
746	188241_10	hyponym
746	188241_11	string
746	130230_14	string
746	198331_1	string
746	128795_16	string
746	106794_27	string
746	185494_10	synonym
746	106794_28	string
746	102931_24	string
746	128795_18	string
746	188241_15	string
746	185494_12	string
746	136356_8	string
746	143881_9	string
746	143881_10	string
746	158827_8	hyponym
746	185494_16	string
746	143937_12	string
746	175030_17	string
746	158827_12	string
746	175030_22	synonym
746	141084_18	string
746	186363_12	string
746	158827_13	string
746	186363_13	string
746	186363_15	string
746	162147_18	string
746	182680_17	string
746	174744_3	string
746	107357_6	string
746	182680_18	string
746	107357_8	string
746	109170_9	string
746	141996_19	string
746	161086_12	string
746	161086_14	string
746	182680_20	string
746	161086_15	string
746	161086_16	string
746	130796_8	string
746	129255_2	string
746	162213_20	string
746	109170_12	string
746	109170_14	string
746	146195_12	string
746	114183_24	string
746	134823_14	string
746	128119_6	string
746	114250_16	string
746	147345_9	string
746	147345_10	string
746	147345_11	string
746	176997_13	string
746	172195_16	string
746	133608_14	abbreviation
746	103229_12	string
746	119405_3	implication
746	119405_8	implication
746	155327_9	hyponym
746	176997_20	string
746	119124_15	string
746	119124_17	string
746	155327_11	synonym
746	115024_15	string
746	119124_18	string
746	114183_30	string
746	188772_4	implication
746	142335_9	string
746	142335_10	string
746	130539_16	string
746	188772_9	string
746	188772_11	string
746	178322_14	string
746	178322_15	string
746	177550_11	string
746	115692_13	abbreviation
746	168943_13	string
746	130539_19	string
746	103880_14	string
746	151192_12	string
746	152273_4	synonym
746	102889_7	string
746	128050_15	string
746	178322_18	string
746	177550_13	string
746	128050_16	string
746	168943_14	string
746	177550_15	string
746	188625_15	string
746	118677_16	string
746	118677_17	string
746	194360_7	string
746	149436_2	string
746	115692_17	string
746	188625_16	string
746	188625_17	string
746	150588_22	string
746	152273_8	synonym
746	152273_9	hyponym
746	163816_7	hyponym
746	122920_13	string
746	151265_12	string
746	163816_8	abbreviation
746	152273_10	synonym
746	152273_11	synonym
746	109514_16	string
746	142178_9	string
746	162798_19	string
746	122920_18	string
746	152273_14	string
746	163816_10	string
746	185823_11	string
746	163816_12	string
746	100754_15	string
746	186927_2	implication
746	185823_12	string
746	101737_0	implication
746	152012_9	string
746	144766_22	string
746	149436_10	string
746	149436_11	string
746	162798_25	string
746	101737_10	string
746	177389_10	abbreviation
746	121731_6	string
746	100754_21	string
746	101737_11	implication
746	196558_13	string
746	152012_11	string
746	193575_14	string
746	162348_12	string
746	152012_12	string
746	177389_14	string
746	186927_18	string
746	189667_6	string
746	116955_8	string
746	161610_17	string
746	179104_15	string
746	112313_16	hyponym
746	169273_11	string
746	168605_12	hyponym
746	157743_7	string
746	112313_18	synonym
746	160184_8	string
746	179104_17	implication
746	157743_9	string
746	112313_19	implication
746	117293_32	string
746	194471_10	implication
746	179104_26	string
746	112313_21	string
746	104841_14	string
746	196880_14	string
746	144518_10	string
746	104841_17	string
746	134208_10	string
746	122828_4	string
746	104841_20	string
746	149591_3	string
746	112869_9	string
746	184450_13	string
746	184450_18	string
746	112869_14	string
746	168116_2	string
746	199447_11	string
746	125632_23	string
746	136049_6	string
746	168116_5	abbreviation
746	168116_6	abbreviation
746	163153_24	string
746	168116_7	string
746	125632_28	string
746	121925_15	string
746	167768_10	string
746	149452_8	implication
746	108451_12	string
746	109878_21	string
746	109878_22	string
746	114210_9	string
746	167768_15	string
746	119239_12	string
746	119239_13	hyponym
747	130796_2	implication
747	130796_3	implication
747	130796_7	string
747	106091_7	implication
747	176512_13	string
747	171753_10	string
747	106091_18	string
747	174146_8	implication
747	174146_13	string
747	157743_8	string
747	102433_18	synonym
747	174146_18	string
747	150402_17	string
747	166575_14	string
747	187753_4	implication
747	187753_6	string
747	187753_10	implication
747	184450_15	string
747	144925_7	string
747	128247_10	implication
747	128247_11	string
747	128247_13	string
747	144722_13	string
747	180621_32	string
747	107354_25	string
747	167483_22	string
747	161418_14	string
747	127126_11	string
747	114939_13	string
747	162147_17	string
747	117293_34	string
747	183972_8	abbreviation
747	126490_15	string
747	174752_25	string
747	174752_26	string
747	129017_13	string
747	130796_8	string
747	148584_2	string
747	124864_5	string
747	144766_17	string
747	187753_9	string
747	174146_20	string
747	144766_22	string
747	183972_11	string
747	144722_15	string
747	102433_17	string
747	172884_9	string
747	172884_11	string
747	133855_20	string
747	184450_17	string
747	184450_18	string
747	104707_21	string
747	176512_4	string
747	199482_34	string
748	128140_13	string
748	144659_2	implication
748	128050_10	synonym
748	144657_8	synonym
748	137106_12	string
748	136175_10	synonym
748	171817_10	string
748	122903_20	string
748	144659_11	abbreviation
748	141084_17	synonym
748	187378_23	string
748	157744_6	synonym
748	128050_23	synonym
748	114837_27	implication
748	128050_24	synonym
748	135705_16	string
748	114837_32	string
748	162981_4	synonym
748	179480_29	synonym
748	102433_8	synonym
748	132513_14	synonym
748	134268_7	string
748	132513_16	synonym
748	183737_0	synonym
748	126341_1	synonym
748	179480_32	synonym
748	183737_1	synonym
748	176704_6	synonym
748	176704_7	synonym
748	183737_2	synonym
748	102433_13	synonym
748	131974_25	synonym
748	102433_14	synonym
748	121731_7	synonym
748	121731_8	string
748	102433_16	string
748	131974_28	synonym
748	142413_3	synonym
748	192498_17	synonym
748	188206_19	synonym
748	199085_11	synonym
748	106773_12	string
748	192498_21	string
748	142413_10	synonym
748	109853_6	string
748	151854_20	synonym
748	167088_9	synonym
748	142413_11	synonym
748	116955_13	synonym
748	154583_7	string
748	170628_1	synonym
748	133855_19	string
748	199085_21	string
748	104831_7	hyponym
748	174964_9	implication
748	174964_12	synonym
748	199085_24	synonym
748	173124_3	synonym
748	199085_25	synonym
748	137091_17	synonym
748	176801_19	synonym
748	185823_14	synonym
748	170628_12	string
748	185823_17	string
748	165395_6	synonym
748	191144_9	synonym
748	165395_7	synonym
748	119283_6	synonym
748	173656_8	synonym
748	162525_7	string
748	112248_10	string
748	144807_10	synonym
748	193189_8	synonym
748	171473_8	hyponym
748	153345_10	synonym
748	153345_11	string
748	110806_1	synonym
748	126341_31	string
748	173124_26	hyponym
748	176617_2	synonym
748	173124_27	synonym
748	110806_2	synonym
748	173124_29	synonym
748	169428_4	synonym
748	103049_4	synonym
748	199008_24	synonym
748	199482_32	synonym
748	110806_10	hyponym
748	199482_33	string
748	110806_12	hyponym
748	174736_10	string
748	133219_6	string
748	110806_13	hyponym
748	176617_11	synonym
748	119273_5	synonym
748	104777_24	string
748	184450_14	synonym
748	184450_15	synonym
748	196878_9	synonym
748	112613_17	synonym
748	196878_10	hyponym
748	123655_1	synonym
748	186927_11	string
748	186927_15	synonym
748	180308_7	synonym
748	180308_8	string
748	123655_9	synonym
748	119273_21	synonym
748	123655_12	synonym
748	123655_13	hyponym
748	123655_14	synonym
748	141538_7	string
748	179838_2	synonym
748	113598_8	synonym
748	144722_13	string
748	113598_9	synonym
748	198152_27	string
748	107354_24	hyponym
748	123916_13	string
748	113598_16	string
748	177613_16	synonym
748	147165_3	synonym
748	197331_11	string
748	179838_13	synonym
748	190272_14	string
748	179838_15	synonym
748	161418_13	string
748	171305_25	string
748	139341_22	string
748	161418_15	string
748	179838_18	synonym
748	109935_14	string
748	195244_10	string
748	195244_11	string
748	146406_4	synonym
748	120889_14	synonym
748	120889_15	synonym
748	129412_10	synonym
748	114845_4	implication
748	193944_14	synonym
748	193944_15	synonym
748	172900_6	string
748	146406_11	string
748	136424_19	string
748	147969_15	synonym
748	129412_16	string
748	169111_32	string
748	147969_21	string
748	137106_1	synonym
748	159904_12	synonym
748	169111_36	string
748	100160_14	synonym
748	147969_25	synonym
748	144657_6	hyponym
748	137106_8	string
748	128050_2	synonym
748	133242_21	string
748	191244_7	synonym
748	119239_15	synonym
748	134964_3	synonym
748	112248_11	string
748	171305_23	string
748	171305_26	string
748	119239_18	string
748	113598_13	string
748	176801_11	hyponym
748	107340_16	synonym
748	197331_12	string
748	107416_4	synonym
748	107340_22	string
748	107340_23	string
748	179642_20	synonym
748	174752_25	string
748	141084_16	synonym
748	157329_17	string
748	134831_7	string
748	191244_10	synonym
748	162147_15	string
748	191244_11	synonym
748	141084_19	string
748	167088_10	string
748	114158_17	synonym
748	140477_15	synonym
748	198152_22	synonym
748	132914_11	synonym
748	198152_23	synonym
748	140477_20	string
748	162525_8	string
748	157640_24	string
748	168331_33	string
748	192498_20	string
748	157640_27	string
748	133568_19	string
748	167697_11	string
748	133608_18	string
748	151526_8	string
748	153345_9	synonym
748	136175_16	string
748	130539_15	string
748	130539_16	string
748	107354_26	string
748	151192_10	string
748	108084_31	string
748	183737_12	synonym
748	174243_16	string
748	103049_15	synonym
748	149203_13	string
748	130539_17	string
748	173124_21	synonym
748	149203_15	string
748	186325_11	string
748	128050_16	synonym
748	188206_16	string
748	188206_17	string
748	101480_17	string
748	188206_18	string
748	187753_8	string
748	101882_1	synonym
748	163165_16	string
748	186927_2	implication
748	116117_12	string
748	101882_2	synonym
748	159434_12	synonym
748	116117_13	string
748	101480_21	string
748	128140_11	string
748	152649_18	string
748	101833_20	string
748	186927_14	synonym
748	119502_22	string
748	190502_11	string
748	187378_24	string
748	161610_17	string
748	122903_17	hyponym
748	144722_15	string
748	100160_17	string
748	144722_16	string
748	122400_23	synonym
748	112613_18	string
748	144722_17	string
748	113492_6	string
748	122400_26	string
748	193189_11	synonym
748	146094_6	string
748	184450_17	string
748	150306_16	string
748	180546_15	string
748	150306_17	string
748	146406_10	string
748	193608_8	string
748	136671_20	string
748	160997_23	string
748	122992_8	synonym
749	128140_13	string
749	154761_2	implication
749	167831_17	string
749	167831_21	string
749	132884_1	synonym
749	176997_16	synonym
749	176997_17	string
749	176997_18	string
749	122626_12	string
749	184884_5	synonym
749	165297_16	synonym
749	165297_18	string
749	165297_20	synonym
749	165297_21	hyponym
749	166575_12	string
749	191788_10	string
749	168116_3	synonym
749	191788_14	string
749	123743_8	synonym
749	114528_15	string
749	168279_50	string
749	119273_21	synonym
749	134578_13	synonym
749	134578_14	synonym
749	167483_18	synonym
749	180800_25	string
749	183308_28	string
749	161418_16	string
749	120337_2	synonym
749	157252_8	synonym
749	115024_13	synonym
749	155569_8	string
749	169111_24	string
749	191788_11	string
749	169111_28	string
749	169111_30	string
749	130230_12	synonym
749	167483_23	string
749	107416_4	synonym
749	157252_6	synonym
749	130230_18	string
749	174752_25	string
749	167831_18	string
749	100492_10	string
749	114183_23	synonym
749	109853_7	string
749	109853_8	string
749	141520_15	string
749	178961_22	string
749	134578_3	synonym
749	165297_19	synonym
749	166575_11	string
749	119273_18	synonym
749	168116_7	synonym
749	168279_51	string
749	129611_27	string
749	129611_28	string
750	171327_12	synonym
750	125594_38	synonym
750	165227_7	synonym
750	125626_14	implication
750	122903_15	string
750	125626_16	string
750	165510_13	synonym
750	128590_12	synonym
750	114250_23	synonym
750	189762_0	implication
750	128590_14	string
750	128050_14	synonym
750	187916_24	string
750	179225_11	synonym
750	128050_17	string
750	150588_23	implication
750	125626_20	synonym
750	194360_1	synonym
750	194360_2	synonym
750	110998_0	synonym
750	171327_21	synonym
750	125594_43	string
750	135705_5	implication
750	187916_29	synonym
750	110998_2	synonym
750	140236_9	synonym
750	194360_4	implication
750	171327_26	synonym
750	128050_20	synonym
750	140236_10	implication
750	194360_5	implication
750	195624_9	implication
750	194360_6	implication
750	171327_27	string
750	137438_14	synonym
750	137438_15	string
750	195624_10	implication
750	171327_29	synonym
750	137438_16	string
750	137438_18	implication
750	120849_0	synonym
750	162798_14	string
750	125316_22	string
750	140236_12	string
750	159675_4	synonym
750	171327_31	implication
750	194360_8	synonym
750	125594_49	string
750	128590_25	synonym
750	174045_15	string
750	137438_19	synonym
750	128050_24	synonym
750	128050_25	synonym
750	195624_12	synonym
750	110998_10	synonym
750	184214_19	string
750	141582_10	synonym
750	141582_11	synonym
750	194360_10	synonym
750	174691_5	implication
750	135705_14	synonym
750	110998_12	synonym
750	141582_12	synonym
750	195624_13	synonym
750	120849_4	implication
750	140236_16	synonym
750	110998_14	string
750	125316_26	implication
750	135705_17	implication
750	119993_14	string
750	194360_15	synonym
750	174691_10	synonym
750	177920_0	synonym
750	159509_0	synonym
750	195624_16	synonym
750	119993_15	string
750	177920_1	synonym
750	162348_6	synonym
750	110998_17	synonym
750	159509_1	synonym
750	178961_0	string
750	135705_20	implication
750	135705_21	synonym
750	177920_3	synonym
750	162798_24	string
750	159509_3	implication
750	176266_7	implication
750	195624_19	synonym
750	134121_5	synonym
750	177920_4	synonym
750	177920_5	synonym
750	150402_4	implication
750	131974_21	string
750	134121_7	synonym
750	159509_9	string
750	134121_8	synonym
750	118501_7	synonym
750	138709_12	string
750	176266_12	implication
750	168022_7	synonym
750	177920_8	implication
750	138709_13	string
750	150402_7	synonym
750	176266_13	synonym
750	137342_4	synonym
750	138709_14	string
750	176266_14	synonym
750	135610_13	synonym
750	116955_6	synonym
750	150402_8	synonym
750	124673_5	implication
750	138709_15	string
750	137342_5	synonym
750	177920_12	synonym
750	199929_16	synonym
750	137342_6	synonym
750	131974_28	synonym
750	124673_8	synonym
750	165297_3	synonym
750	169173_0	implication
750	176266_17	implication
750	135610_15	synonym
750	138286_12	implication
750	150402_11	synonym
750	176266_19	synonym
750	131974_29	synonym
750	177920_15	synonym
750	124673_11	synonym
750	120849_23	string
750	120849_24	string
750	138709_18	synonym
750	138286_14	synonym
750	137342_8	string
750	177622_18	synonym
750	135610_17	synonym
750	177920_18	synonym
750	154583_5	synonym
750	150402_14	synonym
750	199726_1	implication
750	199929_22	string
750	137342_10	synonym
750	116955_12	synonym
750	154583_6	synonym
750	192498_24	synonym
750	154583_7	string
750	150402_17	string
750	177622_21	implication
750	145699_22	string
750	199929_25	string
750	154583_8	string
750	115471_11	synonym
750	145699_24	synonym
750	141036_7	synonym
750	179440_3	synonym
750	185823_6	synonym
750	116955_16	synonym
750	115471_15	string
750	145699_26	string
750	199726_6	synonym
750	173220_8	synonym
750	185823_7	synonym
750	115471_17	string
750	179440_7	implication
750	165297_14	synonym
750	165297_15	synonym
750	173220_9	synonym
750	141036_11	synonym
750	143877_16	synonym
750	143877_17	synonym
750	165297_16	synonym
750	173220_11	synonym
750	173220_12	synonym
750	143877_19	synonym
750	179998_4	implication
750	141036_15	synonym
750	176801_19	synonym
750	185823_13	string
750	184541_0	implication
750	184541_1	string
750	173220_13	synonym
750	143877_22	string
750	118210_6	synonym
750	119282_9	synonym
750	192809_8	synonym
750	179998_6	synonym
750	165297_20	synonym
750	184541_3	string
750	118210_7	synonym
750	179440_17	synonym
750	192809_9	synonym
750	143877_24	implication
750	179440_19	synonym
750	179440_20	string
750	184541_4	implication
750	104841_12	synonym
750	185823_17	string
750	179998_10	synonym
750	187917_0	synonym
750	185823_19	synonym
750	116820_0	synonym
750	184541_9	implication
750	170654_0	synonym
750	177082_15	synonym
750	193189_5	synonym
750	116820_2	synonym
750	116820_3	synonym
750	118210_11	synonym
750	179998_11	synonym
750	179998_12	synonym
750	193189_6	synonym
750	118210_12	synonym
750	184541_13	implication
750	184541_14	string
750	184541_15	string
750	189408_8	synonym
750	170654_3	synonym
750	192809_16	synonym
750	184541_16	string
750	184541_17	string
750	116820_9	string
750	189408_9	synonym
750	159675_46	synonym
750	128251_8	synonym
750	153345_10	string
750	153345_11	string
750	170654_6	synonym
750	184541_18	string
750	189408_10	synonym
750	177082_21	string
750	116820_10	string
750	150996_6	string
750	159675_47	synonym
750	118210_16	synonym
750	116820_12	synonym
750	187917_4	synonym
750	159675_48	synonym
750	177082_24	synonym
750	193189_10	string
750	184541_22	string
750	136373_15	synonym
750	189408_13	synonym
750	187917_5	synonym
750	193189_12	implication
750	189408_14	synonym
750	136373_16	synonym
750	104777_13	implication
750	170654_11	synonym
750	136671_3	implication
750	114528_10	synonym
750	170654_16	string
750	127525_5	synonym
750	127525_6	synonym
750	170654_17	synonym
750	104777_18	synonym
750	170654_18	synonym
750	127525_8	string
750	170654_19	string
750	114528_13	synonym
750	176617_11	synonym
750	193169_2	implication
750	104777_21	synonym
750	107052_0	implication
750	114528_15	string
750	192151_11	synonym
750	176617_12	implication
750	180546_0	synonym
750	127525_13	implication
750	107052_1	synonym
750	107052_3	implication
750	168331_30	synonym
750	136671_18	synonym
750	193169_7	implication
750	156619_18	synonym
750	107052_5	implication
750	193169_8	synonym
750	168331_32	synonym
750	133867_0	synonym
750	180546_4	synonym
750	193169_9	synonym
750	168279_50	synonym
750	133867_1	synonym
750	122920_8	implication
750	122920_9	synonym
750	180308_4	implication
750	136671_24	synonym
750	107052_10	string
750	196880_16	synonym
750	198266_4	implication
750	198266_5	implication
750	138009_3	synonym
750	196880_17	synonym
750	130451_9	string
750	180546_9	synonym
750	133867_9	implication
750	107052_11	string
750	107052_12	string
750	146582_7	string
750	103880_0	synonym
750	167675_13	synonym
750	196880_19	synonym
750	152663_2	implication
750	167675_14	synonym
750	180546_11	synonym
750	193169_15	string
750	107052_13	string
750	156619_26	synonym
750	103880_2	synonym
750	133867_12	synonym
750	133867_13	synonym
750	133867_14	string
750	167675_15	synonym
750	180546_12	synonym
750	193169_17	synonym
750	193169_18	synonym
750	152663_4	string
750	167675_16	synonym
750	138009_8	synonym
750	180546_14	string
750	133867_16	synonym
750	133867_17	synonym
750	167675_17	synonym
750	146582_14	synonym
750	198266_15	synonym
750	193169_19	synonym
750	167675_19	synonym
750	109361_1	implication
750	109361_2	implication
750	152663_8	synonym
750	180546_16	string
750	180546_17	implication
750	156001_5	synonym
750	107340_11	synonym
750	107354_18	synonym
750	146582_18	string
750	198266_18	string
750	103880_9	synonym
750	103880_10	synonym
750	180546_19	string
750	167675_20	synonym
750	167675_21	synonym
750	103880_11	synonym
750	109361_6	implication
750	175030_19	synonym
750	146582_20	string
750	146582_21	synonym
750	107354_20	synonym
750	118218_0	synonym
750	180621_30	synonym
750	180546_21	synonym
750	133424_28	synonym
750	198266_23	synonym
750	109361_9	synonym
750	157008_9	synonym
750	103880_12	synonym
750	146582_22	synonym
750	180546_22	string
750	157008_10	synonym
750	157008_11	implication
750	109361_12	string
750	114158_16	synonym
750	146582_24	synonym
750	146582_25	synonym
750	175030_23	string
750	136424_0	synonym
750	103880_16	synonym
750	109361_15	synonym
750	162213_10	string
750	146582_28	synonym
750	165603_2	synonym
750	107354_25	synonym
750	128795_22	synonym
750	125594_8	implication
750	112474_11	string
750	175030_27	string
750	112474_12	string
750	180621_35	synonym
750	102015_1	synonym
750	184833_8	synonym
750	107354_29	string
750	150164_6	string
750	181929_9	string
750	181929_10	string
750	184833_11	synonym
750	112474_18	implication
750	194275_7	synonym
750	102015_8	implication
750	120889_11	string
750	103229_10	synonym
750	102015_9	implication
750	102015_10	string
750	162147_10	string
750	181929_16	implication
750	187790_5	synonym
750	103229_14	implication
750	192589_0	synonym
750	162147_11	string
750	159434_9	implication
750	144298_1	synonym
750	136424_13	synonym
750	103229_15	implication
750	192589_1	synonym
750	192589_2	synonym
750	159434_10	string
750	114939_10	synonym
750	166034_5	synonym
750	125594_24	synonym
750	136424_14	synonym
750	140161_4	synonym
750	192589_3	synonym
750	192589_4	synonym
750	125594_25	synonym
750	140161_5	implication
750	114939_13	string
750	192589_6	synonym
750	192589_7	implication
750	114939_14	implication
750	169111_25	string
750	140161_7	string
750	114939_17	synonym
750	175366_13	synonym
750	120889_16	string
750	171327_4	synonym
750	175366_14	synonym
750	136424_20	synonym
750	114250_1	synonym
750	176232_6	synonym
750	177389_12	string
750	176232_7	synonym
750	166034_15	synonym
750	115024_12	synonym
750	100160_9	synonym
750	166034_16	synonym
750	129255_4	implication
750	136424_24	string
750	100160_12	synonym
750	175366_25	synonym
750	177389_17	string
750	169111_36	string
750	100160_15	string
750	187916_5	implication
750	120257_20	synonym
750	144298_20	synonym
750	144298_21	synonym
750	115024_18	synonym
750	166034_22	synonym
750	120257_21	synonym
750	114250_11	synonym
750	128050_0	string
750	108346_5	synonym
750	133242_17	synonym
750	114250_13	synonym
750	153808_10	implication
750	166034_24	string
750	128050_3	synonym
750	108346_8	string
750	115692_14	string
750	114250_14	synonym
750	144298_24	synonym
750	144298_25	string
750	133242_20	string
750	153808_12	synonym
750	165510_6	implication
750	133242_23	string
750	128050_7	implication
750	114250_17	string
750	144298_29	synonym
750	125626_7	implication
750	133242_26	implication
750	126574_1	string
750	126574_7	implication
750	126574_10	synonym
750	126574_12	string
750	156619_25	synonym
750	119239_15	synonym
750	169111_24	synonym
750	177622_17	synonym
750	176266_16	synonym
750	134964_3	synonym
750	119239_16	synonym
750	107340_14	synonym
750	169111_26	string
750	177622_19	string
750	192589_5	synonym
750	169111_27	string
750	128795_11	synonym
750	192151_4	implication
750	119239_18	string
750	115471_12	implication
750	169111_28	string
750	100921_0	implication
750	115471_14	implication
750	153808_9	synonym
750	128795_13	synonym
750	192151_6	synonym
750	174786_13	implication
750	128795_14	synonym
750	197459_9	synonym
750	169111_29	string
750	100921_3	synonym
750	120257_3	synonym
750	188241_10	synonym
750	188241_11	synonym
750	197459_11	string
750	107340_20	string
750	166034_0	synonym
750	174786_15	synonym
750	165603_0	implication
750	133242_8	synonym
750	114528_0	string
750	174786_16	synonym
750	107340_22	implication
750	165603_3	synonym
750	144298_4	synonym
750	192151_10	synonym
750	153808_18	implication
750	128795_18	string
750	188241_15	string
750	188241_16	synonym
750	107340_23	string
750	165603_5	implication
750	118218_3	string
750	100921_8	synonym
750	192809_4	implication
750	174786_21	string
750	175030_9	implication
750	187916_0	synonym
750	107340_26	string
750	100921_9	implication
750	176801_17	synonym
750	169111_35	string
750	192151_15	string
750	174786_22	implication
750	119993_20	implication
750	188241_17	synonym
750	165227_6	synonym
750	179225_5	synonym
750	124673_9	string
750	176801_18	synonym
750	118218_6	synonym
750	192809_13	string
750	174786_24	synonym
750	162213_11	string
750	187916_2	synonym
750	179225_8	synonym
750	118218_7	implication
750	192809_14	implication
750	140236_4	implication
750	176801_20	synonym
750	114528_5	implication
750	162213_12	string
750	174786_25	synonym
750	124673_10	synonym
750	126623_15	string
750	114158_11	synonym
750	179225_10	synonym
750	194275_8	synonym
750	175030_26	string
750	126623_16	string
750	162147_18	string
750	162213_13	synonym
750	179225_13	synonym
750	159968_2	synonym
750	156025_1	synonym
750	126623_17	implication
750	130451_0	string
750	179225_14	synonym
750	179225_15	synonym
750	194275_10	string
750	174045_0	synonym
750	107354_3	synonym
750	179225_16	synonym
750	118218_12	synonym
750	114528_14	synonym
750	174045_3	synonym
750	122893_3	synonym
750	187917_8	synonym
750	118218_14	synonym
750	156025_3	synonym
750	156025_4	synonym
750	192498_9	synonym
750	118218_15	synonym
750	192498_10	implication
750	130451_4	synonym
750	171327_6	implication
750	159968_6	synonym
750	174045_5	implication
750	120257_24	string
750	129255_2	synonym
750	166034_23	synonym
750	174045_6	implication
750	194275_14	synonym
750	159968_7	synonym
750	130451_6	implication
750	120257_26	string
750	159968_8	synonym
750	129255_9	synonym
750	118218_19	string
750	159968_10	string
750	174691_11	synonym
750	130451_12	string
750	162213_23	synonym
750	145699_8	synonym
750	118218_20	string
750	192498_14	synonym
750	167697_8	synonym
750	143877_0	synonym
750	159968_11	string
750	114250_19	synonym
750	120849_25	string
750	115024_11	synonym
750	184214_2	synonym
750	174045_11	implication
750	174045_12	synonym
750	125626_13	implication
750	178961_4	string
750	103229_12	string
750	165603_30	implication
750	184214_3	synonym
750	120849_28	string
750	174045_13	synonym
750	174045_14	synonym
750	122893_19	synonym
750	103229_13	implication
750	107354_14	implication
750	122893_20	synonym
750	171327_25	implication
750	125626_18	string
750	143877_7	implication
750	174045_16	synonym
750	174045_17	synonym
750	167697_11	string
750	167697_12	string
750	192498_25	synonym
750	122893_22	string
750	166034_32	string
750	187916_19	synonym
750	171327_30	implication
750	174045_18	synonym
750	115024_15	string
750	115024_16	implication
750	187916_20	synonym
750	145699_27	string
750	177920_16	string
750	112474_14	string
750	107354_19	synonym
750	128590_3	synonym
750	145699_28	string
750	128251_5	synonym
750	145699_29	string
750	125316_8	implication
750	107354_23	synonym
750	177920_22	synonym
750	181929_14	string
750	103880_5	implication
750	181929_15	implication
750	128590_6	synonym
750	150588_16	synonym
750	112474_17	synonym
750	187916_23	string
750	136424_18	string
750	118677_9	synonym
750	118677_10	synonym
750	128050_8	string
750	125316_17	string
750	103880_14	string
750	128140_4	implication
750	128590_9	implication
750	143877_23	implication
750	180621_33	string
750	128050_15	synonym
750	136424_25	string
750	128590_10	synonym
750	125316_25	string
750	150588_19	synonym
750	178961_15	synonym
750	128050_19	string
750	128590_13	string
750	131974_15	synonym
750	118677_18	string
750	150588_22	string
750	135705_18	string
750	122920_17	implication
750	162798_15	string
750	185823_9	synonym
750	115692_20	string
750	194360_12	string
750	131974_17	implication
750	138009_9	synonym
750	128590_17	synonym
750	138286_2	implication
750	133855_3	implication
750	150588_24	string
750	162798_20	string
750	138286_3	implication
750	149256_2	synonym
750	118677_23	synonym
750	118677_24	implication
750	162348_4	implication
750	128590_19	synonym
750	150588_26	string
750	165510_10	synonym
750	149436_10	synonym
750	162798_25	string
750	116955_2	synonym
750	135610_6	implication
750	178961_22	string
750	149436_14	string
750	199929_13	string
750	128140_12	string
750	177389_11	string
750	100160_0	synonym
750	100160_2	synonym
750	178961_23	string
750	100160_3	synonym
750	177389_14	string
750	168022_6	implication
750	149436_16	synonym
750	146582_3	synonym
750	100160_4	implication
750	141036_10	string
750	168022_8	implication
750	163153_5	synonym
750	162348_14	synonym
750	162348_15	synonym
750	112313_13	synonym
750	138286_17	string
750	199929_21	string
750	146582_8	implication
750	199929_23	string
750	149436_17	implication
750	177389_18	string
750	100160_7	implication
750	141036_14	synonym
750	146582_15	implication
750	116955_11	synonym
750	162348_20	synonym
750	146582_17	string
750	140402_0	synonym
750	117293_27	synonym
750	190532_5	synonym
750	122903_17	implication
750	144518_7	synonym
750	100160_13	synonym
750	112313_18	synonym
750	135610_22	string
750	144518_8	synonym
750	110998_15	string
750	122903_21	string
750	196880_12	synonym
750	104841_11	synonym
750	100160_16	implication
750	112313_20	string
750	189408_6	synonym
750	101099_3	synonym
750	112313_21	string
750	189762_1	implication
750	184541_2	string
750	196880_15	string
750	112313_22	synonym
750	189762_4	synonym
750	140402_3	synonym
750	189762_7	string
750	119282_4	synonym
750	196880_18	synonym
750	122903_25	string
750	104841_17	string
750	144518_11	string
750	101099_9	string
750	104841_18	string
750	112313_23	synonym
750	179998_7	synonym
750	189762_9	implication
750	104841_19	synonym
750	198266_21	abbreviation
750	173220_10	implication
750	133855_15	synonym
750	133855_17	synonym
750	176232_1	synonym
750	184541_20	string
750	156619_4	synonym
750	101099_11	string
750	189762_10	implication
750	165297_19	synonym
750	104841_20	synonym
750	104841_21	implication
750	119282_10	string
750	176232_2	implication
750	156619_6	implication
750	119282_11	string
750	163153_17	implication
750	136671_0	synonym
750	176266_1	implication
750	146094_4	synonym
750	193189_11	implication
750	177082_16	synonym
750	138709_16	implication
750	190532_15	synonym
750	179440_16	string
750	150164_9	string
750	136671_1	implication
750	190532_16	synonym
750	118210_3	implication
750	176232_4	implication
750	176232_5	implication
750	138709_17	synonym
750	137438_20	synonym
750	146094_8	string
750	190532_17	string
750	128795_5	implication
750	157301_19	synonym
750	190532_18	string
750	177082_23	synonym
750	163153_19	synonym
750	118210_8	implication
750	133855_21	string
750	136671_7	implication
750	118210_9	string
750	190532_20	string
750	157301_20	synonym
750	133855_22	synonym
750	190532_21	string
750	150996_4	implication
750	140402_11	string
750	109361_5	implication
750	150996_7	string
750	118210_15	synonym
750	184833_1	synonym
750	109361_10	implication
750	175366_15	implication
750	163153_24	synonym
750	169173_5	string
750	107052_6	implication
750	136671_14	implication
750	150996_9	string
750	169111_11	implication
750	136671_15	synonym
750	107052_8	string
750	169173_6	implication
750	192151_0	synonym
750	175366_22	string
750	140402_16	string
750	109361_14	synonym
750	169173_7	implication
750	150996_11	string
750	152663_7	string
750	136671_17	synonym
750	177622_1	synonym
750	156001_9	string
750	140402_17	synonym
750	107052_16	string
750	107052_17	string
750	136671_19	synonym
750	107052_18	string
750	140402_18	synonym
750	156619_19	synonym
750	107340_4	synonym
750	136671_21	string
750	156001_11	synonym
750	157301_24	synonym
750	157301_25	synonym
750	136671_22	synonym
750	156619_21	string
750	168279_41	synonym
750	156619_22	implication
750	119239_7	synonym
750	156619_24	synonym
750	120889_7	implication
750	120889_8	implication
750	133424_10	synonym
750	133424_11	implication
750	168279_51	string
750	120889_18	string
750	104777_23	string
750	133424_23	synonym
750	199726_2	synonym
750	199726_4	synonym
750	133424_26	synonym
750	133424_27	synonym
751	153406_11	string
751	153406_12	string
751	153406_14	string
751	174045_15	string
751	149073_40	synonym
751	176704_10	string
751	121045_9	string
751	121045_10	string
751	126427_8	string
751	126427_9	string
751	122893_14	synonym
751	114528_15	string
751	197331_9	string
751	147165_4	string
751	147165_15	string
751	197331_12	string
751	114528_16	synonym
751	153406_15	string
751	174045_13	string
751	174045_14	string
751	122893_20	string
751	174045_17	string
751	122893_21	string
751	121045_0	string
751	121045_1	string
751	121045_8	string
751	121045_11	string
751	121045_12	string
752	153406_12	abbreviation
752	153406_14	abbreviation
752	179472_12	abbreviation
752	179472_13	string
752	151265_10	abbreviation
752	172461_14	string
752	179472_16	string
752	151265_13	string
752	174045_15	string
752	119993_14	synonym
752	149073_40	string
752	119993_15	hyponym
752	162348_6	string
752	134268_6	string
752	134268_7	string
752	162348_19	hyponym
752	119502_21	string
752	141520_12	abbreviation
752	141520_13	abbreviation
752	141520_14	string
752	121045_9	abbreviation
752	121045_10	string
752	134208_11	abbreviation
752	134208_12	string
752	142178_10	string
752	165395_6	string
752	165395_8	string
752	168116_3	abbreviation
752	171357_22	string
752	174736_10	string
752	125632_22	abbreviation
752	195735_2	string
752	103880_11	abbreviation
752	189261_7	synonym
752	189261_8	hyponym
752	174483_20	abbreviation
752	174483_22	string
752	174483_27	string
752	139780_1	implication
752	160100_15	hyponym
752	139780_4	abbreviation
752	160100_17	string
752	180121_5	abbreviation
752	100754_23	string
752	172461_2	string
752	145720_7	abbreviation
752	145720_8	abbreviation
752	114250_14	abbreviation
752	157839_6	string
752	157839_7	synonym
752	157839_11	string
752	171496_16	abbreviation
752	191244_10	string
752	139780_2	abbreviation
752	145720_9	string
752	174483_21	string
752	153406_15	string
752	128119_6	abbreviation
752	128119_7	string
752	174483_26	string
752	174045_13	abbreviation
752	174045_14	string
752	103880_14	string
752	151265_12	string
752	100754_15	string
752	162348_5	string
752	134268_1	string
752	100754_21	string
752	152649_17	abbreviation
752	162348_13	string
752	152649_19	string
752	119502_22	string
752	174736_9	abbreviation
752	121045_0	abbreviation
752	168116_2	synonym
752	168116_7	synonym
752	125632_27	synonym
752	125632_29	string
752	171357_23	string
752	113215_0	string
753	144657_7	string
753	137869_29	string
753	147974_17	string
753	187648_10	string
753	137106_13	string
753	179225_11	string
753	122903_20	string
753	137106_15	string
753	137869_32	string
753	151265_14	string
753	171327_23	string
753	193756_15	string
753	193756_16	string
753	128050_20	string
753	141084_17	string
753	192180_7	string
753	197419_18	string
753	192180_11	string
753	192180_12	string
753	110998_12	string
753	161722_9	string
753	114837_32	string
753	110998_13	string
753	191025_6	string
753	179480_29	synonym
753	149073_40	string
753	188625_21	string
753	167036_20	string
753	179480_33	string
753	146104_13	string
753	132884_8	string
753	118501_11	string
753	132884_11	string
753	102433_16	string
753	122626_12	string
753	107357_7	string
753	199399_22	string
753	174146_18	string
753	192498_21	string
753	138286_15	string
753	129556_28	string
753	199399_23	string
753	142413_11	string
753	163870_6	string
753	199399_24	string
753	153552_10	string
753	141520_13	string
753	131694_9	string
753	122629_9	string
753	126812_12	string
753	122400_25	string
753	167883_15	string
753	185823_14	string
753	170628_12	string
753	167883_16	string
753	185823_15	string
753	178961_19	string
753	105400_12	string
753	105400_13	string
753	134027_14	hyponym
753	116778_13	string
753	191144_9	string
753	173656_8	string
753	189408_8	string
753	189408_9	string
753	153345_11	hyponym
753	184541_19	string
753	186216_8	string
753	126341_31	string
753	184541_21	string
753	169428_4	string
753	169428_5	string
753	171357_22	string
753	197871_21	string
753	118257_12	string
753	118257_13	string
753	199482_30	string
753	108558_6	string
753	199482_32	string
753	188400_24	string
753	133219_5	string
753	184450_8	implication
753	142847_10	string
753	127525_7	string
753	172605_14	string
753	168331_32	string
753	146210_11	string
753	155533_10	string
753	197459_10	string
753	158711_17	string
753	128247_13	string
753	186927_15	string
753	186927_16	string
753	122920_15	string
753	193169_14	string
753	128247_14	string
753	158711_20	string
753	155984_16	string
753	193169_18	string
753	161068_3	string
753	146582_18	string
753	146582_20	string
753	113598_11	string
753	167413_23	string
753	134578_14	string
753	109361_12	string
753	109361_13	string
753	123916_11	string
753	144722_18	string
753	174483_23	string
753	184846_21	string
753	122992_16	string
753	179838_14	string
753	107340_24	string
753	179838_15	string
753	122992_17	string
753	122992_19	string
753	122992_20	string
753	185233_20	string
753	185233_21	string
753	162642_9	string
753	142089_16	string
753	122578_11	implication
753	101833_15	string
753	101833_16	string
753	159434_10	string
753	160100_18	string
753	123684_11	string
753	123684_12	string
753	123684_13	string
753	136424_17	string
753	100754_20	string
753	156962_4	string
753	133691_16	string
753	140477_13	string
753	129412_17	string
753	159904_10	string
753	140477_21	string
753	165603_35	string
753	140477_24	string
753	166034_24	string
753	114250_15	string
753	166034_26	string
753	147974_7	implication
753	155569_8	string
753	147974_13	string
753	112248_9	string
753	112248_11	string
753	112248_12	string
753	119239_16	string
753	155984_15	string
753	155984_17	string
753	118501_13	string
753	187941_10	string
753	155569_9	string
753	107340_19	string
753	179996_14	string
753	174752_22	string
753	167483_23	string
753	165056_18	string
753	102931_24	string
753	171027_16	string
753	174786_20	string
753	165056_19	string
753	185494_13	string
753	103881_12	string
753	170407_10	string
753	184598_7	string
753	105400_16	implication
753	103881_13	string
753	174786_25	string
753	184598_8	string
753	144298_26	string
753	197871_23	string
753	141084_20	string
753	105017_22	string
753	106887_11	string
753	167831_20	string
753	122578_13	string
753	156962_6	implication
753	193756_14	string
753	161086_16	string
753	191025_5	string
753	100492_12	string
753	105017_25	string
753	106334_17	string
753	100492_13	string
753	120257_24	string
753	140477_20	string
753	167697_8	string
753	151377_12	string
753	167697_9	implication
753	164712_20	string
753	118218_22	string
753	192498_23	string
753	168331_34	string
753	133608_18	string
753	161722_10	string
753	171753_11	string
753	161722_13	implication
753	163565_20	string
753	136424_18	string
753	107354_28	string
753	174243_16	string
753	149498_22	string
753	100085_10	string
753	130539_17	string
753	127002_18	string
753	128050_16	string
753	153552_6	string
753	108346_6	string
753	142372_20	string
753	188625_17	string
753	118677_18	string
753	142372_21	string
753	115692_21	string
753	187753_8	string
753	188400_5	string
753	152273_14	string
753	178961_18	string
753	134027_16	hyponym
753	134027_17	synonym
753	101480_18	string
753	101480_20	string
753	128590_19	string
753	129556_25	string
753	174146_20	string
753	116117_13	string
753	132786_9	string
753	101833_19	string
753	179937_9	string
753	179937_10	string
753	101833_20	string
753	101833_21	string
753	101833_22	string
753	152649_20	string
753	128993_10	string
753	159894_22	string
753	199962_11	string
753	119502_24	string
753	122903_18	string
753	144722_12	string
753	192975_10	string
753	130253_22	string
753	130253_23	string
753	199085_15	string
753	108176_17	string
753	199085_20	string
753	101099_10	string
753	198266_20	string
753	119282_8	string
753	150319_15	string
753	184541_20	string
753	101099_11	string
753	142089_12	string
753	146094_6	string
753	174571_7	string
753	166575_13	string
753	104707_22	string
753	171971_16	string
753	159468_10	string
753	159468_13	string
753	163153_24	string
753	157809_16	string
753	109928_19	string
753	199008_27	string
753	198957_12	string
753	124749_29	string
753	138678_29	string
753	171357_23	string
753	176512_14	string
753	108451_13	string
753	124621_16	string
753	124621_18	string
753	133424_30	string
754	149111_14	string
754	125626_14	string
754	104082_6	string
754	104082_7	string
754	104082_11	string
754	130655_1	string
754	131087_5	string
754	145699_7	string
754	154237_14	string
754	171971_13	string
754	177622_11	string
754	177622_12	string
754	116955_9	string
754	145699_17	string
754	145699_18	string
754	104707_17	string
754	177498_6	string
754	177498_7	string
754	106327_7	string
754	106327_8	string
754	163816_1	string
754	190242_10	string
754	190805_6	string
754	149256_1	synonym
754	106794_16	string
754	106794_17	string
754	149095_0	abbreviation
754	149095_1	abbreviation
754	146452_16	string
754	146452_17	string
754	117293_14	implication
754	111966_20	implication
754	117293_15	string
754	139433_6	string
754	117293_16	string
754	129412_11	string
754	149111_1	string
754	122174_6	string
754	181555_7	string
754	141084_9	string
754	103369_8	string
754	103369_9	string
754	119124_3	string
754	103049_6	string
754	125626_15	string
754	190242_1	synonym
754	190242_2	synonym
754	190805_5	string
754	115692_12	string
754	131087_2	string
754	119691_7	string
754	163816_2	string
754	131087_6	string
754	131087_7	string
754	163816_5	string
754	130655_3	abbreviation
754	104707_1	string
754	104707_2	string
754	104707_3	string
754	104082_5	string
754	106327_2	string
754	121045_7	string
754	104707_15	string
754	104707_16	string
754	119273_10	string
754	119273_11	string
754	177622_2	string
754	167768_10	string
754	177622_14	string
754	177622_15	string
755	149111_14	synonym
755	171817_4	synonym
755	171817_5	synonym
755	139249_2	synonym
755	196268_7	synonym
755	149111_15	synonym
755	197150_18	synonym
755	196268_8	synonym
755	129486_5	synonym
755	197150_22	synonym
755	101480_1	synonym
755	125316_13	synonym
755	130655_5	synonym
755	135705_11	synonym
755	186382_9	abbreviation
755	171753_7	synonym
755	171753_9	synonym
755	131768_19	synonym
755	114444_22	synonym
755	114444_23	synonym
755	101480_14	synonym
755	167972_11	synonym
755	171393_3	synonym
755	135610_7	synonym
755	163153_16	synonym
755	127274_4	synonym
755	154237_9	synonym
755	127274_10	synonym
755	183737_2	synonym
755	154237_14	synonym
755	127274_11	synonym
755	129556_22	synonym
755	133568_12	synonym
755	164712_1	synonym
755	129556_23	synonym
755	135610_13	synonym
755	101480_25	synonym
755	183737_10	synonym
755	124621_3	synonym
755	145699_18	synonym
755	163870_4	synonym
755	164712_12	synonym
755	114425_1	synonym
755	114425_2	synonym
755	164712_13	abbreviation
755	137477_1	synonym
755	125755_2	synonym
755	164712_15	synonym
755	150804_7	synonym
755	114425_3	synonym
755	137477_5	synonym
755	125755_8	synonym
755	164712_25	synonym
755	185823_14	synonym
755	146958_12	synonym
755	100454_3	synonym
755	122883_6	synonym
755	129650_5	synonym
755	129279_4	synonym
755	149203_1	synonym
755	100454_9	synonym
755	170309_12	synonym
755	125325_10	synonym
755	191228_1	synonym
755	125325_12	synonym
755	104777_11	synonym
755	149203_8	synonym
755	191228_3	synonym
755	104777_12	synonym
755	141292_5	synonym
755	194111_2	synonym
755	176996_2	synonym
755	104777_14	synonym
755	104777_15	synonym
755	174736_7	synonym
755	104777_16	synonym
755	112446_11	synonym
755	169428_7	synonym
755	198152_1	synonym
755	174736_12	string
755	132786_6	synonym
755	162515_2	synonym
755	102295_6	synonym
755	133339_17	synonym
755	162515_3	synonym
755	176996_14	synonym
755	147575_9	synonym
755	168331_31	synonym
755	168331_32	synonym
755	162515_8	synonym
755	162515_10	synonym
755	191228_21	synonym
755	191228_22	synonym
755	162515_12	synonym
755	191228_23	synonym
755	162515_15	synonym
755	152649_13	synonym
755	123916_2	synonym
755	191228_26	synonym
755	174752_14	synonym
755	157077_8	synonym
755	174752_15	synonym
755	174752_16	synonym
755	145874_11	synonym
755	126490_9	synonym
755	157077_9	synonym
755	123916_7	synonym
755	157077_11	synonym
755	157077_12	synonym
755	161418_3	synonym
755	149256_12	synonym
755	198152_25	synonym
755	112834_7	synonym
755	184905_9	synonym
755	145874_18	synonym
755	167483_16	abbreviation
755	136424_2	synonym
755	147165_2	synonym
755	147165_3	synonym
755	147165_4	synonym
755	161418_13	string
755	147165_12	synonym
755	110084_2	synonym
755	106334_15	synonym
755	103679_6	synonym
755	146452_19	synonym
755	101449_14	synonym
755	147502_3	synonym
755	174752_31	synonym
755	136424_15	synonym
755	165056_2	synonym
755	147502_11	synonym
755	147502_12	synonym
755	172267_2	implication
755	151223_15	synonym
755	165056_10	synonym
755	165056_11	synonym
755	165056_12	synonym
755	149111_2	abbreviation
755	165056_15	synonym
755	149111_11	synonym
755	197150_2	synonym
755	114444_19	synonym
755	126490_12	synonym
755	171027_11	synonym
755	185494_8	synonym
755	126490_13	synonym
755	126490_16	string
755	174752_24	string
755	107416_8	synonym
755	184324_9	string
755	107416_9	synonym
755	157640_3	synonym
755	126623_15	synonym
755	105954_7	synonym
755	198152_16	synonym
755	174752_26	synonym
755	189534_1	synonym
755	144754_2	synonym
755	131768_4	synonym
755	157640_9	synonym
755	157640_10	abbreviation
755	189423_3	abbreviation
755	162515_13	string
755	174752_30	synonym
755	198152_22	synonym
755	167697_7	synonym
755	131768_21	synonym
755	114183_27	synonym
755	101480_2	synonym
755	139249_6	string
755	149203_13	string
755	101480_12	synonym
755	145874_9	string
755	145874_10	string
755	145874_13	synonym
755	101480_15	synonym
755	112313_1	synonym
755	171393_2	synonym
755	145874_16	synonym
755	116117_10	synonym
755	145874_20	synonym
755	132786_12	implication
755	135610_8	synonym
755	101480_23	string
755	170781_8	string
755	135610_12	synonym
755	170781_9	synonym
755	170781_10	synonym
755	112834_11	synonym
755	126427_3	synonym
755	126427_4	synonym
755	157077_13	synonym
755	163153_14	synonym
755	126013_1	string
755	194111_3	abbreviation
755	194111_8	synonym
755	126013_10	synonym
755	171393_36	synonym
755	119239_8	synonym
755	114444_12	synonym
755	129611_12	synonym
755	171027_2	synonym
756	114845_8	string
756	114845_9	string
756	101882_7	synonym
756	127159_7	string
756	113492_4	synonym
756	191025_6	string
756	191025_7	string
756	167036_19	synonym
756	167036_20	string
756	121731_8	string
756	132884_11	synonym
756	110549_6	hyponym
756	143479_17	synonym
756	104831_1	synonym
756	104831_3	synonym
756	190179_19	synonym
756	104831_4	synonym
756	123994_1	synonym
756	123994_4	hyponym
756	123994_6	synonym
756	113644_10	synonym
756	113644_11	string
756	103267_10	synonym
756	120538_6	string
756	157296_20	hyponym
756	167413_15	synonym
756	157008_2	string
756	145308_7	string
756	145308_9	string
756	175366_6	hyponym
756	114845_2	synonym
756	172900_6	string
756	157329_4	synonym
756	175366_18	string
756	177389_12	string
756	140432_7	string
756	175366_20	string
756	155684_14	synonym
756	108346_7	string
756	190179_7	implication
756	190179_8	hyponym
756	190179_13	hyponym
756	190179_14	string
756	170407_7	synonym
756	157329_16	string
756	197122_25	string
756	172900_7	string
756	157329_20	string
756	191025_5	string
756	157685_8	hyponym
756	157685_12	hyponym
756	145308_6	implication
756	120538_4	hyponym
756	113492_1	synonym
756	160997_0	synonym
756	190179_2	string
757	114837_6	implication
757	148450_5	abbreviation
757	148450_6	implication
757	159376_11	synonym
757	104082_11	synonym
757	148450_15	implication
757	114837_23	synonym
757	130655_6	synonym
757	114837_24	synonym
757	162528_4	synonym
757	157301_8	implication
757	142372_1	abbreviation
757	174697_6	synonym
757	171971_7	hyponym
757	183737_2	abbreviation
757	167088_5	abbreviation
757	199482_2	synonym
757	176083_21	string
757	106310_5	synonym
757	124621_12	synonym
757	122883_2	synonym
757	122883_6	abbreviation
757	170654_4	synonym
757	199482_25	synonym
757	125325_10	synonym
757	125325_11	implication
757	170654_9	abbreviation
757	199482_30	synonym
757	170654_14	abbreviation
757	199482_31	synonym
757	191228_6	abbreviation
757	170654_15	abbreviation
757	168331_25	synonym
757	172605_15	synonym
757	112613_12	synonym
757	145340_1	abbreviation
757	145340_6	synonym
757	159878_1	abbreviation
757	145340_14	implication
757	159878_9	synonym
757	159878_10	synonym
757	161610_7	synonym
757	106220_7	abbreviation
757	165603_6	abbreviation
757	161610_15	synonym
757	103679_6	string
757	110084_6	implication
757	114939_4	implication
757	175480_7	synonym
757	145013_4	synonym
757	187916_5	synonym
757	144657_4	synonym
757	143223_13	abbreviation
757	127159_2	synonym
757	165603_7	implication
757	197419_8	synonym
757	134823_6	synonym
757	142372_2	synonym
757	168331_28	string
757	190805_7	synonym
757	109514_5	synonym
757	108084_29	synonym
757	128140_5	abbreviation
757	149436_5	abbreviation
757	133855_4	abbreviation
757	183972_4	implication
757	157301_9	synonym
757	173656_5	abbreviation
757	172884_8	string
757	172884_10	string
757	121917_5	synonym
757	199482_10	synonym
757	133424_12	synonym
757	179996_3	abbreviation
757	176083_22	string
758	144659_2	implication
758	114845_11	string
758	125626_16	string
758	144659_9	string
758	102758_7	string
758	144659_11	string
758	159376_16	string
758	159376_19	string
758	194360_10	synonym
758	169273_4	implication
758	169273_10	synonym
758	165297_8	implication
758	150402_16	string
758	145699_21	string
758	179104_13	implication
758	145699_23	synonym
758	145699_24	string
758	179440_3	string
758	148059_4	string
758	141891_3	synonym
758	148059_8	string
758	179104_21	string
758	141891_4	string
758	148059_9	string
758	148059_10	string
758	148059_12	string
758	148059_13	string
758	179440_13	abbreviation
758	179440_17	string
758	185823_15	string
758	179440_20	string
758	179440_22	string
758	144195_11	string
758	159468_7	string
758	159468_8	string
758	159468_12	string
758	147575_1	synonym
758	147575_10	synonym
758	148215_17	string
758	148215_18	string
758	176996_16	string
758	130451_11	string
758	138009_8	string
758	112474_12	string
758	190272_12	synonym
758	117293_15	string
758	114845_4	implication
758	141996_17	string
758	147502_13	synonym
758	165603_31	string
758	141996_18	string
758	147502_16	synonym
758	165603_35	string
758	149452_12	string
758	129255_8	string
758	133242_20	string
758	117293_33	string
758	133242_21	string
758	133242_22	string
758	148059_0	string
758	148059_11	string
758	190272_15	string
758	144659_12	string
758	176996_19	string
758	176996_20	string
758	129255_2	string
758	129255_3	string
758	130451_12	string
758	125626_13	string
758	125626_15	string
758	165603_32	string
758	112474_13	string
758	145699_28	string
758	102758_9	string
758	194360_11	string
758	185823_11	string
758	185823_12	string
758	179104_15	string
758	169273_11	string
758	179104_20	string
758	117293_32	string
758	179104_26	string
758	159376_15	string
758	144195_1	string
758	179440_16	string
758	147575_11	string
758	144195_10	synonym
758	159468_10	string
758	149452_8	implication
759	144659_2	implication
759	118475_5	string
759	125626_19	string
759	137438_4	string
759	189762_3	string
759	144659_9	string
759	144659_11	string
759	189762_6	string
759	118475_9	string
759	144659_14	string
759	140236_9	string
759	181044_9	string
759	137438_13	string
759	137438_14	string
759	143937_10	string
759	137438_17	string
759	137438_19	string
759	184945_8	implication
759	143937_14	string
759	184945_18	abbreviation
759	184945_19	string
759	184945_20	string
759	184945_22	implication
759	124864_4	string
759	168022_5	synonym
759	168022_7	string
759	150402_7	synonym
759	189667_3	string
759	150402_8	string
759	189667_5	string
759	177622_12	abbreviation
759	109853_3	string
759	138286_12	string
759	138286_15	string
759	154583_5	string
759	109853_6	string
759	199726_1	implication
759	150402_16	string
759	116955_12	synonym
759	116955_13	string
759	150402_17	string
759	154583_8	string
759	141036_7	string
759	199726_6	string
759	155573_9	string
759	104707_23	string
759	104841_3	synonym
759	128744_4	string
759	128744_5	string
759	177082_15	string
759	154245_7	string
759	154245_8	string
759	128251_6	string
759	154245_9	string
759	174786_19	string
759	136373_14	string
759	166203_6	string
759	186363_1	abbreviation
759	186363_2	string
759	176617_10	string
759	113469_5	string
759	186363_9	implication
759	136373_26	string
759	136373_29	string
759	128247_3	string
759	197459_10	string
759	128247_12	string
759	128247_13	string
759	130451_9	string
759	128247_15	string
759	128247_16	string
759	183308_14	string
759	151011_4	string
759	156001_5	string
759	183308_17	string
759	175030_18	string
759	106794_17	string
759	164280_7	string
759	175030_19	string
759	151011_8	string
759	183308_19	string
759	114158_16	string
759	175030_24	string
759	106794_23	string
759	175030_28	string
759	187941_8	string
759	105861_16	string
759	183308_28	string
759	193944_5	implication
759	171913_12	string
759	161430_8	string
759	159434_9	string
759	136424_13	string
759	159434_10	string
759	171913_14	string
759	159434_11	string
759	105861_30	string
759	136049_7	string
759	193944_13	string
759	178922_9	string
759	176232_6	string
759	115024_12	string
759	136424_24	string
759	129255_7	string
759	151223_19	string
759	149452_12	abbreviation
759	129255_8	string
759	125626_1	implication
759	125626_2	string
759	104082_0	string
759	125626_9	string
759	125626_11	string
759	125626_12	string
759	136049_9	string
759	187941_9	string
759	149452_13	string
759	136049_11	string
759	106794_18	string
759	171913_11	string
759	153808_9	synonym
759	197459_8	string
759	153808_13	string
759	197459_11	string
759	174786_16	string
759	148450_17	string
759	106794_28	string
759	174786_18	string
759	143937_8	string
759	181044_12	string
759	176801_17	string
759	143937_11	implication
759	165603_11	implication
759	114158_10	string
759	105861_21	string
759	176617_8	string
759	176801_20	string
759	114158_11	string
759	186363_10	abbreviation
759	186363_11	string
759	144659_12	string
759	175030_26	string
759	114528_11	string
759	159968_4	string
759	140236_11	string
759	151011_6	string
759	129255_9	string
759	130451_8	string
759	130451_12	string
759	125626_10	string
759	168943_0	string
759	168943_1	string
759	165603_29	synonym
759	165603_30	string
759	125626_15	string
759	109853_7	string
759	128590_1	string
759	128590_2	string
759	115024_16	string
759	128251_4	string
759	128251_5	string
759	168943_9	string
759	128590_6	string
759	151223_17	string
759	131087_1	string
759	168943_10	string
759	131087_2	string
759	136424_18	string
759	168943_12	string
759	168943_14	string
759	128590_13	string
759	131087_9	string
759	178961_16	abbreviation
759	184214_18	string
759	161430_11	string
759	124864_7	string
759	152972_3	string
759	128590_18	string
759	128590_19	string
759	159434_12	string
759	128590_21	string
759	128140_10	string
759	128590_23	string
759	149436_10	string
759	149436_11	string
759	104707_0	implication
759	128590_24	string
759	178961_22	string
759	141036_9	string
759	104841_0	synonym
759	155573_7	string
759	112313_12	string
759	141036_10	string
759	138286_13	string
759	104841_5	string
759	154583_9	implication
759	116955_11	string
759	129650_6	string
759	144518_7	string
759	104841_9	string
759	104841_10	string
759	173656_0	string
759	104707_11	string
759	144518_9	string
759	104707_12	string
759	189762_2	implication
759	189762_4	string
759	189762_7	string
759	150402_1	string
759	179998_9	string
759	137438_3	string
759	177082_14	string
759	104707_18	string
759	184945_17	implication
759	177082_16	string
759	118210_3	implication
759	176232_4	implication
759	184945_23	string
759	177082_20	string
759	176232_5	string
759	137438_12	string
759	177082_22	implication
759	184945_25	string
759	184945_26	string
759	177082_23	string
759	104707_21	string
759	118210_8	string
759	118210_10	string
759	104707_24	string
759	121925_10	string
759	136049_5	string
759	136049_6	string
759	156001_8	string
759	177622_1	abbreviation
759	177622_2	synonym
759	167768_8	string
759	178922_12	string
759	167768_11	synonym
759	183308_6	string
759	183308_8	string
759	177622_13	abbreviation
759	183308_9	string
759	183308_13	string
759	183308_15	string
759	183308_18	string
759	183308_22	string
759	183308_23	string
759	199726_4	string
760	172461_11	synonym
760	159687_5	synonym
760	159687_7	synonym
760	106611_6	synonym
760	146195_8	abbreviation
760	151377_7	string
760	151377_8	string
760	172461_12	synonym
760	131694_5	string
760	131694_6	string
760	126490_1	synonym
760	126490_2	synonym
761	172461_11	synonym
761	152273_7	synonym
761	165227_7	string
761	165227_8	synonym
761	188241_14	string
761	133608_12	synonym
761	179225_7	synonym
761	151265_10	synonym
761	128590_14	synonym
761	172461_14	synonym
761	165227_11	string
761	152273_13	synonym
761	179225_11	string
761	165227_15	synonym
761	151265_13	string
761	187378_18	synonym
761	128587_4	synonym
761	133608_21	synonym
761	151265_16	synonym
761	187378_23	synonym
761	131087_5	synonym
761	195624_10	synonym
761	143937_10	string
761	195624_11	synonym
761	162798_14	synonym
761	152972_7	synonym
761	162798_18	string
761	183827_2	synonym
761	145699_2	synonym
761	134719_12	synonym
761	145699_3	synonym
761	162798_24	string
761	119124_19	synonym
761	124788_11	synonym
761	183827_11	synonym
761	124788_12	synonym
761	100966_2	synonym
761	183827_12	synonym
761	124788_14	synonym
761	100966_7	synonym
761	100966_8	synonym
761	177622_12	synonym
761	116117_0	synonym
761	100966_12	synonym
761	100966_13	implication
761	107357_7	string
761	151377_13	synonym
761	177622_18	string
761	145699_20	synonym
761	105694_11	synonym
761	177622_20	synonym
761	145699_21	synonym
761	177622_21	synonym
761	145699_22	synonym
761	115471_11	synonym
761	104707_17	synonym
761	174964_2	synonym
761	145699_24	string
761	147345_2	string
761	174964_4	implication
761	115471_15	string
761	172591_6	synonym
761	116117_11	synonym
761	126812_6	synonym
761	134208_11	synonym
761	115471_17	synonym
761	172591_8	synonym
761	165297_15	synonym
761	134208_12	string
761	176039_0	synonym
761	174964_9	implication
761	126812_11	string
761	147345_13	synonym
761	109170_0	implication
761	165297_16	synonym
761	176039_2	synonym
761	174964_11	synonym
761	174964_12	synonym
761	126812_12	string
761	165297_18	string
761	126812_14	synonym
761	176039_8	synonym
761	167196_10	synonym
761	167196_11	string
761	167196_13	synonym
761	134027_14	string
761	176039_12	synonym
761	176039_13	synonym
761	109170_13	string
761	115338_8	synonym
761	190150_0	synonym
761	134027_19	string
761	174786_17	synonym
761	109170_17	string
761	190150_2	synonym
761	190150_3	string
761	193189_7	synonym
761	190150_5	string
761	115338_13	synonym
761	136373_13	synonym
761	159675_47	synonym
761	171357_17	synonym
761	129998_8	synonym
761	193189_10	synonym
761	171357_22	string
761	184450_2	synonym
761	196880_0	implication
761	190537_10	synonym
761	184450_8	synonym
761	130451_1	synonym
761	161086_13	synonym
761	196880_2	synonym
761	149436_1	synonym
761	184450_10	synonym
761	136373_26	string
761	190242_10	synonym
761	184450_12	synonym
761	158711_11	synonym
761	184450_14	synonym
761	136373_29	synonym
761	158711_12	synonym
761	149436_9	synonym
761	172884_7	string
761	155170_2	synonym
761	157839_5	synonym
761	158711_14	synonym
761	196880_11	synonym
761	155170_3	synonym
761	185811_8	synonym
761	139987_4	synonym
761	144754_39	synonym
761	184450_21	synonym
761	185811_9	string
761	130451_7	synonym
761	196880_16	synonym
761	157839_9	string
761	196880_17	synonym
761	178322_12	string
761	158827_11	string
761	162213_1	synonym
761	158827_14	synonym
761	178322_16	string
761	157008_1	synonym
761	114158_7	synonym
761	175030_16	synonym
761	106794_17	synonym
761	157008_7	synonym
761	151011_8	synonym
761	157008_10	synonym
761	114158_16	synonym
761	195735_9	synonym
761	175030_23	string
761	106794_21	string
761	152273_0	synonym
761	162213_10	synonym
761	180691_4	synonym
761	106794_23	string
761	175030_27	synonym
761	137441_1	synonym
761	107340_24	string
761	164967_6	synonym
761	160732_3	synonym
761	106794_29	synonym
761	183308_27	synonym
761	183308_28	synonym
761	103229_1	synonym
761	137441_10	synonym
761	100754_6	synonym
761	107340_27	string
761	160732_7	synonym
761	137441_11	synonym
761	137441_12	synonym
761	164967_11	string
761	103229_9	synonym
761	164967_14	synonym
761	111966_15	string
761	111966_16	string
761	103229_11	string
761	187790_5	synonym
761	103229_14	synonym
761	100754_13	synonym
761	108084_8	synonym
761	199568_11	synonym
761	188772_10	string
761	139433_6	synonym
761	199568_12	synonym
761	114939_12	string
761	188772_13	string
761	188772_14	string
761	139433_8	synonym
761	139433_9	synonym
761	100754_19	synonym
761	133608_1	synonym
761	100139_12	synonym
761	184718_3	synonym
761	100754_23	synonym
761	167768_9	synonym
761	108084_22	synonym
761	177389_12	string
761	133608_8	implication
761	177389_13	string
761	172461_1	synonym
761	106611_19	synonym
761	160997_20	string
761	115024_13	synonym
761	172461_4	synonym
761	153808_2	implication
761	172461_5	synonym
761	177389_17	synonym
761	165603_35	synonym
761	172461_9	synonym
761	172461_10	synonym
761	137106_7	synonym
761	137106_8	string
761	154332_3	synonym
761	124764_4	synonym
761	130539_18	string
761	153808_10	synonym
761	124764_6	string
761	154332_6	string
761	115692_16	string
761	184450_22	synonym
761	184833_10	string
761	188241_2	synonym
761	157839_6	synonym
761	158711_16	string
761	157839_7	synonym
761	143937_1	synonym
761	157839_10	string
761	128795_10	synonym
761	128795_11	synonym
761	107416_3	synonym
761	153808_9	synonym
761	128795_13	synonym
761	107340_18	string
761	157839_12	synonym
761	128795_14	synonym
761	188241_10	synonym
761	107416_4	synonym
761	128795_16	synonym
761	128795_17	string
761	174786_18	synonym
761	128795_18	string
761	128795_20	synonym
761	100139_13	string
761	154469_6	synonym
761	158827_8	synonym
761	165227_10	synonym
761	174786_24	synonym
761	136356_10	string
761	162213_11	synonym
761	176039_6	synonym
761	108084_1	synonym
761	108084_2	synonym
761	158827_12	string
761	136356_11	string
761	175030_22	string
761	136356_12	string
761	179225_10	implication
761	179225_12	string
761	175030_26	synonym
761	176039_7	synonym
761	176039_11	synonym
761	165227_14	synonym
761	107357_6	synonym
761	108084_5	synonym
761	109170_9	synonym
761	130451_2	synonym
761	151011_3	synonym
761	198152_20	synonym
761	119124_2	synonym
761	199568_14	synonym
761	161086_15	string
761	161086_16	string
761	162213_19	string
761	161086_17	string
761	153406_10	synonym
761	144754_11	synonym
761	178961_3	string
761	130451_12	string
761	109170_16	string
761	153406_15	string
761	133608_11	implication
761	151377_14	string
761	133608_13	synonym
761	187916_16	synonym
761	147345_9	string
761	147345_11	string
761	198152_30	synonym
761	134719_1	synonym
761	119124_14	synonym
761	100966_10	string
761	119124_15	string
761	115024_14	string
761	108084_24	synonym
761	133608_18	string
761	197423_1	implication
761	154332_1	synonym
761	184718_4	string
761	184718_5	string
761	108084_28	synonym
761	137106_10	string
761	145699_29	synonym
761	144754_37	string
761	134027_1	synonym
761	137106_11	string
761	130539_15	string
761	108084_30	synonym
761	187916_22	string
761	197423_6	synonym
761	108084_31	string
761	116117_1	synonym
761	162798_7	implication
761	188772_9	synonym
761	197423_8	synonym
761	178322_15	synonym
761	187916_25	string
761	134719_9	synonym
761	134719_10	synonym
761	197423_9	string
761	187378_0	synonym
761	134027_7	implication
761	102889_7	synonym
761	190242_15	string
761	102889_8	string
761	187916_28	string
761	115692_17	string
761	134027_11	synonym
761	190242_19	synonym
761	162798_13	synonym
761	190150_4	string
761	134027_12	synonym
761	134027_15	string
761	151265_15	synonym
761	152273_14	synonym
761	128590_19	synonym
761	134027_18	implication
761	162798_22	string
761	128590_20	string
761	116117_12	synonym
761	124788_8	synonym
761	162798_23	string
761	164967_1	synonym
761	116117_13	string
761	195735_6	implication
761	139433_5	synonym
761	149436_12	string
761	187378_16	synonym
761	174964_16	string
761	174964_17	string
761	149436_16	synonym
761	164967_7	synonym
761	187378_22	synonym
761	170781_10	string
761	187378_25	string
761	170781_11	string
761	125101_1	synonym
761	196880_14	string
761	124764_5	string
761	165297_19	string
761	137441_13	string
761	172884_9	string
761	129998_9	string
761	137441_15	string
761	104707_21	synonym
761	104707_22	string
761	125101_14	string
761	139987_3	synonym
761	106794_5	implication
761	177622_2	synonym
761	183308_2	synonym
761	171357_18	synonym
761	183308_3	synonym
761	171357_20	synonym
761	138678_27	string
761	171357_21	string
761	160997_18	string
761	113469_10	synonym
761	107340_12	synonym
761	167768_15	synonym
761	160997_21	string
761	167768_17	string
761	129611_21	synonym
761	129611_27	string
762	139249_2	abbreviation
762	128050_10	string
762	125594_38	string
762	125626_14	string
762	125594_39	string
762	173316_10	string
762	197150_18	abbreviation
762	102758_3	abbreviation
762	129486_5	string
762	197150_22	string
762	144023_1	abbreviation
762	106091_2	string
762	115521_14	string
762	178787_12	abbreviation
762	125316_13	string
762	125594_42	string
762	110998_0	abbreviation
762	110998_1	abbreviation
762	167972_2	abbreviation
762	101480_3	abbreviation
762	149498_13	synonym
762	194360_4	synonym
762	186382_5	abbreviation
762	186382_6	abbreviation
762	194360_6	string
762	135705_11	string
762	110998_8	string
762	101480_6	abbreviation
762	125594_49	string
762	149498_19	string
762	149073_36	synonym
762	162749_12	abbreviation
762	195471_5	implication
762	110998_9	string
762	195471_6	abbreviation
762	171753_7	abbreviation
762	195471_8	string
762	197419_20	string
762	179480_27	string
762	167831_21	implication
762	106091_14	abbreviation
762	171753_9	abbreviation
762	179480_29	string
762	131768_19	string
762	194360_15	string
762	114444_22	string
762	101480_14	string
762	183002_7	abbreviation
762	167972_11	abbreviation
762	110998_17	string
762	193575_2	synonym
762	171393_3	string
762	179480_30	string
762	176997_2	abbreviation
762	192498_3	string
762	167088_1	synonym
762	112313_9	abbreviation
762	145699_3	string
762	183002_8	abbreviation
762	135610_7	string
762	138709_6	string
762	138709_7	string
762	163153_16	string
762	138709_8	string
762	188206_10	abbreviation
762	174697_8	string
762	192522_2	string
762	138709_11	string
762	138709_12	string
762	183737_2	string
762	154237_14	abbreviation
762	171971_13	string
762	118501_10	abbreviation
762	129556_22	string
762	133568_12	string
762	164712_1	abbreviation
762	199407_9	string
762	129556_23	string
762	135610_13	string
762	138709_15	string
762	196411_3	string
762	134389_12	string
762	192522_10	abbreviation
762	192498_15	abbreviation
762	101480_25	string
762	199085_8	abbreviation
762	183737_10	abbreviation
762	138709_18	string
762	188206_20	string
762	124621_3	abbreviation
762	136086_6	string
762	136086_7	string
762	145699_18	synonym
762	199085_12	string
762	163870_4	abbreviation
762	199085_14	string
762	133855_16	synonym
762	192498_24	string
762	164712_12	string
762	136086_11	implication
762	199726_5	string
762	164712_13	string
762	199085_18	string
762	164712_15	string
762	150804_7	abbreviation
762	143877_13	abbreviation
762	199726_6	string
762	105400_1	string
762	186436_9	abbreviation
762	165297_14	abbreviation
762	165297_15	string
762	171393_22	string
762	143877_17	string
762	106327_7	string
762	170628_8	synonym
762	116778_6	string
762	142533_6	string
762	170628_9	abbreviation
762	133325_5	string
762	143877_19	string
762	102679_2	abbreviation
762	102679_3	string
762	165297_17	string
762	101099_8	abbreviation
762	105400_7	synonym
762	166575_7	abbreviation
762	199962_9	implication
762	102679_6	abbreviation
762	164712_25	string
762	147054_4	synonym
762	171393_26	abbreviation
762	116778_10	string
762	102679_9	abbreviation
762	179440_18	string
762	105400_11	string
762	185823_15	string
762	163816_1	abbreviation
762	186436_16	string
762	171473_1	abbreviation
762	163321_16	abbreviation
762	147054_6	string
762	142533_15	implication
762	105400_13	string
762	119283_3	implication
762	171473_2	abbreviation
762	100037_1	abbreviation
762	199008_4	abbreviation
762	159675_41	string
762	100454_3	abbreviation
762	129017_12	string
762	117954_2	synonym
762	184324_8	abbreviation
762	196148_22	abbreviation
762	171473_7	abbreviation
762	129650_5	abbreviation
762	129279_4	string
762	187917_1	synonym
762	193189_8	string
762	100454_9	abbreviation
762	159675_46	string
762	170309_12	string
762	100454_10	abbreviation
762	125325_10	abbreviation
762	159675_47	string
762	164384_1	string
762	171357_17	string
762	100037_9	string
762	187917_4	abbreviation
762	117954_9	abbreviation
762	100037_10	abbreviation
762	125325_12	abbreviation
762	104777_11	string
762	125325_13	string
762	108176_14	string
762	141292_4	string
762	159675_50	synonym
762	191228_3	string
762	100037_11	abbreviation
762	182247_6	string
762	104777_13	abbreviation
762	166902_23	implication
762	182247_9	string
762	172605_9	string
762	194111_2	synonym
762	164384_8	string
762	176996_2	synonym
762	104777_14	abbreviation
762	174736_7	string
762	154423_3	string
762	112446_11	string
762	133219_1	string
762	133219_2	string
762	172605_10	abbreviation
762	169428_7	string
762	157296_9	string
762	103049_7	string
762	166902_27	string
762	166902_28	string
762	174736_12	string
762	132786_6	string
762	192151_11	string
762	102295_6	abbreviation
762	133339_17	abbreviation
762	168279_46	string
762	104777_24	string
762	155533_6	abbreviation
762	112613_16	string
762	166902_32	string
762	176996_14	abbreviation
762	168331_30	string
762	147575_9	abbreviation
762	112613_17	string
762	104777_25	string
762	169374_4	string
762	112869_1	abbreviation
762	118392_14	string
762	166902_34	string
762	157296_20	string
762	162515_8	string
762	123655_1	string
762	144722_1	string
762	162515_10	string
762	109667_3	string
762	109667_5	implication
762	174483_2	string
762	159894_16	synonym
762	178126_0	implication
762	191228_23	abbreviation
762	169374_11	string
762	166902_39	abbreviation
762	163301_7	string
762	180546_9	synonym
762	162515_15	string
762	169374_12	string
762	180546_11	string
762	171305_3	string
762	178126_4	string
762	105017_2	string
762	152649_13	string
762	123655_9	string
762	124465_0	synonym
762	124465_1	abbreviation
762	105861_1	string
762	123916_2	string
762	174752_13	string
762	191228_26	string
762	177351_1	abbreviation
762	124465_4	synonym
762	174752_14	abbreviation
762	124465_5	abbreviation
762	105861_3	abbreviation
762	177613_2	synonym
762	197331_0	implication
762	156001_5	string
762	157077_8	string
762	174752_15	abbreviation
762	174752_16	abbreviation
762	145874_11	string
762	105861_5	abbreviation
762	124465_6	abbreviation
762	197122_2	abbreviation
762	179838_2	string
762	197331_1	implication
762	144766_3	abbreviation
762	144722_14	synonym
762	123916_7	abbreviation
762	157077_11	string
762	157077_12	string
762	125594_3	string
762	161418_3	abbreviation
762	132914_1	abbreviation
762	132914_2	abbreviation
762	123916_8	string
762	177613_8	abbreviation
762	118218_1	abbreviation
762	123916_9	string
762	198152_25	string
762	139341_13	string
762	149095_1	abbreviation
762	123916_10	string
762	184905_9	string
762	145874_18	string
762	142089_6	abbreviation
762	179838_7	abbreviation
762	144766_7	abbreviation
762	132914_5	abbreviation
762	167483_16	abbreviation
762	178126_18	string
762	181929_1	string
762	177613_13	abbreviation
762	105861_12	string
762	123916_14	string
762	178126_19	string
762	101833_2	string
762	178126_21	string
762	125594_9	abbreviation
762	101833_3	synonym
762	121743_6	string
762	180800_24	abbreviation
762	132914_12	string
762	187941_7	abbreviation
762	123916_16	string
762	171305_21	abbreviation
762	181929_6	string
762	105861_16	abbreviation
762	171305_24	string
762	181929_8	string
762	132914_16	string
762	105861_18	abbreviation
762	161418_13	string
762	161418_14	string
762	155327_1	string
762	178126_28	string
762	162642_4	abbreviation
762	159434_1	abbreviation
762	162147_3	string
762	146452_15	implication
762	162642_5	string
762	110084_1	abbreviation
762	110084_2	abbreviation
762	171305_29	string
762	106334_15	string
762	174261_2	abbreviation
762	174261_3	abbreviation
762	103679_6	string
762	175480_1	string
762	175480_2	string
762	195244_5	abbreviation
762	181929_12	string
762	178126_32	string
762	125594_17	string
762	160100_12	string
762	195244_6	synonym
762	105861_23	string
762	162147_8	abbreviation
762	125594_19	string
762	146452_19	string
762	101449_12	implication
762	162147_11	string
762	150306_9	abbreviation
762	155327_12	string
762	101449_14	string
762	106611_8	implication
762	150008_11	string
762	109514_10	string
762	195244_12	string
762	147502_3	abbreviation
762	162147_13	abbreviation
762	150548_1	string
762	174752_31	string
762	129412_9	string
762	117293_16	string
762	117293_17	string
762	105861_30	string
762	136424_15	abbreviation
762	116651_10	string
762	106611_12	string
762	148450_2	string
762	100160_1	abbreviation
762	117293_19	string
762	137869_3	abbreviation
762	144298_8	abbreviation
762	144298_9	abbreviation
762	117293_20	string
762	141996_12	string
762	119246_28	string
762	109514_15	string
762	144298_10	abbreviation
762	117293_21	abbreviation
762	165056_2	abbreviation
762	107683_1	abbreviation
762	147502_11	string
762	125594_34	string
762	117293_22	synonym
762	128140_6	abbreviation
762	147502_12	string
762	117293_23	string
762	107683_2	abbreviation
762	166034_16	abbreviation
762	150588_2	abbreviation
762	172267_2	implication
762	100160_11	abbreviation
762	166034_17	abbreviation
762	133242_9	abbreviation
762	143223_6	implication
762	149498_2	synonym
762	133242_12	string
762	133242_13	string
762	144298_18	string
762	165056_10	abbreviation
762	166034_19	abbreviation
762	115521_3	string
762	133242_14	string
762	130510_7	string
762	151223_19	string
762	165056_11	abbreviation
762	165056_12	string
762	128050_2	string
762	144298_27	string
762	133242_23	string
762	143223_17	abbreviation
762	133242_26	string
762	143223_18	abbreviation
762	147974_10	string
762	183972_1	abbreviation
762	197150_2	string
762	126574_0	synonym
762	197150_5	abbreviation
762	183972_5	abbreviation
762	126574_1	abbreviation
762	126574_3	string
762	126574_5	abbreviation
762	183972_6	synonym
762	183972_8	abbreviation
762	126574_8	string
762	158000_4	string
762	114444_13	string
762	157839_8	string
762	107340_15	string
762	171305_27	string
762	197331_8	string
762	179642_15	string
762	184846_12	string
762	192151_5	string
762	120257_1	synonym
762	171305_28	string
762	192151_6	string
762	113638_1	string
762	197331_13	string
762	179642_16	string
762	114444_19	string
762	177351_3	synonym
762	177351_4	synonym
762	171027_11	string
762	128795_15	string
762	185494_8	string
762	167483_23	string
762	184846_15	string
762	177351_5	synonym
762	167831_5	string
762	128795_16	string
762	126574_2	string
762	113638_2	string
762	148450_14	string
762	105400_0	implication
762	114444_24	string
762	113638_3	string
762	197419_6	string
762	128795_18	string
762	113638_4	string
762	105017_16	string
762	105017_18	string
762	179642_20	string
762	166034_3	string
762	105861_15	string
762	174752_24	string
762	157252_6	string
762	154469_5	string
762	169111_35	synonym
762	104268_18	synonym
762	100139_11	string
762	157252_7	string
762	177351_10	string
762	197122_21	string
762	144298_14	string
762	105017_19	string
762	133242_27	string
762	105400_15	string
762	197419_9	string
762	144298_15	string
762	128795_21	string
762	146452_6	synonym
762	158827_10	string
762	167831_13	string
762	126623_15	string
762	197419_10	string
762	105861_22	string
762	105954_7	string
762	108084_4	string
762	167804_9	string
762	174752_26	synonym
762	162147_18	string
762	105954_8	string
762	189534_1	string
762	154423_1	string
762	162147_19	string
762	119246_3	implication
762	105017_23	string
762	144754_2	abbreviation
762	119246_4	implication
762	131768_4	abbreviation
762	103369_8	string
762	118218_13	string
762	103369_11	string
762	162515_13	string
762	150588_0	implication
762	174752_30	string
762	166034_18	string
762	139341_19	string
762	119246_7	synonym
762	119246_8	string
762	154423_7	string
762	197419_19	string
762	198152_22	string
762	119246_9	string
762	132914_11	string
762	154423_8	string
762	176107_10	string
762	114183_23	string
762	151192_1	abbreviation
762	174483_16	string
762	151223_1	string
762	119246_10	string
762	155093_3	string
762	155093_4	string
762	167697_7	string
762	154423_10	string
762	151223_2	string
762	105017_28	string
762	154423_11	string
762	184214_0	synonym
762	114183_25	string
762	193944_10	string
762	184214_1	synonym
762	178126_20	string
762	116778_9	string
762	143223_5	string
762	103049_6	string
762	172461_13	string
762	114183_26	string
762	119246_16	string
762	131768_21	string
762	151223_9	string
762	155327_8	string
762	101480_2	string
762	119246_18	string
762	103049_9	string
762	130539_12	string
762	155093_7	string
762	150588_11	synonym
762	151526_4	string
762	178126_29	string
762	103049_10	string
762	106611_10	string
762	108084_24	string
762	108084_25	string
762	151526_5	string
762	155327_10	string
762	150588_12	synonym
762	192498_26	string
762	145874_1	string
762	155327_13	string
762	149498_14	string
762	108084_26	string
762	155327_14	string
762	151223_14	string
762	148584_0	string
762	118677_4	string
762	119246_27	string
762	150588_15	synonym
762	129412_13	string
762	119246_29	string
762	181929_15	synonym
762	125316_15	string
762	148584_2	string
762	143877_20	string
762	139249_6	string
762	101480_12	string
762	118677_12	string
762	129556_8	string
762	145874_9	string
762	145874_10	string
762	144766_13	string
762	118677_13	string
762	118677_14	string
762	184214_15	string
762	143877_25	string
762	134857_4	string
762	145874_12	string
762	145874_13	string
762	117293_0	string
762	163816_5	string
762	159894_2	string
762	150588_20	abbreviation
762	188206_9	string
762	194360_7	string
762	109514_11	string
762	101480_15	string
762	112313_1	synonym
762	144766_15	string
762	140222_16	string
762	163816_6	string
762	171393_2	string
762	131087_10	string
762	118677_19	string
762	144766_16	string
762	163165_10	abbreviation
762	131087_11	string
762	180308_6	string
762	118677_20	string
762	145874_16	string
762	131087_12	string
762	178961_17	string
762	194360_12	string
762	101480_17	string
762	142533_1	abbreviation
762	147974_12	string
762	157301_5	synonym
762	194360_13	string
762	178961_18	string
762	109514_17	string
762	101480_18	string
762	116117_10	string
762	145874_19	string
762	145874_20	string
762	125594_14	string
762	142533_8	string
762	199399_18	string
762	109514_18	string
762	159434_12	string
762	125594_15	string
762	183972_7	abbreviation
762	144766_22	string
762	144766_23	synonym
762	125594_16	string
762	147974_20	hyponym
762	177613_9	synonym
762	125594_18	string
762	157301_10	string
762	126341_28	string
762	132786_12	implication
762	157548_2	string
762	100160_2	string
762	135610_8	string
762	101480_23	string
762	112613_6	string
762	178961_23	string
762	163321_3	string
762	112613_8	string
762	157301_11	string
762	155093_20	string
762	183972_11	string
762	112613_9	string
762	169428_8	string
762	170781_8	abbreviation
762	183972_12	string
762	144722_6	string
762	117293_18	string
762	135610_12	string
762	149256_13	string
762	170781_9	abbreviation
762	170781_10	abbreviation
762	117293_24	abbreviation
762	142089_1	string
762	144722_8	string
762	112834_11	string
762	122400_20	string
762	106327_2	string
762	112613_13	string
762	183972_13	synonym
762	100160_10	abbreviation
762	169126_11	string
762	199008_5	string
762	168279_15	string
762	110998_15	string
762	199008_6	string
762	163153_11	string
762	137869_21	string
762	110998_16	string
762	126427_7	string
762	112613_20	string
762	106773_8	string
762	173316_9	string
762	149256_19	string
762	102679_4	string
762	129611_2	string
762	157548_16	string
762	150306_1	string
762	150306_2	string
762	199008_11	string
762	163153_14	string
762	102679_8	string
762	134857_33	string
762	133855_17	string
762	118392_8	string
762	134857_35	string
762	182247_7	string
762	180546_1	string
762	169111_2	synonym
762	134857_36	string
762	136671_2	string
762	167768_0	string
762	133855_20	string
762	180546_2	string
762	126013_1	string
762	171357_5	string
762	150548_11	string
762	166902_30	string
762	158711_1	string
762	157548_25	string
762	171393_27	string
762	150306_11	abbreviation
762	179480_31	string
762	184489_1	string
762	134857_41	string
762	184489_2	string
762	179642_1	string
762	126013_5	synonym
762	163153_22	string
762	157296_18	string
762	157809_12	string
762	184489_10	string
762	157809_13	string
762	134857_45	string
762	136671_16	string
762	171357_16	string
762	139341_1	synonym
762	107340_5	synonym
762	171305_14	string
762	171305_15	string
762	171393_36	string
762	139341_3	implication
762	169111_16	string
762	136086_1	string
762	187941_2	string
762	169111_17	string
762	119239_8	string
762	167768_12	synonym
762	167768_13	synonym
762	169111_18	string
762	169111_19	string
762	174752_8	string
762	129611_9	string
762	124621_13	string
762	120889_10	string
762	104777_10	string
762	129611_12	synonym
762	176083_19	string
762	104777_26	synonym
762	176083_20	string
762	171027_2	synonym
762	129611_22	synonym
763	177846_10	string
763	165510_11	hyponym
763	165510_12	string
763	192975_9	string
763	151265_10	string
763	151265_13	string
763	162348_6	string
763	162348_19	string
763	157743_8	string
763	163870_4	string
763	154583_6	string
763	163870_6	string
763	174964_4	implication
763	121045_9	string
763	121045_10	string
763	172591_8	string
763	163159_12	string
763	174964_9	implication
763	163159_13	string
763	174964_11	string
763	122400_25	string
763	178961_19	string
763	174964_19	string
763	163816_11	string
763	169428_4	string
763	108558_5	string
763	108558_6	string
763	171027_12	string
763	171027_13	string
763	122893_14	string
763	152012_8	hyponym
763	103880_2	string
763	154469_2	string
763	103880_10	string
763	120587_2	string
763	103880_11	hyponym
763	103880_12	string
763	189423_12	string
763	188125_0	implication
763	188125_1	string
763	136424_1	string
763	187941_7	string
763	187941_8	string
763	100559_10	string
763	139585_1	string
763	139585_5	string
763	131156_9	string
763	199568_11	string
763	199568_12	string
763	199568_13	string
763	112857_1	string
763	199568_15	string
763	112857_2	string
763	136424_17	string
763	199568_18	string
763	130070_5	string
763	189534_10	string
763	136424_24	string
763	100160_12	string
763	189534_14	string
763	100160_14	string
763	100160_15	string
763	103063_1	string
763	187941_13	string
763	100921_2	string
763	198331_1	string
763	171027_16	string
763	100921_8	string
763	128119_6	string
763	128119_7	string
763	183009_4	string
763	122893_22	string
763	197423_8	string
763	103880_13	string
763	163816_7	hyponym
763	151265_12	string
763	163816_8	hyponym
763	178961_18	string
763	163816_10	string
763	152012_9	synonym
763	139585_4	string
763	174964_15	string
763	162348_12	string
763	174964_16	string
763	162348_16	string
763	174736_9	string
763	157743_7	string
763	144518_8	string
763	144518_10	string
763	130070_6	string
763	131156_1	hyponym
763	131156_7	string
763	124749_27	string
763	171357_21	string
763	172591_7	string
763	171357_23	string
764	177846_10	string
764	137869_29	string
764	187916_24	string
764	127159_7	synonym
764	154202_11	string
764	197150_22	synonym
764	122903_20	string
764	137869_32	synonym
764	174243_20	synonym
764	181044_10	string
764	143937_10	string
764	176512_13	synonym
764	176512_15	synonym
764	154761_10	string
764	176512_16	synonym
764	195624_14	string
764	179480_29	synonym
764	171753_10	synonym
764	113865_14	string
764	160867_6	synonym
764	179480_33	synonym
764	112777_5	string
764	112777_6	string
764	124864_6	string
764	174262_8	synonym
764	143479_18	string
764	137342_6	string
764	174262_11	implication
764	143479_22	string
764	138286_14	string
764	192498_21	synonym
764	138286_15	string
764	151854_19	synonym
764	177920_17	string
764	174697_17	synonym
764	199399_23	synonym
764	167088_9	string
764	154583_6	string
764	177920_20	synonym
764	199399_24	synonym
764	154583_7	string
764	177920_21	synonym
764	199399_25	implication
764	141520_14	string
764	121045_10	string
764	159838_4	string
764	141520_16	synonym
764	134208_11	string
764	141891_3	string
764	141891_4	string
764	173220_11	synonym
764	194084_6	synonym
764	176801_19	synonym
764	167883_15	synonym
764	185823_14	synonym
764	167883_16	string
764	185823_15	string
764	178961_19	string
764	178961_20	string
764	185823_16	string
764	176077_11	synonym
764	154245_7	synonym
764	154245_8	string
764	176077_12	synonym
764	173656_8	synonym
764	128251_6	string
764	146958_15	synonym
764	126341_31	string
764	159968_9	string
764	187917_5	string
764	125101_13	string
764	108176_19	synonym
764	190537_10	synonym
764	146195_10	string
764	176617_10	synonym
764	113759_15	string
764	132786_10	string
764	123743_12	synonym
764	168331_32	string
764	148215_18	string
764	104434_14	string
764	153094_8	synonym
764	122920_15	string
764	130451_11	string
764	167675_15	string
764	180546_14	string
764	186141_8	synonym
764	115087_6	string
764	180546_18	string
764	144722_13	string
764	151011_8	synonym
764	180621_30	string
764	113598_11	synonym
764	180691_4	synonym
764	112474_12	string
764	120587_9	synonym
764	184833_8	synonym
764	179838_14	synonym
764	140259_5	string
764	184833_9	synonym
764	183308_26	synonym
764	179838_15	string
764	100559_12	string
764	184833_11	string
764	185233_20	string
764	121743_10	synonym
764	106334_16	synonym
764	178112_4	string
764	102015_9	synonym
764	114639_13	string
764	161430_9	string
764	171913_13	string
764	122578_14	string
764	186314_7	string
764	120889_14	string
764	162147_13	synonym
764	134831_8	string
764	162147_16	string
764	100139_12	string
764	180121_5	string
764	130070_5	string
764	176232_6	synonym
764	141996_17	synonym
764	129412_17	string
764	106611_18	synonym
764	106611_19	synonym
764	141996_18	string
764	115024_13	synonym
764	130510_8	string
764	149452_12	string
764	130510_9	string
764	130510_12	synonym
764	130539_18	string
764	166034_24	synonym
764	153808_12	string
764	114250_15	string
764	166034_26	string
764	170407_11	string
764	119239_15	synonym
764	181394_34	synonym
764	112248_12	string
764	119239_16	string
764	112248_13	synonym
764	113598_13	string
764	115087_5	string
764	112520_13	string
764	180691_5	string
764	180691_7	synonym
764	197122_23	string
764	104268_22	string
764	105861_22	synonym
764	104268_24	string
764	136356_12	string
764	172900_7	string
764	136356_14	synonym
764	122578_13	string
764	114528_14	string
764	140236_11	string
764	106334_17	string
764	146195_11	string
764	162213_20	string
764	195981_5	string
764	128587_6	string
764	166203_8	synonym
764	168331_33	string
764	189534_16	synonym
764	128587_7	string
764	181269_2	string
764	109853_7	string
764	192498_23	string
764	181269_3	string
764	115024_14	string
764	151526_6	string
764	171753_11	string
764	130539_16	string
764	187916_23	synonym
764	174243_16	string
764	149498_22	string
764	142178_8	string
764	161430_10	string
764	109514_17	string
764	127411_7	string
764	128590_20	string
764	159434_12	synonym
764	183972_4	synonym
764	128140_10	string
764	139998_4	string
764	183972_9	string
764	168022_6	synonym
764	140161_6	string
764	159894_22	string
764	169273_11	string
764	199962_11	string
764	160184_8	string
764	144518_8	string
764	194084_7	string
764	130253_22	synonym
764	130253_23	string
764	144722_16	string
764	144518_9	string
764	108176_17	string
764	122400_24	string
764	179998_8	string
764	120762_9	string
764	124764_5	string
764	133855_18	string
764	150164_9	string
764	122400_30	synonym
764	196052_11	string
764	129501_9	string
764	171971_15	synonym
764	174697_15	string
764	171971_16	string
764	157296_18	synonym
764	157296_19	synonym
764	156001_6	string
764	150996_8	string
764	146210_12	string
764	169173_6	string
764	157809_16	string
764	199008_25	string
764	178922_11	string
764	113759_16	string
764	113759_17	synonym
764	121925_16	string
764	199008_29	string
764	130784_5	string
764	138678_30	synonym
764	113469_10	synonym
764	124621_16	string
764	124621_18	string
764	133424_30	string
765	177846_10	synonym
765	179225_11	string
765	170781_12	synonym
765	176801_2	synonym
765	138678_28	string
765	148059_10	string
765	148059_12	string
765	174786_17	synonym
765	168116_3	synonym
765	187917_5	string
765	136424_16	synonym
765	136424_17	string
765	180121_5	synonym
765	136424_19	string
765	129412_15	string
765	136424_20	string
765	129412_17	string
765	136424_22	synonym
765	129412_19	string
765	136424_24	synonym
765	134964_2	synonym
765	134964_3	synonym
765	148059_11	string
765	174786_15	string
765	174786_20	string
765	174786_24	synonym
765	179225_14	string
765	179225_15	string
765	159968_8	synonym
765	159968_10	string
765	167697_10	string
765	145874_12	synonym
765	145874_15	string
765	101480_16	synonym
765	170781_11	synonym
765	170781_13	synonym
765	168116_2	synonym
765	150548_13	string
765	168116_7	synonym
766	177846_10	synonym
766	140222_5	string
766	137869_32	synonym
766	176827_3	string
766	140236_10	synonym
766	176827_9	string
766	140236_13	synonym
766	140222_20	string
766	149203_14	string
766	100754_6	synonym
766	100754_19	string
766	100754_20	string
766	137869_20	synonym
766	109935_10	synonym
766	109935_11	string
766	149203_11	synonym
766	149203_15	string
766	137869_28	string
766	176827_10	string
766	176512_12	string
767	177846_10	synonym
767	188206_11	synonym
767	176704_10	string
767	142372_15	synonym
767	142372_18	string
767	163159_13	string
767	136373_24	synonym
767	136373_26	string
767	136373_27	string
767	136373_29	string
767	158711_12	synonym
767	158711_14	synonym
767	144925_7	string
767	158711_20	synonym
767	184788_13	synonym
767	101833_1	synonym
767	101833_11	synonym
767	103229_10	synonym
767	101833_15	synonym
767	101833_16	synonym
767	182680_15	synonym
767	189534_14	string
767	108103_6	synonym
767	108103_9	synonym
767	144298_24	synonym
767	144298_27	string
767	144298_28	string
767	145076_19	string
767	179996_13	synonym
767	144298_22	string
767	179225_12	string
767	182680_17	string
767	179225_13	string
767	162213_20	string
767	151377_8	synonym
767	151377_9	synonym
767	151377_10	synonym
767	134823_14	string
767	189534_11	synonym
767	103229_12	string
767	151377_16	string
767	176704_11	string
767	134719_10	synonym
767	142372_17	synonym
767	102758_8	string
767	142372_19	synonym
767	188206_16	string
767	188206_17	string
767	101833_18	string
767	101833_20	hyponym
767	190532_15	string
767	190532_16	string
767	121925_14	synonym
767	121925_15	synonym
767	138678_27	synonym
767	138678_30	string
768	128050_10	string
768	125594_38	string
768	106091_2	string
768	125594_42	string
768	149498_13	string
768	140222_15	string
768	125594_49	string
768	179480_26	string
768	106091_14	string
768	179480_30	string
768	192498_3	string
768	112313_9	string
768	199929_6	string
768	199929_9	string
768	176266_12	string
768	171971_13	string
768	118501_10	string
768	129556_22	string
768	176266_14	string
768	196411_3	string
768	150402_10	string
768	192498_15	string
768	199085_8	string
768	196411_6	string
768	199085_12	string
768	199085_14	string
768	199085_18	string
768	171393_22	string
768	170628_8	string
768	170628_9	string
768	171393_26	string
768	186436_16	string
768	184324_8	string
768	126341_29	string
768	100037_9	string
768	100037_10	string
768	104777_12	string
768	104777_15	string
768	104777_16	string
768	172605_10	string
768	128247_2	string
768	109667_3	string
768	159894_16	string
768	180546_9	string
768	171305_3	string
768	142089_6	string
768	179838_12	string
768	162642_4	string
768	162642_5	string
768	162642_6	string
768	162642_7	synonym
768	106334_15	synonym
768	179838_19	string
768	199642_3	string
768	125594_17	string
768	160997_9	string
768	166034_4	string
768	137869_3	string
768	117293_20	string
768	141996_12	string
768	125594_34	string
768	117293_22	string
768	117293_23	string
768	166034_16	string
768	166034_17	string
768	149498_2	synonym
768	133242_12	string
768	144298_18	string
768	133242_14	string
768	128050_2	string
768	133242_22	string
768	144298_27	string
768	133242_26	string
768	143223_18	string
768	143223_19	string
768	147974_10	string
768	147974_14	string
768	109878_27	string
768	176266_20	string
768	179838_9	string
768	167831_4	string
768	105017_16	string
768	105017_18	string
768	104268_18	synonym
768	144298_14	string
768	197419_9	string
768	144298_15	string
768	197419_10	string
768	189423_2	string
768	118218_13	string
768	166034_18	string
768	155093_3	synonym
768	151526_4	string
768	151526_5	string
768	151526_6	string
768	148584_0	string
768	148584_2	string
768	140222_16	string
768	147974_11	string
768	131974_18	string
768	199929_5	string
768	147974_20	hyponym
768	179480_8	string
768	126341_28	string
768	179480_10	string
768	142089_1	string
768	122400_20	string
768	179480_13	string
768	199085_15	string
768	180546_1	string
768	180546_10	string
768	109878_14	string
768	162749_9	string
768	172605_7	string
768	109878_15	string
768	109878_20	string
768	109878_22	string
768	129611_9	string
768	124621_13	string
768	104777_23	string
768	109667_10	string
768	129611_22	string
769	141084_8	synonym
769	165510_11	hyponym
769	136175_10	string
769	171327_20	string
769	140222_17	string
769	149073_40	string
769	160867_7	string
769	107416_15	hyponym
769	150402_8	hyponym
769	100966_9	hyponym
769	100966_11	hyponym
769	150402_18	synonym
769	126812_6	string
769	105400_1	hyponym
769	126812_8	string
769	179440_13	abbreviation
769	179440_15	hyponym
769	105400_9	string
769	179440_17	abbreviation
769	105400_10	abbreviation
769	193189_7	hyponym
769	166203_7	string
769	136373_24	abbreviation
769	179642_14	hyponym
769	196880_11	string
769	186927_11	hyponym
769	116970_5	string
769	119273_21	string
769	157008_8	synonym
769	133424_29	synonym
769	146094_5	string
769	164967_6	string
769	146094_7	string
769	183308_28	string
769	106611_6	string
769	139433_6	hyponym
769	120889_15	string
769	133691_9	string
769	108084_22	string
769	160997_19	hyponym
769	171327_9	implication
769	145720_7	string
769	145720_8	string
769	197459_8	hyponym
769	197459_11	string
769	141084_10	synonym
769	180691_5	string
769	114158_8	string
769	175030_17	string
769	167831_20	string
769	145720_9	string
769	166203_8	string
769	108084_21	string
769	109853_7	string
769	119124_15	string
769	136175_11	synonym
769	108084_28	string
769	103049_15	string
769	149073_41	string
769	186927_2	implication
769	186927_14	string
769	164967_7	hyponym
769	133855_17	string
769	150164_7	string
769	150164_9	string
769	119273_12	hyponym
769	157809_10	string
769	157809_11	string
769	175366_15	string
769	119273_20	string
769	167768_10	string
769	149452_8	implication
769	119239_12	synonym
769	133424_32	string
770	196268_7	string
770	114444_11	string
770	151408_6	string
770	183002_8	string
770	151408_7	string
770	155571_7	string
770	199962_6	string
770	116820_11	string
770	142847_2	implication
770	124897_4	string
770	142847_7	string
770	167488_4	string
770	159687_5	string
770	196268_4	string
770	157809_7	string
770	157809_8	string
770	114444_7	string
770	114444_10	string
770	114444_12	string
771	108742_0	string
771	108742_1	string
771	173316_10	string
771	122174_12	string
771	144023_8	string
771	126546_5	string
771	190368_5	string
771	111187_7	string
771	199407_1	string
771	169126_5	string
771	159509_5	string
771	199407_9	string
771	135858_4	string
771	106310_11	string
771	184884_8	string
771	177498_9	string
771	177498_10	string
771	116778_5	string
771	116778_6	string
771	177498_12	string
771	172571_5	string
771	182707_6	string
771	182707_7	implication
771	167804_0	implication
771	116778_11	string
771	129017_11	string
771	129017_12	string
771	167804_8	string
771	108176_14	string
771	112446_10	string
771	108263_5	string
771	108263_7	implication
771	153254_2	hyponym
771	153254_7	string
771	181555_1	string
771	181555_14	string
771	170449_4	string
771	107701_12	string
771	107701_13	string
771	163301_7	string
771	129083_5	string
771	157077_11	string
771	184846_16	string
771	177613_13	string
771	121173_9	string
771	106658_7	string
771	106658_8	string
771	121173_11	string
771	151851_0	string
771	183160_4	string
771	194855_8	string
771	151851_6	string
771	192791_7	string
771	157252_12	implication
771	119964_5	string
771	119964_6	string
771	116651_9	string
771	191702_7	string
771	107683_2	string
771	184846_12	string
771	159129_0	string
771	159129_2	string
771	159129_3	string
771	173273_5	string
771	173273_6	string
771	127864_2	string
771	157252_6	string
771	119964_0	string
771	103049_9	string
771	103049_10	string
771	134973_5	string
771	103049_14	string
771	157905_3	string
771	177498_1	string
771	111187_8	string
771	140318_8	string
771	189956_6	string
771	154943_6	string
771	154943_7	string
771	173316_9	string
771	156269_5	string
771	170449_1	string
771	184884_1	implication
771	164594_8	string
772	148370_2	string
772	114845_10	synonym
772	128050_11	string
772	179472_11	hyponym
772	148370_6	implication
772	179472_13	string
772	149111_18	string
772	101882_7	string
772	102636_13	string
772	102636_14	string
772	137106_14	string
772	179472_16	string
772	186382_1	hyponym
772	163153_2	implication
772	102758_7	string
772	159376_12	hyponym
772	137106_15	string
772	138376_1	implication
772	128050_18	implication
772	148370_11	string
772	159376_16	string
772	159376_18	string
772	159376_19	string
772	128050_23	string
772	120849_0	string
772	128050_25	hyponym
772	110998_9	string
772	110998_10	string
772	162749_13	string
772	110998_12	string
772	186515_1	synonym
772	162981_4	abbreviation
772	138709_1	string
772	134389_1	string
772	179480_29	string
772	186515_2	synonym
772	167972_15	string
772	167972_16	string
772	134389_8	implication
772	138709_12	string
772	138709_13	string
772	134389_11	implication
772	138709_14	string
772	100966_9	string
772	180101_4	string
772	143479_18	string
772	135610_14	string
772	134389_14	string
772	101480_25	string
772	143479_19	string
772	142413_3	hyponym
772	134389_17	string
772	142413_7	string
772	142413_8	string
772	151377_13	string
772	145699_18	string
772	141825_7	synonym
772	141825_8	synonym
772	142413_12	string
772	145699_22	string
772	174964_1	string
772	145699_23	string
772	145699_24	string
772	135610_21	string
772	148134_3	hyponym
772	174964_4	implication
772	113638_7	string
772	145699_25	string
772	113638_8	string
772	126812_9	string
772	126812_11	string
772	170892_3	hyponym
772	174964_12	synonym
772	167883_14	string
772	129501_2	synonym
772	174964_13	string
772	167883_15	string
772	167883_16	string
772	103677_7	string
772	174964_19	string
772	103677_10	string
772	142197_0	hyponym
772	129501_10	string
772	173124_20	hyponym
772	173656_7	synonym
772	173656_8	synonym
772	173124_22	implication
772	142197_6	string
772	173124_24	string
772	182247_1	implication
772	144807_13	string
772	110806_1	hyponym
772	142197_7	implication
772	173124_26	string
772	176617_2	string
772	104585_5	string
772	144807_14	string
772	182247_2	implication
772	142197_9	string
772	142197_10	hyponym
772	104585_7	string
772	110806_2	string
772	170892_19	string
772	173124_29	string
772	142197_11	string
772	104585_10	string
772	110806_5	implication
772	113759_2	string
772	110806_6	implication
772	197871_21	string
772	166902_23	implication
772	182247_8	synonym
772	110806_7	hyponym
772	197871_22	string
772	182247_10	string
772	182247_11	string
772	110806_8	string
772	176617_7	implication
772	170892_24	string
772	174736_8	synonym
772	182247_12	string
772	171027_12	hyponym
772	174736_11	string
772	110806_13	string
772	113759_11	string
772	176617_11	string
772	110806_15	string
772	192151_11	string
772	110806_16	synonym
772	110806_17	implication
772	152649_1	implication
772	112613_16	string
772	112613_17	string
772	172884_7	string
772	166902_42	string
772	157952_4	string
772	157952_6	string
772	184846_13	string
772	123655_17	string
772	169851_0	string
772	113598_9	string
772	113598_10	string
772	113598_11	string
772	123655_18	hyponym
772	189423_12	string
772	100492_9	hyponym
772	113598_12	string
772	169851_3	implication
772	123655_19	string
772	123655_20	hyponym
772	100492_11	string
772	169851_6	string
772	169851_7	string
772	113598_15	hyponym
772	113598_16	string
772	113598_17	string
772	161610_13	synonym
772	161610_14	string
772	179838_12	string
772	161610_15	hyponym
772	179838_13	string
772	122992_16	string
772	146094_5	string
772	100492_15	implication
772	132914_14	string
772	132914_15	synonym
772	179838_14	string
772	132914_16	string
772	177351_20	string
772	122992_19	string
772	146094_7	string
772	162642_5	string
772	162642_7	string
772	179838_18	string
772	161610_20	string
772	199642_2	string
772	162642_8	string
772	162642_10	string
772	161610_21	implication
772	179838_21	string
772	129412_3	string
772	161610_23	implication
772	178112_5	string
772	123684_3	string
772	123684_4	synonym
772	199642_14	string
772	199642_17	string
772	123684_9	string
772	199642_20	string
772	123684_11	string
772	159904_0	implication
772	199642_22	string
772	159904_1	implication
772	123684_12	string
772	129412_12	hyponym
772	160997_14	string
772	140477_11	string
772	160997_15	string
772	129412_14	string
772	156962_5	string
772	159904_4	synonym
772	159904_5	implication
772	129412_15	string
772	159904_8	hyponym
772	129412_18	string
772	159904_10	string
772	137106_0	implication
772	159376_1	implication
772	159376_2	hyponym
772	159904_13	string
772	136175_2	string
772	137106_3	implication
772	159904_14	string
772	159904_15	string
772	137106_5	implication
772	137106_6	string
772	140477_24	string
772	149111_3	string
772	137106_7	string
772	168411_19	synonym
772	179480_3	string
772	179996_13	string
772	117293_38	implication
772	117293_39	implication
772	191244_7	string
772	191244_9	hyponym
772	191244_13	string
772	157952_5	string
772	162749_14	hyponym
772	191836_11	string
772	162749_16	string
772	113598_13	string
772	166902_41	string
772	177351_0	string
772	171027_9	string
772	171027_10	string
772	162749_18	string
772	184846_23	string
772	177351_6	string
772	171027_15	string
772	177351_7	string
772	192151_10	string
772	184846_24	string
772	179838_20	string
772	171027_19	string
772	186515_0	synonym
772	171027_20	string
772	186515_5	string
772	191244_8	string
772	197871_20	string
772	191244_11	string
772	197871_23	string
772	189423_1	string
772	177351_16	string
772	140477_12	string
772	140477_15	string
772	177351_22	string
772	189423_8	string
772	140477_20	string
772	151377_11	string
772	151377_14	string
772	120849_25	string
772	162981_0	string
772	150804_9	string
772	162981_1	synonym
772	145699_28	string
772	136175_13	string
772	136175_14	string
772	173124_1	string
772	157301_1	string
772	136175_16	string
772	191144_10	string
772	150804_13	string
772	157301_2	string
772	149111_19	string
772	173124_28	implication
772	102758_8	string
772	128050_19	string
772	101480_15	string
772	138376_9	synonym
772	101480_17	string
772	112613_1	string
772	134389_15	string
772	152649_14	string
772	101882_4	string
772	134389_22	string
772	101882_5	string
772	101882_6	string
772	104585_3	implication
772	152649_17	string
772	100160_2	string
772	101882_8	string
772	101480_23	string
772	174964_16	string
772	174964_17	string
772	104585_9	string
772	101480_24	string
772	174964_21	string
772	152649_20	string
772	157301_12	string
772	119502_23	string
772	103677_8	string
772	169428_12	string
772	112613_13	string
772	117293_29	string
772	161610_24	string
772	100160_13	string
772	110998_3	string
772	126812_10	string
772	157301_13	string
772	135610_22	string
772	110998_15	string
772	169851_1	implication
772	112869_0	string
772	172884_0	implication
772	172884_1	synonym
772	117293_36	string
772	159376_15	string
772	159376_17	string
772	121925_4	string
772	163153_15	string
772	112869_7	string
772	172884_8	string
772	102636_3	string
772	146094_6	string
772	102636_4	string
772	179480_25	string
772	172884_12	string
772	143479_14	string
772	112869_11	string
772	112869_13	string
772	179480_31	string
772	142197_5	string
772	150548_13	string
772	157952_3	hyponym
772	160997_4	string
772	163153_24	string
772	113759_12	string
772	156619_17	string
772	113759_17	string
772	121925_16	string
772	156619_22	string
772	157301_26	string
772	123655_16	string
772	179996_5	implication
772	171027_2	implication
772	129611_26	string
773	148370_2	string
773	148370_10	synonym
773	148370_11	string
773	110998_7	synonym
773	110998_9	string
773	110998_11	string
773	110998_12	string
773	167972_15	synonym
773	127274_14	string
773	167972_18	string
773	135610_14	synonym
773	167972_19	synonym
773	135610_16	synonym
773	150804_6	synonym
773	135610_21	implication
773	191836_3	synonym
773	170892_0	synonym
773	167883_14	string
773	167883_15	string
773	170892_7	abbreviation
773	170892_17	abbreviation
773	196148_30	string
773	196148_33	synonym
773	170892_23	string
773	192151_11	synonym
773	172884_7	string
773	144925_4	synonym
773	192151_17	synonym
773	144925_9	string
773	100492_9	synonym
773	148370_0	implication
773	191836_11	string
773	196148_20	string
773	192151_5	abbreviation
773	196148_27	string
773	192151_9	synonym
773	107416_5	synonym
773	192151_10	synonym
773	192151_13	string
773	192151_15	synonym
773	107416_16	synonym
773	100492_13	string
773	150804_4	abbreviation
773	150804_11	string
773	150804_12	string
773	150804_14	string
773	148370_1	synonym
773	148370_7	string
773	135610_4	synonym
773	127274_0	implication
773	127274_5	implication
773	135610_5	synonym
773	127274_12	hyponym
773	127274_15	string
773	135610_12	synonym
773	135610_20	string
773	110998_15	string
773	170892_1	synonym
773	172884_1	synonym
773	167883_19	string
773	170892_9	implication
773	170892_13	implication
773	172884_12	string
773	172884_13	implication
773	196148_0	implication
773	196148_6	abbreviation
773	196148_7	synonym
773	196148_14	implication
773	129611_12	synonym
773	129611_19	synonym
774	148370_2	synonym
774	148370_3	synonym
774	148370_12	synonym
774	199929_14	synonym
774	167972_18	string
774	199929_20	string
774	113638_9	synonym
774	192151_11	synonym
774	144925_9	string
774	192151_10	synonym
774	100492_13	string
774	150804_11	string
774	150804_13	string
774	199929_18	string
774	135610_20	string
774	172884_8	string
774	172884_11	string
774	129611_25	string
775	104582_17	string
775	104582_19	string
775	146947_9	string
775	167036_18	synonym
775	167036_19	string
775	132884_7	synonym
775	104831_6	string
775	104831_7	string
775	104831_8	string
775	165395_6	synonym
775	165395_7	string
775	173124_24	string
775	173124_25	string
775	168116_3	synonym
775	199008_24	string
775	112613_16	string
775	144925_7	string
775	187466_18	synonym
775	146378_9	string
775	184489_4	string
775	195735_2	synonym
775	142089_10	string
775	142089_16	string
775	146406_4	string
775	146406_12	string
775	103063_1	synonym
775	127159_0	synonym
775	119239_15	string
775	127159_1	synonym
775	127159_6	string
775	104582_20	string
775	133855_17	synonym
775	104831_0	synonym
775	132884_9	string
775	133855_18	string
775	142089_12	string
775	142089_15	string
775	119239_0	string
775	168116_7	synonym
775	199008_25	string
775	199008_27	string
775	187466_4	implication
775	187466_16	synonym
775	126013_13	string
775	126013_14	string
775	187466_17	string
775	119239_10	string
775	160997_21	string
775	160997_22	string
775	119239_14	string
776	104582_17	string
776	104582_19	synonym
776	102433_11	synonym
776	102433_12	synonym
776	102433_13	synonym
776	102433_14	string
776	142413_10	string
776	142413_12	string
776	125101_13	synonym
776	104582_20	string
776	138678_2	synonym
776	125101_15	string
776	138678_26	synonym
776	109878_22	synonym
777	104582_17	string
777	165056_17	string
777	104582_19	string
777	192975_9	string
777	102636_11	synonym
777	104582_21	implication
777	149111_18	string
777	102636_14	string
777	149591_6	implication
777	193756_11	string
777	150588_23	string
777	176827_3	synonym
777	128587_5	string
777	141582_3	synonym
777	193756_16	string
777	140236_10	string
777	141084_17	string
777	176827_9	synonym
777	120701_3	implication
777	143937_10	string
777	120701_5	implication
777	195471_2	string
777	131974_4	implication
777	120701_16	string
777	141582_12	synonym
777	195471_9	string
777	162981_4	synonym
777	120701_17	string
777	120701_18	implication
777	195471_10	string
777	138286_1	implication
777	133568_2	implication
777	132513_13	string
777	132513_14	string
777	138678_18	synonym
777	132513_15	string
777	131974_19	string
777	133568_5	implication
777	131974_20	string
777	131974_21	string
777	199085_2	implication
777	102433_11	string
777	102433_12	synonym
777	131974_23	string
777	165519_12	synonym
777	102433_13	synonym
777	176107_5	implication
777	122626_9	string
777	133568_15	string
777	102433_16	string
777	138678_28	string
777	122626_10	string
777	119502_21	string
777	138286_14	synonym
777	133568_18	string
777	159894_3	implication
777	176107_12	string
777	138286_15	string
777	198482_0	implication
777	199085_12	string
777	102433_20	string
777	176107_13	string
777	116955_13	string
777	133990_0	implication
777	198482_5	string
777	174964_4	synonym
777	170628_3	implication
777	106327_8	string
777	121925_1	implication
777	130230_13	string
777	133990_11	string
777	146958_6	implication
777	170628_11	string
777	146958_7	implication
777	102679_7	string
777	158950_2	synonym
777	102679_9	implication
777	121925_5	implication
777	185823_16	string
777	104841_16	string
777	129279_2	implication
777	146958_15	string
777	129279_5	synonym
777	173124_24	string
777	184541_18	string
777	184541_19	string
777	129279_6	synonym
777	196148_26	string
777	173124_25	string
777	116820_12	synonym
777	168116_3	synonym
777	159968_9	string
777	196148_30	string
777	170892_18	string
777	170892_19	string
777	118257_11	synonym
777	118257_12	string
777	170892_22	string
777	196148_33	string
777	176996_4	implication
777	118257_15	implication
777	160184_0	implication
777	160184_1	synonym
777	171027_13	string
777	104777_21	string
777	104777_22	string
777	139341_2	implication
777	114528_15	string
777	192151_11	string
777	192151_12	string
777	119273_5	string
777	128247_3	implication
777	196878_9	synonym
777	159894_14	string
777	196878_10	string
777	180546_4	implication
777	176996_18	synonym
777	149436_13	string
777	128247_11	synonym
777	184598_1	implication
777	128247_12	string
777	128247_14	string
777	123916_0	implication
777	167675_14	synonym
777	180546_11	string
777	190805_8	string
777	159894_19	string
777	158827_11	synonym
777	119273_21	string
777	180546_12	string
777	184489_4	string
777	167675_16	string
777	154469_2	synonym
777	123916_3	implication
777	180546_14	string
777	141538_5	string
777	125632_30	string
777	180546_16	string
777	180546_17	string
777	146582_16	string
777	146582_19	string
777	195735_2	synonym
777	197122_3	implication
777	161844_0	implication
777	161844_1	implication
777	106794_19	implication
777	123916_8	string
777	123916_9	string
777	121743_0	implication
777	106794_21	string
777	123916_11	string
777	121743_2	synonym
777	121743_6	synonym
777	139341_20	synonym
777	184833_8	synonym
777	184833_9	string
777	161418_13	string
777	105861_19	synonym
777	139341_22	string
777	194649_4	implication
777	100754_5	synonym
777	159434_2	implication
777	161418_16	string
777	145308_10	implication
777	100754_6	synonym
777	121743_11	synonym
777	129412_3	string
777	194649_12	string
777	194649_13	string
777	105861_24	string
777	194649_14	string
777	104582_5	implication
777	147502_1	string
777	159434_10	string
777	199642_16	string
777	199642_18	string
777	199642_20	string
777	147969_8	implication
777	100754_19	synonym
777	133242_3	implication
777	129412_14	string
777	165056_0	synonym
777	165056_1	synonym
777	129412_15	string
777	165056_3	implication
777	129412_16	string
777	147969_20	string
777	129412_18	string
777	129412_19	string
777	147502_16	abbreviation
777	100160_15	string
777	108346_1	implication
777	149111_3	string
777	108346_5	string
777	133242_18	string
777	133242_21	string
777	133242_25	implication
777	155569_8	string
777	137869_25	string
777	165056_6	implication
777	106794_18	synonym
777	141084_4	implication
777	106794_22	synonym
777	106794_24	string
777	171659_11	string
777	196148_24	string
777	155569_9	string
777	171659_12	string
777	196148_25	string
777	171027_14	string
777	196148_27	string
777	158827_2	implication
777	130230_14	synonym
777	165056_16	synonym
777	130230_15	string
777	165056_18	string
777	140236_1	implication
777	130230_16	string
777	199642_7	implication
777	143937_9	synonym
777	197122_22	string
777	184598_6	string
777	141084_16	synonym
777	143937_13	synonym
777	105861_21	synonym
777	158827_10	synonym
777	158827_12	string
777	136356_11	string
777	184598_8	string
777	141084_18	string
777	193756_4	implication
777	136356_13	string
777	176996_20	string
777	193756_14	string
777	140236_11	string
777	139341_21	synonym
777	114528_18	string
777	108084_13	implication
777	176107_11	string
777	176107_14	string
777	133990_10	string
777	159968_8	string
777	167675_1	implication
777	103049_3	string
777	119502_4	implication
777	104582_4	implication
777	108084_19	implication
777	132513_3	synonym
777	128587_7	string
777	133568_16	string
777	133568_19	string
777	132444_4	synonym
777	108084_25	string
777	104582_20	string
777	190805_3	string
777	143223_20	string
777	132444_13	synonym
777	132444_14	synonym
777	150588_14	string
777	190805_9	string
777	151192_9	string
777	167773_2	implication
777	108084_30	string
777	103049_14	synonym
777	167773_8	string
777	167773_9	string
777	145308_3	implication
777	139249_6	string
777	153552_1	implication
777	145308_8	string
777	103049_16	string
777	149111_19	string
777	137869_6	synonym
777	186325_11	string
777	108346_6	string
777	153552_8	string
777	108084_37	string
777	150588_21	string
777	159894_4	implication
777	184214_18	string
777	153552_9	string
777	150588_26	string
777	159434_12	string
777	128140_11	string
777	149436_11	string
777	174964_15	string
777	152649_17	string
777	196880_3	implication
777	192975_1	implication
777	119502_22	string
777	174964_18	string
777	152649_20	string
777	147969_0	implication
777	146582_15	implication
777	196878_1	synonym
777	147969_5	implication
777	160184_8	string
777	104841_9	string
777	138678_5	synonym
777	196880_10	implication
777	147969_10	implication
777	119273_3	synonym
777	196880_13	synonym
777	106327_9	string
777	161844_9	implication
777	196880_14	string
777	165519_13	string
777	157744_17	string
777	199085_16	string
777	104841_15	string
777	161844_11	synonym
777	147969_22	string
777	104841_17	string
777	196878_11	string
777	165519_14	string
777	121917_2	implication
777	199085_20	string
777	184541_20	string
777	104841_20	string
777	172884_8	string
777	172884_9	string
777	102636_3	synonym
777	102636_4	synonym
777	149591_3	string
777	149591_4	string
777	122626_2	implication
777	119273_14	synonym
777	150548_13	string
777	170892_21	string
777	176827_10	synonym
777	138678_17	synonym
777	121917_10	string
777	168116_7	synonym
777	121925_14	string
777	125632_28	string
777	197122_0	implication
777	106794_6	implication
777	121925_16	string
777	138678_26	synonym
777	138678_27	string
777	158950_4	string
777	129611_25	string
778	152273_7	synonym
778	190242_9	synonym
778	167768_9	synonym
778	190242_1	synonym
779	143937_0	abbreviation
779	153406_14	abbreviation
779	149591_2	abbreviation
779	133608_12	string
779	179225_11	string
779	141582_2	string
779	140236_10	abbreviation
779	162798_14	abbreviation
779	141582_9	string
779	154761_8	string
779	167831_17	string
779	167831_19	string
779	162348_7	string
779	119124_16	string
779	124864_0	abbreviation
779	162798_24	string
779	155638_5	string
779	151377_0	synonym
779	151377_1	synonym
779	174697_8	string
779	124864_6	hyponym
779	176997_12	string
779	100966_9	abbreviation
779	169173_0	implication
779	107357_7	synonym
779	151377_13	abbreviation
779	120938_1	string
779	199726_1	implication
779	142372_18	string
779	105694_11	abbreviation
779	141825_10	synonym
779	142178_5	string
779	115471_15	synonym
779	195981_1	string
779	163159_12	synonym
779	163159_13	string
779	178961_19	string
779	134027_14	string
779	109170_13	implication
779	134027_19	synonym
779	193189_7	synonym
779	166203_0	string
779	161086_1	abbreviation
779	136373_18	synonym
779	176617_5	abbreviation
779	123743_1	implication
779	196880_0	implication
779	196880_2	abbreviation
779	149436_1	abbreviation
779	123743_9	string
779	104434_13	abbreviation
779	125632_22	synonym
779	130451_7	abbreviation
779	116970_5	string
779	130451_10	string
779	116970_7	string
779	162213_1	string
779	164280_3	synonym
779	177351_2	abbreviation
779	180621_27	string
779	183308_17	string
779	121743_1	string
779	188125_3	string
779	101833_2	abbreviation
779	197331_9	synonym
779	139585_1	string
779	100559_11	string
779	103229_9	abbreviation
779	103229_10	abbreviation
779	114639_13	hyponym
779	166034_2	synonym
779	178922_1	string
779	120889_13	synonym
779	136424_13	abbreviation
779	133608_1	abbreviation
779	181269_1	abbreviation
779	178922_10	string
779	160997_19	string
779	133608_8	implication
779	153406_0	abbreviation
779	115024_13	synonym
779	153808_2	implication
779	129255_6	string
779	101737_7	abbreviation
779	153406_8	abbreviation
779	115692_19	string
779	188241_2	string
779	171913_10	string
779	177622_19	string
779	143937_1	synonym
779	122578_1	string
779	115471_14	string
779	115471_18	string
779	188241_11	synonym
779	122578_2	string
779	155638_1	implication
779	188241_12	abbreviation
779	155638_6	string
779	188241_15	string
779	109170_1	abbreviation
779	165227_10	abbreviation
779	134823_3	synonym
779	162213_13	hyponym
779	162213_14	abbreviation
779	107357_6	synonym
779	176996_19	hyponym
779	167831_20	string
779	176996_20	string
779	119124_2	synonym
779	161086_16	string
779	177351_21	string
779	161086_18	string
779	153406_9	synonym
779	109170_12	string
779	134823_14	string
779	178961_3	string
779	114183_25	synonym
779	176997_13	string
779	134719_1	abbreviation
779	151377_15	string
779	103229_13	string
779	180621_26	string
779	134027_1	abbreviation
779	178961_13	string
779	134719_10	hyponym
779	168943_13	abbreviation
779	134027_7	implication
779	178961_15	hyponym
779	168943_15	string
779	142372_20	string
779	153094_4	string
779	134027_11	abbreviation
779	139585_0	string
779	134027_13	synonym
779	162798_19	string
779	162348_3	string
779	134027_18	implication
779	186927_2	implication
779	134027_20	string
779	140259_0	string
779	140259_1	string
779	141825_1	string
779	160184_3	string
779	136373_12	synonym
779	190532_4	abbreviation
779	125101_1	string
779	196880_14	string
779	141582_1	implication
779	173220_6	synonym
779	115471_1	synonym
779	115471_2	synonym
779	193189_11	string
779	190532_15	hyponym
779	174697_7	string
779	171913_0	string
779	121925_9	string
779	121925_10	string
779	125632_27	string
779	177622_0	abbreviation
779	125632_28	string
779	125632_29	string
779	177622_1	abbreviation
779	108451_14	string
779	183308_9	string
780	125594_37	string
780	145990_6	implication
780	192522_3	string
780	167972_17	string
780	199085_18	string
780	178961_19	string
780	150857_6	string
780	192151_12	string
780	125594_35	synonym
780	107340_22	string
780	192151_13	string
780	177550_1	string
780	150804_10	string
780	125594_21	string
780	129611_28	string
781	125594_37	string
781	137869_32	string
781	192180_8	string
781	192180_11	string
781	171393_23	string
781	171393_24	string
781	124621_15	string
781	187466_1	string
781	187466_6	string
781	187466_8	string
781	187466_9	string
781	187466_11	string
781	187466_19	implication
781	179838_13	string
781	179838_14	string
781	140477_13	string
781	140477_19	string
781	140477_23	string
781	140477_24	string
781	140477_25	string
781	137869_20	string
781	179838_16	string
781	179838_17	string
781	186515_5	string
781	140477_15	string
781	140477_18	string
781	125594_4	string
781	150588_19	string
781	150588_20	string
781	144766_20	string
781	144766_21	string
781	125594_36	string
781	125594_40	string
781	137869_18	string
781	192180_3	string
781	137869_24	string
781	137869_27	string
781	137869_33	string
781	194111_9	string
781	194111_10	string
781	194111_11	string
781	187466_4	string
781	187466_16	string
781	187466_17	string
781	124621_16	string
781	124621_18	string
782	165227_8	string
782	171357_22	string
782	170614_19	string
782	112857_1	string
782	112857_3	string
782	126490_13	synonym
782	126490_14	synonym
782	126490_15	string
782	165227_9	string
782	165227_10	string
782	165227_12	string
782	165227_17	implication
782	170614_20	string
782	171357_21	string
782	171357_23	string
783	165227_8	synonym
783	125626_16	string
783	141084_11	synonym
783	171327_20	synonym
783	165227_15	string
783	125594_42	string
783	167972_3	synonym
783	171327_26	synonym
783	141084_17	synonym
783	171327_29	synonym
783	194360_8	string
783	125594_49	string
783	133855_0	synonym
783	194360_10	string
783	162981_4	string
783	119993_14	synonym
783	132513_12	string
783	194360_15	string
783	119993_15	hyponym
783	194360_16	implication
783	159509_1	string
783	132513_14	string
783	134268_7	string
783	132513_17	string
783	159509_7	synonym
783	159509_9	string
783	199482_1	synonym
783	176083_21	string
783	179440_3	string
783	142178_10	string
783	179440_13	string
783	179440_14	string
783	179440_15	string
783	179440_17	string
783	179440_19	string
783	179440_20	string
783	199482_20	synonym
783	199482_21	synonym
783	199482_25	string
783	159468_7	string
783	159468_9	string
783	199482_31	string
783	159468_11	string
783	158711_11	synonym
783	158711_13	synonym
783	138009_8	string
783	198266_18	string
783	198266_23	string
783	146582_25	string
783	198266_24	string
783	146582_28	string
783	101449_3	synonym
783	101449_6	implication
783	174571_6	string
783	151851_3	synonym
783	151851_4	synonym
783	125594_23	string
783	105861_30	string
783	136049_7	string
783	125594_34	implication
783	171327_9	implication
783	120257_16	synonym
783	129255_8	string
783	120257_21	synonym
783	136049_8	string
783	130230_14	string
783	130230_17	string
783	165227_9	string
783	179883_5	string
783	165227_10	string
783	105861_21	string
783	179883_6	string
783	141084_18	string
783	105861_22	string
783	120257_17	synonym
783	165227_17	implication
783	120257_19	synonym
783	100492_10	string
783	120257_22	synonym
783	120257_24	string
783	129255_2	string
783	134823_14	string
783	120257_29	string
783	125626_13	string
783	125626_17	string
783	132513_11	string
783	132513_19	string
783	194360_7	string
783	142178_8	synonym
783	128590_15	synonym
783	128590_16	synonym
783	128590_21	string
783	128590_24	string
783	146582_17	string
783	146582_29	string
783	133855_17	string
783	198266_22	string
783	133855_18	string
783	190532_15	string
783	174571_7	string
783	190532_16	string
783	136049_6	string
783	140402_13	string
783	159468_10	string
783	140402_16	synonym
783	121925_15	string
783	199482_9	implication
783	121925_18	string
783	199482_10	string
783	129611_23	string
784	165227_8	synonym
784	134719_11	string
784	134719_13	synonym
784	119124_16	string
784	134823_13	string
784	193575_13	string
784	193575_16	synonym
784	174964_4	implication
784	171357_22	string
784	146195_9	synonym
784	146195_10	string
784	123743_9	synonym
784	123743_10	string
784	145874_11	hyponym
784	112520_11	string
784	112520_12	string
784	161430_8	synonym
784	161430_9	string
784	100139_12	synonym
784	108084_22	string
784	112520_13	string
784	100139_13	string
784	165227_10	string
784	165227_14	string
784	146195_12	string
784	134823_14	string
784	119124_14	string
784	108084_21	string
784	119124_18	synonym
784	108084_28	string
784	108084_29	synonym
784	108084_30	string
784	145874_12	synonym
784	145874_14	string
784	145874_15	string
784	193575_14	string
784	174964_17	synonym
784	174964_18	string
784	150548_13	string
784	124749_27	string
784	171357_20	synonym
784	171357_21	string
785	151265_7	string
785	125594_39	string
785	102758_3	string
785	102758_4	string
785	151265_11	implication
785	183009_2	string
785	179117_4	string
785	161722_4	string
785	195624_9	string
785	179937_4	implication
785	179937_5	string
785	132513_6	string
785	132513_7	string
785	145990_6	implication
785	106091_9	string
785	159675_4	string
785	179937_6	string
785	106091_10	string
785	106091_11	string
785	167972_7	string
785	154237_7	string
785	174697_6	string
785	154237_8	string
785	171393_7	string
785	127274_7	string
785	134823_13	string
785	167088_5	string
785	199085_5	string
785	169273_8	string
785	110549_6	string
785	179104_8	string
785	171496_9	string
785	163159_5	string
785	126341_13	string
785	199085_18	implication
785	142178_5	string
785	143877_13	string
785	125755_4	string
785	172591_6	string
785	199962_2	string
785	122629_4	string
785	194084_4	string
785	193189_1	implication
785	178961_19	synonym
785	178961_20	synonym
785	170892_7	string
785	189408_2	string
785	122883_2	synonym
785	125325_5	string
785	107290_4	string
785	193189_4	string
785	126427_2	string
785	122883_4	string
785	193189_5	string
785	128163_4	string
785	185487_5	string
785	128163_6	string
785	129279_3	string
785	144807_9	string
785	170654_3	synonym
785	170654_4	synonym
785	116820_8	string
785	164644_1	string
785	141292_3	string
785	170654_9	string
785	123535_2	string
785	124897_2	string
785	161086_6	string
785	124897_3	string
785	191228_6	string
785	123535_6	synonym
785	123535_7	string
785	190537_9	string
785	132786_1	string
785	123535_8	string
785	123535_11	hyponym
785	181394_3	string
785	125632_13	string
785	148215_10	string
785	184788_3	string
785	144925_4	string
785	100028_5	string
785	166295_4	string
785	180546_7	string
785	166295_7	string
785	107354_12	string
785	166295_8	string
785	180546_9	string
785	166295_11	string
785	166295_14	string
785	143536_6	string
785	125594_0	implication
785	113598_4	string
785	122251_7	string
785	180546_16	implication
785	105861_3	synonym
785	122251_10	implication
785	125594_2	synonym
785	197122_2	string
785	161610_6	string
785	170614_4	string
785	170614_5	string
785	125594_3	synonym
785	146452_4	string
785	184489_14	string
785	197122_6	string
785	144766_7	string
785	125594_8	string
785	100492_15	implication
785	194649_0	implication
785	194649_1	abbreviation
785	127411_1	string
785	105861_18	implication
785	105861_19	synonym
785	194275_7	string
785	194649_7	string
785	194649_8	string
785	186314_3	string
785	194649_16	string
785	178391_2	string
785	127002_17	abbreviation
785	141996_7	string
785	166034_8	string
785	180121_3	string
785	147502_7	string
785	144298_8	string
785	106887_4	string
785	139998_2	string
785	106887_5	string
785	181269_1	string
785	106887_6	string
785	144298_10	string
785	194471_6	string
785	125594_35	string
785	143979_7	string
785	107683_4	string
785	165056_10	string
785	187916_5	string
785	130510_7	string
785	108346_2	string
785	108346_3	string
785	196459_9	string
785	145076_12	string
785	183972_5	string
785	139485_7	string
785	102931_10	string
785	197122_5	string
785	185811_2	string
785	165056_6	string
785	139341_4	string
785	123535_5	synonym
785	153694_6	string
785	143937_1	string
785	171027_5	string
785	100139_2	string
785	144925_3	string
785	139341_5	string
785	107340_15	string
785	123535_9	string
785	171027_6	string
785	198152_5	string
785	192151_4	string
785	143937_2	string
785	153808_7	string
785	107340_16	string
785	162213_0	implication
785	192151_5	string
785	115087_1	string
785	157329_3	string
785	174786_13	string
785	180621_2	string
785	115087_2	string
785	144298_2	string
785	107340_20	string
785	144298_3	string
785	180621_3	string
785	105017_14	string
785	181044_4	string
785	180121_2	string
785	107340_21	synonym
785	162213_5	string
785	105861_10	string
785	103881_4	string
785	107340_22	implication
785	122578_4	string
785	144298_4	string
785	105861_11	string
785	146452_3	string
785	146452_5	string
785	192151_13	implication
785	192809_4	string
785	107340_25	string
785	157329_10	string
785	182680_8	string
785	192151_14	synonym
785	175030_9	string
785	107340_26	string
785	134831_2	string
785	157329_11	string
785	178112_1	string
785	162213_9	string
785	176039_4	string
785	140236_3	string
785	171027_20	string
785	113865_1	string
785	143937_12	string
785	100492_4	string
785	176039_5	string
785	176039_6	string
785	143937_13	string
785	103369_2	synonym
785	140236_4	string
785	114528_5	string
785	109170_3	implication
785	109170_4	string
785	187916_4	string
785	114250_4	string
785	143536_7	string
785	187917_2	string
785	162213_14	synonym
785	103369_7	string
785	161086_7	string
785	159968_2	string
785	157640_7	string
785	199568_6	string
785	199568_7	string
785	162213_15	string
785	157640_8	string
785	159968_3	string
785	144754_5	string
785	145076_7	string
785	144754_7	string
785	107354_7	string
785	167972_14	string
785	130451_4	string
785	126623_21	string
785	167697_5	string
785	176997_5	string
785	178126_9	string
785	145076_11	string
785	115024_8	string
785	167697_6	string
785	139485_5	string
785	176997_6	string
785	178126_10	string
785	114250_12	string
785	166034_27	string
785	139485_6	string
785	167675_2	string
785	139485_8	string
785	109853_2	string
785	107354_11	string
785	130539_9	string
785	143223_5	string
785	151192_4	string
785	178322_1	implication
785	119405_0	implication
785	119405_3	implication
785	112474_9	string
785	150804_4	string
785	130539_12	string
785	127002_2	synonym
785	178961_7	string
785	151223_10	string
785	110549_7	string
785	184718_2	string
785	177550_0	string
785	177550_1	synonym
785	127002_4	implication
785	184214_6	string
785	162528_3	string
785	144766_5	string
785	168943_6	string
785	178322_7	string
785	144766_6	string
785	100085_2	string
785	181929_4	string
785	163165_3	string
785	134719_7	string
785	183002_4	string
785	100085_3	string
785	139249_1	string
785	177125_4	string
785	177125_5	string
785	181929_14	string
785	163165_4	string
785	177550_7	string
785	197423_6	implication
785	162798_6	string
785	134719_8	string
785	162798_7	string
785	177550_8	implication
785	177550_9	synonym
785	178961_11	string
785	168943_11	string
785	168943_12	string
785	126341_8	string
785	123743_5	string
785	177550_10	implication
785	122400_3	synonym
785	128140_4	string
785	142178_4	string
785	128590_9	string
785	123743_6	string
785	128590_10	string
785	145990_1	synonym
785	133855_2	string
785	105694_2	string
785	124864_2	string
785	145990_3	string
785	145990_7	synonym
785	177550_17	implication
785	177550_18	implication
785	161430_6	string
785	124864_3	string
785	151265_8	string
785	152012_4	string
785	133855_3	string
785	112313_5	string
785	138286_3	string
785	152012_6	string
785	112313_6	string
785	152012_7	string
785	137869_11	string
785	183972_4	string
785	152012_9	string
785	150982_5	string
785	150982_6	string
785	122903_8	string
785	137869_13	string
785	160184_2	string
785	122903_9	string
785	144518_3	string
785	154761_5	string
785	161610_4	implication
785	189667_2	string
785	125594_36	string
785	118475_4	string
785	137869_16	string
785	148924_3	string
785	179104_7	string
785	114980_3	string
785	196052_1	string
785	167883_4	string
785	177846_2	string
785	122629_7	string
785	122629_8	string
785	157548_8	string
785	114980_4	string
785	137869_17	string
785	117186_2	string
785	125632_2	implication
785	167883_5	string
785	114980_5	string
785	161844_4	string
785	117186_3	string
785	148215_9	string
785	194084_3	string
785	181394_2	string
785	194471_5	string
785	148215_11	string
785	161844_5	string
785	119273_4	string
785	138678_8	string
785	125101_4	string
785	170892_6	string
785	124764_2	string
785	137856_10	string
785	119273_7	string
785	199008_10	string
785	121925_3	string
785	170892_8	string
785	138678_9	string
785	138678_10	string
785	125632_12	string
785	199008_11	string
785	174697_2	string
785	171393_19	string
785	194649_3	string
785	174697_3	string
785	125632_15	synonym
785	109878_7	string
785	194649_10	implication
785	194649_15	string
785	170654_10	string
785	144195_4	string
785	140402_8	string
785	156001_1	string
785	109928_10	string
785	141891_1	string
785	180546_8	string
785	171913_1	string
785	126013_4	string
785	159675_3	string
785	150996_4	string
785	158711_4	string
785	178922_3	string
785	158711_5	string
785	109878_12	string
785	178922_4	string
785	129611_6	string
785	196148_1	implication
785	154245_0	string
785	121925_12	string
785	149452_3	string
785	165056_5	string
785	120889_4	string
785	107340_3	string
785	171393_34	string
785	184833_5	string
785	129611_7	string
785	184489_15	implication
785	114444_4	string
785	112777_3	string
785	107340_4	string
785	172591_5	string
785	191788_5	string
785	105017_7	string
785	126623_1	string
785	126623_2	string
785	122251_2	implication
785	122251_5	string
785	122251_6	string
785	102931_9	string
785	120889_8	string
785	195994_4	string
785	191228_5	string
785	128163_5	string
785	179996_1	string
785	179996_2	string
785	179996_3	string
785	179996_4	string
785	193267_3	string
785	199726_2	string
785	129611_29	implication
786	192180_0	synonym
786	179472_11	hyponym
786	159376_12	string
786	192180_4	synonym
786	138376_1	implication
786	192180_5	synonym
786	192180_6	synonym
786	192180_10	string
786	102433_2	synonym
786	192180_11	string
786	102433_3	synonym
786	134389_1	implication
786	188206_3	synonym
786	102433_8	synonym
786	102433_9	hyponym
786	188206_8	synonym
786	102433_10	synonym
786	183737_0	hyponym
786	102433_11	hyponym
786	126341_1	synonym
786	167972_15	synonym
786	134389_8	implication
786	183737_1	synonym
786	183737_2	synonym
786	134389_11	implication
786	180101_2	synonym
786	134389_12	synonym
786	102433_18	string
786	183737_9	hyponym
786	183737_10	hyponym
786	141825_7	synonym
786	102433_20	synonym
786	141825_8	synonym
786	102433_21	synonym
786	103677_1	synonym
786	129501_2	synonym
786	126341_22	synonym
786	126341_23	hyponym
786	129501_8	synonym
786	126341_27	synonym
786	104585_2	synonym
786	174736_1	synonym
786	104585_5	synonym
786	126341_34	hyponym
786	166902_23	implication
786	176617_7	implication
786	126341_36	hyponym
786	174736_8	synonym
786	159894_13	synonym
786	123655_1	synonym
786	159894_19	synonym
786	123655_9	synonym
786	123655_10	synonym
786	166902_42	synonym
786	161610_2	synonym
786	122992_2	synonym
786	179838_2	string
786	113598_8	synonym
786	100492_7	synonym
786	184846_13	synonym
786	113598_9	synonym
786	123655_18	hyponym
786	123655_20	hyponym
786	122992_12	synonym
786	113598_15	hyponym
786	113598_16	implication
786	161610_13	synonym
786	161610_14	synonym
786	179838_12	implication
786	161610_15	hyponym
786	179838_13	hyponym
786	100492_15	implication
786	122992_19	hyponym
786	161610_21	implication
786	161610_23	implication
786	159434_7	synonym
786	126242_26	string
786	159904_0	implication
786	129412_10	synonym
786	159434_13	hyponym
786	159904_1	implication
786	129412_12	hyponym
786	159904_4	synonym
786	159904_5	implication
786	159904_7	synonym
786	159904_8	hyponym
786	159904_10	hyponym
786	137106_0	implication
786	137106_1	synonym
786	159904_13	hyponym
786	137106_3	implication
786	196459_2	string
786	159904_15	hyponym
786	149111_2	synonym
786	149111_3	hyponym
786	196459_12	string
786	179480_3	synonym
786	149111_11	synonym
786	179472_1	synonym
786	113598_1	synonym
786	162749_14	string
786	165056_14	synonym
786	126242_28	string
786	159434_12	string
786	104585_3	implication
786	196558_13	implication
786	169428_12	implication
786	117293_32	string
786	180101_10	synonym
786	157296_8	synonym
786	159376_15	string
786	159376_17	hyponym
786	192180_3	synonym
786	179480_25	synonym
786	122992_8	string
787	114845_10	string
787	188241_14	string
787	162749_12	abbreviation
787	171753_7	string
787	186515_1	abbreviation
787	188206_2	synonym
787	106091_14	string
787	132513_12	string
787	129375_12	string
787	167972_11	string
787	106091_19	string
787	129375_14	string
787	106091_21	string
787	135610_16	string
787	104841_3	string
787	164384_1	string
787	170892_19	string
787	164384_8	string
787	110806_8	string
787	110806_14	string
787	110806_15	string
787	110806_16	string
787	155533_6	abbreviation
787	105017_2	string
787	174752_14	string
787	161610_2	string
787	122992_2	string
787	124465_8	string
787	113598_9	string
787	184846_16	string
787	161610_14	string
787	122992_16	string
787	122992_19	string
787	161610_23	string
787	114845_2	synonym
787	160997_20	string
787	160997_25	string
787	113598_1	string
787	100921_2	string
787	105017_18	string
787	149498_0	string
787	122893_16	string
787	106091_3	string
787	105694_1	string
787	188206_9	string
787	101882_4	string
787	101882_5	string
787	105694_10	synonym
787	104841_4	string
787	186382_11	string
787	135610_22	string
787	170892_21	string
787	160997_23	string
787	122992_8	string
788	114845_11	string
788	107357_7	string
788	114980_8	string
788	108451_11	string
788	180121_5	synonym
788	180121_7	string
788	189534_10	string
788	189534_13	string
788	107357_8	string
788	165519_13	string
788	165519_14	string
788	118210_8	string
788	118210_9	string
788	118210_10	string
788	108451_12	string
788	108451_13	string
789	165056_17	string
789	118475_7	synonym
789	189762_6	synonym
789	181044_10	hyponym
789	163565_21	synonym
789	161722_9	synonym
789	186325_12	string
789	195624_14	synonym
789	178961_0	implication
789	146104_12	synonym
789	112777_6	synonym
789	189667_5	synonym
789	185113_23	synonym
789	185113_25	synonym
789	185113_26	synonym
789	185113_27	synonym
789	185113_28	synonym
789	178961_20	synonym
789	192809_11	synonym
789	192809_12	synonym
789	128251_7	synonym
789	124749_28	synonym
789	123743_10	synonym
789	105861_1	abbreviation
789	100028_17	implication
789	184788_14	synonym
789	167483_22	synonym
789	121743_10	synonym
789	105861_23	synonym
789	114639_13	synonym
789	127126_11	synonym
789	162147_16	synonym
789	100754_20	implication
789	180121_6	synonym
789	130539_18	synonym
789	153808_11	synonym
789	114250_17	synonym
789	176266_20	string
789	165056_18	string
789	165056_19	synonym
789	180691_7	string
789	174752_25	synonym
789	127126_12	synonym
789	162147_14	abbreviation
789	151342_6	synonym
789	161722_13	implication
789	186325_11	string
789	186325_14	implication
789	134719_15	synonym
789	188206_18	synonym
789	100754_21	string
789	141036_10	string
789	154761_9	synonym
789	189667_6	implication
789	120762_9	synonym
789	108558_7	synonym
789	116970_10	string
789	129611_24	synonym
790	163565_3	abbreviation
790	148450_5	abbreviation
790	148450_6	implication
790	144023_1	hyponym
790	150588_23	abbreviation
790	144023_2	abbreviation
790	135705_5	implication
790	179937_6	abbreviation
790	184945_20	hyponym
790	171971_7	hyponym
790	151377_1	abbreviation
790	126341_1	abbreviation
790	127274_7	implication
790	134389_9	abbreviation
790	110549_3	implication
790	167088_5	abbreviation
790	121731_7	synonym
790	179104_8	abbreviation
790	114425_3	synonym
790	120762_5	abbreviation
790	114425_6	abbreviation
790	137091_9	implication
790	154244_1	synonym
790	117954_2	synonym
790	125325_10	implication
790	186363_2	abbreviation
790	140660_13	synonym
790	186363_5	abbreviation
790	107052_5	implication
790	166295_1	synonym
790	100028_5	abbreviation
790	167413_8	abbreviation
790	172195_10	abbreviation
790	123916_5	hyponym
790	183308_17	implication
790	171305_9	implication
790	197122_6	hyponym
790	159504_8	abbreviation
790	125594_8	implication
790	150164_6	implication
790	142089_13	implication
790	103679_5	hyponym
790	129685_2	hyponym
790	122578_11	implication
790	104582_3	abbreviation
790	196898_5	hyponym
790	126242_29	synonym
790	177389_12	synonym
790	172267_2	synonym
790	128050_7	abbreviation
790	137091_2	hyponym
790	123535_9	synonym
790	190272_5	abbreviation
790	106220_5	implication
790	182680_3	synonym
790	190272_6	abbreviation
790	176801_13	synonym
790	176039_6	abbreviation
790	126242_28	string
790	159904_2	implication
790	128590_1	synonym
790	128590_2	synonym
790	145874_4	abbreviation
790	163165_4	implication
790	177389_1	synonym
790	149436_5	abbreviation
790	112313_6	abbreviation
790	162348_13	hyponym
790	154244_10	synonym
790	121045_6	implication
790	173656_5	abbreviation
790	171971_4	synonym
790	179642_9	abbreviation
791	163565_3	implication
791	104582_19	synonym
791	137106_13	string
791	149111_18	string
791	193756_15	string
791	125316_20	string
791	174691_1	synonym
791	174691_2	synonym
791	163565_19	synonym
791	132513_7	implication
791	192180_10	string
791	192180_11	string
791	179480_28	hyponym
791	179480_29	synonym
791	132513_13	string
791	132513_16	hyponym
791	131974_21	synonym
791	174262_2	synonym
791	131974_24	synonym
791	180101_4	string
791	174262_9	string
791	192498_21	synonym
791	136086_8	synonym
791	192498_24	synonym
791	199399_24	hyponym
791	148059_12	string
791	105400_12	synonym
791	105400_13	string
791	105400_14	string
791	184541_22	string
791	199482_28	synonym
791	118257_13	string
791	199482_31	string
791	199482_33	string
791	160184_1	implication
791	122893_13	string
791	110806_14	synonym
791	110806_15	synonym
791	110806_16	synonym
791	119273_5	synonym
791	180308_7	string
791	123655_13	string
791	123655_14	string
791	134578_14	string
791	179838_6	hyponym
791	169851_7	string
791	174483_22	implication
791	169851_8	string
791	174483_24	string
791	112520_12	string
791	179838_15	string
791	179838_18	string
791	104582_2	implication
791	195244_10	string
791	186314_7	synonym
791	140477_17	string
791	129412_18	synonym
791	147969_21	string
791	129412_19	synonym
791	147969_23	string
791	145076_20	string
791	145076_22	hyponym
791	136086_9	string
791	169111_24	hyponym
791	148059_11	string
791	169111_28	string
791	144925_8	string
791	169111_31	string
791	179838_17	string
791	185494_14	string
791	105017_22	synonym
791	100492_10	string
791	193756_14	string
791	140477_15	string
791	105017_25	string
791	105017_26	synonym
791	109935_12	string
791	192498_23	string
791	122893_21	string
791	163565_20	string
791	149111_19	string
791	118677_18	string
791	187753_7	string
791	149073_41	string
791	159894_21	string
791	117293_29	synonym
791	134578_3	synonym
791	117293_36	string
791	147969_22	string
791	163321_18	string
791	184541_20	string
791	119282_10	string
791	102636_3	synonym
791	163321_21	string
791	150548_10	implication
791	179480_34	string
791	123655_15	string
791	104777_23	string
791	199482_34	string
791	133424_31	string
791	129611_23	synonym
792	162987_7	synonym
792	162987_8	synonym
792	124788_11	synonym
792	176704_7	synonym
792	116778_5	synonym
792	116778_6	synonym
792	125325_2	synonym
792	116778_10	synonym
792	116778_11	synonym
792	104777_1	synonym
792	125325_10	synonym
792	104777_12	synonym
792	104777_22	synonym
792	102295_5	synonym
792	100028_1	synonym
792	185811_7	synonym
792	185811_8	synonym
792	100028_17	implication
792	166034_19	synonym
792	198930_9	synonym
792	121149_2	implication
792	121149_4	synonym
792	134823_9	synonym
792	116778_9	synonym
792	131768_20	synonym
792	131768_21	synonym
792	109543_7	synonym
792	162987_1	synonym
792	122903_13	synonym
792	122903_19	string
792	122903_25	synonym
792	199482_24	synonym
792	100028_13	synonym
793	104082_6	string
793	104082_7	string
793	104082_11	synonym
793	148450_13	string
793	114444_11	string
793	114444_14	string
793	171971_12	string
793	171971_13	string
793	122883_5	string
793	186436_21	implication
793	122883_6	string
793	122883_9	implication
793	121925_13	synonym
793	142645_12	hyponym
793	184905_14	implication
793	106220_12	implication
793	146452_16	string
793	146452_17	string
793	193944_11	string
793	152105_8	implication
793	143223_13	string
793	114444_19	string
793	106220_13	implication
793	119502_18	hyponym
793	178782_3	implication
793	129650_4	implication
793	126013_11	implication
794	104082_6	synonym
794	104082_7	synonym
794	189762_3	abbreviation
794	130655_1	synonym
794	125316_13	synonym
794	128587_4	synonym
794	148450_13	synonym
794	119993_2	abbreviation
794	112313_2	synonym
794	154761_6	synonym
794	154761_7	synonym
794	162528_4	synonym
794	154761_8	synonym
794	179117_12	synonym
794	111318_1	synonym
794	111318_3	synonym
794	134268_2	abbreviation
794	111318_7	synonym
794	169126_4	implication
794	183827_8	synonym
794	148924_5	synonym
794	112777_4	synonym
794	124864_4	abbreviation
794	171971_12	string
794	171971_13	string
794	189667_3	synonym
794	176801_8	synonym
794	163870_4	abbreviation
794	163870_5	synonym
794	163159_5	string
794	120762_4	string
794	176077_6	synonym
794	115338_2	synonym
794	122883_1	abbreviation
794	122883_5	abbreviation
794	186436_21	implication
794	115338_10	synonym
794	129998_1	synonym
794	129998_2	synonym
794	122883_9	implication
794	141292_0	abbreviation
794	164384_1	abbreviation
794	129998_8	synonym
794	190537_2	synonym
794	190537_3	synonym
794	166203_3	synonym
794	190537_4	synonym
794	123743_7	synonym
794	121917_7	abbreviation
794	190805_6	synonym
794	116970_6	synonym
794	116970_7	synonym
794	151011_4	synonym
794	180621_27	string
794	142335_7	string
794	112474_6	string
794	112520_8	string
794	120587_7	synonym
794	100559_8	abbreviation
794	121743_6	synonym
794	102015_5	synonym
794	103679_5	string
794	191196_4	string
794	193944_4	synonym
794	161430_7	string
794	101449_13	synonym
794	114939_7	synonym
794	111966_20	implication
794	140161_4	abbreviation
794	145013_4	synonym
794	140161_5	abbreviation
794	193944_11	synonym
794	117293_16	synonym
794	193944_13	synonym
794	139998_2	synonym
794	144657_3	implication
794	144657_4	synonym
794	114250_13	string
794	143223_13	synonym
794	125316_2	synonym
794	176801_7	synonym
794	176801_9	synonym
794	120587_6	synonym
794	153808_5	string
794	176801_10	synonym
794	179996_12	synonym
794	119993_12	synonym
794	143937_5	string
794	100139_9	string
794	154469_5	synonym
794	178112_2	string
794	103369_3	string
794	122578_8	string
794	198152_16	synonym
794	183827_7	synonym
794	187917_3	synonym
794	140236_7	string
794	113865_11	string
794	163159_10	string
794	112474_5	string
794	181269_2	synonym
794	142335_6	string
794	151526_4	abbreviation
794	190805_5	synonym
794	142335_8	string
794	111318_4	synonym
794	180621_26	string
794	134719_9	synonym
794	161430_4	string
794	153094_5	synonym
794	127411_5	string
794	127411_6	string
794	139585_3	synonym
794	134268_1	synonym
794	135610_8	synonym
794	189667_2	synonym
794	123993_1	string
794	123993_2	string
794	133855_14	synonym
794	134208_9	string
794	173220_5	synonym
794	196052_8	string
794	160867_4	synonym
794	125101_10	string
794	141891_2	string
794	149452_9	string
794	183308_6	string
794	145340_7	string
794	184788_9	string
795	104082_6	synonym
795	104082_7	synonym
795	135705_1	synonym
795	135705_2	synonym
795	104082_11	synonym
795	144023_1	synonym
795	148450_13	synonym
795	114444_11	string
795	112313_2	synonym
795	171753_8	synonym
795	135705_19	implication
795	192522_2	synonym
795	192522_4	synonym
795	183737_2	synonym
795	154237_14	abbreviation
795	154237_15	abbreviation
795	171971_13	string
795	129556_22	synonym
795	176083_17	implication
795	111101_5	string
795	119502_19	synonym
795	192522_10	synonym
795	183737_8	implication
795	145699_17	synonym
795	105694_9	synonym
795	124621_3	synonym
795	145699_18	synonym
795	141825_8	abbreviation
795	105694_12	synonym
795	141825_9	synonym
795	170628_2	synonym
795	199482_12	synonym
795	199482_13	synonym
795	199482_14	synonym
795	124621_14	implication
795	125325_3	synonym
795	199482_18	synonym
795	122883_1	abbreviation
795	144195_5	abbreviation
795	199482_20	synonym
795	186436_21	implication
795	122883_6	abbreviation
795	144195_9	synonym
795	122883_9	implication
795	141292_0	synonym
795	125325_10	synonym
795	164384_1	synonym
795	164384_2	synonym
795	125325_11	implication
795	141292_2	synonym
795	121925_13	abbreviation
795	125325_13	synonym
795	164384_8	synonym
795	164384_9	synonym
795	164384_10	synonym
795	174736_7	synonym
795	112613_7	implication
795	169428_9	implication
795	113759_11	synonym
795	133339_15	synonym
795	152649_1	implication
795	169374_3	hyponym
795	112869_1	synonym
795	169374_10	synonym
795	159878_1	synonym
795	190805_6	synonym
795	178126_3	abbreviation
795	159878_2	synonym
795	177613_1	abbreviation
795	105017_3	synonym
795	180621_27	implication
795	159878_10	implication
795	174752_17	synonym
795	159878_11	synonym
795	174744_8	synonym
795	177613_13	abbreviation
795	184905_14	implication
795	106220_12	implication
795	105017_17	synonym
795	195244_4	synonym
795	146452_16	synonym
795	114939_1	synonym
795	195244_5	synonym
795	146452_17	synonym
795	193944_4	synonym
795	114939_4	implication
795	114939_5	implication
795	117293_14	implication
795	150306_9	synonym
795	166034_4	synonym
795	111966_20	implication
795	114939_9	implication
795	117293_15	synonym
795	193944_11	synonym
795	146452_25	implication
795	117293_16	synonym
795	193944_13	synonym
795	148450_2	synonym
795	100160_1	synonym
795	137869_3	synonym
795	152105_8	implication
795	165056_2	synonym
795	143223_2	synonym
795	166034_16	synonym
795	149498_1	synonym
795	166034_17	synonym
795	149498_2	synonym
795	133242_12	abbreviation
795	165056_10	synonym
795	149498_4	synonym
795	143223_10	implication
795	133242_17	implication
795	143223_13	synonym
795	147974_9	implication
795	147974_10	implication
795	125316_2	synonym
795	141084_2	synonym
795	155533_2	synonym
795	185811_6	hyponym
795	155533_4	synonym
795	179996_12	synonym
795	106220_13	implication
795	154423_1	synonym
795	103369_8	synonym
795	174744_7	synonym
795	115692_2	synonym
795	184905_13	implication
795	155327_4	synonym
795	155327_7	synonym
795	155327_8	synonym
795	128251_4	synonym
795	180621_26	synonym
795	137869_4	synonym
795	131087_7	synonym
795	184214_17	string
795	112313_3	synonym
795	163165_10	synonym
795	163165_12	synonym
795	105694_10	synonym
795	157301_10	synonym
795	119502_18	synonym
795	157301_11	synonym
795	178782_3	implication
795	170781_8	abbreviation
795	157301_12	synonym
795	169428_10	synonym
795	112834_10	synonym
795	112834_11	synonym
795	129650_4	implication
795	100160_10	synonym
795	112834_12	synonym
795	129486_4	implication
795	171357_3	synonym
795	126013_1	string
795	171357_4	synonym
795	171357_5	synonym
795	121925_10	abbreviation
795	111101_4	string
795	126013_10	synonym
795	126013_11	implication
795	113469_4	synonym
795	199482_19	synonym
795	174752_11	synonym
796	153406_14	string
796	192180_10	string
796	117186_7	string
796	163159_12	string
796	163159_13	string
796	104434_13	synonym
796	104434_14	synonym
796	104434_15	synonym
796	104434_16	synonym
796	195735_2	synonym
796	146406_4	string
796	136049_7	string
796	112857_1	string
796	136424_17	string
796	146406_12	string
796	136424_20	string
796	179996_13	synonym
796	136049_8	string
796	112857_3	string
796	179996_14	synonym
796	153406_15	string
796	117186_8	string
796	144518_8	synonym
796	122400_24	synonym
796	122400_26	string
796	122400_27	string
797	137869_29	string
797	137869_32	synonym
797	197419_15	string
797	197419_20	string
797	100037_11	string
797	100037_22	string
797	142089_6	string
797	171305_20	string
797	137869_20	synonym
797	171305_23	string
797	171305_26	string
797	197419_9	string
797	197419_10	string
797	197419_11	string
797	155093_7	string
797	155093_9	string
797	155093_13	string
797	155093_14	string
797	155093_19	string
797	137869_21	synonym
797	137869_28	string
797	137869_31	synonym
797	171305_6	string
797	171305_7	string
798	137869_29	string
798	179225_11	string
798	138376_1	implication
798	125316_20	string
798	125316_21	string
798	125316_22	string
798	110998_10	hyponym
798	199399_22	synonym
798	199399_23	synonym
798	199399_25	string
798	142533_9	string
798	113759_2	string
798	170892_22	string
798	182247_10	string
798	152649_0	implication
798	152649_1	implication
798	159894_13	synonym
798	169374_3	hyponym
798	109667_3	abbreviation
798	169374_10	hyponym
798	125594_2	string
798	152649_21	synonym
798	129412_3	synonym
798	193944_11	implication
798	129412_12	hyponym
798	137869_3	string
798	136424_19	string
798	102636_2	string
798	179996_11	synonym
798	102931_25	string
798	179225_12	string
798	145699_19	synonym
798	162981_1	hyponym
798	125316_19	string
798	112613_1	implication
798	152649_14	implication
798	117293_29	string
798	172884_1	hyponym
798	113759_12	synonym
798	169374_0	implication
798	156619_21	string
798	169374_7	implication
798	169374_9	implication
798	109667_10	string
799	102758_2	implication
799	102758_7	string
799	199929_2	synonym
799	199929_9	synonym
799	199929_14	string
799	199929_19	string
799	167883_6	synonym
799	167883_14	string
799	167883_15	string
799	167883_16	string
799	199929_0	synonym
799	199929_17	string
800	122903_15	string
800	192975_9	string
800	139249_4	string
800	172461_14	synonym
800	122903_20	string
800	157640_16	string
800	140236_10	synonym
800	157640_23	string
800	100761_4	string
800	131974_19	string
800	102433_10	synonym
800	131974_20	synonym
800	171971_10	string
800	131974_22	string
800	137342_6	synonym
800	188206_20	string
800	142413_10	string
800	142413_11	string
800	148059_10	abbreviation
800	100085_7	string
800	148059_12	abbreviation
800	163159_13	string
800	101099_8	string
800	148059_13	synonym
800	191144_1	synonym
800	191144_11	string
800	173656_8	string
800	172605_10	abbreviation
800	188400_24	string
800	114307_4	string
800	114307_5	string
800	114307_7	string
800	176617_11	string
800	184450_14	string
800	184450_16	string
800	180308_7	string
800	180308_8	string
800	100028_14	string
800	123655_11	string
800	147383_8	string
800	106794_16	string
800	189261_7	string
800	123655_19	string
800	106794_21	string
800	136424_1	synonym
800	174744_10	string
800	136424_2	abbreviation
800	122992_12	string
800	106794_23	string
800	171305_19	abbreviation
800	122992_14	string
800	122992_15	string
800	171305_22	synonym
800	171305_25	synonym
800	150008_1	string
800	120889_13	string
800	150008_12	string
800	134831_8	string
800	147969_3	string
800	184358_14	string
800	184358_15	string
800	119691_10	string
800	159904_6	string
800	159904_8	string
800	159904_9	string
800	147969_21	string
800	147969_25	synonym
800	179996_13	string
800	198930_9	string
800	198930_11	string
800	106794_15	string
800	148059_11	string
800	106794_22	string
800	197459_8	string
800	100761_2	string
800	106794_28	string
800	165227_5	string
800	103881_9	string
800	126623_12	string
800	103881_12	string
800	126623_13	string
800	103881_13	string
800	134831_6	string
800	176617_8	string
800	134831_7	string
800	126623_15	string
800	103881_15	string
800	126623_16	string
800	165227_17	implication
800	157640_17	string
800	174744_11	string
800	168943_0	string
800	157640_26	synonym
800	168943_2	string
800	159904_11	string
800	151526_4	string
800	151526_5	string
800	162981_1	string
800	162981_2	string
800	130539_15	string
800	168943_9	string
800	168943_10	string
800	119691_6	string
800	180621_28	string
800	168943_12	string
800	119691_8	string
800	168943_15	string
800	112313_1	string
800	188206_15	string
800	180308_5	string
800	188400_5	string
800	112313_11	string
800	187378_20	string
800	104841_2	string
800	112834_10	string
800	147969_1	string
800	112834_11	string
800	144518_7	synonym
800	104841_9	string
800	147383_7	string
800	104841_10	string
800	192975_10	string
800	147969_11	string
800	122903_19	string
800	156619_0	string
800	147969_12	string
800	147969_13	string
800	122903_24	string
800	147969_22	string
800	101099_9	string
800	184450_3	string
800	147969_24	implication
800	122903_26	string
800	184450_4	string
800	177082_14	string
800	157301_18	string
800	157301_19	synonym
800	171971_11	string
800	184450_20	string
800	171971_15	string
800	163153_21	string
800	184358_13	string
800	163153_22	string
800	171971_16	string
800	106794_1	string
800	184358_16	string
800	106794_2	string
800	163153_24	string
800	171305_12	implication
800	172605_7	string
800	157301_25	string
800	123655_15	synonym
800	114210_9	string
801	165510_11	hyponym
801	146406_4	synonym
801	146406_11	string
801	165510_2	implication
801	146406_10	string
802	179472_11	string
802	192975_9	string
802	173667_10	hyponym
802	139249_5	string
802	150105_0	string
802	193756_17	string
802	128590_22	string
802	163565_19	string
802	176512_13	string
802	193608_7	string
802	171753_10	string
802	134719_13	string
802	176704_6	string
802	146104_13	string
802	176704_7	string
802	195655_14	string
802	142413_11	string
802	163165_15	string
802	148134_3	synonym
802	141520_17	synonym
802	143877_19	synonym
802	103677_1	synonym
802	122400_25	string
802	133990_15	synonym
802	103677_6	hyponym
802	199637_7	string
802	189408_8	string
802	104585_2	synonym
802	144807_13	string
802	142197_8	string
802	104585_5	string
802	199637_10	synonym
802	144807_14	string
802	124749_28	string
802	104585_7	synonym
802	104585_8	synonym
802	164644_8	string
802	169428_5	string
802	194111_2	string
802	196878_10	string
802	136823_4	string
802	109928_20	string
802	171110_19	string
802	144722_13	string
802	113598_10	hyponym
802	122992_12	string
802	113598_16	string
802	113598_17	string
802	122992_14	string
802	167483_22	string
802	161418_13	string
802	178391_5	string
802	156962_5	string
802	191842_3	synonym
802	136424_20	string
802	129412_17	string
802	129412_18	string
802	144657_6	hyponym
802	196459_12	hyponym
802	179472_1	string
802	126574_11	string
802	192589_5	string
802	112857_4	string
802	113598_14	string
802	191842_4	string
802	120257_22	string
802	173667_12	string
802	120257_23	string
802	120257_26	string
802	173667_16	synonym
802	144754_36	string
802	195655_13	string
802	191144_10	string
802	151192_11	string
802	139249_6	string
802	149498_22	string
802	143877_21	synonym
802	109514_17	string
802	128590_19	string
802	155571_8	string
802	128140_10	string
802	130510_13	synonym
802	104585_9	synonym
802	192975_10	string
802	108176_17	string
802	157296_18	string
802	176512_12	string
802	114444_8	synonym
802	109667_13	synonym
803	148450_5	string
803	148450_6	string
803	161722_4	string
803	135610_2	string
803	167972_7	string
803	154237_8	string
803	117878_0	string
803	169126_6	string
803	148924_5	string
803	117878_1	string
803	117878_3	string
803	117878_4	string
803	176083_15	string
803	117878_8	string
803	154237_15	string
803	176083_17	string
803	117878_12	string
803	199482_2	string
803	117878_13	string
803	154237_19	string
803	167972_19	string
803	199482_11	string
803	199482_12	string
803	199482_13	string
803	199482_14	string
803	199482_18	string
803	170892_7	string
803	199482_20	string
803	122883_4	string
803	125325_10	string
803	125325_11	string
803	125325_12	string
803	125325_13	string
803	133339_3	string
803	199482_31	string
803	133339_4	string
803	114183_22	string
803	125594_3	string
803	184905_8	string
803	106220_7	string
803	181394_25	implication
803	101449_6	string
803	105017_17	string
803	125594_20	string
803	125594_23	string
803	125594_27	string
803	125594_29	string
803	125594_30	string
803	125594_31	string
803	125594_33	string
803	125594_34	string
803	120257_16	string
803	120257_21	string
803	143223_13	string
803	106220_5	string
803	180621_3	string
803	120257_5	synonym
803	120257_7	string
803	120257_8	string
803	192809_4	string
803	100492_4	string
803	100492_8	string
803	120257_22	string
803	184905_2	string
803	119502_1	string
803	120257_29	string
803	120257_30	string
803	119502_6	string
803	143223_9	string
803	125594_4	string
803	152649_5	string
803	168279_3	string
803	152649_11	string
803	135610_6	string
803	135610_10	string
803	135610_12	string
803	168279_15	synonym
803	101099_5	string
803	129611_1	string
803	170892_6	string
803	101099_7	string
803	174571_5	string
803	133339_5	string
803	168279_29	string
803	129611_6	string
803	108451_4	string
803	199482_6	string
803	108451_6	string
803	129611_7	string
803	168279_41	string
803	105017_7	string
803	176083_8	string
803	176083_9	string
803	199482_16	string
803	199482_17	string
803	199482_19	string
803	199482_22	string
803	199482_23	string
803	199482_24	string
803	199482_26	string
803	176083_16	string
803	199482_27	string
804	148450_5	hyponym
804	148450_6	implication
804	159376_11	string
804	132513_7	implication
804	179937_6	abbreviation
804	179480_28	hyponym
804	132513_16	hyponym
804	134389_9	abbreviation
804	167088_5	synonym
804	114425_6	synonym
804	122883_2	string
804	170654_4	synonym
804	150857_6	string
804	150857_7	synonym
804	170654_15	string
804	160184_1	implication
804	100028_5	abbreviation
804	197122_6	hyponym
804	142089_13	implication
804	103679_5	hyponym
804	129685_2	string
804	126242_29	string
804	190272_5	abbreviation
804	106220_5	implication
804	190272_6	abbreviation
804	127002_1	string
804	132513_8	synonym
804	163165_4	implication
804	137869_6	hyponym
804	183972_4	implication
804	117293_29	synonym
804	121045_6	implication
804	173656_5	implication
804	150548_10	implication
804	130784_2	implication
805	197150_18	hyponym
805	193756_16	synonym
805	181044_11	string
805	181044_12	synonym
805	197150_17	synonym
805	138678_30	string
806	137106_12	string
806	172461_14	string
806	169428_0	implication
806	196878_9	synonym
806	137106_5	synonym
806	137106_8	string
806	183827_3	synonym
806	101882_1	synonym
806	119502_22	string
807	147974_17	string
807	102758_7	string
807	141084_17	synonym
807	131974_4	implication
807	110998_11	synonym
807	110998_12	string
807	119405_10	string
807	119405_13	string
807	131974_20	string
807	131974_21	string
807	131974_23	string
807	174262_7	synonym
807	174262_8	string
807	119502_21	string
807	153345_10	string
807	140402_12	string
807	147575_10	synonym
807	185811_8	string
807	185811_9	string
807	180546_13	string
807	180546_16	string
807	101449_3	synonym
807	181929_10	string
807	185233_21	string
807	166034_6	synonym
807	109514_14	synonym
807	109514_15	synonym
807	147969_19	string
807	147969_20	string
807	147969_21	string
807	147969_25	synonym
807	147969_26	synonym
807	166034_24	synonym
807	166034_26	string
807	145076_18	string
807	145076_19	string
807	145076_20	string
807	145076_21	string
807	148912_11	string
807	191788_11	string
807	185233_14	synonym
807	191788_13	string
807	152105_10	string
807	152105_11	string
807	105017_20	synonym
807	157329_18	string
807	141084_19	string
807	157329_21	string
807	157329_22	string
807	106334_17	string
807	148912_9	string
807	168331_29	string
807	168331_33	string
807	190805_2	string
807	190805_3	string
807	190805_9	string
807	102758_10	string
807	109514_16	string
807	119502_22	string
807	119502_23	string
807	138678_2	synonym
807	110998_16	string
807	147575_12	string
807	119273_17	synonym
807	119273_18	synonym
807	140402_14	string
807	119273_22	synonym
807	157301_24	synonym
808	147974_17	string
808	147974_18	string
808	179480_29	synonym
808	179480_33	string
808	120762_8	string
808	165297_17	string
808	134027_14	hyponym
808	184541_23	string
808	171357_24	string
808	155984_16	string
808	123916_10	synonym
808	123916_11	synonym
808	123916_12	string
808	185233_20	string
808	101833_16	string
808	159434_10	string
808	159434_11	string
808	108346_8	string
808	147974_7	implication
808	196459_22	synonym
808	147974_13	synonym
808	155984_15	string
808	196459_20	string
808	161086_16	string
808	161086_18	string
808	118218_20	synonym
808	118218_22	synonym
808	187753_8	string
808	101833_19	string
808	159894_21	string
808	101833_22	string
808	187378_24	string
808	187378_25	synonym
808	120762_9	synonym
808	142089_15	synonym
808	174752_0	synonym
808	138678_29	string
808	171357_23	string
808	124621_17	string
808	124621_19	string
809	147974_17	synonym
809	157744_6	string
809	157744_11	synonym
810	149591_2	string
810	139249_5	string
810	119405_10	string
810	119405_13	string
810	176801_2	synonym
810	133855_19	string
810	101359_3	string
810	133990_11	synonym
810	157685_3	string
810	157685_10	synonym
810	157685_13	synonym
810	124621_20	string
810	157685_20	string
810	168116_3	string
810	188400_22	synonym
810	188400_24	synonym
810	193169_12	string
810	193169_13	string
810	145340_10	string
810	145340_11	string
810	184489_4	string
810	178322_16	synonym
810	113598_11	string
810	186314_7	string
810	186314_8	string
810	191788_9	synonym
810	191788_11	string
810	113598_14	string
810	191788_13	string
810	133990_10	string
810	157685_12	string
810	157685_19	string
810	130539_15	string
810	130539_17	string
810	178322_19	synonym
810	101480_17	string
810	188400_5	synonym
810	101480_21	string
810	152649_17	string
810	152649_18	string
810	152649_19	string
810	188400_25	synonym
810	133855_17	synonym
810	149591_3	string
810	117954_17	string
810	150548_13	string
810	168116_7	string
810	124621_16	string
810	124621_17	string
811	149591_2	string
811	138709_15	string
811	144195_11	string
811	188400_22	synonym
811	188400_24	synonym
811	189534_15	string
811	162749_16	string
811	100921_2	synonym
811	100921_3	synonym
811	189534_11	string
811	155327_10	synonym
811	155327_11	string
811	188400_5	synonym
811	149591_4	string
812	149591_2	synonym
812	179117_10	synonym
812	176704_10	string
812	138678_28	string
812	176704_13	synonym
812	165297_15	synonym
812	163816_11	string
812	158711_10	string
812	176996_17	synonym
812	158711_17	string
812	158711_20	string
812	178322_12	string
812	144298_12	synonym
812	144298_13	synonym
812	144298_17	synonym
812	144298_18	synonym
812	166034_20	synonym
812	129255_8	string
812	133242_22	string
812	144298_28	string
812	158711_18	string
812	170407_8	string
812	144298_14	synonym
812	170407_10	synonym
812	170407_12	string
812	105861_26	string
812	162213_15	synonym
812	139341_21	string
812	162213_18	synonym
812	129255_2	string
812	154423_9	synonym
812	148912_9	synonym
812	148912_10	string
812	155327_13	string
812	178322_13	string
812	176704_11	string
812	178322_17	string
812	178322_19	string
812	188206_16	string
812	188206_18	string
812	163816_9	synonym
812	163816_10	synonym
812	152649_17	string
812	152649_18	string
812	163153_14	synonym
812	198098_10	string
812	149591_5	string
812	129611_24	string
812	129611_25	string
813	125626_16	string
813	118475_6	synonym
813	118475_7	string
813	151614_10	string
813	125316_18	string
813	178787_18	string
813	125316_21	string
813	157640_23	string
813	184214_19	string
813	194360_10	string
813	179117_13	string
813	186382_12	string
813	106091_16	string
813	106091_18	string
813	193575_13	string
813	174262_8	string
813	143479_18	string
813	174262_9	string
813	193575_16	synonym
813	143479_19	string
813	192498_19	string
813	176107_12	string
813	192498_21	string
813	199399_23	string
813	199399_25	string
813	163165_15	string
813	145699_23	string
813	174964_2	string
813	174964_4	implication
813	145699_25	string
813	145699_26	synonym
813	174964_9	implication
813	116117_14	string
813	163159_13	string
813	174964_11	abbreviation
813	174964_12	abbreviation
813	163159_14	string
813	178961_19	string
813	116664_15	string
813	116664_16	string
813	171357_22	string
813	199008_24	string
813	104777_21	synonym
813	104777_22	string
813	192151_11	synonym
813	123535_15	string
813	123535_19	string
813	169374_11	synonym
813	125632_30	implication
813	184788_13	string
813	123655_13	string
813	197122_3	implication
813	167413_24	string
813	159878_15	string
813	159878_16	string
813	123916_13	string
813	179838_14	string
813	161610_21	string
813	186314_7	string
813	182680_15	string
813	182680_16	string
813	186314_8	string
813	105861_30	string
813	108451_11	string
813	141996_17	string
813	130539_18	string
813	108346_7	string
813	179996_13	string
813	145076_20	string
813	145076_21	string
813	121149_4	synonym
813	121149_5	string
813	123535_13	string
813	184788_16	string
813	123535_16	string
813	151614_9	string
813	151614_11	string
813	123535_18	string
813	119993_16	string
813	151614_12	synonym
813	179838_16	string
813	119993_19	string
813	192151_13	string
813	196459_16	synonym
813	197122_22	string
813	196459_19	string
813	162213_11	hyponym
813	105861_21	synonym
813	105861_22	synonym
813	157329_18	string
813	105017_22	synonym
813	157329_21	string
813	141996_19	string
813	141996_20	string
813	100492_10	string
813	140477_15	string
813	140477_16	string
813	162213_20	string
813	176107_14	string
813	143223_0	string
813	157640_22	string
813	192498_22	string
813	125626_17	string
813	119246_21	string
813	112474_13	string
813	143223_20	string
813	112474_14	string
813	119246_24	string
813	119246_25	string
813	151192_9	string
813	130539_16	string
813	110549_14	string
813	125316_19	string
813	108346_6	string
813	194360_11	string
813	117878_14	string
813	117878_15	string
813	187753_8	string
813	178961_18	string
813	129556_25	synonym
813	116117_12	string
813	152012_9	string
813	152012_10	string
813	199399_26	string
813	193575_14	string
813	174964_17	string
813	174964_18	string
813	174964_21	string
813	186382_11	string
813	161610_24	string
813	122903_17	synonym
813	122903_21	string
813	101099_10	string
813	190532_16	string
813	190532_18	string
813	171971_15	string
813	108451_0	string
813	171971_16	string
813	121917_10	synonym
813	121917_11	string
813	125632_28	string
813	199008_25	string
813	125632_29	string
813	121917_13	synonym
813	199008_28	string
813	187466_4	implication
813	199008_29	string
813	172605_13	string
813	108451_12	string
813	171357_23	string
813	123655_15	string
813	129611_26	string
814	125626_16	string
814	137869_32	string
814	134719_11	string
814	134719_13	string
814	134268_7	string
814	176083_15	synonym
814	165297_16	string
814	165297_20	string
814	199482_18	string
814	199482_20	string
814	199482_25	string
814	170892_17	string
814	170892_22	string
814	170892_23	string
814	199482_31	string
814	121917_7	abbreviation
814	106220_7	string
814	155533_5	string
814	106220_9	string
814	125626_15	string
814	134719_2	string
814	125626_17	string
814	172884_1	string
814	165297_19	string
814	172884_9	string
814	137869_26	string
814	137869_27	string
814	121917_8	string
814	121917_12	string
814	176083_16	string
814	176083_22	string
815	100268_9	string
815	147974_18	string
815	100268_10	string
815	129486_5	string
815	186382_1	string
815	174243_18	implication
815	129556_2	synonym
815	146947_9	synonym
815	197419_14	synonym
815	136175_15	string
815	197419_16	string
815	149498_16	string
815	149498_17	string
815	152972_6	string
815	135705_13	string
815	144023_10	synonym
815	148450_19	string
815	188625_13	string
815	197419_20	string
815	129556_11	synonym
815	129556_12	synonym
815	162981_4	string
815	144023_14	string
815	151854_1	implication
815	129556_14	synonym
815	134389_3	string
815	186515_4	string
815	176704_0	string
815	176704_1	string
815	155571_7	string
815	151377_1	synonym
815	164712_0	string
815	164712_1	string
815	109173_3	string
815	171971_14	string
815	177920_12	string
815	177920_13	string
815	109173_11	string
815	142372_18	string
815	141825_8	string
815	177920_20	implication
815	163870_6	string
815	141520_13	string
815	179104_18	string
815	125755_8	string
815	125755_9	string
815	133325_5	string
815	173124_3	string
815	142533_11	string
815	168047_6	abbreviation
815	179998_6	string
815	142533_13	string
815	147054_6	string
815	196148_22	string
815	162525_7	string
815	129279_5	string
815	189408_12	synonym
815	123832_10	synonym
815	194111_1	string
815	194111_2	string
815	124897_2	implication
815	164384_10	string
815	154423_3	string
815	196880_0	implication
815	142847_8	synonym
815	142645_1	implication
815	196880_2	string
815	193169_2	string
815	158711_10	string
815	133339_20	string
815	167413_3	string
815	176996_17	string
815	141538_0	string
815	112869_12	string
815	141538_3	string
815	180546_13	string
815	124465_5	string
815	180546_18	string
815	185233_2	string
815	191410_2	string
815	119634_3	string
815	184905_10	string
815	185233_4	string
815	191410_7	string
815	181929_1	string
815	107354_24	string
815	181929_2	string
815	121173_5	implication
815	121173_6	string
815	122992_11	implication
815	147165_3	string
815	193091_6	abbreviation
815	101833_2	string
815	122992_13	string
815	121743_6	string
815	103679_1	implication
815	121173_12	string
815	121743_7	string
815	179838_13	string
815	146094_5	string
815	179838_14	string
815	185233_15	string
815	122992_17	string
815	122992_19	string
815	115109_6	string
815	100754_4	string
815	185233_17	hyponym
815	115109_7	string
815	185233_19	string
815	100754_5	string
815	106220_15	string
815	137856_13	string
815	160100_12	string
815	160100_13	string
815	136424_13	string
815	126095_3	synonym
815	159434_11	string
815	174261_14	string
815	126242_24	string
815	100754_17	string
815	193944_15	string
815	194471_3	implication
815	140477_13	string
815	180121_9	implication
815	136115_2	string
815	168411_17	implication
815	140477_23	string
815	144657_6	string
815	140477_24	string
815	147974_13	string
815	139485_13	string
815	185233_3	string
815	185233_5	implication
815	133424_33	implication
815	171913_10	string
815	131156_12	implication
815	185233_14	string
815	184788_19	implication
815	185233_16	string
815	122578_2	string
815	179838_16	string
815	162147_0	string
815	161068_2	synonym
815	114528_0	string
815	151614_14	synonym
815	162147_1	string
815	105861_14	string
815	155533_11	synonym
815	113638_6	string
815	134823_0	string
815	103267_11	synonym
815	155533_12	synonym
815	151614_19	synonym
815	105954_6	synonym
815	176996_15	string
815	107354_2	string
815	143536_9	string
815	143536_10	string
815	164384_11	string
815	154423_4	string
815	106482_6	string
815	197419_17	string
815	126242_28	string
815	140477_14	string
815	160100_22	implication
815	191025_5	string
815	194275_13	implication
815	119634_12	hyponym
815	176996_21	string
815	140477_15	string
815	134823_10	string
815	115692_1	string
815	153406_9	string
815	147054_7	string
815	134823_12	string
815	164712_11	string
815	139485_12	string
815	178322_3	synonym
815	128590_1	string
815	165603_36	string
815	128590_2	string
815	183002_1	synonym
815	188625_3	string
815	129645_6	string
815	162981_3	string
815	183002_9	string
815	150804_13	hyponym
815	118677_8	string
815	149498_21	string
815	178961_13	string
815	138376_7	synonym
815	115692_13	hyponym
815	100754_0	string
815	174243_19	implication
815	173124_21	string
815	186325_14	implication
815	100754_3	string
815	118677_13	string
815	134857_4	string
815	138376_9	synonym
815	101833_4	synonym
815	135705_18	string
815	101480_16	synonym
815	101480_17	string
815	122903_2	synonym
815	129556_25	string
815	155571_8	string
815	129556_29	string
815	101833_18	string
815	101480_22	string
815	129556_31	synonym
815	101833_19	string
815	116117_18	implication
815	190532_0	string
815	148924_1	string
815	122903_14	synonym
815	122903_16	synonym
815	122903_17	synonym
815	122903_18	string
815	146947_11	implication
815	129611_0	string
815	117293_35	string
815	121925_2	string
815	117293_36	string
815	122903_25	synonym
815	118392_5	implication
815	192180_3	string
815	121925_3	string
815	174571_2	string
815	129486_4	string
815	167413_16	synonym
815	129486_6	string
815	129486_7	string
815	146094_6	string
815	174571_7	string
815	150164_9	string
815	180546_2	string
815	112869_10	string
815	112869_11	string
815	112869_13	string
815	130230_1	string
815	171971_15	string
815	171913_0	string
815	163153_21	string
815	171971_16	string
815	163153_23	string
815	131156_4	implication
815	163153_24	string
815	194111_9	implication
815	191788_2	string
815	172605_13	synonym
815	143701_8	string
816	139485_23	synonym
816	128050_18	string
816	154761_2	implication
816	128050_24	string
816	128050_25	string
816	154761_8	string
816	154761_10	string
816	195624_14	string
816	162348_6	synonym
816	168022_2	synonym
816	112777_7	string
816	162348_19	string
816	137342_6	string
816	167088_8	synonym
816	184884_5	synonym
816	134208_11	synonym
816	141891_4	string
816	120762_8	string
816	173220_11	synonym
816	173220_12	synonym
816	167883_15	string
816	195981_6	string
816	167883_16	string
816	134027_14	string
816	116778_13	string
816	192809_11	string
816	134027_19	string
816	190150_3	synonym
816	154245_8	string
816	128251_6	string
816	174786_19	synonym
816	168116_3	string
816	125101_13	string
816	190537_10	synonym
816	176617_10	synonym
816	123743_10	string
816	153094_2	implication
816	104434_14	string
816	155984_16	string
816	116970_13	synonym
816	151011_8	synonym
816	180691_4	synonym
816	169851_6	string
816	169851_7	string
816	107340_24	string
816	100559_11	string
816	139585_5	string
816	121743_10	synonym
816	178112_4	string
816	122578_11	hyponym
816	158000_3	synonym
816	157252_8	synonym
816	158000_7	synonym
816	161430_8	synonym
816	155327_12	string
816	171913_14	string
816	146406_4	string
816	136049_7	synonym
816	188772_14	string
816	172900_5	synonym
816	172900_6	string
816	146406_12	string
816	153808_2	implication
816	136115_7	synonym
816	139485_19	string
816	136049_9	string
816	155984_15	string
816	155984_17	string
816	171913_15	string
816	107340_18	string
816	100559_14	synonym
816	174786_18	string
816	112520_13	string
816	174786_20	string
816	157252_6	synonym
816	180691_6	string
816	194275_8	string
816	194275_9	string
816	187917_7	string
816	140236_11	string
816	128587_6	string
816	174045_14	string
816	181269_3	string
816	155327_11	string
816	190805_9	string
816	142335_10	string
816	139485_20	string
816	188772_12	string
816	128050_16	string
816	142178_8	string
816	190150_4	string
816	161430_11	string
816	134027_13	string
816	134027_15	string
816	127411_7	string
816	139998_4	string
816	139585_6	string
816	168022_6	synonym
816	154761_9	string
816	140161_6	string
816	131694_10	string
816	124764_7	string
816	150319_15	string
816	196052_11	string
816	196052_12	string
816	125101_14	string
816	150996_7	synonym
816	159468_10	string
816	156001_6	string
816	150996_8	string
816	168116_7	string
816	156001_7	string
816	178922_11	string
816	198957_12	string
816	130784_6	string
816	113469_10	synonym
817	139485_23	synonym
817	197419_15	string
817	197419_16	string
817	176083_3	string
817	167972_16	string
817	167972_17	string
817	187941_8	synonym
817	100492_15	implication
817	132914_14	string
817	132914_15	string
817	106220_15	string
817	139485_19	string
817	187941_9	string
817	187941_10	string
817	107416_4	string
817	107416_5	string
817	179883_5	string
817	197419_9	string
817	179883_6	string
817	179883_7	string
817	107416_13	string
817	100492_10	string
817	168279_51	string
817	176083_22	string
817	129611_20	string
817	129611_24	string
818	133608_12	synonym
818	130655_1	synonym
818	130655_6	synonym
818	126812_6	synonym
818	195981_1	synonym
818	115338_8	synonym
818	193189_7	synonym
818	115338_12	synonym
818	130451_1	synonym
818	149436_1	synonym
818	196880_11	synonym
818	130451_5	synonym
818	130451_7	synonym
818	157008_1	synonym
818	114158_7	synonym
818	157008_7	synonym
818	100754_1	synonym
818	137441_1	synonym
818	164967_6	synonym
818	100754_4	synonym
818	137441_10	synonym
818	133608_1	synonym
818	133608_8	implication
818	153406_1	synonym
818	153406_8	synonym
818	188241_2	synonym
818	115471_10	synonym
818	143937_1	synonym
818	128795_11	synonym
818	188241_10	synonym
818	130451_2	synonym
818	119124_2	synonym
818	133608_2	synonym
818	153406_13	synonym
818	195981_5	synonym
818	162798_7	implication
818	177389_1	synonym
818	100754_3	synonym
818	130655_7	synonym
818	139433_5	synonym
818	125101_1	synonym
818	187790_1	synonym
818	125101_11	synonym
818	177622_0	synonym
818	177622_1	synonym
818	177622_2	synonym
819	139249_4	string
819	147974_18	string
819	127159_7	synonym
819	118475_7	string
819	151265_14	string
819	136175_15	string
819	146947_10	string
819	193756_16	string
819	193756_17	string
819	192180_7	synonym
819	192180_11	string
819	140236_13	string
819	192180_12	hyponym
819	193608_6	string
819	195624_15	string
819	114444_23	string
819	146104_13	string
819	112777_6	string
819	185113_23	string
819	157743_8	string
819	176266_19	string
819	122626_12	hyponym
819	129556_28	string
819	185113_26	string
819	199399_23	synonym
819	185113_27	string
819	199085_19	string
819	141520_13	string
819	131694_9	string
819	164712_21	string
819	133990_13	synonym
819	133990_14	synonym
819	178961_19	string
819	185823_17	string
819	198957_13	string
819	166575_14	string
819	154245_7	string
819	154245_8	string
819	199637_8	string
819	128251_7	string
819	112248_10	synonym
819	153345_10	string
819	184541_19	string
819	184541_21	string
819	151342_5	implication
819	199482_30	hyponym
819	108558_6	string
819	199482_32	string
819	127525_7	string
819	172605_15	synonym
819	146210_11	string
819	158711_17	string
819	193169_12	string
819	171110_20	synonym
819	193169_13	string
819	193169_18	string
819	100028_17	implication
819	144722_13	string
819	144722_18	string
819	184846_19	synonym
819	184846_21	string
819	107340_24	string
819	180800_26	synonym
819	177351_20	string
819	183308_27	string
819	121743_10	string
819	121743_11	string
819	161610_22	implication
819	122578_11	implication
819	101833_15	synonym
819	114639_14	string
819	122578_14	string
819	162147_13	synonym
819	112857_2	string
819	100754_20	synonym
819	146406_11	string
819	129412_17	string
819	149452_14	string
819	108346_8	string
819	114250_17	string
819	147974_7	implication
819	147974_13	synonym
819	112248_9	string
819	187941_9	string
819	176266_20	string
819	192589_5	string
819	119239_18	string
819	113598_13	string
819	113598_14	string
819	197331_12	string
819	166902_41	synonym
819	169111_28	string
819	119239_19	string
819	107340_18	string
819	107340_19	string
819	169111_31	string
819	126490_15	string
819	165056_19	string
819	180691_5	string
819	174752_24	string
819	180691_6	string
819	162147_14	implication
819	162147_15	string
819	172900_7	string
819	119634_7	string
819	191842_4	synonym
819	167831_20	string
819	176996_20	string
819	193756_14	string
819	114528_16	string
819	177351_21	string
819	148912_9	synonym
819	128119_7	string
819	148912_10	synonym
819	167697_9	string
819	174483_25	string
819	164712_20	string
819	116778_12	string
819	181730_7	string
819	109935_12	string
819	146452_21	string
819	109853_7	string
819	192498_23	string
819	146452_22	implication
819	154332_4	string
819	171753_11	string
819	195655_13	string
819	107354_27	string
819	149498_21	synonym
819	180621_33	string
819	115692_18	string
819	128590_19	string
819	149073_41	string
819	178961_21	string
819	121731_9	string
819	185113_24	string
819	159894_21	string
819	128993_10	string
819	122903_18	string
819	192975_10	string
819	108176_17	string
819	120762_9	string
819	101099_10	string
819	131694_10	string
819	122400_27	string
819	159138_6	string
819	122400_30	synonym
819	166575_13	string
819	133339_21	string
819	122626_11	string
819	146210_12	string
819	121917_12	string
819	199008_27	string
819	198957_12	hyponym
819	113759_16	string
819	124749_29	string
819	157301_25	string
819	138678_29	string
819	176512_14	string
819	108451_13	string
819	116970_10	synonym
819	124621_17	string
819	133424_30	string
820	139249_4	synonym
820	102433_8	synonym
820	102433_13	string
820	102433_14	string
820	191144_11	synonym
820	190242_14	string
820	136424_19	synonym
820	130539_16	synonym
820	190242_18	string
821	171327_16	string
821	193756_17	string
821	181044_11	string
821	163565_19	string
821	129556_12	string
821	111187_10	string
821	169273_10	synonym
821	176266_19	string
821	169273_12	synonym
821	129556_27	string
821	196411_11	string
821	154583_6	string
821	150313_15	string
821	120938_4	synonym
821	167088_12	string
821	150313_19	string
821	150313_20	string
821	150313_24	string
821	150313_25	string
821	166575_12	string
821	159468_1	string
821	173124_23	string
821	142197_8	string
821	173124_26	string
821	173124_29	string
821	159468_8	string
821	159468_11	string
821	147383_8	string
821	193267_9	string
821	193267_14	string
821	120587_9	string
821	120587_10	string
821	193267_15	string
821	179838_14	string
821	164967_11	synonym
821	164967_12	string
821	120337_8	string
821	140477_13	string
821	139998_5	synonym
821	140477_24	string
821	153808_14	string
821	179838_16	string
821	192809_13	string
821	157329_16	string
821	157329_17	string
821	157329_22	string
821	194275_11	string
821	140477_15	string
821	171327_17	string
821	167697_11	string
821	181269_5	string
821	127411_7	synonym
821	166136_3	string
821	196880_1	synonym
821	111187_8	string
821	140161_8	string
821	154244_15	string
821	196880_12	string
821	196880_13	string
821	144518_9	string
821	102433_19	string
821	150313_14	string
821	159468_10	string
821	159468_13	string
821	150996_9	string
821	130784_6	string
822	118475_5	string
822	114837_12	string
822	128587_4	synonym
822	114837_19	string
822	182351_3	string
822	114837_26	string
822	114837_27	string
822	151854_0	implication
822	151854_1	implication
822	155571_0	implication
822	155571_3	implication
822	168022_4	string
822	112777_4	string
822	124864_4	string
822	176801_8	synonym
822	163870_4	string
822	105694_11	string
822	104831_1	synonym
822	103677_2	implication
822	126341_22	string
822	125325_2	string
822	126341_23	string
822	176077_6	string
822	151342_0	implication
822	125325_10	string
822	190537_2	string
822	140660_2	string
822	190537_3	string
822	125325_14	abbreviation
822	176617_5	string
822	194111_2	string
822	146195_7	synonym
822	124897_1	string
822	118392_2	string
822	102295_1	string
822	191228_12	string
822	123743_7	string
822	180800_0	string
822	180621_22	implication
822	162515_12	string
822	116970_6	string
822	180621_27	string
822	161844_1	string
822	130784_3	string
822	100559_8	string
822	121743_5	string
822	121743_6	string
822	103679_1	implication
822	180800_26	string
822	102015_5	string
822	114939_6	string
822	161430_7	string
822	140161_4	string
822	126242_24	synonym
822	151223_5	implication
822	139998_2	string
822	114837_3	string
822	114837_4	synonym
822	151220_8	synonym
822	143223_11	string
822	143223_12	string
822	114250_13	string
822	119993_4	implication
822	100139_7	synonym
822	112133_1	implication
822	178112_2	string
822	108084_3	string
822	108084_4	string
822	198152_17	string
822	198152_18	string
822	187917_3	string
822	126242_28	string
822	162515_14	string
822	146195_6	implication
822	174744_7	string
822	148912_6	string
822	163159_9	implication
822	180800_10	string
822	142372_3	implication
822	151342_3	implication
822	154332_1	string
822	130539_13	string
822	142335_8	string
822	155093_10	string
822	157301_1	string
822	180621_26	string
822	197423_5	string
822	180800_19	synonym
822	122400_2	implication
822	104434_9	implication
822	134719_9	string
822	134719_10	string
822	153094_4	string
822	127411_3	implication
822	151854_7	implication
822	127411_6	string
822	193575_9	string
822	139585_3	string
822	122903_3	implication
822	130253_2	string
822	182351_4	implication
822	138286_9	implication
822	189667_2	string
822	130253_12	implication
822	194596_2	implication
822	118475_4	string
822	157548_6	string
822	194596_6	string
822	112834_11	string
822	161844_2	string
822	112834_12	string
822	151408_1	string
822	177846_6	implication
822	133855_14	string
822	173220_5	string
822	160867_4	string
822	157809_8	string
822	110663_2	string
822	141891_2	string
822	125101_12	string
822	175366_15	string
822	194111_8	string
822	194111_9	string
822	154245_5	implication
822	149452_7	synonym
822	183308_6	string
822	184788_7	implication
823	137106_13	string
823	149111_18	string
823	193756_15	string
823	125316_20	synonym
823	145990_5	string
823	125316_21	string
823	192180_11	string
823	165753_8	string
823	165753_9	synonym
823	179480_28	string
823	131974_21	synonym
823	179480_33	synonym
823	131974_24	synonym
823	174262_8	abbreviation
823	180101_4	string
823	174262_9	string
823	176107_12	synonym
823	192498_21	string
823	167088_8	synonym
823	199399_23	hyponym
823	167088_9	abbreviation
823	136086_8	string
823	192498_24	string
823	104841_16	string
823	184541_22	string
823	171357_22	string
823	118257_13	string
823	199482_31	synonym
823	199482_32	synonym
823	199482_33	string
823	146195_10	synonym
823	160184_1	implication
823	110806_14	string
823	110806_16	string
823	159894_14	synonym
823	159894_18	synonym
823	134578_13	string
823	123916_10	string
823	179838_7	string
823	179838_8	string
823	100492_11	string
823	107354_24	string
823	123916_13	string
823	107354_25	string
823	174483_22	synonym
823	174483_24	string
823	112520_12	synonym
823	179838_13	string
823	179838_15	string
823	146094_7	string
823	161610_18	string
823	179838_18	string
823	161610_20	string
823	195244_10	synonym
823	195244_11	string
823	186314_7	synonym
823	199642_16	string
823	195244_12	string
823	186314_8	string
823	199642_20	string
823	186314_9	synonym
823	140477_17	string
823	147969_21	string
823	129412_19	string
823	147969_23	string
823	147502_16	abbreviation
823	155684_18	string
823	145076_18	synonym
823	179996_13	string
823	145076_20	string
823	145076_22	hyponym
823	139485_19	string
823	136086_9	string
823	169111_24	synonym
823	184788_15	string
823	169111_28	string
823	169111_30	string
823	199642_19	string
823	185494_14	string
823	193756_14	string
823	140477_15	string
823	146195_11	string
823	176107_14	string
823	118218_19	string
823	118218_21	string
823	137106_10	string
823	107354_23	string
823	142335_9	synonym
823	139485_20	string
823	125316_19	hyponym
823	149111_19	string
823	186325_11	string
823	145990_1	string
823	118677_17	string
823	187753_7	string
823	128590_19	string
823	128590_20	string
823	128590_21	string
823	101833_17	string
823	101833_21	string
823	117293_29	string
823	134578_3	string
823	117293_36	string
823	147969_22	string
823	184541_20	string
823	104841_21	synonym
823	119282_10	string
823	150548_10	string
823	179480_34	string
823	171357_23	string
823	124621_18	string
823	124621_19	string
823	129611_23	string
824	193756_9	implication
824	193756_10	abbreviation
824	124621_20	string
824	162515_0	implication
824	162515_1	implication
824	162515_2	synonym
824	162515_3	abbreviation
824	162515_7	abbreviation
824	162515_9	implication
824	180546_14	string
824	180546_17	string
824	161418_13	string
824	161418_14	string
824	186295_0	implication
824	186295_1	implication
824	186295_4	synonym
824	186295_9	abbreviation
824	186295_10	implication
824	193756_2	abbreviation
824	171659_0	synonym
824	165603_35	synonym
824	171659_1	synonym
824	171659_8	abbreviation
824	171659_9	implication
824	171659_13	string
824	171659_7	implication
824	171659_11	string
824	103881_13	string
824	153406_13	synonym
824	152273_10	synonym
824	180546_2	synonym
824	121917_5	synonym
825	143881_14	string
825	143881_15	string
825	102758_7	synonym
825	174691_2	string
825	125316_22	string
825	176107_12	string
825	167088_8	string
825	167088_9	string
825	165297_16	string
825	143877_19	synonym
825	186216_6	string
825	122893_13	string
825	146210_11	string
825	177613_18	string
825	132914_13	string
825	132914_14	string
825	143881_9	string
825	122893_20	string
825	108084_29	string
825	143877_20	string
825	125316_19	synonym
825	184214_18	string
825	144766_16	string
825	144766_17	string
825	174146_16	string
825	144766_20	string
825	165297_19	string
826	139249_5	string
826	127159_7	string
826	154202_11	string
826	197150_22	string
826	171327_20	string
826	137869_32	string
826	174243_18	implication
826	148370_11	synonym
826	179480_23	synonym
826	167036_3	synonym
826	125316_22	synonym
826	144023_10	string
826	110998_10	string
826	194360_10	string
826	162798_17	synonym
826	110998_11	string
826	179937_8	string
826	162798_18	string
826	179480_28	string
826	144023_14	string
826	144023_15	string
826	110998_14	string
826	179480_29	string
826	179937_13	synonym
826	186515_4	string
826	148924_7	string
826	174146_3	string
826	148924_8	string
826	102433_12	string
826	102433_13	string
826	167972_17	string
826	118501_10	string
826	143479_15	string
826	118501_11	string
826	180101_4	synonym
826	185113_23	string
826	143479_20	string
826	122626_10	string
826	119502_21	string
826	192498_19	string
826	143479_22	string
826	143877_5	implication
826	185113_25	string
826	174146_18	string
826	192498_21	string
826	177920_17	string
826	177920_18	string
826	174697_17	string
826	185113_26	string
826	142372_18	string
826	177920_20	implication
826	185113_28	string
826	119282_0	synonym
826	164712_14	string
826	117186_10	implication
826	116117_11	string
826	104707_23	string
826	100085_7	string
826	155573_10	string
826	133325_4	string
826	100085_9	string
826	137091_18	string
826	155573_14	string
826	133325_9	string
826	119282_9	string
826	133325_10	hyponym
826	128163_1	synonym
826	159138_7	string
826	126341_25	string
826	166575_12	string
826	165395_8	string
826	116664_15	string
826	199482_21	string
826	116664_16	string
826	199637_6	string
826	199637_7	string
826	128251_7	string
826	112248_10	string
826	159468_1	synonym
826	128163_12	string
826	100454_11	string
826	124749_28	string
826	191228_2	synonym
826	159468_8	string
826	133219_0	synonym
826	108558_4	string
826	108558_5	string
826	159468_12	string
826	199482_32	string
826	108176_20	synonym
826	133219_5	string
826	127525_7	string
826	104777_22	string
826	118392_10	synonym
826	158711_10	string
826	123535_15	string
826	118392_13	string
826	102295_8	string
826	112613_17	string
826	193169_9	string
826	193169_11	string
826	193169_12	synonym
826	193169_14	string
826	107052_14	string
826	159894_18	synonym
826	193169_18	string
826	141538_4	string
826	100028_16	string
826	100028_17	string
826	185233_1	implication
826	167413_23	synonym
826	167413_24	string
826	144722_18	string
826	193267_8	string
826	107354_24	hyponym
826	193267_12	implication
826	112474_11	synonym
826	193091_6	abbreviation
826	101833_2	synonym
826	142089_10	synonym
826	159504_17	string
826	193091_12	string
826	185233_15	string
826	171305_24	string
826	185233_17	string
826	107354_30	synonym
826	181929_10	string
826	185233_21	string
826	150008_1	string
826	181929_12	string
826	131156_9	string
826	142089_16	string
826	192539_8	string
826	160100_16	string
826	150008_13	string
826	160100_17	string
826	112857_1	synonym
826	178391_5	string
826	184718_3	string
826	191842_2	string
826	191842_3	string
826	160997_19	implication
826	160100_28	string
826	124557_7	string
826	141996_18	string
826	160997_20	string
826	115024_13	string
826	169111_34	synonym
826	124557_10	implication
826	169111_36	string
826	130510_9	string
826	179480_1	string
826	108346_12	string
826	137869_20	string
826	155569_11	hyponym
826	137869_25	string
826	183972_8	string
826	185233_5	implication
826	133424_33	implication
826	191836_11	string
826	185233_9	implication
826	158711_18	string
826	131156_12	implication
826	185233_10	synonym
826	171305_26	string
826	118501_12	string
826	193169_16	string
826	112857_4	string
826	185233_14	synonym
826	123535_16	string
826	141538_8	string
826	185233_16	implication
826	167483_21	string
826	107416_4	string
826	115334_4	string
826	169111_33	string
826	185494_12	string
826	197419_8	string
826	185494_14	string
826	197122_23	string
826	186515_5	synonym
826	139341_15	synonym
826	172900_7	synonym
826	107416_13	string
826	197122_29	string
826	107416_14	string
826	160100_21	synonym
826	141996_20	string
826	160100_22	implication
826	107354_5	synonym
826	100492_12	string
826	106334_17	string
826	128119_8	implication
826	116778_9	string
826	192498_18	string
826	116778_12	string
826	164712_22	string
826	116778_14	string
826	192498_23	string
826	116778_15	string
826	116778_17	synonym
826	119246_19	string
826	115024_14	synonym
826	167697_11	string
826	137869_0	synonym
826	164712_23	string
826	112474_13	string
826	138376_3	synonym
826	119246_27	string
826	119246_30	string
826	143877_20	string
826	138376_7	synonym
826	125316_19	string
826	100085_10	string
826	115692_13	hyponym
826	168943_13	string
826	174243_17	string
826	134857_3	string
826	174243_19	implication
826	137869_6	synonym
826	137869_7	synonym
826	159504_15	string
826	188400_2	string
826	168943_15	string
826	188625_14	string
826	108346_6	string
826	138376_9	synonym
826	188625_17	string
826	101833_4	synonym
826	159434_0	string
826	142372_21	string
826	101480_16	string
826	115692_20	string
826	194360_12	string
826	165395_10	implication
826	165395_11	synonym
826	188400_5	synonym
826	188625_20	string
826	122903_2	synonym
826	116117_10	string
826	174146_20	string
826	128140_10	synonym
826	101833_17	synonym
826	116117_15	string
826	101833_18	string
826	101480_22	string
826	128140_12	string
826	101833_19	string
826	179937_9	string
826	159894_20	string
826	185113_24	string
826	119502_22	string
826	128140_14	synonym
826	101833_21	synonym
826	183972_11	string
826	159894_21	synonym
826	183972_12	string
826	101833_23	string
826	159894_22	synonym
826	122903_14	string
826	122903_16	string
826	122903_17	string
826	122903_18	string
826	137869_18	string
826	199962_12	string
826	188400_25	synonym
826	112613_18	string
826	108176_18	string
826	122903_25	synonym
826	118392_5	implication
826	137869_24	string
826	167413_16	string
826	193091_11	string
826	159138_6	string
826	131694_12	implication
826	129611_3	synonym
826	119282_10	string
826	142089_12	string
826	137869_27	string
826	134857_37	string
826	166575_13	string
826	160997_0	synonym
826	134857_38	implication
826	117954_14	string
826	130230_1	synonym
826	104707_22	string
826	143479_21	string
826	179480_31	string
826	137869_28	synonym
826	174697_12	string
826	134857_42	string
826	174697_16	string
826	133325_3	implication
826	131156_4	implication
826	159468_10	synonym
826	134857_43	synonym
826	169173_5	string
826	137869_33	string
826	134857_44	synonym
826	169173_6	string
826	199008_25	string
826	107052_15	string
826	199008_26	string
826	162749_11	string
826	121925_16	string
826	108558_7	string
826	108451_12	string
826	171357_23	string
826	195994_6	string
826	154202_13	implication
826	195994_9	implication
826	195994_10	implication
826	169111_21	synonym
826	164815_10	implication
826	199482_22	string
826	169111_23	string
826	160997_22	string
826	124621_17	string
826	124621_19	string
826	104777_23	string
826	199482_29	string
826	100028_19	synonym
826	133424_31	string
827	139249_5	string
827	192180_9	synonym
827	138709_13	synonym
827	138709_14	string
827	138709_15	string
827	134389_17	string
827	167196_11	synonym
827	167196_12	synonym
827	118210_11	string
827	199482_32	string
827	188400_24	synonym
827	199482_33	string
827	127525_8	string
827	122251_9	string
827	107354_24	synonym
827	100754_20	string
827	133691_16	synonym
827	154332_6	string
827	191836_11	synonym
827	112857_3	string
827	126623_15	string
827	157329_19	string
827	157329_21	string
827	154332_7	synonym
827	107354_27	string
827	188400_5	synonym
827	150588_26	synonym
827	150588_27	synonym
827	128140_11	string
827	188400_25	synonym
827	133855_20	string
827	147575_11	string
827	118210_9	string
827	118210_10	string
827	121925_15	synonym
828	140222_5	synonym
828	115521_14	synonym
828	140222_9	synonym
828	140222_17	synonym
828	165753_7	synonym
828	165753_9	string
828	140222_21	string
828	113865_13	synonym
828	113865_15	string
828	176107_4	synonym
828	160729_3	synonym
828	176107_13	string
828	176801_15	synonym
828	114307_4	synonym
828	114307_6	string
828	113469_6	synonym
828	190805_8	string
828	147383_8	string
828	171913_12	synonym
828	171913_14	string
828	120337_8	string
828	119691_10	string
828	159904_5	synonym
828	115521_3	string
828	108103_5	string
828	108103_7	string
828	136049_9	string
828	136049_11	synonym
828	176801_16	synonym
828	176801_20	synonym
828	176107_11	string
828	159904_11	string
828	119691_13	string
828	124864_8	string
828	128993_10	string
828	147383_7	synonym
828	122400_24	string
828	108103_1	string
828	108103_10	string
828	108103_13	string
828	113469_10	synonym
829	140222_5	synonym
829	148370_8	synonym
829	140222_11	synonym
829	148370_11	string
829	140222_15	synonym
829	140222_20	synonym
829	140222_21	synonym
829	159894_17	string
829	142089_7	synonym
829	119502_3	synonym
829	119502_4	synonym
829	140222_1	implication
829	140222_10	synonym
829	155093_16	synonym
829	162749_11	synonym
830	140222_5	synonym
830	140222_20	synonym
830	132513_13	string
830	132513_16	string
830	171473_2	synonym
830	171473_3	synonym
830	186436_24	synonym
830	149203_14	string
830	146195_10	synonym
830	171027_13	synonym
830	122893_18	synonym
830	193169_12	string
830	193169_13	string
830	106794_21	string
830	123916_11	synonym
830	123916_13	string
830	123916_14	string
830	177613_18	synonym
830	109935_2	implication
830	184833_8	synonym
830	184833_9	synonym
830	186314_7	synonym
830	186314_9	string
830	147969_8	synonym
830	133691_11	string
830	194471_8	synonym
830	194471_9	string
830	194471_11	synonym
830	147969_21	string
830	133242_9	synonym
830	147969_25	string
830	133242_17	synonym
830	133242_22	string
830	145076_17	synonym
830	198930_3	synonym
830	133242_25	implication
830	145076_20	synonym
830	198930_8	synonym
830	145076_22	string
830	198930_11	string
830	198930_14	synonym
830	106794_22	synonym
830	184846_12	hyponym
830	106794_24	string
830	174752_21	string
830	171027_14	string
830	174752_26	string
830	109935_3	synonym
830	146195_11	string
830	146195_12	string
830	109935_10	synonym
830	109935_11	synonym
830	109935_13	string
830	143223_20	synonym
830	108084_29	synonym
830	108084_30	string
830	149203_4	synonym
830	149203_13	string
830	149203_15	string
830	152649_19	string
830	194471_10	synonym
830	147969_18	string
830	147969_24	synonym
830	140402_13	string
830	184833_1	implication
830	187466_16	synonym
830	187466_17	synonym
831	149111_18	string
831	129645_5	abbreviation
831	114444_22	string
831	184489_4	string
831	184489_14	synonym
831	100754_6	synonym
831	129412_3	string
831	129412_14	string
831	129412_15	string
831	129412_19	string
831	129412_21	string
831	129412_23	abbreviation
831	149111_3	string
831	114444_18	synonym
831	114444_19	synonym
831	114444_21	string
831	114444_24	string
831	149111_19	string
831	127002_15	abbreviation
832	122174_17	synonym
832	199407_4	string
832	106310_6	string
832	106310_7	string
832	106310_8	string
832	177498_6	string
832	106310_15	implication
832	177498_14	string
832	129017_6	implication
832	112446_4	string
832	157252_3	string
832	173316_1	string
832	192791_8	string
832	173316_4	string
832	116651_6	string
832	191702_5	synonym
832	191702_12	synonym
832	122174_6	string
832	170407_9	synonym
832	181555_8	string
832	157252_4	string
832	170407_10	synonym
832	177498_15	string
832	122174_7	string
832	122174_16	synonym
832	192791_5	string
832	173316_5	string
833	102636_14	string
833	125594_41	string
833	113492_5	string
833	192180_12	string
833	179937_8	string
833	132513_14	string
833	129375_13	string
833	129375_14	string
833	165519_3	implication
833	132513_16	string
833	121731_0	implication
833	121731_5	string
833	121731_8	string
833	143479_17	string
833	138678_28	string
833	143479_19	string
833	176083_21	string
833	143479_22	string
833	106773_11	string
833	104831_4	string
833	104831_7	string
833	104831_8	string
833	123994_1	string
833	176077_8	string
833	123994_6	string
833	122883_8	string
833	103267_10	string
833	171393_37	string
833	125325_15	string
833	103267_13	string
833	194111_2	string
833	119273_5	synonym
833	167413_2	synonym
833	167413_3	synonym
833	158711_14	string
833	186141_6	string
833	119273_21	string
833	186141_7	string
833	184489_4	string
833	167413_15	string
833	172195_13	string
833	125594_2	string
833	126490_9	string
833	172195_17	string
833	167413_23	string
833	159504_6	implication
833	159504_14	string
833	125594_9	string
833	142089_10	string
833	190272_14	string
833	142089_11	string
833	145308_9	string
833	147056_2	implication
833	147056_9	string
833	123684_11	string
833	125362_3	implication
833	125362_4	synonym
833	123684_13	string
833	100139_12	synonym
833	140432_7	string
833	168411_17	string
833	155684_14	string
833	124764_6	string
833	155684_18	string
833	155684_19	string
833	170407_11	string
833	137869_25	string
833	102636_1	string
833	109543_4	implication
833	158711_16	string
833	184324_2	implication
833	126490_14	string
833	190179_20	string
833	170407_8	string
833	190179_23	string
833	100139_13	string
833	100139_14	string
833	168411_21	string
833	105017_24	string
833	140432_8	string
833	142372_2	string
833	109935_10	string
833	109935_12	string
833	159504_15	hyponym
833	142372_20	string
833	117878_14	string
833	117878_15	string
833	183972_9	string
833	194596_2	implication
833	125594_40	string
833	167413_1	implication
833	113492_1	synonym
833	165519_13	string
833	125594_48	string
833	165519_14	string
833	186141_5	implication
833	114425_0	implication
833	102636_3	string
833	137869_26	string
833	196052_12	string
833	198098_10	string
833	157296_18	string
833	121917_10	string
833	147056_10	string
833	123994_9	string
833	171393_33	string
833	171393_36	string
833	123832_11	string
833	167768_16	string
834	136175_10	hyponym
834	136175_12	string
834	136175_15	string
834	113492_5	synonym
834	172591_8	string
834	100754_6	synonym
834	100754_22	synonym
834	100754_23	synonym
834	151011_3	synonym
834	114528_14	synonym
834	114528_16	string
834	136175_11	string
834	136175_14	string
834	136175_17	string
834	100754_14	synonym
834	113492_7	string
834	129486_7	synonym
834	129486_8	synonym
835	151265_10	string
835	151265_14	string
835	174697_8	string
835	163870_4	string
835	148134_2	string
835	148134_3	string
835	142178_5	string
835	177550_12	string
835	137477_4	implication
835	199962_7	string
835	189408_5	string
835	189408_9	string
835	122893_14	synonym
835	122920_14	string
835	103679_1	implication
835	109935_2	string
835	109514_10	synonym
835	143881_1	synonym
835	115024_13	string
835	139485_13	string
835	126490_10	synonym
835	126490_12	synonym
835	126490_13	synonym
835	126490_16	string
835	143881_9	synonym
835	143881_10	synonym
835	143881_12	string
835	174045_2	synonym
835	115024_11	string
835	122893_20	string
835	177550_2	string
835	177550_11	string
835	140222_10	string
835	177550_14	string
835	177550_16	string
835	122920_13	string
835	142178_9	string
835	122920_18	string
835	144518_6	synonym
835	154244_14	synonym
835	154244_15	string
835	189408_6	synonym
835	189408_7	synonym
835	109928_2	string
835	109928_3	synonym
835	157809_7	string
835	157809_10	string
835	157809_11	string
835	133424_32	string
836	151265_10	string
836	151265_11	string
836	151265_13	string
836	165297_16	synonym
836	165297_17	string
836	165297_20	string
836	183308_27	string
836	151265_12	string
836	109514_16	string
836	187753_8	string
836	112613_18	string
836	165297_19	synonym
836	149591_4	string
836	109928_19	string
837	151265_10	string
837	149591_6	string
837	151265_13	string
837	124788_11	string
837	151854_11	hyponym
837	179480_35	string
837	151854_19	string
837	146406_4	string
837	146406_11	string
837	149591_5	string
837	152663_6	string
837	152663_7	string
838	151265_10	string
838	151265_11	string
838	151265_13	string
838	197615_12	string
838	183827_10	synonym
838	183827_12	synonym
838	183827_13	synonym
838	165297_16	synonym
838	165297_17	string
838	116117_16	string
838	183308_27	string
838	179642_18	string
838	179642_19	string
838	105017_22	string
838	105017_23	string
838	151265_12	string
838	197615_13	string
838	165297_19	synonym
839	104082_9	synonym
839	140222_11	synonym
840	128590_14	hyponym
840	127081_13	synonym
840	125101_13	string
840	184788_13	string
840	184788_14	string
840	128590_19	string
840	128590_20	string
840	127081_14	string
840	125101_14	string
841	172461_14	string
841	104841_16	string
841	160997_16	string
841	160997_24	string
841	197150_2	abbreviation
841	104841_13	string
841	104841_20	string
841	160997_23	string
842	106091_0	synonym
842	127159_7	synonym
842	144023_3	synonym
842	106091_4	synonym
842	144023_10	synonym
842	171971_1	synonym
842	144023_14	synonym
842	144023_15	string
842	106091_16	string
842	171753_10	string
842	106091_18	string
842	177920_3	synonym
842	134121_5	synonym
842	151854_9	synonym
842	188206_11	synonym
842	118501_8	synonym
842	171971_12	string
842	177920_8	abbreviation
842	129556_21	synonym
842	138709_13	synonym
842	177920_10	synonym
842	188206_14	synonym
842	124673_8	synonym
842	177920_14	synonym
842	124673_11	synonym
842	138709_18	synonym
842	117186_1	synonym
842	188206_19	string
842	185113_25	string
842	129556_27	synonym
842	151854_19	synonym
842	177920_17	synonym
842	185113_27	string
842	117186_6	synonym
842	117186_7	synonym
842	188400_6	synonym
842	119282_9	string
842	193189_5	synonym
842	193189_6	synonym
842	188400_17	synonym
842	193189_10	synonym
842	193189_12	synonym
842	188400_19	synonym
842	100037_18	synonym
842	188400_24	synonym
842	196880_0	implication
842	104777_18	synonym
842	196558_12	synonym
842	196558_14	string
842	196558_16	synonym
842	196558_17	synonym
842	104777_21	synonym
842	100037_22	string
842	196558_18	synonym
842	100037_24	synonym
842	156619_18	synonym
842	133867_0	synonym
842	156619_20	string
842	149436_13	string
842	133867_1	synonym
842	122920_9	synonym
842	122920_10	synonym
842	196880_17	synonym
842	107052_11	string
842	107052_12	string
842	122920_16	string
842	133867_10	synonym
842	107052_13	string
842	133867_12	synonym
842	133867_13	synonym
842	133867_14	synonym
842	133867_15	string
842	133867_16	synonym
842	133867_17	synonym
842	109361_1	implication
842	109361_2	implication
842	109361_9	synonym
842	157008_10	synonym
842	157008_11	synonym
842	109361_13	string
842	109361_15	synonym
842	174752_20	synonym
842	180800_21	synonym
842	136424_6	synonym
842	162147_10	string
842	162147_11	string
842	136424_13	synonym
842	174752_31	synonym
842	174752_32	synonym
842	169111_25	synonym
842	136424_17	string
842	175366_13	synonym
842	162147_17	string
842	150548_9	synonym
842	175366_25	synonym
842	117293_33	string
842	117293_40	synonym
842	118501_12	string
842	144925_8	string
842	174752_22	string
842	188241_11	synonym
842	185494_9	synonym
842	174786_16	synonym
842	188241_16	synonym
842	174786_21	string
842	185494_13	string
842	174786_22	string
842	188241_17	synonym
842	105017_19	synonym
842	185494_14	string
842	124673_9	string
842	174786_25	synonym
842	192498_1	string
842	124673_10	implication
842	162147_18	string
842	156025_1	synonym
842	174752_28	synonym
842	174752_29	synonym
842	156025_3	synonym
842	156025_4	synonym
842	105017_25	string
842	192498_10	implication
842	159968_7	synonym
842	192498_14	synonym
842	159968_11	string
842	192498_20	string
842	171753_6	synonym
842	177920_22	synonym
842	171753_12	synonym
842	136424_18	string
842	136424_25	synonym
842	188206_15	synonym
842	188206_16	string
842	100037_14	synonym
842	122920_13	synonym
842	162798_15	synonym
842	185113_9	implication
842	122920_18	string
842	149436_10	synonym
842	149436_12	string
842	185113_24	string
842	149436_16	synonym
842	178787_17	string
842	117293_27	synonym
842	117186_8	string
842	117293_32	string
842	196880_12	synonym
842	117293_35	string
842	196880_15	synonym
842	119282_4	synonym
842	102679_8	string
842	138709_16	synonym
842	150548_10	synonym
842	171971_9	synonym
842	171971_11	string
842	171971_16	string
842	109361_10	implication
842	175366_15	implication
842	175366_21	string
842	175366_22	string
842	109361_14	synonym
842	107052_17	string
842	107052_18	string
842	156619_24	synonym
842	174752_8	synonym
842	104777_23	synonym
843	150105_0	string
843	167883_15	string
843	167883_16	string
843	167883_17	string
843	191788_10	string
843	186216_7	string
843	186216_8	string
843	150857_6	string
843	146582_19	string
843	132914_14	string
843	114210_7	string
843	114210_10	string
843	199568_15	string
843	114183_1	synonym
843	191836_11	string
843	191836_12	string
843	191788_12	string
843	191228_25	string
843	191228_27	string
843	114183_23	string
843	114183_24	string
843	114183_30	synonym
843	114183_32	string
843	146582_15	string
843	146582_17	string
843	191836_8	string
843	191836_9	string
843	114210_9	string
844	129486_5	string
844	179480_29	string
844	179480_30	string
844	165297_16	string
844	165297_18	synonym
844	165297_19	string
844	129486_7	string
845	129486_5	string
845	149498_19	string
845	150402_2	string
845	150402_10	string
845	150402_16	string
845	130253_16	string
845	147054_6	string
845	146958_12	string
845	149203_1	string
845	159675_46	string
845	126427_8	string
845	126427_9	string
845	149203_8	string
845	159675_50	synonym
845	126427_10	string
845	113759_2	string
845	149203_9	string
845	141292_5	string
845	149203_12	string
845	103049_4	string
845	103049_7	string
845	113759_15	string
845	109667_0	string
845	124465_4	string
845	124465_5	string
845	144722_19	string
845	177351_12	string
845	161418_12	string
845	177351_20	string
845	161418_16	string
845	125362_3	implication
845	177351_3	string
845	177351_4	string
845	167831_4	string
845	167831_5	string
845	197419_6	string
845	125362_9	synonym
845	177351_11	string
845	197419_9	string
845	167831_13	string
845	197419_10	string
845	197419_13	string
845	167831_20	string
845	177351_19	string
845	177351_23	string
845	147054_7	string
845	103049_2	string
845	149498_14	string
845	149498_21	string
845	149203_15	string
845	144722_6	string
845	144722_8	string
845	130253_15	string
845	130253_17	string
845	144722_15	string
845	172884_0	string
845	126427_7	string
845	150402_13	string
845	113759_12	string
845	113759_13	string
845	126013_10	string
846	129486_5	synonym
846	149498_16	hyponym
846	149498_19	synonym
846	169173_0	implication
846	169173_4	string
846	134208_11	string
846	194084_6	synonym
846	194084_8	string
846	149203_0	implication
846	149203_3	implication
846	149203_5	implication
846	149203_7	implication
846	149203_10	synonym
846	187753_2	implication
846	149203_12	string
846	149203_14	string
846	187753_6	implication
846	147502_9	implication
846	147502_13	synonym
846	149498_3	implication
846	169111_27	string
846	169111_28	string
846	169111_29	string
846	149498_14	hyponym
846	149498_22	string
846	149203_15	implication
846	187753_7	string
846	187753_8	string
846	101833_17	string
846	101833_19	string
846	101833_20	string
846	101833_21	string
846	129486_0	implication
846	129486_7	synonym
846	169111_23	string
847	128050_14	synonym
847	128050_18	string
847	119691_10	string
847	119691_6	synonym
847	119691_7	synonym
847	119691_9	string
847	128050_15	synonym
847	128050_16	string
847	119691_11	string
848	165056_20	string
848	193756_12	string
848	193756_13	string
848	165056_23	string
848	125316_21	string
848	110998_10	string
848	162798_17	synonym
848	110998_11	string
848	110998_12	string
848	111318_1	string
848	162798_18	synonym
848	129556_12	string
848	110998_13	string
848	110998_14	string
848	135705_17	string
848	199399_4	string
848	129556_14	string
848	111318_6	string
848	111318_7	string
848	188625_21	string
848	138709_8	string
848	199399_23	string
848	116117_14	string
848	185823_15	string
848	185823_16	string
848	184541_22	string
848	184541_23	implication
848	104777_21	string
848	192151_11	synonym
848	192151_12	synonym
848	184450_15	string
848	193169_10	string
848	193169_14	string
848	193169_18	string
848	193169_19	string
848	185233_20	string
848	181929_11	string
848	162147_11	synonym
848	146406_4	string
848	162147_13	synonym
848	103881_11	string
848	146406_11	string
848	175366_18	string
848	175366_19	string
848	125626_11	string
848	103881_13	string
848	105861_21	string
848	162147_14	string
848	105861_22	string
848	105861_25	string
848	100492_10	string
848	193756_18	string
848	100492_12	string
848	125626_10	string
848	111318_2	string
848	131087_1	string
848	131087_2	string
848	125316_19	string
848	177389_1	string
848	131087_9	string
848	131087_10	string
848	101480_17	string
848	188625_18	string
848	162798_19	string
848	101480_20	string
848	131087_14	string
848	129556_26	string
848	116117_15	string
848	138678_1	hyponym
848	199085_15	string
848	199085_20	string
848	184541_20	string
848	184450_17	string
848	137869_28	string
848	175366_21	string
848	167768_8	string
848	199008_28	string
848	167768_11	synonym
848	138678_30	string
848	138678_31	synonym
849	197615_3	string
849	187753_7	string
849	197615_13	string
850	159376_11	string
850	157301_24	synonym
850	157301_25	hyponym
851	193756_10	synonym
851	193756_11	synonym
851	137869_32	string
851	193756_15	string
851	171327_26	synonym
851	171327_27	string
851	192180_9	synonym
851	192180_10	synonym
851	195471_9	string
851	195471_10	string
851	179480_29	synonym
851	176801_2	synonym
851	101480_19	string
851	126341_4	implication
851	127274_13	string
851	127274_14	string
851	176107_5	implication
851	169273_12	string
851	151377_13	synonym
851	176107_12	string
851	145699_23	string
851	145699_26	string
851	143877_18	synonym
851	130230_13	synonym
851	143877_19	string
851	176801_19	string
851	124621_15	synonym
851	116664_14	string
851	116664_15	string
851	154245_7	string
851	157685_16	synonym
851	199637_6	string
851	157685_20	string
851	154245_9	string
851	191788_10	string
851	126341_30	string
851	157296_2	synonym
851	126341_37	synonym
851	142847_8	string
851	142847_9	string
851	114307_4	synonym
851	142847_10	string
851	114307_5	string
851	158711_13	synonym
851	158711_14	string
851	153094_8	string
851	155984_16	string
851	167675_14	synonym
851	109667_11	synonym
851	109667_12	string
851	167675_16	string
851	123655_12	string
851	123655_13	string
851	197122_3	implication
851	107354_24	synonym
851	122992_12	string
851	107354_25	string
851	122992_13	string
851	122992_14	string
851	184833_8	synonym
851	122992_16	string
851	184833_9	string
851	166034_6	synonym
851	140161_5	synonym
851	136049_7	synonym
851	130510_8	synonym
851	130510_9	string
851	166034_24	synonym
851	166034_26	string
851	137869_25	string
851	155984_13	synonym
851	136049_8	string
851	184833_10	string
851	169111_24	string
851	155984_15	string
851	191788_11	string
851	169111_28	string
851	191788_13	string
851	169111_29	string
851	130230_14	string
851	130230_15	string
851	185494_11	synonym
851	185494_12	string
851	197122_22	string
851	193756_4	implication
851	174752_26	string
851	193756_14	synonym
851	193756_19	implication
851	176107_14	string
851	167675_1	implication
851	151377_12	synonym
851	151377_14	string
851	157685_19	synonym
851	145699_28	string
851	107354_23	synonym
851	143877_20	string
851	101480_16	synonym
851	101480_17	synonym
851	153094_9	string
851	101480_18	string
851	127274_5	implication
851	140161_8	string
851	169273_11	string
851	199962_11	string
851	149256_17	synonym
851	149256_18	synonym
851	172884_8	string
851	172884_9	string
851	137869_26	string
851	172884_10	string
851	146094_8	string
851	157296_18	string
851	121917_10	string
851	121917_11	string
851	197122_0	implication
851	124621_16	string
851	124621_18	string
852	127159_7	string
852	187378_23	hyponym
852	114444_23	string
852	179480_33	hyponym
852	185113_23	synonym
852	151854_19	synonym
852	185113_26	synonym
852	109853_6	synonym
852	131694_8	synonym
852	170628_3	implication
852	131694_9	hyponym
852	126341_32	hyponym
852	122920_15	synonym
852	122920_16	synonym
852	144722_13	synonym
852	180800_24	synonym
852	180800_25	synonym
852	158000_7	hyponym
852	162147_13	synonym
852	169111_36	string
852	179996_13	synonym
852	169111_24	synonym
852	127159_6	string
852	171027_15	hyponym
852	174752_23	synonym
852	171027_16	synonym
852	169111_33	synonym
852	174752_24	synonym
852	162147_14	synonym
852	133568_19	hyponym
852	146452_23	synonym
852	187753_7	string
852	144722_12	synonym
852	144722_17	synonym
852	122400_26	synonym
852	114149_4	synonym
852	124621_17	hyponym
853	127159_7	synonym
853	157744_6	string
853	174691_2	synonym
853	157640_23	string
853	157640_25	string
853	179480_32	synonym
853	151377_13	synonym
853	153694_8	string
853	153694_9	string
853	109853_6	string
853	178961_19	hyponym
853	119239_17	string
853	173656_8	string
853	126427_8	synonym
853	126427_9	synonym
853	126427_10	synonym
853	149203_10	hyponym
853	149203_12	string
853	182247_11	string
853	149203_14	string
853	155533_9	string
853	168279_50	synonym
853	180546_12	string
853	180546_14	string
853	180546_17	string
853	180546_18	string
853	180621_31	string
853	106794_21	string
853	144722_18	string
853	184489_17	string
853	147165_4	synonym
853	161418_15	string
853	150008_1	synonym
853	101833_16	hyponym
853	192539_8	string
853	159434_10	string
853	150008_12	string
853	150008_13	string
853	114939_12	string
853	106611_19	synonym
853	115692_19	hyponym
853	119239_15	synonym
853	119239_16	string
853	118501_12	string
853	106794_22	synonym
853	153694_10	string
853	107416_4	synonym
853	126490_14	string
853	115334_5	string
853	106794_28	string
853	139341_12	hyponym
853	167831_16	string
853	167831_18	string
853	154423_4	string
853	139341_21	string
853	157640_22	string
853	151377_12	hyponym
853	109935_10	abbreviation
853	151377_14	string
853	109935_11	string
853	157640_26	string
853	109853_5	string
853	107354_28	string
853	150588_20	string
853	153552_9	string
853	188400_5	synonym
853	159434_12	string
853	178961_21	string
853	101833_18	string
853	149256_11	string
853	101833_24	string
853	147165_14	string
853	147165_18	hyponym
853	149256_19	string
853	133855_18	string
853	142089_12	synonym
853	179480_31	string
853	180546_15	string
853	169173_5	string
853	157301_25	string
853	138678_29	string
853	124621_18	string
854	167972_0	synonym
854	167972_4	synonym
854	167972_10	synonym
854	167972_11	synonym
854	167972_15	synonym
854	167972_16	string
854	167972_18	synonym
854	167972_19	synonym
855	154202_11	string
855	157640_23	string
855	167831_17	string
855	167831_19	string
855	179480_29	string
855	179480_32	string
855	133568_17	string
855	133568_20	string
855	169173_4	string
855	119239_17	string
855	108176_16	string
855	184450_15	string
855	112613_19	string
855	180546_16	string
855	167483_22	string
855	146452_15	implication
855	195244_11	string
855	162147_16	string
855	162147_17	string
855	117293_34	string
855	183972_8	string
855	113638_1	string
855	144298_26	string
855	122578_13	string
855	105017_24	string
855	177351_22	string
855	118218_20	string
855	157640_21	string
855	118218_21	string
855	157640_26	string
855	146452_21	string
855	109935_13	string
855	109853_8	string
855	161722_10	string
855	195655_13	string
855	103049_15	synonym
855	150588_20	string
855	183972_10	string
855	178787_17	string
855	112313_20	string
855	102433_17	string
855	102679_8	string
855	133855_18	string
855	184450_17	string
855	150306_16	string
855	180546_15	string
855	169173_5	string
855	112446_12	string
855	123832_11	string
855	199482_34	string
856	103359_3	string
856	107290_7	string
856	107290_11	string
856	181788_7	implication
856	164815_5	string
856	164815_6	string
856	186141_6	string
856	180693_7	implication
856	180693_8	string
856	181788_14	string
856	181788_17	string
856	133424_20	string
856	133424_23	string
857	104082_11	string
857	162528_4	string
857	105694_9	synonym
857	105694_11	abbreviation
857	144195_5	abbreviation
857	144195_9	string
857	121925_13	abbreviation
857	159894_18	string
857	180621_27	string
857	112474_6	abbreviation
857	102015_5	string
857	178112_2	string
857	194275_4	string
857	194275_5	string
857	187917_3	string
857	112474_5	abbreviation
857	180621_25	string
857	178961_10	string
857	180621_26	string
857	154761_5	string
857	133855_14	string
857	141891_2	string
857	121925_10	abbreviation
857	149452_9	string
857	113469_4	string
858	125594_41	synonym
858	125594_42	synonym
858	125594_49	synonym
858	125594_27	synonym
859	189762_3	string
859	100761_4	string
859	100761_5	implication
860	189762_3	synonym
860	174243_18	implication
860	166575_8	synonym
860	121173_5	implication
860	197419_8	synonym
860	190805_7	synonym
860	174243_19	implication
860	100028_19	synonym
861	150105_1	string
861	113492_2	synonym
861	113492_3	abbreviation
861	111187_7	string
861	174697_8	string
861	174697_11	string
861	174697_17	string
861	129650_5	abbreviation
861	153345_10	string
861	112446_11	string
861	195563_3	string
861	195563_9	string
861	195563_10	string
861	195563_12	string
861	195563_13	string
861	124465_5	string
861	124465_6	synonym
861	121173_9	string
861	121173_11	string
861	127126_9	abbreviation
861	126574_0	synonym
861	126574_8	string
861	126574_2	synonym
861	170407_6	string
861	153345_9	string
861	131087_10	string
861	131087_11	string
861	157548_2	string
861	111187_8	string
861	130253_15	string
861	106773_8	string
861	114837_22	string
861	157548_16	string
861	114837_34	string
861	174697_12	string
861	114149_5	string
861	195563_11	string
861	195563_14	string
862	171327_19	synonym
862	171327_24	synonym
862	171327_26	string
862	171327_27	string
862	171327_28	synonym
862	171327_29	synonym
862	138709_0	synonym
862	138709_1	synonym
862	138709_5	synonym
862	138709_6	synonym
862	138709_7	synonym
862	138709_11	synonym
862	138709_12	synonym
862	138709_13	synonym
862	171327_9	implication
862	171327_1	implication
862	171327_13	synonym
862	171327_18	synonym
862	138709_16	synonym
862	138709_17	synonym
863	171327_20	string
863	171327_21	string
863	171327_26	string
863	171327_29	string
863	194360_10	string
863	162981_4	abbreviation
863	145699_2	string
863	159509_1	string
863	159509_4	implication
863	171971_7	string
863	159509_9	string
863	159509_10	string
863	134823_13	string
863	176704_9	string
863	176704_10	string
863	137342_6	string
863	199726_1	implication
863	145699_21	string
863	145699_22	string
863	145699_24	string
863	179440_3	string
863	179440_7	string
863	179440_15	string
863	179440_19	synonym
863	179440_21	string
863	179440_22	string
863	153345_11	string
863	118257_4	implication
863	118257_11	abbreviation
863	159468_7	string
863	159468_8	string
863	118257_12	string
863	159468_9	string
863	108558_5	string
863	159468_11	string
863	108558_6	string
863	148215_10	string
863	147575_10	string
863	148215_18	string
863	130451_5	string
863	156619_20	string
863	128247_9	string
863	128247_11	string
863	138009_3	string
863	128247_12	string
863	128247_13	string
863	130451_9	string
863	175030_18	string
863	198266_18	string
863	198266_19	string
863	175030_19	synonym
863	180621_30	string
863	180621_31	string
863	175030_23	string
863	175030_28	string
863	171305_19	string
863	102015_1	string
863	103679_1	implication
863	171305_22	string
863	171305_25	string
863	150164_8	string
863	150008_1	string
863	103679_7	string
863	120889_13	string
863	150008_13	string
863	171327_4	string
863	133242_3	implication
863	171327_9	implication
863	133242_9	string
863	133242_16	string
863	133242_18	string
863	115692_14	string
863	114250_14	string
863	114250_15	string
863	133242_24	string
863	134964_2	string
863	130230_7	string
863	134964_3	string
863	134964_5	string
863	134964_6	string
863	126490_11	synonym
863	128795_14	string
863	197459_8	string
863	126490_12	synonym
863	126490_13	string
863	180621_3	string
863	130230_14	string
863	128795_16	string
863	126490_14	string
863	128795_17	string
863	130230_15	string
863	141084_12	synonym
863	175030_10	string
863	175030_17	string
863	141084_18	string
863	175030_26	string
863	159968_3	string
863	119246_7	string
863	171327_6	string
863	159968_8	string
863	159968_10	string
863	130451_12	string
863	145699_12	string
863	171327_25	string
863	153345_3	string
863	119246_20	string
863	119246_21	string
863	162981_1	string
863	119246_24	string
863	162981_2	string
863	145699_29	string
863	153345_8	string
863	176704_2	implication
863	180621_28	string
863	115692_17	string
863	194360_11	string
863	115692_20	string
863	149256_2	string
863	190502_4	string
863	190502_9	string
863	157744_3	string
863	190502_10	string
863	190502_11	string
863	157744_5	string
863	157744_11	string
863	149256_14	string
863	163153_9	implication
863	149256_15	string
863	157744_16	string
863	149256_19	string
863	198266_12	string
863	150164_5	string
863	128795_5	string
863	128795_6	string
863	171971_11	string
863	147575_11	string
863	163153_22	string
863	171305_2	string
863	103679_8	string
863	159468_10	string
863	130230_6	string
863	134964_1	string
863	171305_12	implication
864	144023_1	synonym
864	149073_36	string
864	179480_28	synonym
864	113865_13	string
864	167972_11	synonym
864	179480_30	string
864	174697_6	implication
864	167972_16	string
864	138709_13	string
864	135610_13	string
864	157743_8	string
864	174697_17	string
864	145699_22	string
864	145699_23	string
864	145699_26	string
864	113638_8	string
864	116664_15	string
864	129501_10	string
864	126427_5	string
864	159675_46	string
864	168279_35	string
864	168279_36	string
864	168279_37	string
864	125325_15	string
864	172605_10	string
864	103049_7	string
864	192151_11	string
864	192151_12	string
864	168279_46	string
864	168279_50	string
864	144925_9	string
864	169374_11	synonym
864	198152_25	string
864	184905_10	synonym
864	184905_11	synonym
864	100492_11	string
864	177351_12	synonym
864	199642_4	string
864	160100_12	string
864	199642_9	implication
864	199642_18	string
864	199642_20	string
864	117293_17	string
864	159904_5	string
864	141996_16	string
864	141996_17	string
864	160997_20	string
864	143223_19	string
864	126574_3	string
864	126574_8	string
864	162749_16	string
864	144925_8	string
864	162749_18	string
864	192151_10	string
864	199642_19	string
864	159675_45	implication
864	177351_13	synonym
864	198152_16	string
864	141996_23	string
864	177351_19	synonym
864	198152_22	string
864	177351_23	string
864	155093_4	string
864	109514_3	implication
864	103049_10	string
864	150804_9	string
864	150804_10	string
864	150804_12	string
864	103049_15	string
864	135610_12	string
864	186382_11	synonym
864	135610_19	string
864	169126_12	string
864	168279_15	string
864	138709_17	string
864	174697_9	synonym
864	171971_15	string
864	179480_31	string
864	174697_12	string
864	119273_16	synonym
864	119273_17	synonym
864	169374_6	string
864	139341_3	implication
864	160997_22	string
864	181394_27	string
864	168279_53	string
864	199482_29	string
864	129611_24	string
865	130655_1	string
865	183827_8	string
865	167088_8	string
865	115338_2	string
865	139433_0	implication
865	183827_7	string
865	190242_0	string
865	190242_1	string
865	130655_7	string
866	130655_1	synonym
866	171753_7	synonym
866	171393_23	string
866	103677_1	synonym
866	103677_2	implication
866	126341_23	string
866	122883_7	synonym
866	113759_2	synonym
866	142645_1	implication
866	133339_16	synonym
866	133339_18	synonym
866	133339_19	synonym
866	162515_3	synonym
866	162515_12	string
866	113598_2	abbreviation
866	193091_6	abbreviation
866	100754_2	synonym
866	100754_4	synonym
866	100754_5	synonym
866	100754_17	synonym
866	137869_3	abbreviation
866	107683_2	string
866	115521_1	abbreviation
866	151223_18	synonym
866	196459_2	string
866	149498_4	string
866	151223_19	synonym
866	143223_11	synonym
866	143223_12	synonym
866	113598_1	synonym
866	144298_14	string
866	129645_6	synonym
866	197423_5	synonym
866	137869_4	string
866	130655_7	synonym
866	163321_3	synonym
866	159687_2	implication
866	164967_8	synonym
866	148215_3	synonym
866	112869_10	synonym
866	171357_5	synonym
866	112869_11	synonym
866	179642_1	synonym
866	113759_4	implication
866	145340_3	implication
867	179225_11	string
867	164644_7	synonym
867	179225_12	string
868	179225_11	string
868	179225_12	string
869	179225_11	synonym
869	135705_15	synonym
869	135705_16	synonym
869	135705_17	synonym
869	104777_24	synonym
869	104777_25	synonym
869	179225_12	synonym
870	197150_23	synonym
870	197150_25	synonym
870	176083_4	implication
871	128050_17	string
871	176827_2	synonym
871	176827_3	synonym
871	176827_9	synonym
871	163565_19	string
871	136086_8	synonym
871	136086_11	implication
871	170628_3	implication
871	165297_16	synonym
871	130230_13	string
871	170628_11	string
871	165297_20	synonym
871	171473_7	synonym
871	136086_10	string
871	130230_14	string
871	185494_11	synonym
871	185494_12	string
871	185494_13	string
871	118218_14	string
871	118218_19	string
871	166203_1	synonym
871	118218_21	string
871	166203_8	synonym
871	128050_4	implication
871	163565_20	string
871	128050_16	string
871	165297_19	string
871	176827_10	synonym
872	128050_17	string
872	128587_5	string
872	159253_5	string
872	159253_6	string
872	159509_9	string
872	150313_15	string
872	150313_19	string
872	150313_24	string
872	187917_1	implication
872	187917_4	string
872	182247_4	implication
872	187917_6	string
872	182247_9	implication
872	182247_11	string
872	182247_12	string
872	196558_14	string
872	196558_16	string
872	146378_3	implication
872	146378_8	string
872	146378_9	string
872	187917_7	string
872	128587_6	string
872	128587_7	string
872	187916_23	string
872	102889_7	string
872	128050_15	string
872	187916_26	string
872	196558_13	string
872	159509_8	string
872	121925_3	implication
872	106773_9	string
872	121925_4	implication
872	190532_16	string
872	190532_17	string
872	150313_14	string
872	121925_15	string
872	121925_18	string
872	121925_19	string
873	125626_20	string
873	108103_7	string
873	108103_9	string
873	125626_11	string
873	119993_11	synonym
873	119993_16	string
873	182680_4	hyponym
873	119993_17	string
873	119993_19	string
873	182680_13	string
873	125626_18	string
873	108103_10	string
874	102758_7	string
874	100559_10	synonym
874	179838_14	string
874	179838_15	string
874	179838_17	string
874	140477_15	string
874	140477_16	string
874	102758_9	string
875	192180_4	string
875	129375_1	string
875	129375_8	synonym
875	121173_5	implication
875	121173_6	synonym
875	145308_0	implication
875	145308_1	synonym
875	145308_2	synonym
875	121173_10	implication
875	145308_3	implication
875	145308_6	string
875	129375_7	synonym
876	137869_32	string
876	137869_20	string
876	137869_17	synonym
876	137869_24	string
876	137869_28	string
877	137869_32	string
877	146947_10	string
877	192180_8	string
877	194360_10	string
877	192180_12	string
877	135705_15	string
877	188625_13	string
877	186382_12	synonym
877	129556_12	synonym
877	129556_13	synonym
877	134719_11	string
877	129556_14	synonym
877	134719_12	string
877	138709_13	string
877	165519_12	synonym
877	132884_8	string
877	138709_14	string
877	127274_14	string
877	185113_22	implication
877	185113_25	string
877	185113_28	string
877	101359_2	string
877	101359_3	string
877	137477_9	synonym
877	185823_17	string
877	100454_3	string
877	191788_10	string
877	168116_3	synonym
877	127525_4	synonym
877	133219_4	string
877	127525_5	synonym
877	127525_8	string
877	136671_18	string
877	148215_18	string
877	158711_14	synonym
877	193169_10	string
877	158711_20	string
877	112869_12	string
877	180546_12	string
877	193169_18	string
877	180546_14	string
877	178322_16	string
877	193169_19	string
877	115087_6	string
877	180546_17	string
877	184788_13	string
877	184788_14	string
877	107354_22	string
877	189423_12	string
877	107354_24	synonym
877	107354_25	synonym
877	102015_1	synonym
877	179838_14	string
877	179838_15	string
877	100754_6	synonym
877	100754_7	synonym
877	102015_9	synonym
877	102015_10	synonym
877	100754_20	synonym
877	141996_17	string
877	169111_32	string
877	169111_36	string
877	144298_21	string
877	144298_24	string
877	144298_25	string
877	114250_15	synonym
877	145076_19	string
877	145076_21	string
877	137869_25	string
877	183972_8	string
877	158711_16	string
877	184788_15	string
877	169111_26	string
877	191788_12	string
877	193169_16	string
877	169111_28	string
877	107340_18	string
877	137477_3	synonym
877	115087_5	string
877	107340_25	string
877	169111_37	string
877	127126_12	synonym
877	157329_16	string
877	107354_2	string
877	157329_22	string
877	141996_19	string
877	140477_15	string
877	140477_16	string
877	114250_16	string
877	122893_20	string
877	122893_22	string
877	119246_21	string
877	119246_24	string
877	107354_27	string
877	150588_19	synonym
877	115692_17	string
877	115692_18	string
877	188625_16	string
877	188625_17	string
877	129556_26	string
877	101833_17	string
877	183972_9	string
877	101833_19	string
877	127274_15	string
877	101833_20	string
877	101833_22	string
877	186382_11	synonym
877	137869_18	string
877	165519_13	string
877	192180_3	synonym
877	165519_14	string
877	159138_5	string
877	100454_14	string
877	100454_16	string
877	132884_10	string
877	137869_26	string
877	112869_10	synonym
877	112869_11	string
877	168116_7	synonym
877	136671_19	string
877	156619_19	string
877	187466_4	implication
877	187466_16	string
877	187466_17	string
877	169111_23	string
878	137869_32	string
878	141036_8	string
878	194084_6	string
878	194084_8	string
878	183308_24	synonym
878	183308_27	string
878	133691_2	synonym
878	133691_15	string
878	133691_16	string
878	124557_7	string
878	137869_25	string
878	126490_12	string
878	126490_14	string
878	187753_8	string
878	187753_9	synonym
878	141036_9	string
878	198957_3	implication
878	137869_33	string
878	198957_11	string
878	198957_12	string
879	137869_32	string
879	149498_19	string
879	168022_2	string
879	168022_7	string
879	176107_12	string
879	176107_13	string
879	149203_14	string
879	149203_16	string
879	186363_14	string
879	186927_15	string
879	186927_16	string
879	103880_12	string
879	187941_8	string
879	130070_1	implication
879	130070_5	string
879	187941_10	string
879	186363_13	string
879	149203_11	string
879	149498_22	synonym
879	103880_13	string
879	103880_14	string
879	142178_9	string
879	186927_2	implication
879	186927_14	string
879	137869_28	string
879	187941_3	implication
880	137869_32	synonym
880	120889_16	string
880	137869_20	synonym
880	137869_27	string
880	137869_28	string
881	193756_12	hyponym
881	193756_17	string
881	138709_13	string
881	138709_14	string
881	102433_15	string
881	172591_8	string
881	122629_9	string
881	110806_9	string
881	156619_20	string
881	119691_10	string
881	171027_15	string
881	167088_10	string
881	157329_21	string
881	167088_11	string
881	122578_13	string
881	193756_18	string
881	119691_8	string
881	119691_9	string
881	187753_8	string
881	101480_18	string
881	122629_8	string
881	156619_17	hyponym
882	176827_3	synonym
882	138709_13	synonym
882	138709_15	string
882	145076_18	hyponym
882	145076_19	synonym
882	145076_20	string
882	155093_19	string
882	172884_8	string
882	172884_10	string
882	176827_10	synonym
883	114837_17	implication
883	186382_7	implication
883	114837_32	string
883	166575_12	string
883	104268_23	string
883	100559_10	string
883	100559_11	string
883	114837_2	synonym
883	100559_13	string
883	104268_21	string
883	104268_22	string
883	132786_8	string
883	132786_9	string
883	186382_11	synonym
883	114837_31	string
883	166575_9	implication
883	166575_11	string
884	174243_18	implication
884	140236_12	string
884	135705_13	synonym
884	140236_14	string
884	135705_16	string
884	186325_12	string
884	102433_11	synonym
884	133855_19	string
884	179104_18	string
884	179104_21	string
884	100085_7	string
884	163159_14	string
884	126341_25	string
884	118210_11	string
884	184541_23	string
884	108558_4	string
884	108558_5	string
884	126341_35	synonym
884	160184_9	string
884	140402_15	string
884	184788_13	string
884	184788_14	string
884	100492_11	string
884	184833_11	string
884	122578_11	string
884	120889_13	synonym
884	100754_20	string
884	191842_2	synonym
884	191842_3	string
884	144298_25	string
884	117293_33	string
884	184788_16	string
884	112520_13	string
884	107340_23	string
884	144298_26	string
884	146195_12	string
884	130451_12	string
884	146195_14	synonym
884	130451_13	string
884	130539_19	string
884	174243_19	implication
884	186325_14	implication
884	134719_14	string
884	187753_8	string
884	187753_9	string
884	152649_17	string
884	152649_20	string
884	112313_19	string
884	112313_20	string
884	102433_17	string
884	184541_20	string
884	140402_13	string
884	125632_28	string
884	125101_17	string
884	125632_34	synonym
884	108558_7	string
884	125632_35	string
884	195994_0	string
884	195994_6	string
884	195994_7	string
884	195994_9	implication
884	195994_10	implication
884	124621_19	string
884	176083_22	string
885	159376_14	abbreviation
885	110998_12	abbreviation
885	114444_22	synonym
885	114444_23	synonym
885	188206_13	synonym
885	116955_13	synonym
885	167883_15	string
885	167883_16	implication
885	173656_8	synonym
885	191228_18	synonym
885	191228_21	synonym
885	191228_26	string
885	184489_13	synonym
885	117293_30	synonym
885	117293_34	string
885	191228_20	implication
885	114444_24	synonym
885	127002_19	string
885	188206_16	string
885	188206_18	string
885	155093_16	synonym
885	155093_19	string
885	157744_5	synonym
885	116955_14	string
885	110998_15	string
885	157744_14	synonym
885	157744_15	synonym
885	110998_16	string
885	167883_19	abbreviation
885	159376_17	implication
885	146210_5	implication
885	168279_32	synonym
885	138678_23	synonym
885	168279_39	synonym
885	138678_30	synonym
885	168279_52	string
885	168279_53	string
885	129611_23	string
886	159376_14	synonym
887	126147_0	abbreviation
887	133568_1	abbreviation
887	133568_12	string
887	107683_15	string
887	126574_12	string
887	126574_9	string
887	107683_0	string
887	107683_8	string
887	126147_9	synonym
887	107683_10	string
887	107683_12	string
887	107683_13	string
887	107683_14	string
887	107683_17	string
887	157548_15	string
887	157548_16	string
887	157548_17	string
887	157548_26	string
888	128050_18	string
888	145699_24	synonym
888	145699_26	string
888	188400_6	synonym
888	114250_14	synonym
888	128050_16	string
888	128050_19	implication
888	188400_5	synonym
889	135705_5	implication
889	110998_6	synonym
889	135705_16	string
889	162348_19	string
889	144195_11	string
889	187917_5	synonym
889	169851_0	implication
889	146406_4	string
889	187916_5	synonym
889	177351_8	abbreviation
889	100492_10	string
889	109935_10	string
889	109935_12	string
889	183972_4	synonym
889	162348_13	string
889	121045_6	implication
889	169851_4	string
889	119273_20	string
889	140402_14	string
890	165056_23	string
890	165056_12	string
890	165056_15	string
890	165056_18	string
890	165056_22	string
890	199008_1	string
890	199008_5	string
890	199008_16	string
890	199008_18	string
890	199008_22	string
890	199008_26	string
890	199008_28	string
890	199008_32	string
890	199008_33	string
891	165056_23	synonym
891	162749_10	synonym
891	176083_21	synonym
891	165056_15	synonym
891	165056_18	string
891	167088_10	string
891	116955_14	string
891	176083_20	synonym
892	189762_5	string
892	189762_6	string
892	193608_6	string
892	178961_12	synonym
892	116117_14	string
892	194084_6	synonym
892	178961_19	string
892	178961_20	string
892	179998_10	synonym
892	187917_1	implication
892	187917_6	string
892	156619_20	string
892	112474_12	synonym
892	160732_3	synonym
892	160732_7	synonym
892	131156_9	string
892	101833_16	string
892	120889_13	synonym
892	120889_14	string
892	188772_10	synonym
892	112857_1	string
892	112857_2	string
892	124557_0	implication
892	124557_6	string
892	166034_24	synonym
892	124764_6	string
892	148912_11	string
892	155984_13	string
892	155984_14	string
892	131156_8	string
892	112857_3	string
892	155984_15	string
892	155984_17	string
892	194275_8	synonym
892	194275_9	string
892	178961_1	synonym
892	118218_16	synonym
892	166034_25	string
892	118218_19	string
892	148912_9	synonym
892	118218_20	string
892	189534_9	synonym
892	183009_4	string
892	189534_12	string
892	118218_25	string
892	197423_1	implication
892	112474_13	string
892	178961_13	synonym
892	188772_11	string
892	197423_8	string
892	178961_18	string
892	178961_21	string
892	101833_17	string
892	112313_10	string
892	101833_20	string
892	101833_22	string
892	194084_7	string
892	112313_20	string
892	124557_16	implication
892	112313_21	string
892	150319_15	string
892	156619_19	synonym
892	124749_29	string
892	176512_12	string
893	189762_6	synonym
894	146947_9	string
894	192180_11	string
894	124621_15	string
894	127525_8	string
894	184450_14	string
894	184450_15	string
894	184450_16	string
894	136823_3	string
894	136823_4	string
894	180546_12	string
894	180546_14	string
894	180546_18	string
894	179838_14	string
894	110084_7	string
894	169111_27	string
894	169111_28	string
894	169111_29	string
894	179838_16	string
894	140477_15	string
894	140477_16	string
894	149498_15	string
894	157296_18	string
894	124621_16	string
894	169111_23	string
894	124621_19	string
895	189956_9	synonym
895	167804_14	synonym
895	168955_4	hyponym
895	168955_6	synonym
895	189956_8	synonym
896	149498_13	string
896	130655_5	synonym
896	162749_10	string
896	167831_21	string
896	150402_2	string
896	150402_10	string
896	150402_16	string
896	122883_6	string
896	159675_46	string
896	100454_10	string
896	159675_47	string
896	100037_10	string
896	168279_36	string
896	159675_50	synonym
896	100037_11	string
896	166902_23	implication
896	136671_3	synonym
896	166902_28	string
896	100037_21	string
896	168279_50	string
896	174752_13	string
896	174752_15	string
896	142089_6	string
896	144722_19	string
896	142089_7	string
896	180800_24	string
896	181929_5	string
896	181929_6	hyponym
896	161418_12	synonym
896	181929_8	string
896	177351_20	string
896	181394_29	string
896	161418_16	string
896	181929_11	string
896	160100_12	string
896	133242_12	string
896	166034_19	string
896	140477_24	string
896	143223_17	string
896	143223_18	string
896	126574_3	string
896	126574_8	string
896	167831_0	string
896	167831_1	string
896	179996_11	string
896	192151_5	string
896	192151_6	string
896	177351_4	string
896	167831_4	string
896	167831_5	string
896	126574_2	string
896	105017_18	string
896	192151_14	string
896	159675_43	string
896	177351_10	string
896	159675_44	string
896	167831_12	string
896	167831_13	string
896	197419_10	string
896	140477_8	string
896	197419_12	string
896	140477_10	string
896	120849_7	string
896	189423_3	string
896	166034_18	string
896	140477_15	string
896	193944_10	string
896	149498_14	string
896	181929_7	string
896	199399_18	string
896	179480_8	string
896	179480_9	string
896	112613_6	string
896	112613_8	string
896	112613_9	string
896	179480_10	string
896	157743_3	synonym
896	199008_0	string
896	144722_6	string
896	144722_8	string
896	157743_6	string
896	179480_13	string
896	157743_9	string
896	199008_5	string
896	144722_15	string
896	199008_6	string
896	173656_1	synonym
896	137869_21	string
896	172884_0	string
896	112613_18	string
896	112613_20	string
896	172884_3	string
896	112613_21	string
896	172884_5	synonym
896	136671_0	string
896	172884_9	string
896	136671_2	string
896	179480_25	synonym
896	199008_18	string
896	136671_12	synonym
896	199008_20	synonym
896	199008_21	synonym
896	199008_22	string
896	136671_13	string
896	136671_14	string
896	136671_16	string
896	162749_9	string
896	136671_21	string
896	136671_23	string
896	136671_25	string
896	199008_32	string
896	169111_18	string
896	169111_20	string
896	181394_30	string
897	151614_10	string
897	140236_10	string
897	131974_19	string
897	131974_21	string
897	159509_10	hyponym
897	131974_23	string
897	138286_14	synonym
897	136086_7	string
897	136086_8	string
897	136086_11	implication
897	197871_2	synonym
897	134027_14	string
897	134027_19	string
897	150982_8	string
897	159468_7	string
897	159468_8	string
897	197871_21	synonym
897	159468_9	string
897	159468_12	string
897	159468_14	string
897	140402_12	string
897	190242_14	string
897	157839_5	string
897	146452_2	implication
897	189261_6	implication
897	189261_7	synonym
897	189261_8	synonym
897	132914_14	string
897	178112_3	synonym
897	178112_5	string
897	100160_14	string
897	139485_18	implication
897	136086_10	string
897	157839_6	string
897	157839_7	synonym
897	157839_11	string
897	151614_11	string
897	197871_18	string
897	194275_8	string
897	197871_25	synonym
897	194275_10	string
897	146452_21	string
897	146452_22	string
897	139485_14	string
897	139485_20	string
897	190242_11	string
897	190242_13	string
897	134027_7	implication
897	190242_16	string
897	134027_12	string
897	134027_13	string
897	134027_15	string
897	134027_18	string
897	150982_7	string
897	100160_16	string
897	159468_10	string
897	159468_13	string
897	140402_16	synonym
897	140402_17	synonym
898	151614_10	string
898	125007_9	synonym
898	125007_11	synonym
898	125007_12	synonym
898	159468_8	string
898	159468_11	string
898	159894_18	string
898	159894_19	implication
898	164967_11	synonym
898	189534_10	string
898	189534_14	string
898	189534_11	implication
898	152649_17	string
898	152649_18	string
898	112869_10	synonym
898	112869_11	string
898	112869_13	string
898	159468_10	string
899	151614_10	string
899	171496_3	implication
899	174146_15	string
899	174146_18	string
899	114980_8	string
899	119282_5	string
899	119282_7	synonym
899	116117_16	string
899	187917_1	implication
899	187917_4	string
899	113469_1	string
899	146195_10	string
899	198266_19	string
899	106794_20	string
899	114158_16	string
899	106794_23	string
899	122578_11	string
899	122578_12	synonym
899	122578_14	string
899	178391_4	synonym
899	199568_15	string
899	178391_5	string
899	178922_9	string
899	178922_10	string
899	145720_0	implication
899	145720_3	implication
899	145720_4	implication
899	145720_7	string
899	145720_8	string
899	131156_8	string
899	131156_10	string
899	171496_16	string
899	106794_28	synonym
899	114158_2	string
899	199568_14	string
899	145720_9	string
899	146195_11	string
899	151526_6	string
899	151526_8	string
899	167773_2	implication
899	167773_8	string
899	116117_12	string
899	170781_10	string
899	170781_11	string
899	114980_9	string
899	198266_8	string
899	121917_2	implication
899	119282_10	string
899	198266_22	string
899	119282_11	implication
899	190532_15	string
899	190532_18	string
899	178922_0	implication
899	178922_2	implication
899	190532_21	string
899	121917_10	synonym
899	131156_7	string
899	121917_12	string
899	106794_5	implication
899	178922_13	string
899	113469_10	string
900	193756_15	synonym
900	162749_10	string
900	176083_21	string
900	122400_25	synonym
900	170892_19	implication
900	170892_22	synonym
900	170892_23	synonym
900	122893_13	string
900	190805_8	string
900	100492_11	synonym
900	165056_15	string
900	117293_34	synonym
900	176266_20	string
900	100492_10	hyponym
900	103369_12	string
900	103369_13	synonym
900	103369_14	synonym
900	145874_15	synonym
900	122400_26	synonym
900	176083_22	string
901	110998_2	string
901	110998_11	string
901	110998_13	string
902	197419_14	string
902	199929_9	string
902	150804_7	abbreviation
902	117293_20	string
902	117293_21	string
902	117293_23	string
902	117293_25	abbreviation
902	143223_18	string
902	192151_6	string
902	197419_6	string
902	192151_14	string
902	197419_12	string
902	197419_13	string
902	145874_1	string
902	150588_16	string
902	150804_14	string
902	145874_9	string
902	117293_35	string
902	129611_12	string
903	176827_6	implication
903	116955_6	implication
903	132444_1	string
903	132444_10	hyponym
903	140660_1	string
903	140660_2	string
903	140660_3	string
903	140660_12	implication
903	140660_13	string
903	140660_14	string
903	184846_18	string
903	132444_2	string
903	132444_11	hyponym
903	140660_15	string
903	116955_7	string
904	192180_6	string
904	192180_7	string
904	192180_9	string
904	192180_13	string
905	192180_6	synonym
905	186314_7	string
905	186314_8	string
905	145720_4	implication
905	145720_8	string
905	145720_6	string
906	136175_15	string
906	120701_3	implication
906	120701_16	synonym
906	186325_10	string
906	120701_17	synonym
906	106091_16	string
906	132513_12	string
906	106091_17	string
906	132513_13	string
906	132513_14	string
906	132513_15	string
906	131974_19	synonym
906	131974_20	string
906	131974_22	string
906	137342_6	synonym
906	137342_7	string
906	174964_9	implication
906	174964_12	synonym
906	176801_19	synonym
906	158950_2	synonym
906	165395_6	synonym
906	165395_7	string
906	142197_6	synonym
906	142197_9	string
906	110806_2	synonym
906	142197_11	synonym
906	110806_5	implication
906	110806_7	synonym
906	110806_8	synonym
906	110806_10	string
906	110806_11	string
906	170654_18	synonym
906	174736_10	synonym
906	170654_19	string
906	174736_11	string
906	110806_15	synonym
906	184450_14	synonym
906	184450_16	synonym
906	123655_1	synonym
906	149436_13	string
906	180308_7	synonym
906	180308_8	string
906	123655_12	string
906	123655_13	string
906	119634_5	synonym
906	119634_8	string
906	122992_13	synonym
906	122992_14	synonym
906	122992_15	string
906	122992_19	synonym
906	185233_19	string
906	122992_20	synonym
906	185233_20	string
906	109935_9	synonym
906	150008_1	synonym
906	127126_10	string
906	192539_8	synonym
906	150008_12	synonym
906	123684_10	synonym
906	160100_18	string
906	123684_11	synonym
906	114845_4	implication
906	123684_12	string
906	139998_3	synonym
906	139998_5	string
906	159904_9	string
906	159904_10	string
906	189534_13	string
906	108103_6	string
906	108103_9	string
906	114250_14	synonym
906	155569_0	implication
906	155569_8	synonym
906	191244_7	synonym
906	191244_13	synonym
906	126574_10	string
906	184788_15	string
906	185233_18	synonym
906	155569_9	string
906	155569_10	hyponym
906	171027_14	string
906	171027_15	string
906	174786_18	synonym
906	174786_20	string
906	130230_17	string
906	103267_11	synonym
906	157329_16	string
906	176801_20	synonym
906	191244_11	string
906	119634_6	string
906	167088_10	string
906	157329_21	string
906	159968_8	synonym
906	114250_16	string
906	167697_8	synonym
906	189534_9	synonym
906	189534_11	hyponym
906	109935_11	string
906	167697_10	string
906	189534_12	string
906	100966_10	string
906	136175_16	string
906	191144_10	string
906	130539_15	string
906	139249_3	string
906	130539_17	string
906	102889_7	string
906	186325_11	string
906	102889_8	string
906	192539_9	string
906	116117_12	synonym
906	116117_13	string
906	149436_11	string
906	174964_16	string
906	174964_18	string
906	174736_9	synonym
906	101099_9	string
906	101099_10	string
906	163153_15	synonym
906	184450_13	synonym
906	147575_11	string
906	163153_24	string
906	158950_4	string
906	122992_8	synonym
907	171327_26	string
907	171327_29	string
907	171327_9	implication
907	171327_1	implication
907	171327_2	string
908	125316_18	synonym
908	125316_20	string
908	110998_9	synonym
908	110998_12	string
908	110998_13	string
908	145699_22	string
908	145699_23	string
908	145699_24	string
908	145699_25	string
908	185823_16	string
908	186216_6	synonym
908	186216_7	synonym
908	186216_8	string
908	186216_9	string
908	118677_15	synonym
908	122893_13	synonym
908	146210_10	string
908	146582_16	string
908	146582_19	string
908	107340_17	string
908	132914_13	synonym
908	132914_14	string
908	132914_15	string
908	119246_22	string
908	100139_12	synonym
908	115692_14	string
908	107340_25	string
908	100139_11	synonym
908	100139_13	string
908	122893_20	synonym
908	119246_25	string
908	108084_29	synonym
908	125316_19	string
908	168943_13	string
908	177550_13	string
908	177550_14	string
908	118677_13	string
908	177550_15	string
908	118677_16	string
908	115692_17	string
908	144766_16	synonym
908	118677_23	string
908	146582_15	string
908	146210_12	string
909	150319_7	implication
909	150319_9	implication
909	102433_0	implication
909	150319_16	implication
909	102433_3	implication
909	102433_21	implication
909	137091_6	implication
909	137091_12	implication
909	137091_23	string
909	103267_3	synonym
909	151342_0	implication
909	168116_3	implication
909	102295_1	implication
909	147421_10	string
909	172195_2	implication
909	172195_3	implication
909	187466_6	synonym
909	113598_0	implication
909	124465_1	implication
909	119273_21	string
909	113598_2	implication
909	113598_3	implication
909	122992_0	implication
909	123916_4	implication
909	157008_3	implication
909	113598_8	implication
909	172195_17	string
909	122992_3	synonym
909	113598_10	string
909	113598_11	string
909	113598_12	implication
909	167413_24	string
909	122992_7	implication
909	122992_9	synonym
909	198152_27	string
909	123916_12	string
909	123916_13	implication
909	113598_17	implication
909	122992_18	synonym
909	151220_0	implication
909	151220_2	implication
909	151220_11	string
909	198152_3	implication
909	113598_7	implication
909	137091_16	string
909	137091_21	string
909	103267_12	string
909	103267_14	string
909	198152_19	string
909	167697_3	implication
909	140432_3	implication
909	140432_8	string
909	167697_8	string
909	164967_0	implication
909	132786_9	string
909	196880_3	implication
909	164967_7	synonym
909	113492_0	implication
909	125101_2	implication
909	119273_4	implication
909	113492_6	string
909	102433_17	string
909	150319_8	implication
909	150319_15	string
909	114425_4	implication
909	108451_1	implication
909	147421_3	implication
909	147421_8	string
909	119273_22	implication
909	108451_14	string
909	198152_2	implication
909	122992_8	string
910	146947_10	string
910	193169_10	string
910	193169_11	string
910	193169_15	string
911	129375_0	string
911	141084_17	string
911	129375_1	string
911	162798_18	synonym
911	129375_8	string
911	129375_14	string
911	101480_19	string
911	174262_7	string
911	174262_8	synonym
911	151377_13	synonym
911	142413_10	string
911	142413_12	string
911	150402_18	synonym
911	101359_3	string
911	104831_6	string
911	104831_7	synonym
911	104831_8	string
911	199637_0	string
911	185823_17	string
911	199637_6	string
911	124621_20	string
911	173124_24	string
911	107290_11	string
911	173124_25	string
911	170892_23	string
911	154423_3	string
911	114307_4	synonym
911	114307_6	string
911	112869_3	implication
911	122992_12	string
911	174483_22	string
911	122992_14	string
911	174483_24	string
911	122992_15	string
911	161610_18	string
911	183308_28	string
911	161610_20	string
911	181394_31	synonym
911	150008_1	string
911	127126_10	string
911	120889_13	string
911	146406_4	string
911	188772_10	string
911	166034_6	string
911	140161_5	synonym
911	123684_11	synonym
911	123684_13	string
911	140161_7	string
911	146406_11	string
911	146406_12	string
911	144298_17	string
911	144298_18	string
911	166034_24	string
911	166034_26	string
911	144298_28	string
911	155569_8	synonym
911	134964_2	string
911	155569_9	string
911	130230_14	string
911	130230_16	string
911	144298_14	string
911	141084_18	string
911	193756_4	implication
911	141084_19	string
911	157329_19	string
911	157329_23	string
911	177351_21	string
911	193756_19	implication
911	157329_24	string
911	151377_15	string
911	143223_20	synonym
911	188772_11	string
911	150588_19	string
911	150588_20	string
911	142178_8	synonym
911	101480_16	synonym
911	115692_20	string
911	101480_17	synonym
911	162798_19	string
911	162798_20	string
911	101480_18	string
911	101480_20	string
911	150588_27	synonym
911	157301_7	string
911	161610_17	string
911	142413_13	string
911	150008_7	string
911	104831_0	string
911	118210_8	string
911	112869_11	string
911	112869_13	string
911	118210_9	string
911	118210_10	string
911	124621_17	string
911	181394_30	synonym
911	176083_22	string
912	141582_2	implication
912	140236_10	synonym
912	131087_5	synonym
912	152972_7	string
912	184214_19	string
912	152972_8	implication
912	141582_12	string
912	131974_21	string
912	131974_24	string
912	122626_9	string
912	122626_10	string
912	199399_23	synonym
912	145699_21	hyponym
912	145699_23	string
912	145699_24	string
912	145699_25	string
912	192809_1	hyponym
912	114980_8	string
912	100085_9	string
912	167883_15	string
912	167883_16	string
912	192809_10	string
912	192809_11	string
912	106794_17	hyponym
912	146582_19	string
912	161610_16	string
912	139585_1	synonym
912	161610_18	string
912	161610_19	string
912	178922_10	string
912	160997_20	string
912	140236_1	implication
912	140236_11	string
912	100085_10	string
912	142178_7	synonym
912	142178_8	string
912	139585_6	synonym
912	199399_28	synonym
912	146582_15	string
912	161610_17	string
912	146582_17	string
912	170781_11	string
912	114980_9	string
912	122626_2	implication
912	178922_0	implication
912	178922_2	implication
912	106794_6	hyponym
912	178922_12	string
912	160997_21	string
912	160997_22	string
913	193756_17	string
913	119283_6	synonym
913	157685_20	hyponym
913	117954_15	string
913	178126_27	string
913	178126_32	string
913	103063_1	hyponym
913	139341_23	string
913	187753_8	string
913	117954_14	string
913	117954_16	string
914	141084_17	synonym
914	168605_2	synonym
914	192180_9	synonym
914	192180_10	synonym
914	168605_8	synonym
914	168605_9	synonym
914	161722_8	synonym
914	161722_9	string
914	157301_8	string
914	168605_14	string
914	176704_6	string
914	176704_7	string
914	185494_15	string
914	101359_0	synonym
914	130230_13	string
914	119282_9	string
914	193169_10	synonym
914	193169_11	string
914	193169_12	string
914	147383_8	string
914	184846_20	synonym
914	184846_21	synonym
914	184846_22	string
914	181394_31	synonym
914	147502_1	synonym
914	103881_8	synonym
914	147502_2	synonym
914	147502_10	synonym
914	147502_11	synonym
914	130230_15	string
914	185494_11	synonym
914	103881_13	string
914	141084_19	string
914	148912_9	synonym
914	198152_28	string
914	148912_10	string
914	146452_22	string
914	146452_23	string
914	151192_9	string
914	101480_16	synonym
914	101480_17	synonym
914	101480_18	string
914	101480_20	string
914	157301_7	string
914	101359_4	string
914	117954_14	string
914	117954_16	string
914	117954_17	string
914	138678_19	synonym
914	138678_20	synonym
914	138678_23	synonym
914	157301_25	string
914	181394_32	synonym
915	192180_7	abbreviation
915	192180_12	string
916	197419_15	string
916	197419_16	string
916	193575_7	string
916	199399_24	string
916	170892_3	string
916	100037_2	string
916	170892_18	string
916	100037_11	string
916	179642_2	string
916	172605_10	synonym
916	170892_24	string
916	170892_25	string
916	100037_21	string
916	118392_13	string
916	118392_14	string
916	159894_16	string
916	109667_11	string
916	109667_12	string
916	142089_6	string
916	184846_16	string
916	177613_13	string
916	100559_9	string
916	177613_18	synonym
916	171305_20	string
916	171305_22	string
916	171305_25	string
916	199642_17	string
916	114845_2	string
916	107683_2	string
916	137869_25	string
916	171305_23	string
916	184846_12	string
916	179642_17	string
916	100559_14	string
916	199642_19	string
916	197419_9	string
916	148584_2	string
916	148584_3	string
916	100037_12	string
916	157301_4	string
916	159894_2	synonym
916	157301_5	string
916	155093_20	string
916	157301_13	string
916	157548_13	string
916	170892_1	string
916	154943_6	string
916	154943_7	string
916	157548_14	implication
916	106773_9	string
916	118392_8	string
916	157548_20	string
916	157548_21	string
916	171357_4	string
916	171357_5	string
916	157548_25	string
916	170892_20	string
917	197419_15	string
917	197419_18	string
917	192151_11	string
917	192151_12	string
917	197419_17	string
917	122893_16	string
917	159894_12	string
917	159894_20	string
918	197419_15	string
918	144023_14	string
918	144023_15	string
918	106091_18	synonym
918	106091_19	synonym
918	180101_4	synonym
918	196558_14	string
918	142089_10	synonym
918	142089_11	string
918	161418_13	string
918	194471_9	synonym
918	157329_19	string
918	157329_23	string
918	193756_18	string
918	190805_9	synonym
918	119502_16	synonym
918	119502_17	synonym
919	197419_16	string
919	113638_7	synonym
919	113638_8	synonym
919	113638_9	synonym
919	169851_0	implication
919	169851_3	implication
919	169851_6	string
919	169851_8	string
919	169851_1	implication
919	149591_5	string
919	129611_7	abbreviation
919	129611_12	synonym
919	129611_26	string
919	129611_27	string
920	197419_16	string
920	197419_20	string
920	186436_16	string
920	197419_11	string
921	148450_15	implication
921	162528_4	string
921	164384_9	string
921	164384_10	string
921	174744_8	string
921	197871_4	string
921	197871_15	string
921	174744_7	string
921	162528_5	string
922	192180_8	string
922	192180_10	string
922	155984_16	string
922	155984_13	string
922	155984_15	string
922	155984_17	string
922	101833_17	string
922	101833_19	string
922	101833_23	string
922	155984_3	string
923	192180_8	string
923	192180_11	string
923	176266_14	string
923	100085_9	string
923	136823_3	string
923	136823_4	string
923	193091_4	string
923	109170_11	synonym
923	109170_12	string
923	137106_11	string
923	100085_8	string
923	100085_10	string
923	193091_11	string
924	162749_10	string
924	162749_17	string
924	186436_0	hyponym
924	186436_5	synonym
924	186436_6	string
924	100037_9	synonym
924	197419_2	synonym
924	197419_1	synonym
924	197419_7	string
924	197419_8	string
924	148584_1	synonym
924	148584_2	synonym
924	186436_2	string
924	186436_19	synonym
924	162749_9	synonym
924	162749_11	synonym
925	135610_0	implication
925	135610_14	implication
925	135610_15	synonym
925	135610_16	synonym
925	135610_18	synonym
925	170892_24	string
925	135610_20	string
925	170892_21	string
926	135610_0	implication
926	129375_14	synonym
926	135610_14	implication
926	135610_15	string
926	167088_8	string
926	135610_18	string
926	170892_24	string
926	160997_20	string
926	167088_10	string
926	135610_20	string
926	166575_9	implication
926	166575_10	string
926	166575_11	string
926	170892_21	string
926	160997_21	string
927	135610_0	implication
927	177920_6	synonym
927	135610_14	implication
927	135610_15	synonym
927	177920_15	synonym
927	177920_18	string
927	135610_18	synonym
927	174744_14	synonym
927	100559_11	synonym
927	100559_12	synonym
927	130539_10	synonym
927	130539_11	synonym
927	100559_13	string
927	174744_3	synonym
927	177920_16	string
927	130539_16	synonym
927	135610_20	string
927	129611_23	synonym
928	168605_0	synonym
928	168605_1	synonym
928	168605_2	synonym
928	168605_6	synonym
928	168605_7	synonym
928	168605_9	synonym
928	168605_10	synonym
928	168605_14	synonym
928	168605_12	synonym
928	168605_13	synonym
929	113492_2	string
929	113492_3	string
929	106327_7	synonym
929	177498_12	string
929	166575_7	abbreviation
929	177498_14	string
929	100037_1	string
929	126427_5	string
929	125325_12	abbreviation
929	125325_13	synonym
929	166902_23	implication
929	103049_4	string
929	157296_9	synonym
929	166902_27	synonym
929	166902_28	synonym
929	167483_16	synonym
929	106611_8	implication
929	106611_12	string
929	140477_11	string
929	106611_19	string
929	140477_17	string
929	130510_7	synonym
929	140477_23	string
929	140477_24	string
929	130510_10	string
929	179642_15	abbreviation
929	107416_2	string
929	167483_23	string
929	162147_18	string
929	140477_8	string
929	140477_10	string
929	103049_2	string
929	103049_3	string
929	106611_10	string
929	106327_2	string
929	113492_6	string
929	113492_7	string
929	184489_10	synonym
929	167768_12	synonym
929	167768_13	synonym
930	114837_25	string
930	114837_32	string
930	114837_33	string
931	114837_25	synonym
931	114837_32	string
931	114837_31	string
932	114837_25	synonym
932	114837_31	synonym
932	114837_33	string
933	186382_7	implication
933	129375_14	synonym
933	100559_10	string
933	100559_11	string
933	114837_2	string
933	100559_13	string
933	186382_11	synonym
933	114837_31	string
933	114837_33	string
933	166575_9	implication
933	166575_11	string
934	186382_7	implication
934	129611_10	implication
934	132786_8	string
934	132786_9	string
934	186382_11	synonym
934	129611_23	string
934	129611_26	string
935	163565_19	synonym
935	163565_21	string
935	131694_8	synonym
935	141036_8	string
935	131694_9	string
935	112474_12	string
935	130510_8	synonym
935	130510_9	string
935	112474_13	string
935	119691_8	string
935	119691_9	string
935	141036_9	string
936	132513_7	implication
936	179937_6	abbreviation
936	120849_1	abbreviation
936	106091_11	implication
936	120849_4	implication
936	176704_1	hyponym
936	148924_4	implication
936	110549_3	implication
936	114425_5	implication
936	114425_6	abbreviation
936	166575_14	synonym
936	100454_7	synonym
936	166295_10	implication
936	172195_10	abbreviation
936	123916_5	hyponym
936	142089_13	implication
936	121149_2	implication
936	109173_8	hyponym
936	147974_5	implication
936	122400_28	synonym
936	166575_15	synonym
936	123832_3	implication
937	168605_2	synonym
937	168605_9	synonym
937	168605_14	string
937	102433_11	synonym
937	132884_7	string
937	102433_12	synonym
937	102433_13	synonym
937	132884_8	string
937	102433_15	string
937	102433_16	string
937	137477_6	synonym
937	110806_8	synonym
937	110806_9	synonym
937	110806_10	string
937	110806_12	string
937	113759_10	string
937	178322_16	string
937	132914_3	implication
937	132914_14	string
937	162147_12	synonym
937	162147_13	synonym
937	137477_2	synonym
937	162147_14	string
937	122400_24	string
937	113759_14	string
937	113759_17	string
937	109878_21	synonym
937	109878_22	synonym
937	109878_23	string
938	176083_3	string
938	176083_4	string
938	179480_29	string
938	132513_14	string
938	132513_15	string
938	167972_16	string
938	179480_33	string
938	176083_17	string
938	117878_12	string
938	117878_13	string
938	176083_21	string
938	154237_20	string
938	154237_22	string
938	129556_28	string
938	141520_13	string
938	125325_1	string
938	178961_19	string
938	103267_9	string
938	103267_10	string
938	125325_14	string
938	125325_15	string
938	103267_13	string
938	199482_30	string
938	199482_31	string
938	168331_32	string
938	159894_19	string
938	184846_19	string
938	101449_3	string
938	193091_10	string
938	184846_25	string
938	101449_6	implication
938	147056_11	string
938	125362_3	implication
938	125362_4	string
938	162147_17	string
938	143223_1	string
938	147974_7	implication
938	170407_11	string
938	113638_1	string
938	184324_2	implication
938	106220_11	string
938	170407_8	string
938	103267_12	string
938	125362_10	string
938	170407_12	string
938	100492_10	string
938	101449_1	string
938	120257_26	string
938	132513_0	implication
938	132513_1	implication
938	132513_2	implication
938	143223_8	string
938	143223_9	string
938	143223_20	string
938	132513_11	string
938	132513_19	string
938	175480_10	string
938	117878_14	string
938	117878_15	string
938	187753_9	string
938	178961_18	string
938	129556_25	string
938	119502_24	string
938	199085_16	string
938	199085_20	string
938	193091_11	string
938	199482_3	string
938	147056_10	string
938	159468_10	string
938	176083_1	implication
938	199482_9	implication
938	126013_12	string
938	126013_13	string
938	199482_23	string
938	199482_24	string
938	176083_19	string
938	199482_34	string
938	129611_23	string
939	176083_3	synonym
939	132513_14	string
939	176083_17	string
939	117878_12	string
939	176083_21	string
939	125325_13	synonym
939	125594_26	string
939	143223_12	string
939	132513_11	string
939	117878_14	string
939	117878_15	string
939	176083_19	string
940	154761_7	synonym
940	171393_23	synonym
940	166034_20	string
940	170407_7	synonym
940	198152_18	synonym
940	198152_21	synonym
940	193575_9	synonym
940	145340_3	implication
941	194360_8	string
941	194360_10	string
941	194360_15	string
941	179104_1	string
941	199085_9	implication
941	179104_13	implication
941	179104_18	string
941	179104_19	string
941	179104_21	string
941	179104_24	string
941	148215_16	string
941	148215_18	string
941	105861_1	string
941	146582_14	string
941	146582_16	string
941	146582_21	string
941	105861_12	string
941	105861_24	string
941	182680_15	string
941	182680_16	string
941	105861_30	string
941	105861_0	string
941	174786_15	string
941	105861_14	string
941	174786_21	string
941	105861_20	string
941	174786_24	string
941	174786_25	string
941	105861_22	string
941	182680_14	string
941	105861_25	string
941	105861_27	string
941	194360_7	string
941	194360_13	string
941	146582_4	string
941	190532_3	string
941	146582_15	string
941	190532_4	string
941	179104_15	string
941	146582_26	string
941	179104_17	string
941	179104_20	string
941	146582_29	string
941	179104_22	string
941	179104_23	string
941	179104_26	string
941	190532_13	string
941	190532_16	string
941	190532_17	string
942	174045_15	string
942	119993_13	implication
942	167036_19	string
942	124788_9	string
942	124788_11	string
942	124788_12	string
942	180308_7	string
942	188125_0	implication
942	188125_1	string
942	110481_9	string
942	103679_1	implication
942	142089_10	string
942	184833_8	string
942	184833_9	string
942	103679_4	implication
942	161610_20	string
942	142089_16	string
942	160100_16	string
942	160100_17	string
942	134964_6	string
942	119993_11	string
942	119993_17	string
942	119993_19	string
942	110481_4	string
942	110481_5	string
942	167036_16	string
942	174045_13	string
942	174045_17	string
942	180308_5	string
942	180308_6	string
942	124788_10	string
942	161610_17	string
942	103679_8	string
943	174045_15	hyponym
943	126427_8	hyponym
943	126427_9	implication
943	114528_15	synonym
943	197331_9	hyponym
943	139485_13	synonym
943	139485_14	synonym
943	174045_17	synonym
944	152972_6	string
944	168331_23	string
944	152663_5	string
944	168331_34	string
945	152972_6	synonym
945	152972_7	synonym
945	152972_8	implication
945	104831_2	synonym
945	104831_3	synonym
945	104831_4	synonym
945	104831_7	string
945	119282_5	synonym
945	119282_7	string
945	119634_5	string
945	119634_8	string
945	125362_3	implication
945	125362_4	synonym
945	119634_1	synonym
945	119634_6	string
945	119634_7	string
945	154423_4	string
945	119282_6	synonym
945	104831_0	synonym
946	149498_19	string
946	149498_22	synonym
947	149498_19	string
947	137856_13	string
947	114210_10	string
947	122578_12	synonym
947	122578_14	string
947	147502_16	string
947	149498_22	string
947	172605_13	string
947	114210_9	string
948	149498_19	string
948	149498_22	string
949	149498_19	synonym
949	110998_10	synonym
949	194360_10	string
949	110998_11	synonym
949	110998_12	synonym
949	110998_14	string
949	119993_13	string
949	119993_14	string
949	132513_13	string
949	132513_14	string
949	132513_15	string
949	157685_3	synonym
949	157685_16	synonym
949	157685_20	string
949	145340_9	string
949	145340_11	string
949	145340_12	string
949	134578_4	synonym
949	134578_14	string
949	190272_12	synonym
949	190272_14	string
949	179838_14	string
949	100754_6	synonym
949	140161_5	synonym
949	108451_11	string
949	140161_7	string
949	140477_17	string
949	179838_17	string
949	140477_15	string
949	157685_19	string
949	149498_22	string
949	145874_12	synonym
949	145874_14	string
949	194360_11	string
949	100754_21	synonym
949	134578_3	synonym
949	159138_5	string
950	162749_12	abbreviation
950	142089_7	string
950	180800_24	string
950	177351_20	string
950	109514_10	synonym
950	109514_15	synonym
950	177351_4	string
950	177351_11	synonym
950	109514_11	synonym
950	109514_17	string
950	135610_12	string
951	182351_10	string
951	182351_11	string
951	165297_16	string
951	165297_20	synonym
951	165297_21	synonym
951	145874_12	string
951	145874_14	synonym
951	165297_19	string
952	182351_10	synonym
952	182351_11	string
952	107357_7	synonym
952	137091_18	string
952	137091_20	string
952	118210_11	string
952	180546_13	string
952	198266_16	synonym
952	198266_18	synonym
952	198266_19	string
952	123916_9	string
952	123916_10	synonym
952	123916_12	string
952	145308_9	string
952	107357_8	string
952	150588_16	string
952	145308_8	string
952	150588_19	synonym
952	150588_20	synonym
952	150588_21	string
952	150588_25	string
952	118210_8	string
952	180546_15	string
953	182351_10	synonym
953	182351_11	string
954	110998_9	synonym
954	110998_12	string
954	110998_14	string
954	186216_6	string
954	186216_7	string
954	186216_9	string
954	177613_18	synonym
954	100139_12	synonym
954	191836_11	string
954	100139_14	string
954	168943_12	string
954	168943_14	string
954	144766_17	string
954	144766_20	string
954	144766_21	string
955	179480_26	synonym
955	179480_30	string
955	109173_11	synonym
955	109173_12	synonym
955	104707_23	string
955	191836_11	synonym
955	143223_5	string
955	109173_13	string
955	179480_13	string
956	192180_11	synonym
956	140161_5	synonym
956	119246_22	string
956	119246_20	synonym
956	119246_21	string
956	119246_25	string
956	140161_8	string
957	160867_2	string
957	160867_6	string
957	160867_7	string
958	160867_2	synonym
958	160867_6	synonym
958	116955_12	synonym
958	119283_6	synonym
958	136373_26	string
958	156001_5	synonym
958	189261_6	implication
958	189261_7	string
958	189261_8	string
958	183308_27	synonym
958	187790_5	synonym
958	116955_11	synonym
958	136373_21	string
958	116955_14	synonym
958	136373_25	string
958	156001_7	string
958	183308_3	synonym
959	160867_2	synonym
959	160867_6	synonym
959	170781_12	string
959	160867_7	synonym
959	192522_11	string
959	192522_13	string
959	192522_15	implication
959	116955_12	string
959	187917_1	implication
959	125101_13	string
959	198266_18	string
959	189261_6	implication
959	189261_7	string
959	106794_20	string
959	189261_8	string
959	188125_0	implication
959	188125_1	string
959	120587_9	string
959	188125_7	implication
959	120587_10	string
959	100559_10	string
959	139585_1	string
959	140259_5	string
959	139585_5	string
959	187790_5	string
959	144298_1	implication
959	144298_21	string
959	155684_14	string
959	155684_15	string
959	144298_25	string
959	155684_18	string
959	155684_19	string
959	126574_10	string
959	126574_11	string
959	126574_12	string
959	106794_22	string
959	106794_28	string
959	187917_7	string
959	155684_17	string
959	197423_1	implication
959	114183_29	string
959	197423_2	implication
959	114183_32	string
959	197423_8	string
959	197423_9	string
959	152012_9	string
959	152012_11	string
959	140259_4	string
959	140259_6	string
959	116955_11	string
959	136373_21	string
959	170781_11	string
959	136373_25	string
959	198266_8	string
959	136373_31	implication
959	198266_22	string
959	129998_10	string
959	190532_15	string
959	190532_16	string
959	190532_18	synonym
959	190532_21	string
959	125101_15	string
959	106794_5	implication
959	125101_16	string
959	100559_1	implication
960	195471_7	string
960	195471_8	string
960	168279_45	string
960	168279_50	string
960	109514_10	string
960	128795_15	string
960	199008_20	string
960	199008_22	string
960	199008_28	string
960	199008_33	string
960	168279_49	string
961	162798_17	synonym
962	110998_12	string
963	186325_10	string
963	151526_7	string
963	176266_14	string
963	192498_21	string
963	110806_6	string
963	110806_7	string
963	110806_13	string
963	177613_18	synonym
963	112248_11	string
963	141538_6	string
963	141538_8	implication
963	192498_22	string
963	109853_7	string
963	186325_11	string
963	101480_17	string
963	101480_18	string
963	101480_22	string
963	129501_9	string
963	150306_16	string
964	159253_5	synonym
964	159253_6	string
964	159253_7	synonym
965	165753_8	string
965	165753_9	synonym
965	119993_14	synonym
965	119993_15	hyponym
965	112777_5	synonym
965	175030_23	hyponym
965	109928_18	implication
965	109928_19	string
966	165753_8	synonym
966	165753_9	string
966	132513_13	string
966	132513_16	string
966	102433_11	synonym
966	102433_12	synonym
966	102433_13	synonym
966	102433_18	string
966	141520_11	synonym
966	141520_12	synonym
966	164712_19	synonym
966	174786_19	string
966	117954_15	string
966	112869_3	implication
966	193169_12	string
966	193169_13	string
966	112869_12	string
966	100559_10	synonym
966	129255_8	string
966	155684_15	synonym
966	155684_18	string
966	155684_19	string
966	145076_18	string
966	145076_20	string
966	145076_21	string
966	145076_22	string
966	100559_13	string
966	100559_14	string
966	174786_18	synonym
966	129255_2	string
966	164712_17	synonym
966	164712_20	synonym
966	164712_22	string
966	140660_15	string
966	117954_14	string
966	112869_11	synonym
966	117954_16	string
966	194111_11	synonym
966	194111_12	string
967	197419_20	string
967	197419_0	string
967	197419_11	string
967	197419_12	string
967	148584_1	string
967	148584_2	string
968	179480_27	string
968	132884_7	string
968	132884_8	string
968	179480_35	string
968	106773_11	string
968	164712_16	string
968	104831_7	string
968	104831_8	string
968	164712_21	string
968	142178_10	string
968	126427_8	string
968	191788_14	synonym
968	126427_9	string
968	109928_20	string
968	167675_14	string
968	167675_17	string
968	198152_27	string
968	100754_6	synonym
968	100754_22	synonym
968	129412_15	string
968	159904_8	string
968	129412_17	string
968	159904_9	string
968	166034_20	string
968	191788_11	string
968	191788_13	string
968	170407_7	string
968	167831_16	string
968	167831_18	string
968	198152_19	string
968	164712_17	string
968	164712_20	string
968	198152_32	string
968	151192_8	string
968	129412_20	string
968	151192_11	string
968	100754_14	synonym
968	106773_7	string
968	132884_10	string
968	109928_18	string
968	187466_4	implication
968	109928_23	string
968	187466_16	string
968	187466_17	string
968	133424_31	string
969	193608_5	synonym
970	120849_4	implication
970	121731_7	synonym
970	199929_16	implication
970	114425_6	abbreviation
970	137091_9	implication
970	166575_14	string
970	129998_5	implication
970	129998_6	synonym
970	147421_5	implication
970	166295_10	implication
970	123916_5	hyponym
970	179838_6	abbreviation
970	197122_6	hyponym
970	123535_9	synonym
970	109173_8	hyponym
970	125594_36	string
970	121045_6	implication
970	166575_15	string
970	179642_9	abbreviation
970	133424_31	synonym
971	129556_12	synonym
971	134121_5	synonym
971	134121_6	synonym
971	133325_4	synonym
971	133325_5	synonym
971	168047_6	synonym
971	126341_25	synonym
971	126341_29	synonym
971	126341_30	string
971	126341_35	synonym
971	151220_8	synonym
971	143979_9	synonym
971	173124_21	string
972	162981_4	string
973	129375_8	string
973	129375_9	string
974	106091_14	string
974	106091_19	string
974	106091_20	string
974	106091_21	string
974	171357_17	synonym
974	162642_7	string
974	162642_9	string
974	162642_11	string
974	177622_16	string
974	177622_19	string
974	128795_12	string
974	128795_15	string
974	128795_18	string
974	128795_19	string
974	141084_14	string
974	141084_18	string
974	171357_19	string
974	171357_23	string
974	171357_25	synonym
975	107416_12	synonym
975	167972_15	synonym
975	199929_14	synonym
975	127274_14	string
975	167972_18	string
975	135610_14	synonym
975	199929_19	string
975	113638_7	synonym
975	113638_8	synonym
975	170892_19	string
975	170892_22	string
975	196148_33	synonym
975	192151_11	synonym
975	192151_12	string
975	100492_7	synonym
975	169851_0	string
975	100492_9	synonym
975	169851_3	implication
975	169851_6	synonym
975	169851_8	string
975	196148_20	synonym
975	144925_6	string
975	196148_25	string
975	107416_4	synonym
975	196148_28	string
975	196148_32	synonym
975	100492_13	string
975	150804_11	string
975	150804_13	string
975	199929_0	synonym
975	127274_0	implication
975	127274_5	implication
975	127274_12	hyponym
975	199929_17	string
975	135610_19	string
975	135610_20	string
975	169851_1	implication
975	129611_19	synonym
975	129611_26	string
976	119405_7	implication
976	119405_9	string
976	119405_12	string
976	137091_20	string
976	171473_7	synonym
976	171473_8	synonym
976	125101_13	synonym
976	123916_9	synonym
976	123916_10	string
976	123916_11	string
976	123916_14	string
976	162147_12	string
976	162147_13	synonym
976	117293_33	string
976	117293_34	string
976	155569_8	string
976	137091_19	string
976	155569_10	string
976	179642_18	synonym
976	179642_19	string
976	162147_14	string
976	162515_14	string
976	119405_0	implication
976	119405_3	implication
976	119405_8	implication
976	117293_29	synonym
976	117293_32	string
976	199085_15	string
976	199085_16	string
976	199085_20	string
976	125101_14	string
977	134719_11	string
977	180621_30	string
977	180621_31	string
978	134719_11	synonym
978	134719_12	string
978	142533_9	string
978	107290_9	synonym
978	192151_11	synonym
978	152649_1	implication
978	121917_9	synonym
978	169111_28	string
978	169111_29	string
978	169111_30	string
978	134719_2	synonym
978	184214_16	synonym
978	152649_17	synonym
978	119502_23	string
978	117293_29	string
978	121917_8	synonym
978	121917_12	string
978	169111_23	string
979	162749_17	synonym
979	199399_16	string
979	199399_27	string
980	111187_6	implication
980	111187_7	hyponym
981	114444_23	synonym
981	157296_19	synonym
982	106091_17	synonym
982	106091_21	synonym
982	147969_19	synonym
982	147969_20	synonym
982	147969_21	string
982	147969_25	synonym
982	187916_23	synonym
982	187916_25	string
982	147969_24	synonym
983	160867_6	synonym
983	160867_7	synonym
983	176801_2	string
983	132884_7	string
983	132884_12	implication
983	192522_11	string
983	171496_3	implication
983	192522_13	string
983	192522_15	implication
983	109853_6	string
983	114980_7	synonym
983	114980_8	string
983	121925_1	implication
983	114980_10	string
983	176801_19	string
983	121925_5	implication
983	129501_8	string
983	129501_10	string
983	125101_13	string
983	108558_5	synonym
983	113469_1	synonym
983	123743_7	hyponym
983	123743_9	string
983	154469_2	synonym
983	141538_5	string
983	184788_13	string
983	120587_2	synonym
983	189261_6	implication
983	189261_7	string
983	120587_9	synonym
983	183308_27	string
983	194275_7	string
983	164967_11	synonym
983	164967_12	string
983	127126_9	string
983	187790_5	string
983	178922_1	implication
983	127126_10	string
983	182680_15	string
983	182680_16	string
983	127126_13	string
983	178922_10	string
983	145720_0	implication
983	145720_3	implication
983	145720_4	implication
983	145720_7	string
983	145720_8	string
983	189534_15	string
983	155684_15	string
983	155684_18	string
983	155684_19	string
983	155684_20	string
983	139485_2	implication
983	191244_9	string
983	191244_13	implication
983	139485_19	string
983	141538_6	string
983	176801_13	string
983	171496_16	string
983	191244_3	synonym
983	191244_10	string
983	194275_8	string
983	194275_10	string
983	189534_11	string
983	109853_5	synonym
983	181269_0	implication
983	155684_17	string
983	181269_5	string
983	139485_20	string
983	102889_7	string
983	102889_8	string
983	123743_11	string
983	101882_2	string
983	101882_6	string
983	114980_9	string
983	121917_2	implication
983	132884_9	string
983	176801_3	string
983	129501_9	string
983	178922_0	implication
983	178922_2	implication
983	121917_10	string
983	121917_11	string
983	121917_12	string
983	178922_11	string
983	125101_16	string
983	108558_7	string
983	108558_8	string
983	113469_10	synonym
983	183308_25	implication
984	142372_1	string
984	142372_0	implication
984	142372_2	string
984	142372_7	implication
984	142372_9	implication
984	142372_10	string
984	142372_13	implication
984	142372_22	implication
985	119405_12	string
985	119405_14	string
985	119405_15	string
985	180308_8	string
985	119634_4	string
985	119634_5	synonym
985	119634_8	string
985	198331_2	string
985	198331_3	implication
985	162147_1	implication
985	119634_12	hyponym
985	119405_11	string
986	124788_9	string
986	124788_12	hyponym
986	124788_13	string
986	145699_21	synonym
986	145699_23	string
986	145699_25	string
986	172591_8	synonym
986	119282_5	synonym
986	127081_13	string
986	119282_7	synonym
986	146958_15	hyponym
986	159675_47	synonym
986	136373_24	synonym
986	136373_26	hyponym
986	136373_29	hyponym
986	184450_15	synonym
986	176996_16	string
986	103880_11	synonym
986	134578_9	hyponym
986	134578_10	hyponym
986	103880_12	synonym
986	134578_14	string
986	101833_15	synonym
986	178922_1	synonym
986	178922_10	hyponym
986	176996_19	string
986	176996_20	string
986	145699_28	string
986	143877_21	string
986	103880_14	string
986	103880_15	string
986	116117_15	string
986	101833_18	hyponym
986	101833_20	string
986	127081_14	string
986	101833_23	string
986	119282_8	string
986	184450_18	string
987	132513_14	string
987	132513_16	string
987	132513_17	string
987	132884_7	string
987	119502_21	synonym
987	116664_14	synonym
987	116664_15	synonym
987	116664_16	string
987	121149_4	synonym
987	121149_5	string
987	119502_23	string
987	132884_9	string
988	134719_13	string
988	124788_11	synonym
988	124788_13	synonym
988	124788_14	synonym
988	185494_15	string
988	194596_10	synonym
988	137477_5	synonym
988	123994_2	abbreviation
988	123994_10	implication
988	100454_10	synonym
988	150857_7	string
988	150857_8	string
988	161610_16	string
988	161610_22	string
988	166034_19	synonym
988	155984_17	string
988	107340_15	synonym
988	107340_19	string
988	185494_8	synonym
988	107340_20	string
988	107340_25	string
988	166034_28	string
988	103049_10	string
988	199399_1	string
988	103049_14	string
988	103049_15	string
988	134719_9	synonym
988	134719_14	string
988	163816_6	string
988	163816_10	string
988	163816_13	string
988	101737_8	string
988	101737_10	string
988	100754_21	hyponym
988	101737_12	implication
988	101737_13	string
988	161610_24	string
988	161610_25	implication
988	100454_14	string
988	177846_12	string
988	100454_16	synonym
988	123994_7	string
988	123994_9	string
988	107340_1	synonym
988	155984_12	synonym
989	118501_0	synonym
989	118501_1	synonym
989	118501_6	synonym
989	118501_7	abbreviation
989	118501_11	abbreviation
989	170309_14	abbreviation
989	175366_0	synonym
989	175366_2	synonym
989	175366_12	implication
989	175366_13	implication
989	175366_24	synonym
989	115471_10	synonym
989	115471_16	synonym
989	196558_0	string
989	135610_9	synonym
989	135610_10	synonym
989	122400_18	synonym
989	115471_0	synonym
989	170309_13	abbreviation
989	115471_6	synonym
990	167036_20	string
990	199568_11	synonym
990	199568_12	synonym
990	199568_13	synonym
990	199568_15	synonym
990	199568_18	synonym
990	167036_16	synonym
990	167036_17	synonym
990	199568_14	synonym
990	167036_22	string
990	199568_16	string
991	168022_2	synonym
991	168022_4	synonym
991	168022_7	synonym
992	127274_2	string
992	127274_11	string
992	127274_13	string
992	127274_14	string
992	127274_0	implication
992	127274_5	implication
992	127274_15	string
993	129375_14	synonym
993	167088_8	string
993	174744_2	synonym
993	174744_14	string
993	174744_3	synonym
993	167088_10	string
994	129375_14	synonym
994	199399_22	string
994	167088_9	string
994	199399_25	string
994	167088_12	string
994	174744_2	synonym
994	171305_21	string
994	174744_14	string
994	100559_10	string
994	100559_12	string
994	171305_25	string
994	114837_2	synonym
994	160997_20	string
994	171305_23	string
994	199399_21	string
994	114837_31	string
994	166575_9	implication
994	166575_10	string
994	166575_11	string
994	171305_6	string
994	171305_7	string
994	172605_12	string
994	172605_13	string
994	160997_21	string
995	129375_14	synonym
995	176801_2	synonym
995	127081_13	synonym
995	194084_6	synonym
995	176801_19	string
995	194084_8	string
995	159468_9	string
995	159468_11	string
995	172195_15	string
995	106220_15	synonym
995	127126_11	string
995	153808_2	implication
995	153808_10	synonym
995	171659_14	synonym
995	153808_12	string
995	179996_13	synonym
995	171659_7	implication
995	171659_11	string
995	153808_13	string
995	127126_2	implication
995	186515_5	synonym
995	136356_13	string
995	105017_25	string
995	172195_16	string
995	127081_3	implication
995	127081_14	string
995	159468_10	string
996	199407_1	string
996	106773_11	string
996	151854_20	string
996	170628_9	abbreviation
996	170628_12	string
996	151851_0	string
996	151851_6	string
996	158000_7	string
996	169111_36	string
996	169111_24	string
996	169111_28	string
996	115334_4	string
996	144298_26	string
996	151192_11	string
996	144766_22	string
996	179937_9	string
996	157301_25	string
996	174752_5	string
996	169111_16	string
996	169111_17	string
996	114149_4	string
997	132884_3	implication
997	132884_7	string
997	132884_9	string
997	109878_21	string
997	109878_22	string
997	181394_32	synonym
998	195655_9	synonym
998	163159_14	synonym
998	173667_13	hyponym
999	131768_25	string
999	131768_17	string
999	131768_23	string
1000	193575_7	synonym
1000	144754_37	implication
1000	193575_1	string
1000	157548_22	string
1001	165519_7	string
1001	165519_11	string
1001	167773_6	implication
1001	167773_7	string
1001	199482_18	string
1001	199482_20	string
1001	103267_1	string
1001	199482_25	string
1001	170892_17	string
1001	103267_7	string
1001	103267_8	string
1001	103049_4	string
1001	199482_31	string
1001	199482_32	string
1001	133339_18	string
1001	159504_3	string
1001	193091_2	string
1001	159504_11	string
1001	106220_7	string
1001	159504_13	string
1001	159504_14	string
1001	193091_9	string
1001	193091_10	string
1001	147056_1	string
1001	147056_7	string
1001	145720_1	string
1001	145720_4	implication
1001	145720_5	string
1001	100268_5	implication
1001	103267_6	implication
1001	145720_6	string
1001	103049_16	string
1002	199407_2	string
1002	199407_3	string
1002	106310_5	string
1002	106310_15	implication
1002	129017_5	synonym
1002	112446_3	string
1002	164594_4	string
1002	164594_9	string
1002	112446_5	string
1002	164594_11	implication
1002	164594_12	implication
1002	108263_3	string
1002	108263_7	implication
1002	181555_6	synonym
1002	163301_4	string
1002	157077_5	string
1002	106658_0	implication
1002	106658_2	implication
1002	106658_4	synonym
1002	106658_5	implication
1002	157252_3	string
1002	151851_4	synonym
1002	151851_10	synonym
1002	116651_4	synonym
1002	191702_4	synonym
1002	181555_7	string
1002	157252_9	string
1002	192791_4	synonym
1002	164594_3	string
1002	164594_5	implication
1003	199407_2	hyponym
1003	177498_2	synonym
1003	177498_3	synonym
1003	157252_2	hyponym
1004	199407_3	synonym
1004	199407_4	synonym
1004	191144_8	synonym
1005	199399_11	implication
1005	199399_16	synonym
1005	199399_17	synonym
1005	199399_20	synonym
1005	199399_25	string
1005	199399_27	synonym
1005	100037_8	synonym
1005	100037_9	synonym
1005	100037_21	synonym
1005	142089_10	string
1005	142089_11	string
1006	101480_19	string
1006	101480_16	string
1007	101480_19	string
1007	188400_22	synonym
1007	188400_24	synonym
1007	140161_5	synonym
1007	140161_7	string
1007	129255_8	synonym
1007	129255_3	synonym
1007	129255_9	synonym
1007	101480_16	string
1007	188400_5	synonym
1007	172884_8	string
1007	172884_10	string
1007	109878_22	string
1007	109878_23	string
1008	159509_7	synonym
1008	116955_9	synonym
1008	138009_7	synonym
1008	138009_8	synonym
1008	138009_6	synonym
1008	116955_7	synonym
1008	116955_8	synonym
1009	102433_11	synonym
1009	102433_12	synonym
1009	102433_13	synonym
1009	102433_15	string
1010	126341_2	synonym
1010	171971_10	implication
1010	126341_22	string
1010	126341_23	string
1010	126341_34	implication
1010	193944_11	string
1010	143223_15	implication
1010	193944_10	string
1011	167972_16	string
1011	167972_1	string
1012	179480_32	synonym
1012	161418_13	synonym
1012	161418_14	string
1012	161418_15	string
1013	179480_32	synonym
1014	177920_6	synonym
1014	179104_2	synonym
1014	177920_15	string
1014	179104_6	implication
1014	177920_18	string
1014	179104_18	synonym
1014	179104_21	string
1014	170892_18	synonym
1014	170892_24	string
1014	170892_25	string
1014	107354_21	synonym
1014	107354_24	string
1014	177920_16	string
1014	179104_5	hyponym
1014	170892_1	string
1014	179104_26	string
1014	170892_4	synonym
1014	170892_20	string
1015	112777_5	string
1015	112777_7	string
1016	112777_5	string
1017	112777_5	synonym
1017	112777_7	synonym
1017	196148_26	string
1017	196148_30	synonym
1017	196148_33	string
1017	196148_24	string
1017	196148_25	string
1017	171496_16	string
1018	168022_5	synonym
1019	168022_5	abbreviation
1019	100559_9	abbreviation
1019	125101_12	abbreviation
1020	132884_7	string
1020	174744_2	synonym
1020	106794_20	synonym
1020	100559_9	synonym
1020	174744_14	synonym
1020	145720_0	implication
1020	145720_3	implication
1020	145720_4	implication
1020	145720_7	synonym
1020	145720_8	synonym
1020	106794_22	synonym
1020	106794_28	synonym
1020	145720_9	string
1020	152012_9	string
1020	152012_11	string
1020	132884_10	string
1021	146104_12	string
1021	122629_6	string
1021	139485_13	string
1021	106482_4	string
1021	106482_5	string
1021	106482_6	string
1021	195655_11	string
1021	142178_7	synonym
1021	142178_8	synonym
1021	122629_5	string
1021	109928_3	string
1022	102433_12	string
1022	102433_13	string
1022	102433_16	synonym
1023	199929_12	string
1023	134389_17	string
1023	134389_18	string
1023	199929_25	string
1023	137091_12	string
1023	137091_13	string
1023	137091_20	string
1023	137091_22	implication
1023	137091_23	string
1023	197871_21	synonym
1023	197871_22	string
1023	104777_21	string
1023	104777_22	string
1023	117293_25	string
1023	117293_26	synonym
1023	117293_33	string
1023	137091_4	implication
1023	137091_11	string
1023	137091_21	string
1023	179883_5	string
1023	179883_6	string
1023	197871_20	string
1023	134389_7	implication
1023	199929_21	string
1023	117293_32	string
1023	149591_4	string
1024	150402_7	string
1024	150402_10	string
1024	150402_11	string
1024	150402_14	string
1024	150402_19	implication
1024	133424_10	synonym
1024	133424_22	string
1024	133424_23	string
1024	133424_25	string
1024	133424_26	string
1024	133424_27	string
1025	132884_8	string
1025	198482_5	string
1025	137477_5	synonym
1025	137477_6	synonym
1025	197871_22	string
1025	192151_11	string
1025	192151_12	string
1025	128247_12	synonym
1025	128247_13	string
1025	145340_10	string
1025	145340_12	string
1025	169111_32	string
1025	169111_36	synonym
1025	169111_24	synonym
1025	169111_26	synonym
1025	169111_28	string
1025	137477_3	synonym
1025	192151_10	string
1025	169111_37	synonym
1025	170407_12	string
1025	197871_25	string
1025	104841_11	string
1025	104841_14	string
1025	104841_17	string
1025	104841_20	string
1025	132884_10	string
1025	169111_7	implication
1025	169111_23	string
1026	199407_8	string
1026	199407_9	string
1026	181555_12	string
1026	181555_16	string
1026	151851_6	string
1026	199407_11	string
1027	176083_17	string
1027	176083_16	string
1028	188206_14	synonym
1028	199482_2	synonym
1028	183737_11	synonym
1028	124557_3	implication
1028	168943_11	synonym
1028	196148_1	synonym
1028	199482_10	synonym
1029	179480_35	string
1029	155093_7	string
1030	179480_35	string
1030	122400_25	string
1030	124621_20	string
1030	187753_7	string
1030	179937_10	string
1030	122400_24	string
1030	124621_21	string
1031	122626_8	synonym
1031	122626_12	string
1031	146195_10	string
1031	108395_8	synonym
1031	146195_12	string
1032	162348_19	string
1032	165227_6	string
1032	165227_10	string
1032	165227_14	string
1032	165227_16	implication
1032	162348_15	string
1032	162348_16	string
1033	176107_5	implication
1033	176107_12	string
1033	176107_13	string
1034	177920_12	string
1034	134857_40	string
1034	122992_14	string
1034	122992_15	string
1034	157685_19	string
1034	134857_43	string
1035	180101_4	synonym
1036	150402_10	string
1036	150402_18	synonym
1036	147054_1	implication
1036	116778_10	string
1036	158711_10	string
1036	158711_17	string
1036	158711_20	string
1036	107354_15	synonym
1036	107354_18	synonym
1036	107354_22	synonym
1036	197122_6	implication
1036	107354_24	string
1036	107354_25	string
1036	107354_30	string
1036	197122_24	string
1036	130510_7	string
1036	158711_19	string
1036	197122_20	string
1036	197122_21	string
1036	197122_22	string
1036	197122_23	string
1036	107354_1	string
1036	107354_2	string
1036	147054_5	implication
1036	107354_14	implication
1036	107354_23	string
1036	134857_0	string
1036	134857_34	string
1036	134857_35	string
1036	158711_1	string
1036	134857_44	string
1036	134857_45	string
1036	174752_8	string
1037	101480_25	synonym
1037	101480_2	synonym
1037	101480_15	synonym
1037	101480_17	string
1037	101480_21	string
1037	101480_26	synonym
1038	176083_21	string
1038	167088_9	string
1038	128163_17	implication
1038	184846_22	string
1038	146406_4	string
1038	146406_11	string
1038	169111_32	synonym
1038	131156_10	string
1038	169111_26	string
1038	131156_11	synonym
1038	169111_28	string
1038	169111_31	string
1038	171753_11	string
1038	112313_21	string
1038	157301_24	string
1038	157301_25	string
1038	128163_16	string
1039	116955_9	synonym
1039	116955_10	synonym
1039	116955_15	string
1039	116955_16	string
1039	144722_14	string
1039	151851_3	synonym
1039	151851_4	synonym
1039	116955_8	synonym
1039	150402_12	synonym
1039	160997_18	synonym
1040	120849_24	string
1040	110806_5	implication
1040	110806_7	string
1040	110806_8	string
1040	110806_10	string
1040	110806_11	synonym
1040	174736_10	string
1040	174736_11	synonym
1040	110806_15	string
1040	161610_19	string
1040	120849_25	string
1040	161610_17	synonym
1040	174736_9	string
1040	160997_21	string
1041	186436_0	string
1041	186436_5	string
1041	186436_6	string
1041	186436_15	string
1041	186436_16	synonym
1041	172605_9	string
1041	186436_1	string
1041	186436_2	string
1041	172605_12	string
1042	151377_13	string
1042	151377_14	synonym
1043	153694_8	string
1043	153694_9	string
1043	129998_8	synonym
1043	121925_17	string
1043	184450_14	string
1043	184450_16	string
1043	177351_20	string
1043	178112_3	synonym
1043	178112_4	synonym
1043	147502_16	synonym
1043	177351_14	synonym
1043	174045_13	synonym
1043	174045_14	string
1043	172884_8	string
1043	129998_9	string
1043	172884_10	string
1043	121925_14	string
1044	153694_8	string
1044	153694_9	string
1044	145340_10	string
1044	145340_11	string
1044	155684_15	synonym
1044	155684_18	synonym
1044	155684_20	string
1044	153694_10	string
1045	167088_8	string
1045	167088_9	string
1045	147502_9	implication
1045	147502_13	synonym
1045	147502_16	synonym
1045	167088_10	string
1046	141825_7	implication
1047	120938_1	hyponym
1047	138009_9	synonym
1047	150402_1	string
1048	167088_9	string
1048	191788_14	string
1048	191788_11	string
1049	136086_8	string
1049	136086_11	implication
1049	170628_11	synonym
1049	136086_9	string
1049	118218_14	synonym
1049	118218_19	string
1049	118218_21	synonym
1050	136086_8	synonym
1050	169173_4	string
1050	136086_11	implication
1050	118257_11	synonym
1050	118257_12	string
1050	112857_1	string
1050	120889_16	string
1050	136086_10	string
1050	112857_3	string
1050	187916_23	string
1050	187916_26	string
1051	116955_12	synonym
1051	196148_33	string
1051	197871_24	string
1051	184788_13	string
1051	184788_14	string
1051	196148_17	string
1051	196148_18	string
1051	184788_15	string
1051	196148_27	string
1051	196148_28	string
1051	105861_14	string
1051	197871_17	synonym
1051	197871_25	string
1051	102758_8	string
1051	121925_15	string
1052	127081_1	string
1052	127081_15	hyponym
1053	102931_18	synonym
1053	102931_19	synonym
1053	102931_22	synonym
1053	102931_26	string
1053	136671_3	synonym
1053	136671_18	synonym
1053	136671_24	synonym
1053	102931_17	synonym
1053	102931_28	synonym
1053	129486_7	synonym
1053	136671_15	synonym
1053	136671_19	synonym
1053	136671_20	string
1054	117186_7	string
1054	141538_3	string
1054	103881_11	string
1054	127126_8	implication
1054	174243_13	hyponym
1054	108451_7	implication
1055	148134_0	synonym
1055	148134_3	synonym
1055	151377_8	string
1055	151377_15	string
1056	141825_10	string
1057	194596_10	string
1058	145699_24	synonym
1058	145699_26	string
1058	166575_14	string
1058	188400_24	synonym
1058	138190_18	synonym
1058	138190_19	synonym
1058	100754_5	synonym
1058	105787_2	synonym
1058	134857_43	string
1058	187466_16	string
1058	187466_17	string
1059	131694_8	synonym
1059	131694_9	string
1059	165297_16	synonym
1059	116117_16	string
1059	165297_20	synonym
1059	134027_14	string
1059	171027_13	string
1059	152649_1	implication
1059	112613_17	string
1059	123655_12	string
1059	123655_13	string
1059	123655_14	string
1059	106794_21	string
1059	152649_22	hyponym
1059	126242_1	implication
1059	183308_28	string
1059	150164_8	string
1059	193944_14	hyponym
1059	193944_15	hyponym
1059	106794_22	synonym
1059	106794_24	string
1059	171027_14	implication
1059	105017_22	synonym
1059	105017_23	string
1059	126242_28	string
1059	151192_9	string
1059	134027_15	string
1059	187753_8	string
1059	150164_1	implication
1059	150164_2	implication
1059	165297_19	synonym
1059	150164_9	string
1059	149591_4	string
1059	198957_3	implication
1059	198957_11	synonym
1059	198957_12	string
1060	190179_19	synonym
1060	145340_9	string
1060	145340_10	string
1060	145340_11	string
1060	190179_15	synonym
1060	190179_16	synonym
1060	190179_2	synonym
1061	113638_9	implication
1061	129611_25	string
1062	101359_3	synonym
1062	187466_18	string
1062	101359_4	synonym
1062	187466_4	implication
1062	187466_16	string
1062	187466_17	string
1063	125755_8	synonym
1063	125755_9	synonym
1063	142533_11	synonym
1063	142533_13	synonym
1063	157809_14	synonym
1063	101833_2	synonym
1063	183002_9	synonym
1063	101833_4	synonym
1063	101833_18	synonym
1063	101833_19	string
1064	141891_3	string
1064	144195_5	string
1064	144195_9	string
1064	121925_13	string
1064	113469_5	string
1064	138009_7	string
1064	112474_6	string
1064	102015_5	string
1064	106611_6	string
1064	171913_11	string
1064	103369_3	string
1064	103369_8	string
1064	103369_9	string
1064	112474_5	string
1064	178961_10	string
1064	141891_2	string
1064	121925_10	string
1064	149452_8	implication
1064	149452_9	string
1064	113469_4	string
1065	119282_5	synonym
1065	130230_13	string
1065	119282_7	string
1065	173656_8	string
1065	150982_8	string
1065	150982_9	string
1065	174744_2	string
1065	174744_10	string
1065	174744_14	string
1065	194275_7	string
1065	155984_13	string
1065	155984_15	string
1065	155984_17	string
1065	130230_14	string
1065	194275_8	string
1065	174744_3	string
1065	194275_9	string
1065	194275_10	string
1065	174744_12	string
1065	155984_12	string
1066	127081_13	string
1066	191228_2	synonym
1066	191228_23	string
1066	105861_1	string
1066	105861_24	string
1066	191228_27	string
1066	128795_14	string
1066	128795_16	string
1066	128795_17	string
1066	105861_15	string
1066	105861_22	string
1066	107416_13	string
1066	127081_12	string
1067	125755_9	string
1067	125755_10	string
1067	168331_23	synonym
1067	145720_8	string
1067	145720_9	string
1068	177498_10	synonym
1068	177498_12	synonym
1068	177498_14	synonym
1068	103049_7	synonym
1068	148584_1	synonym
1068	148584_2	synonym
1068	199482_29	string
1069	119282_7	string
1069	119282_10	synonym
1070	167883_14	synonym
1070	167883_15	synonym
1070	167883_17	synonym
1071	176077_2	synonym
1071	176077_6	string
1071	176077_1	synonym
1072	142533_9	string
1072	157301_12	abbreviation
1072	143479_14	implication
1073	194084_8	string
1074	166575_8	string
1074	100037_9	synonym
1074	166575_9	string
1074	166575_15	string
1075	166575_8	string
1075	166575_15	string
1076	166575_8	synonym
1076	142089_8	synonym
1076	129611_12	synonym
1077	198957_7	implication
1077	198957_9	implication
1078	198957_7	implication
1078	159894_14	string
1078	198957_9	string
1079	124621_15	synonym
1079	123916_10	synonym
1079	123916_11	string
1079	124621_16	string
1079	124621_19	string
1080	126341_23	string
1081	126341_23	string
1081	126341_29	string
1082	186436_16	string
1082	186436_17	string
1082	129501_10	string
1082	172605_9	string
1082	175366_12	implication
1082	175366_16	string
1082	175366_18	string
1082	175366_20	string
1082	113215_1	string
1082	128795_14	string
1082	128795_15	string
1082	128795_16	string
1082	175366_21	string
1082	113215_0	string
1083	186436_16	synonym
1083	186436_17	synonym
1083	197419_7	synonym
1083	197419_8	synonym
1084	193189_2	synonym
1084	193189_10	synonym
1084	193189_11	string
1085	144807_1	synonym
1085	144807_2	synonym
1085	144807_3	implication
1085	144807_4	synonym
1085	144807_7	implication
1085	144807_8	implication
1085	144807_9	synonym
1085	144807_11	synonym
1085	144807_13	synonym
1085	144807_14	string
1085	144807_0	synonym
1086	122883_2	hyponym
1086	103679_5	hyponym
1087	177082_13	synonym
1087	108084_27	synonym
1087	112834_9	synonym
1088	188400_13	synonym
1088	188400_17	string
1088	188400_24	string
1088	191836_11	string
1088	188400_5	string
1089	168279_31	string
1089	174483_0	string
1089	174483_3	string
1089	174483_11	string
1089	174483_15	string
1089	174483_22	string
1089	174483_23	string
1089	146406_4	string
1089	146406_11	string
1089	174483_4	string
1089	168279_26	string
1089	168279_27	string
1089	146406_3	string
1089	168279_30	string
1089	146406_10	string
1089	168279_44	string
1089	168279_47	string
1089	168279_51	string
1090	168279_31	string
1090	168279_23	string
1090	168279_26	string
1090	168279_30	string
1091	150857_0	string
1091	150857_6	string
1091	150857_7	string
1092	144807_11	abbreviation
1092	144807_12	synonym
1092	144807_0	synonym
1093	150857_2	implication
1093	150857_8	string
1093	127002_14	string
1093	127002_15	string
1093	127002_19	string
1093	101737_8	string
1093	101737_10	string
1093	101737_12	implication
1093	101737_13	string
1094	167804_14	hyponym
1094	112490_4	synonym
1094	182707_8	string
1095	159675_46	string
1095	159675_47	string
1095	159675_50	synonym
1095	180546_9	string
1095	177613_18	string
1095	140477_7	abbreviation
1095	140477_11	abbreviation
1095	140477_13	string
1095	140477_23	string
1095	140477_24	string
1095	159675_42	string
1095	140477_8	string
1095	140477_10	string
1095	140477_18	string
1095	179480_9	string
1095	179480_10	string
1095	179480_13	string
1095	180546_1	string
1095	180546_2	string
1095	179480_25	string
1095	180546_10	string
1096	199482_25	string
1097	190537_1	synonym
1097	190537_10	synonym
1097	122400_19	synonym
1097	122400_23	synonym
1097	122400_24	synonym
1098	159675_47	synonym
1098	159675_48	synonym
1099	174736_2	implication
1099	174736_10	string
1099	174736_9	string
1100	168116_3	synonym
1100	129486_7	synonym
1101	123832_10	synonym
1101	148912_9	string
1101	148912_10	string
1101	123832_11	string
1102	129611_10	implication
1102	129611_23	string
1102	129611_26	string
1103	156619_2	string
1103	148912_7	string
1103	112313_11	string
1103	112313_12	string
1104	150982_8	string
1104	150982_9	string
1104	186363_14	string
1104	186363_13	string
1105	125325_13	string
1105	178126_19	string
1106	110806_5	implication
1106	110806_7	string
1107	110806_5	implication
1107	110806_9	string
1107	110806_11	string
1107	110806_12	string
1108	150996_10	string
1108	140259_7	string
1108	184833_10	string
1108	115024_14	string
1108	181269_4	string
1108	144518_10	string
1108	168279_32	hyponym
1109	183225_4	synonym
1109	183225_5	abbreviation
1109	183225_7	synonym
1110	118257_12	synonym
1110	118257_13	string
1110	109514_0	synonym
1110	158000_5	string
1110	158000_7	string
1110	162749_14	string
1110	162749_18	synonym
1110	109514_16	string
1111	118392_1	implication
1112	199482_31	synonym
1112	184846_24	string
1112	103880_13	synonym
1112	155093_18	string
1112	162749_0	string
1112	150164_9	string
1112	112869_10	string
1112	199482_34	string
1113	170892_24	string
1113	170892_21	string
1113	129611_23	string
1114	190537_10	synonym
1114	174571_7	string
1115	199482_33	synonym
1115	162147_17	synonym
1115	117293_34	synonym
1116	176617_10	string
1117	176617_10	string
1117	176617_11	string
1117	107354_28	string
1117	115692_15	synonym
1117	115692_18	string
1117	149591_5	string
1117	121925_18	string
1118	170654_18	string
1118	170654_19	string
1118	184788_13	string
1118	184788_15	string
1118	136356_11	string
1118	136356_13	string
1118	170654_22	implication
1119	112446_15	synonym
1119	157077_16	synonym
1120	112613_12	string
1120	114250_18	synonym
1120	169173_6	synonym
1121	139341_2	implication
1121	123916_0	implication
1121	123916_3	implication
1121	123916_9	string
1121	123916_10	string
1121	123916_12	string
1121	139341_18	string
1121	139341_20	string
1121	121149_4	string
1121	121149_5	synonym
1121	139341_5	string
1121	139341_19	string
1121	139341_21	string
1121	139341_3	string
1122	186363_14	string
1122	155984_16	string
1122	107354_24	string
1122	107354_25	string
1122	187941_8	string
1122	101833_16	string
1122	130070_1	implication
1122	133242_3	implication
1122	130070_5	synonym
1122	124557_6	synonym
1122	124557_7	string
1122	147502_16	synonym
1122	133242_18	string
1122	133242_22	string
1122	187941_9	string
1122	155984_14	string
1122	155984_15	string
1122	133242_19	string
1122	186363_13	string
1122	197423_1	implication
1122	197423_8	string
1122	101833_17	string
1122	101833_19	string
1122	101833_21	string
1122	189667_4	string
1122	130070_6	string
1123	186363_14	synonym
1123	186363_12	string
1123	186363_13	string
1124	121917_7	synonym
1124	124465_6	synonym
1125	169374_3	string
1125	144766_17	string
1125	144766_21	string
1126	145340_1	string
1126	151220_8	string
1127	159894_14	string
1128	123743_12	string
1128	123743_11	string
1129	196878_10	synonym
1129	180621_33	synonym
1129	119239_9	synonym
1130	158711_13	synonym
1131	136823_4	string
1132	136823_4	string
1133	157296_20	string
1133	124465_5	string
1133	192791_7	string
1133	150008_9	string
1133	150008_13	string
1133	196268_4	string
1133	106773_8	string
1133	157296_10	implication
1133	106773_9	string
1133	157296_13	string
1133	157296_16	string
1133	157296_18	string
1133	157296_19	string
1133	157296_21	string
1134	146210_10	synonym
1135	190805_1	synonym
1135	190805_4	synonym
1135	190805_6	synonym
1135	190805_8	synonym
1135	190805_0	synonym
1135	190805_2	abbreviation
1135	190805_5	synonym
1136	109928_20	synonym
1136	109928_18	synonym
1136	109928_19	synonym
1137	138190_2	synonym
1137	138190_16	synonym
1137	138190_18	synonym
1137	138190_19	synonym
1137	160997_9	synonym
1137	160997_15	synonym
1137	160997_16	synonym
1137	197331_8	synonym
1137	112613_6	synonym
1137	112613_21	synonym
1138	133867_2	string
1138	133867_14	synonym
1138	104582_0	implication
1138	160100_10	string
1139	104268_23	string
1139	104268_21	string
1139	104268_22	string
1140	181394_11	synonym
1141	122920_12	string
1141	122920_14	string
1141	122920_15	string
1141	130070_5	string
1141	175366_18	string
1141	175366_20	string
1141	122920_13	string
1142	145340_10	string
1142	145340_12	string
1143	169374_11	synonym
1144	186141_6	synonym
1144	186141_7	synonym
1144	186141_5	implication
1145	138009_7	synonym
1145	138009_6	synonym
1145	121925_15	synonym
1145	121925_19	synonym
1146	177613_0	synonym
1146	177613_5	implication
1146	177613_18	string
1147	174483_9	synonym
1148	141538_5	string
1148	141538_6	string
1148	118210_8	string
1148	118210_9	string
1149	146452_2	implication
1149	146452_21	string
1149	146452_23	string
1150	198266_16	string
1150	189423_12	string
1151	141538_7	string
1151	142089_11	synonym
1152	174752_15	string
1152	174752_16	string
1152	174752_17	string
1152	174752_31	string
1152	151223_19	string
1152	174752_23	string
1152	100492_10	string
1152	151223_1	string
1152	151223_2	string
1152	134857_35	string
1152	158711_1	string
1152	134857_45	string
1152	174752_5	string
1152	174752_8	string
1153	144722_14	string
1153	144722_16	string
1154	180621_30	string
1154	180621_31	synonym
1154	180621_29	string
1155	133424_28	synonym
1155	155093_17	string
1155	155093_19	string
1155	155093_20	string
1155	179480_31	string
1155	133424_27	synonym
1155	133424_31	string
1156	189423_12	string
1156	191788_11	string
1156	191788_13	string
1157	188125_0	implication
1157	188125_1	string
1158	152649_21	synonym
1158	152649_17	string
1158	152649_19	string
1159	119634_5	string
1159	119634_8	string
1160	147165_2	synonym
1160	147165_3	string
1160	147165_15	string
1161	142089_8	string
1162	139341_18	synonym
1162	139341_20	synonym
1162	139341_5	synonym
1162	139341_19	synonym
1162	139341_21	synonym
1162	139341_3	implication
1163	177613_17	string
1163	177613_18	string
1164	160100_2	synonym
1164	160100_3	synonym
1164	160100_16	synonym
1164	160100_17	synonym
1164	160100_21	synonym
1165	112474_12	string
1165	177389_12	synonym
1165	177389_13	string
1165	177389_17	string
1166	112520_11	string
1166	112520_13	string
1166	124749_27	string
1167	101449_3	string
1167	101449_6	implication
1167	115692_19	hyponym
1168	175030_29	string
1169	187941_8	string
1169	187941_9	synonym
1169	187941_10	string
1169	187941_11	string
1169	188400_5	string
1170	174744_14	string
1170	100559_11	string
1170	100559_13	string
1170	174744_3	synonym
1171	179838_13	synonym
1171	179838_15	string
1171	179838_18	string
1172	132914_14	string
1172	168943_12	string
1172	168943_13	string
1172	168943_14	string
1172	156619_17	hyponym
1172	156619_21	string
1172	156619_22	string
1173	139585_1	string
1174	100559_11	synonym
1175	100754_6	string
1175	100754_19	string
1175	100754_20	string
1176	151851_4	string
1177	100754_9	synonym
1178	122578_12	string
1178	163153_14	string
1178	163153_15	string
1178	163153_22	string
1179	123684_4	synonym
1179	128587_6	synonym
1180	160100_15	string
1181	160100_15	synonym
1181	160100_17	hyponym
1182	145013_3	string
1182	145013_4	string
1182	114444_13	string
1182	145013_5	string
1182	114444_10	string
1182	114444_12	string
1183	120337_8	synonym
1184	123684_10	string
1184	123684_11	string
1184	123684_12	synonym
1184	120467_1	string
1184	120467_3	string
1184	120467_4	string
1185	112857_1	string
1185	112857_2	string
1185	180121_5	string
1185	180121_7	synonym
1185	112857_3	string
1186	112857_1	synonym
1186	112857_3	synonym
1187	116651_10	string
1188	151220_2	synonym
1188	151220_8	synonym
1188	151220_11	string
1188	151220_14	synonym
1189	125594_35	abbreviation
1190	160997_20	string
1190	160997_21	string
1191	133242_16	string
1191	133242_20	string
1191	133242_23	string
1191	133242_24	string
1191	103063_1	synonym
1192	145076_18	string
1192	145076_20	string
1192	145076_21	string
1193	125626_9	string
1193	182680_3	string
1193	182680_4	string
1193	182680_9	string
1193	182680_12	string
1193	182680_13	string
1194	115692_19	synonym
1195	169111_24	string
1195	169111_28	string
1195	169111_29	string
1196	100921_3	hyponym
1196	198331_1	string
1197	171496_16	string
1198	198331_2	synonym
1199	198331_2	synonym
1199	101882_2	synonym
1199	101882_6	synonym
1200	185494_11	string
1200	185494_12	string
1200	185494_13	string
1200	187753_8	string
1200	101833_17	string
1200	101833_19	string
1200	101833_22	string
1200	130253_18	synonym
1200	130253_24	string
1201	167831_8	implication
1202	197419_7	string
1203	136356_11	string
1203	136356_12	string
1203	136356_13	string
1203	136356_14	string
1204	197419_10	string
1204	199399_18	string
1205	194275_8	string
1205	194275_9	synonym
1206	186363_13	synonym
1206	186363_15	string
1207	107416_13	string
1207	103049_15	string
1208	100492_10	string
1208	129611_23	string
1209	139341_21	string
1210	118218_14	string
1210	118218_19	synonym
1210	118218_21	string
1211	162213_18	string
1212	173667_13	string
1212	122626_11	string
1213	120257_23	string
1213	120257_26	string
1214	155093_4	synonym
1215	168331_27	string
1215	168331_34	string
1215	168331_35	string
1216	109935_8	string
1216	109935_13	synonym
1217	167697_8	synonym
1217	167697_10	string
1218	163565_20	string
1219	187753_7	string
1219	187753_8	string
1220	119502_16	string
1221	155093_17	string
1222	188400_8	string
1223	132786_8	string
1223	132786_9	string
1224	128140_11	string
1224	128140_12	string
1225	128140_11	string
1226	174262_10	string
1227	127081_12	synonym
1228	125594_36	hyponym
1229	157301_14	synonym
1230	120538_5	synonym
1231	129486_1	implication
1231	129486_7	string
1231	129486_8	string
1232	102679_1	synonym
1233	142089_9	synonym
1234	190532_14	synonym
1234	190532_15	synonym
1234	190532_16	string
1234	190532_17	synonym
1235	149591_3	synonym
1236	129501_9	string
1237	104707_21	synonym
1238	121925_9	synonym
1239	199008_19	synonym
1240	168279_41	string
1241	156619_22	string
1242	114149_4	string
1242	114149_5	synonym
1243	124621_17	string
1244	174752_10	synonym
1245	129611_23	string
1245	129611_26	string
1232	106238_1	string
719	106238_4	string
763	106238_4	string
983	106238_4	string
1232	106238_4	string
821	106238_5	string
959	106238_5	string
983	106238_5	string
785	106238_7	string
803	106238_8	string
719	106238_9	string
1232	106238_9	string
719	106238_11	string
1232	106238_11	string
719	106238_12	string
763	106238_12	string
1232	106238_12	string
719	106238_13	string
1232	106238_13	string
959	106238_15	string
983	106238_15	string
719	106238_16	string
763	106238_16	string
1232	106238_16	string
785	127159_2	string
1222	127159_2	string
887	159001_1	string
985	159001_1	string
785	159001_2	string
785	127864_2	string
1222	127864_2	string
772	127864_6	string
719	186515_0	string
1063	186515_4	string
763	186515_5	string
1069	186515_5	string
1245	151377_0	string
785	151377_2	string
708	151377_13	string
1176	151377_15	string
708	151377_16	string
785	120990_8	string
1222	120990_8	string
1222	120990_14	string
701	173124_0	string
707	173124_0	string
985	173124_0	string
707	173124_1	string
762	173124_1	string
787	173124_1	string
762	173124_3	string
786	173124_3	string
1110	173124_3	string
785	173124_7	string
785	173124_8	string
733	173124_19	string
801	173124_21	string
1207	173124_21	string
801	173124_26	string
826	173124_26	string
1207	173124_26	string
762	173124_27	string
801	173124_27	string
841	173124_27	string
1152	173124_27	string
1207	173124_27	string
801	173124_29	string
1207	173124_29	string
857	187753_1	string
1057	187753_2	string
785	187753_5	string
803	187753_5	string
1222	187753_5	string
764	187753_7	string
1242	187753_7	string
801	187753_8	string
1207	187753_8	string
785	186927_4	string
1222	186927_4	string
785	186927_5	string
801	186927_11	string
1207	186927_11	string
1031	186927_14	string
764	186927_15	string
1075	142089_0	string
1075	142089_2	string
803	142089_4	string
1075	142089_6	string
813	142089_10	string
764	142089_12	string
764	142089_16	string
823	136049_7	string
863	136049_7	string
785	167831_3	string
704	167831_4	string
707	167831_4	string
718	167831_4	string
738	167831_4	string
771	167831_4	string
785	167831_4	string
929	167831_4	string
955	167831_4	string
1222	167831_4	string
955	167831_5	string
1095	167831_5	string
1147	167831_5	string
1239	167831_13	string
1239	167831_14	string
1013	167831_17	string
1176	167831_17	string
1013	167831_19	string
1176	167831_19	string
764	167831_20	string
1176	167831_20	string
1176	178961_3	string
1222	178961_11	string
1176	178961_13	string
1232	178961_15	string
1038	178961_18	string
1038	178961_19	string
1176	178961_19	string
1189	178961_19	string
1189	178961_20	string
1012	178961_21	string
887	141292_0	string
708	141292_6	string
714	141292_6	string
716	141292_6	string
735	141292_6	string
747	141292_6	string
748	141292_6	string
753	141292_6	string
764	141292_6	string
800	141292_6	string
801	141292_6	string
819	141292_6	string
838	141292_6	string
881	141292_6	string
892	141292_6	string
1012	141292_6	string
1122	141292_6	string
1207	141292_6	string
759	148215_0	string
887	148215_0	string
848	148215_2	string
857	148215_2	string
754	148215_3	string
750	148215_4	string
803	148215_10	string
1071	148215_10	string
848	148215_15	string
892	148215_17	string
1122	148215_17	string
735	148215_18	string
746	148215_18	string
892	148215_18	string
899	148215_18	string
1122	148215_18	string
785	198266_0	string
785	198266_1	string
785	198266_8	string
785	198266_9	string
785	198266_10	string
1232	198266_15	string
988	198266_18	string
764	198266_20	string
1232	198266_23	string
706	188125_0	string
752	188125_1	string
1039	188125_1	string
815	188125_3	string
1176	188125_3	string
706	188125_7	string
811	160997_0	string
815	160997_0	string
1170	160997_6	string
707	160997_9	string
718	160997_9	string
896	160997_9	string
929	160997_9	string
1095	160997_9	string
1147	160997_9	string
1176	160997_19	string
1015	160997_20	string
1015	160997_21	string
801	160997_23	string
1207	160997_23	string
785	170407_5	string
1222	170407_5	string
1071	170407_6	string
813	170407_10	string
1153	170407_13	string
1241	170407_13	string
771	144659_0	string
785	144659_4	string
1232	144659_7	string
1232	144659_9	string
823	144659_11	string
750	144659_12	string
823	144659_12	string
767	144659_13	string
823	144659_13	string
1012	144659_13	string
1232	144659_16	string
1232	144659_17	string
1232	144659_18	string
1232	120849_0	string
1088	120849_1	string
785	120849_4	string
803	120849_4	string
1222	120849_4	string
803	120849_5	string
823	120849_5	string
1222	120849_5	string
771	120849_6	string
785	120849_6	string
823	120849_6	string
707	120849_7	string
718	120849_7	string
738	120849_7	string
768	120849_7	string
771	120849_7	string
929	120849_7	string
1095	120849_7	string
1147	120849_7	string
823	120849_21	string
823	120849_22	string
709	120849_24	string
746	120849_24	string
746	120849_25	string
806	120849_25	string
906	120849_25	string
823	120849_27	string
1232	120849_28	string
752	100085_9	string
764	100085_9	string
1039	100085_9	string
1207	100085_9	string
752	100085_10	string
1039	100085_10	string
1207	100085_10	string
988	128744_5	string
826	190150_3	string
826	190150_4	string
785	112613_2	string
803	112613_2	string
1222	112613_2	string
803	112613_3	string
1222	112613_3	string
704	112613_5	string
707	112613_5	string
718	112613_5	string
738	112613_5	string
768	112613_5	string
771	112613_5	string
861	112613_5	string
887	112613_5	string
929	112613_5	string
996	112613_5	string
1133	112613_5	string
1152	112613_5	string
718	112613_6	string
861	112613_6	string
887	112613_6	string
996	112613_6	string
1095	112613_6	string
1133	112613_6	string
1147	112613_6	string
1152	112613_6	string
714	112613_16	string
744	112613_17	string
801	112613_17	string
1095	112613_17	string
1207	112613_17	string
801	112613_18	string
878	112613_18	string
1012	112613_18	string
1207	112613_18	string
1013	112613_19	string
1232	186141_1	string
746	186141_6	string
1232	186141_6	string
1239	186141_6	string
746	186141_7	string
826	186141_7	string
1232	186141_7	string
1239	186141_7	string
719	186141_8	string
735	186141_8	string
821	186141_8	string
755	169111_0	string
887	169111_0	string
911	169111_0	string
795	169111_2	string
857	169111_2	string
785	169111_8	string
785	169111_9	string
785	169111_11	string
785	169111_12	string
785	169111_13	string
887	169111_15	string
1133	169111_15	string
1152	169111_15	string
718	169111_16	string
861	169111_16	string
887	169111_16	string
1133	169111_16	string
1152	169111_16	string
718	169111_17	string
733	169111_17	string
1133	169111_17	string
1147	169111_17	string
1152	169111_17	string
795	169111_18	string
857	169111_18	string
795	169111_19	string
857	169111_19	string
922	169111_23	string
914	169111_24	string
935	169111_24	string
1232	169111_24	string
1232	169111_25	string
922	169111_26	string
914	169111_27	string
935	169111_27	string
914	169111_28	string
922	169111_28	string
935	169111_30	string
801	169111_32	string
1012	169111_32	string
1207	169111_32	string
1232	169111_35	string
801	169111_36	string
914	169111_36	string
922	169111_36	string
1012	169111_36	string
1207	169111_36	string
1232	169111_36	string
914	169111_37	string
922	169111_37	string
738	157640_8	string
768	157640_8	string
771	157640_8	string
929	157640_8	string
704	157640_9	string
718	157640_9	string
738	157640_9	string
768	157640_9	string
771	157640_9	string
896	157640_9	string
929	157640_9	string
955	157640_9	string
1095	157640_9	string
1147	157640_9	string
704	157640_10	string
718	157640_10	string
738	157640_10	string
768	157640_10	string
771	157640_10	string
896	157640_10	string
929	157640_10	string
1095	157640_10	string
1147	157640_10	string
750	157640_17	string
812	157640_19	string
911	157640_19	string
812	157640_23	string
911	157640_23	string
764	157640_24	string
801	157640_24	string
812	157640_24	string
911	157640_24	string
955	157640_24	string
1207	157640_24	string
764	157640_25	string
1013	157640_26	string
801	157640_27	string
1189	157640_27	string
1207	157640_27	string
706	140353_0	string
706	140353_2	string
751	140353_2	string
923	140353_2	string
1069	140353_2	string
785	140353_3	string
822	140353_4	string
1069	140353_6	string
729	140353_7	string
751	140353_7	string
1232	177920_0	string
736	177920_1	string
803	177920_1	string
1232	177920_1	string
1232	177920_3	string
1232	177920_4	string
1232	177920_5	string
785	177920_8	string
785	177920_9	string
1232	177920_12	string
701	177920_14	string
701	177920_15	string
916	177920_15	string
1232	177920_15	string
916	177920_16	string
916	177920_18	string
1232	177920_18	string
821	177920_22	string
1232	177920_22	string
731	146958_0	string
873	146958_0	string
1222	146958_2	string
857	146958_3	string
865	146958_3	string
1133	146958_6	string
762	146958_7	string
785	146958_8	string
803	146958_9	string
1222	146958_9	string
767	146958_15	string
1232	146958_15	string
827	146958_16	string
746	104585_1	string
785	104585_4	string
719	104585_5	string
719	104585_6	string
746	104585_6	string
983	104585_6	string
746	104585_7	string
983	104585_7	string
983	104585_8	string
719	104585_9	string
746	104585_9	string
746	104585_11	string
826	142847_0	string
785	142847_6	string
1239	142847_8	string
944	142847_9	string
1239	142847_9	string
764	142847_10	string
887	119273_3	string
996	119273_3	string
887	119273_4	string
996	119273_4	string
823	119273_5	string
872	119273_5	string
823	119273_22	string
872	119273_22	string
815	197122_0	string
860	197122_0	string
718	197122_7	string
733	197122_7	string
861	197122_7	string
996	197122_7	string
1133	197122_7	string
1147	197122_7	string
1232	133608_4	string
785	133608_6	string
1176	133608_12	string
707	133608_17	string
764	133608_17	string
801	133608_18	string
1012	133608_18	string
1207	133608_18	string
719	119411_1	string
706	119411_2	string
1064	119411_2	string
701	119411_3	string
1232	119411_3	string
701	119411_4	string
1232	119411_4	string
1232	119411_5	string
785	131974_6	string
762	131974_11	string
771	131974_11	string
955	131974_11	string
1040	131974_19	string
806	131974_20	string
842	131974_20	string
1012	131974_20	string
1040	131974_20	string
965	131974_21	string
1012	131974_21	string
806	131974_22	string
1012	131974_22	string
965	131974_24	string
1207	131974_25	string
1232	131974_28	string
1232	131974_29	string
828	124749_0	string
861	124749_0	string
785	124749_3	string
764	124749_28	string
752	113469_1	string
942	113469_1	string
1039	113469_1	string
1199	113469_1	string
1199	113469_10	string
887	195563_0	string
787	195563_1	string
707	195563_2	string
733	195563_2	string
798	195563_2	string
785	195563_8	string
861	105861_3	string
750	105861_5	string
939	105861_16	string
823	105861_22	string
823	105861_23	string
985	105861_23	string
939	105861_30	string
887	156962_0	string
785	156962_2	string
764	156962_4	string
719	156962_7	string
821	156962_7	string
985	156962_8	string
1039	172461_2	string
772	172461_13	string
826	172461_13	string
1124	172461_13	string
1133	172461_13	string
772	172461_14	string
826	172461_14	string
1039	172461_14	string
785	174146_10	string
703	174146_18	string
764	174146_20	string
707	170628_1	string
716	170628_1	string
733	170628_1	string
786	170628_1	string
801	170628_1	string
1110	170628_1	string
1207	170628_1	string
785	170628_5	string
1012	170628_10	string
746	170628_11	string
1012	170628_11	string
1210	170628_11	string
801	170628_12	string
1207	170628_12	string
887	199008_0	string
718	199008_5	string
1232	199008_6	string
771	199008_11	string
955	199008_11	string
801	199008_24	string
1207	199008_24	string
712	199008_25	string
830	199008_25	string
1207	199008_25	string
696	199008_26	string
696	199008_27	string
712	199008_28	string
1189	199008_28	string
1207	199008_28	string
830	199008_29	string
719	157402_0	string
772	142734_1	string
1061	142734_2	string
707	142734_3	string
771	142734_3	string
785	142734_3	string
1222	142734_3	string
762	142734_6	string
929	142734_6	string
771	142734_7	string
929	142734_7	string
967	142734_7	string
1061	142734_7	string
1168	142734_8	string
762	142734_9	string
772	142734_11	string
772	142734_12	string
707	123655_1	string
1040	123655_1	string
785	123655_6	string
803	123655_6	string
785	123655_8	string
803	123655_8	string
707	123655_9	string
744	123655_12	string
801	123655_12	string
806	123655_12	string
1207	123655_12	string
779	123655_13	string
801	123655_13	string
806	123655_13	string
823	123655_13	string
827	123655_13	string
918	123655_13	string
1176	123655_13	string
1207	123655_13	string
779	123655_14	string
918	123655_14	string
1176	123655_14	string
703	113215_0	string
719	113215_0	string
1039	113215_0	string
1069	113215_0	string
703	113215_1	string
719	113215_1	string
1069	113215_1	string
1232	100921_3	string
785	100921_5	string
1232	100921_8	string
785	179883_3	string
803	179883_3	string
815	189534_0	string
1063	189534_0	string
707	189534_1	string
988	189534_2	string
785	189534_5	string
1222	189534_5	string
719	189534_9	string
1017	189534_9	string
1040	189534_9	string
1069	189534_9	string
1185	189534_10	string
716	189534_11	string
779	189534_11	string
826	189534_11	string
1176	189534_11	string
806	189534_12	string
1069	189534_12	string
719	189534_13	string
806	189534_13	string
1017	189534_13	string
1012	189534_14	string
716	189534_15	string
826	189534_15	string
1239	140222_2	string
1239	140222_3	string
880	140222_5	string
785	140222_7	string
1088	134389_3	string
785	134389_8	string
785	134389_9	string
1173	134389_17	string
823	134389_21	string
887	163321_0	string
744	163321_1	string
1127	163321_1	string
733	163321_4	string
1075	163321_7	string
1078	163321_7	string
1127	163321_7	string
1075	163321_8	string
1127	163321_8	string
1078	163321_9	string
1127	163321_9	string
785	163321_12	string
785	163321_13	string
803	163321_13	string
749	163321_17	string
813	163321_17	string
815	163321_17	string
976	163321_17	string
1088	163321_17	string
733	163321_18	string
739	163321_18	string
744	163321_18	string
810	163321_18	string
976	163321_18	string
739	163321_19	string
741	163321_19	string
744	163321_19	string
749	163321_19	string
813	163321_19	string
815	163321_19	string
725	163321_20	string
813	163321_20	string
848	163321_21	string
985	168116_0	string
803	168116_2	string
985	168116_2	string
1157	168116_2	string
780	168116_3	string
1157	168116_3	string
780	168116_7	string
1157	168116_7	string
1232	155533_3	string
968	155533_9	string
696	155533_10	string
764	155533_10	string
823	155533_10	string
702	155533_11	string
938	155533_11	string
1232	155533_11	string
1239	155533_12	string
899	143536_11	string
983	143536_11	string
701	132914_0	string
702	132914_0	string
746	132914_0	string
973	132914_0	string
701	132914_3	string
1232	132914_3	string
785	132914_5	string
803	132914_5	string
801	132914_11	string
1207	132914_11	string
787	132914_14	string
733	193944_0	string
701	193944_1	string
1232	193944_1	string
785	193944_3	string
803	193944_3	string
803	193944_4	string
1232	193944_13	string
1040	193944_14	string
1056	193944_14	string
1191	193944_14	string
1239	193944_14	string
1040	193944_15	string
1056	193944_15	string
1232	193944_15	string
1239	193944_15	string
706	142933_0	string
706	142933_1	string
706	142933_2	string
719	142933_2	string
785	142933_4	string
1064	142933_6	string
701	142933_7	string
1064	142933_7	string
1064	142933_8	string
706	142933_9	string
769	142933_9	string
863	142933_9	string
706	142933_10	string
785	142933_10	string
746	181269_2	string
826	181269_4	string
785	137106_5	string
1040	137106_5	string
801	137106_8	string
1207	137106_8	string
716	137106_9	string
764	137106_9	string
826	137106_9	string
764	137106_10	string
813	137106_10	string
1012	137106_10	string
764	137106_11	string
813	137106_11	string
801	137106_12	string
813	137106_12	string
1012	137106_12	string
1207	137106_12	string
716	137106_13	string
826	137106_13	string
785	186325_4	string
785	186325_5	string
806	186325_10	string
821	186325_10	string
881	186325_10	string
1012	186325_10	string
1159	186325_10	string
1207	186325_10	string
801	186325_11	string
806	186325_11	string
1012	186325_11	string
1207	186325_11	string
1207	186325_12	string
1222	124864_2	string
701	124864_4	string
701	124864_5	string
843	163870_0	string
1088	163870_3	string
1012	163870_6	string
1012	163870_7	string
816	174964_2	string
746	174964_11	string
752	174964_11	string
783	174964_11	string
1039	174964_11	string
1040	174964_12	string
703	174964_15	string
746	174964_15	string
816	174964_15	string
806	174964_16	string
1012	174964_16	string
703	174964_18	string
806	174964_18	string
1012	174964_18	string
703	174964_19	string
746	174964_20	string
752	174964_20	string
783	174964_20	string
1039	174964_20	string
746	174964_21	string
752	174964_21	string
783	174964_21	string
816	174964_21	string
1039	174964_21	string
785	129650_3	string
1222	129650_3	string
1222	129650_4	string
715	129650_8	string
746	129650_8	string
959	129650_8	string
983	129650_8	string
887	156619_0	string
989	156619_0	string
1232	156619_4	string
785	156619_6	string
785	156619_7	string
1232	156619_18	string
763	156619_19	string
1157	156619_19	string
1232	156619_19	string
723	156619_24	string
1232	156619_24	string
1232	156619_25	string
1232	156619_26	string
719	113598_10	string
716	113598_11	string
734	113598_11	string
826	113598_11	string
1040	113598_11	string
801	113598_13	string
1012	113598_13	string
1207	113598_13	string
867	113598_14	string
719	113598_16	string
801	113598_16	string
1040	113598_16	string
1207	113598_16	string
716	113598_17	string
734	113598_17	string
826	113598_17	string
719	111966_15	string
818	111966_18	string
719	111966_21	string
705	191331_1	string
708	191331_1	string
953	191331_1	string
705	191331_2	string
816	191331_2	string
938	191331_2	string
785	191331_4	string
707	191331_5	string
708	191331_5	string
733	191331_5	string
929	191331_5	string
772	191331_6	string
953	191331_6	string
953	191331_7	string
733	191331_8	string
816	191331_8	string
938	191331_8	string
953	191331_8	string
708	191331_9	string
772	191331_9	string
1245	125362_0	string
1239	125362_1	string
785	125362_2	string
815	125362_2	string
1239	125362_2	string
696	125362_4	string
703	125362_4	string
791	125362_4	string
785	125362_6	string
803	125362_7	string
1239	125362_10	string
887	193756_0	string
1239	193756_0	string
1091	193756_1	string
1230	193756_1	string
716	193756_2	string
1239	193756_3	string
1071	193756_8	string
716	193756_9	string
785	193756_9	string
1239	193756_9	string
716	193756_10	string
1091	193756_10	string
1230	193756_10	string
914	193756_12	string
716	193756_14	string
719	193756_14	string
741	193756_14	string
764	193756_14	string
764	193756_16	string
887	159253_0	string
785	159253_2	string
785	159253_3	string
1222	133568_3	string
785	133568_4	string
1222	133568_4	string
983	133568_18	string
801	133568_19	string
1012	133568_19	string
1069	133568_19	string
1207	133568_19	string
1013	133568_20	string
887	197423_0	string
973	197423_0	string
973	197423_2	string
715	197423_8	string
715	197423_9	string
715	197423_10	string
779	197423_10	string
1176	197423_10	string
823	197423_14	string
823	197423_15	string
785	136373_3	string
785	136373_4	string
1176	136373_12	string
1232	136373_15	string
1232	136373_16	string
983	136373_21	string
785	136373_22	string
763	136373_25	string
843	136373_25	string
983	136373_25	string
843	136373_26	string
983	136373_26	string
887	128795_0	string
1232	128795_11	string
1232	128795_13	string
1232	128795_14	string
763	128795_16	string
723	128795_22	string
1232	128795_22	string
785	119246_6	string
785	119246_7	string
718	119246_8	string
733	119246_8	string
861	119246_8	string
996	119246_8	string
1133	119246_8	string
1152	119246_8	string
718	119246_9	string
733	119246_9	string
861	119246_9	string
996	119246_9	string
1133	119246_9	string
1152	119246_9	string
746	119246_16	string
746	119246_21	string
819	119246_22	string
900	119246_23	string
1030	119246_23	string
1242	119246_23	string
753	119246_26	string
819	119246_26	string
1242	119246_26	string
900	119246_27	string
1030	119246_27	string
1242	119246_27	string
751	151265_0	string
764	151265_12	string
823	151265_12	string
878	151265_12	string
947	151265_12	string
1012	151265_12	string
1039	151265_12	string
1039	151265_13	string
1153	151265_13	string
764	151265_14	string
887	195471_0	string
843	195471_2	string
785	195471_3	string
785	195471_4	string
787	195471_7	string
843	195471_10	string
1012	195471_10	string
887	155571_0	string
785	155571_5	string
715	155571_8	string
746	155571_8	string
983	155571_8	string
1232	116955_2	string
1232	116955_6	string
1232	116955_11	string
1128	116955_12	string
1232	116955_12	string
1012	116955_14	string
1128	116955_15	string
1153	116955_16	string
1232	116955_16	string
1241	116955_16	string
701	151543_0	string
719	151543_0	string
779	151543_0	string
1176	151543_0	string
719	151543_2	string
701	151543_3	string
779	151543_3	string
1176	151543_3	string
701	151543_4	string
707	151543_7	string
718	151543_7	string
733	151543_7	string
707	151543_10	string
733	151543_10	string
822	151543_10	string
759	151543_12	string
835	151543_12	string
1239	151543_12	string
731	151543_14	string
800	151543_14	string
759	151543_15	string
759	151543_16	string
822	151543_16	string
701	151543_17	string
759	151543_17	string
759	151543_18	string
701	151543_19	string
707	151543_19	string
733	151543_19	string
759	151543_19	string
701	151543_20	string
759	151543_20	string
873	151543_20	string
1232	151543_20	string
759	151543_21	string
873	151543_21	string
1222	151543_22	string
1239	151543_22	string
841	151543_25	string
1222	151543_25	string
707	151543_26	string
731	151543_26	string
759	151543_26	string
841	151543_26	string
1222	151543_26	string
707	151543_27	string
1088	121925_2	string
1176	121925_9	string
1176	121925_10	string
1238	121925_10	string
717	121925_15	string
717	121925_16	string
1153	121925_18	string
714	121925_20	string
1091	145340_1	string
1091	145340_3	string
719	145340_4	string
1071	145340_4	string
1159	145340_9	string
715	145340_10	string
735	145340_10	string
764	145340_10	string
813	145340_10	string
831	145340_10	string
1034	145340_10	string
1159	145340_10	string
719	145340_13	string
719	145340_14	string
719	145340_15	string
785	122992_6	string
712	122992_8	string
801	122992_8	string
1040	122992_8	string
1110	122992_8	string
1207	122992_8	string
1040	122992_13	string
1239	122992_13	string
823	122992_14	string
1012	122992_14	string
1040	122992_14	string
712	122992_15	string
806	122992_15	string
1207	122992_15	string
764	122992_16	string
1040	122992_19	string
1040	122992_20	string
771	100139_0	string
988	100139_0	string
1239	100139_0	string
1232	100139_1	string
826	100139_12	string
826	100139_13	string
828	145076_0	string
738	184214_0	string
848	184214_0	string
985	184214_0	string
1232	184214_2	string
1232	184214_3	string
702	184214_16	string
857	184214_17	string
702	184214_18	string
988	184214_18	string
702	184214_19	string
779	184214_19	string
1176	184214_19	string
1232	184214_19	string
1176	162348_3	string
1039	162348_5	string
1071	162348_5	string
1039	162348_6	string
1232	162348_6	string
1176	162348_7	string
785	162348_9	string
1039	162348_13	string
1232	162348_14	string
1232	162348_15	string
1071	162348_17	string
1239	162348_17	string
1232	162348_20	string
707	142413_3	string
716	142413_10	string
806	142413_10	string
851	142413_10	string
906	142413_10	string
1012	142413_10	string
1040	142413_10	string
1012	142413_11	string
1040	142413_11	string
1040	142413_13	string
815	119282_0	string
996	119282_0	string
785	119282_2	string
815	119282_3	string
1232	119282_4	string
785	119282_8	string
1232	119282_9	string
813	119282_10	string
785	179642_6	string
785	179642_7	string
785	179642_8	string
746	179642_19	string
801	179642_20	string
1207	179642_20	string
701	180600_2	string
719	180600_2	string
779	180600_2	string
887	180600_2	string
1176	180600_2	string
1232	180600_2	string
741	180600_3	string
785	180600_5	string
701	180600_6	string
1232	180600_6	string
1232	180600_7	string
760	180600_8	string
731	180600_9	string
760	180600_9	string
1232	180600_9	string
785	180600_12	string
769	180600_13	string
821	180600_13	string
977	180600_13	string
1232	180600_13	string
719	180600_14	string
977	180600_14	string
785	184598_2	string
764	184598_6	string
787	184598_7	string
764	184598_8	string
787	184598_8	string
733	104701_2	string
719	104701_3	string
729	104701_3	string
759	104701_3	string
1232	104701_3	string
785	104701_6	string
1232	104701_7	string
1232	104701_8	string
759	104701_9	string
769	104701_9	string
791	104701_9	string
1232	104701_9	string
785	174744_12	string
785	174744_13	string
899	127002_4	string
1222	127002_6	string
709	127002_18	string
746	127002_18	string
764	127002_18	string
983	127002_18	string
703	148370_1	string
713	148370_1	string
717	148370_1	string
719	148370_1	string
696	148370_2	string
713	148370_2	string
713	148370_7	string
713	148370_11	string
717	148370_12	string
719	148370_12	string
706	168128_0	string
702	168128_2	string
706	168128_2	string
706	168128_3	string
719	168128_3	string
785	168128_5	string
702	168128_7	string
779	168128_7	string
1176	168128_7	string
702	168128_8	string
702	168128_9	string
702	168128_11	string
719	168128_11	string
718	168128_14	string
762	168128_14	string
700	168128_17	string
702	168128_17	string
706	168128_17	string
719	168128_17	string
700	168128_18	string
702	168128_18	string
899	168128_18	string
785	170781_0	string
733	170781_2	string
785	170781_4	string
733	170781_7	string
785	170781_7	string
1157	170781_11	string
723	170781_12	string
1157	170781_12	string
1157	170781_13	string
764	199085_15	string
702	199085_16	string
746	199085_16	string
719	199085_17	string
1012	199085_17	string
746	199085_19	string
1012	199085_19	string
764	199085_20	string
702	199085_21	string
801	199085_21	string
1207	199085_21	string
924	172605_0	string
979	172605_1	string
1204	172605_1	string
959	172605_11	string
959	172605_13	string
1239	172605_13	string
1012	144925_8	string
764	144925_9	string
1061	144925_9	string
1071	114158_2	string
785	114158_3	string
1232	114158_11	string
1232	114158_16	string
801	114158_17	string
1207	114158_17	string
1071	101449_0	string
1071	101449_2	string
1222	101449_5	string
1071	101449_6	string
1222	101449_6	string
706	114177_1	string
887	114177_2	string
1071	114177_2	string
729	114177_3	string
811	114177_3	string
863	114177_3	string
785	114177_4	string
863	114177_4	string
998	114177_4	string
706	114177_5	string
1064	114177_6	string
701	114177_7	string
701	114177_8	string
1232	114177_8	string
706	114177_9	string
719	114177_9	string
729	114177_9	string
863	114177_9	string
1232	114177_9	string
706	114177_10	string
719	114177_10	string
729	114177_10	string
772	137869_4	string
1035	137869_4	string
1220	137869_4	string
872	137869_5	string
1220	137869_5	string
803	137869_12	string
803	137869_24	string
713	137869_25	string
734	137869_25	string
791	137869_25	string
947	137869_25	string
1237	137869_25	string
791	137869_26	string
713	137869_32	string
947	137869_32	string
841	176083_0	string
772	176083_3	string
785	176083_8	string
785	176083_9	string
1071	176083_9	string
1222	176083_9	string
1001	176083_15	string
805	176083_22	string
963	176083_22	string
1232	199726_4	string
1232	199726_6	string
701	173189_0	string
708	173189_1	string
719	173189_1	string
747	173189_1	string
1061	173189_1	string
1089	173189_1	string
708	173189_2	string
759	173189_2	string
790	173189_2	string
804	173189_2	string
929	173189_2	string
929	173189_4	string
1061	173189_4	string
929	173189_5	string
701	173189_7	string
985	129279_0	string
1121	129279_2	string
1222	129279_3	string
931	129279_5	string
1239	129279_5	string
931	129279_6	string
1121	129279_6	string
708	140282_1	string
701	140282_2	string
708	140282_2	string
719	140282_2	string
779	140282_2	string
1176	140282_2	string
1239	140282_2	string
785	140282_3	string
719	140282_6	string
735	140282_6	string
764	140282_6	string
708	140282_7	string
716	140282_7	string
789	140282_7	string
821	140282_7	string
1239	140282_7	string
719	171027_10	string
746	171027_11	string
746	171027_12	string
723	171027_13	string
811	171027_13	string
899	171027_13	string
806	171027_14	string
1012	171027_14	string
806	171027_15	string
1207	171027_15	string
764	171027_16	string
719	171027_21	string
746	171027_21	string
899	171027_21	string
707	189423_2	string
738	189423_2	string
771	189423_2	string
929	189423_2	string
707	189423_3	string
718	189423_3	string
1095	189423_3	string
1147	189423_3	string
973	189423_11	string
884	189423_12	string
1069	189423_12	string
1232	136424_0	string
1232	136424_13	string
1232	136424_14	string
983	136424_16	string
1157	136424_16	string
764	136424_17	string
983	136424_17	string
988	136424_17	string
983	136424_18	string
708	136424_19	string
801	136424_19	string
1106	136424_19	string
1207	136424_19	string
1232	136424_20	string
1157	136424_22	string
1157	136424_24	string
746	108346_0	string
763	108346_0	string
724	108346_5	string
821	108346_5	string
881	108346_5	string
935	108346_5	string
985	108346_5	string
1232	108346_5	string
724	108346_6	string
764	108346_6	string
821	108346_6	string
881	108346_6	string
985	108346_7	string
985	183972_0	string
1222	183972_4	string
1222	183972_5	string
1013	183972_10	string
763	183972_11	string
719	118265_0	string
763	118265_0	string
785	118265_2	string
762	118265_5	string
703	118265_6	string
719	118265_6	string
769	118265_6	string
708	118265_7	string
821	118265_7	string
1026	129486_7	string
1081	159675_0	string
1222	159675_4	string
1177	159675_25	string
1081	159675_28	string
1177	159675_28	string
1081	159675_29	string
1177	159675_29	string
1232	159675_46	string
1232	159675_47	string
1232	159675_48	string
916	154423_0	string
1014	154423_0	string
827	178322_0	string
884	178322_0	string
898	178322_0	string
971	178322_0	string
985	178322_0	string
865	178322_2	string
736	178322_3	string
1239	178322_16	string
1239	178322_19	string
785	154649_3	string
754	154649_5	string
733	154649_6	string
754	154649_6	string
759	154649_6	string
762	154649_6	string
759	154649_9	string
759	154649_10	string
762	154649_10	string
1152	154649_10	string
701	154649_13	string
785	149095_1	string
804	149095_1	string
1239	149095_1	string
785	149095_4	string
803	149095_4	string
1222	149095_4	string
719	149095_6	string
758	149095_6	string
863	149095_6	string
863	149095_7	string
1176	139585_0	string
1176	139585_1	string
857	129685_6	string
865	129685_6	string
779	131999_1	string
1176	131999_1	string
718	131999_2	string
762	131999_2	string
701	131999_4	string
719	131999_4	string
762	131999_4	string
775	131999_4	string
785	131999_5	string
998	131999_6	string
768	147969_0	string
988	147969_0	string
768	147969_1	string
785	147969_7	string
733	147969_14	string
733	147969_15	string
762	147969_15	string
985	147969_20	string
801	147969_21	string
1207	147969_21	string
764	147969_22	string
1012	147969_23	string
699	108103_0	string
702	108103_0	string
758	108103_0	string
763	108103_0	string
835	108103_0	string
878	108103_0	string
887	108103_0	string
1025	108103_0	string
806	108103_6	string
806	108103_9	string
746	121091_1	string
763	121091_1	string
863	121091_1	string
729	121091_7	string
1232	121091_7	string
706	121091_8	string
769	121091_8	string
719	179117_0	string
1232	179117_0	string
719	179117_13	string
750	179117_13	string
959	179117_13	string
815	118501_0	string
785	118501_3	string
803	118501_3	string
1222	118501_3	string
1232	118501_7	string
772	118501_11	string
772	118501_12	string
764	118501_13	string
992	113638_0	string
1013	113638_1	string
887	109170_0	string
813	109170_12	string
953	109170_12	string
983	109170_12	string
1020	109170_12	string
1104	109170_12	string
1118	109170_12	string
1176	109170_12	string
816	109170_13	string
953	109170_14	string
983	109170_14	string
1118	109170_14	string
813	109170_17	string
816	109170_17	string
1176	166203_0	string
1238	166203_0	string
763	166203_1	string
834	166203_1	string
785	166203_7	string
866	104434_0	string
763	104434_13	string
900	124465_0	string
785	124465_2	string
1125	124465_8	string
785	117293_4	string
803	117293_21	string
904	117293_25	string
1232	117293_27	string
1110	117293_32	string
809	117293_33	string
1013	117293_34	string
1153	117293_34	string
1088	105787_2	string
887	105787_3	string
1239	105787_8	string
1232	115173_0	string
1232	115173_1	string
769	115173_2	string
863	115173_2	string
959	115173_2	string
1199	115173_2	string
1232	115173_2	string
863	115173_3	string
887	115173_3	string
785	115173_4	string
863	115173_4	string
863	115173_5	string
1167	115173_7	string
1167	115173_8	string
769	115173_9	string
800	115173_9	string
863	115173_9	string
733	115173_10	string
1232	115173_11	string
1232	115173_12	string
708	115173_13	string
733	115173_13	string
706	115173_14	string
785	115173_14	string
959	115173_14	string
1199	115173_14	string
733	115173_15	string
769	115173_15	string
863	115173_15	string
959	115173_15	string
1167	115173_15	string
1199	115173_15	string
1232	115173_15	string
733	115173_16	string
1167	115173_16	string
785	102636_0	string
785	102636_1	string
707	102636_2	string
762	102636_2	string
763	102636_2	string
763	102636_3	string
785	102636_3	string
785	102636_7	string
706	102636_8	string
785	102636_8	string
706	102636_9	string
785	102636_9	string
785	102636_12	string
764	102636_13	string
764	102636_14	string
719	176827_2	string
719	176827_3	string
785	176827_5	string
719	176827_8	string
719	176827_11	string
1232	193608_0	string
785	193608_3	string
785	193608_4	string
826	193608_6	string
1232	193608_6	string
1012	193608_7	string
801	193608_8	string
1012	193608_8	string
1207	193608_8	string
785	131093_2	string
785	131093_3	string
887	112777_0	string
826	112777_6	string
826	112777_7	string
724	136086_1	string
785	136086_3	string
785	136086_4	string
803	136086_4	string
764	136086_9	string
1210	136086_9	string
701	143763_1	string
719	143763_1	string
779	143763_1	string
815	143763_1	string
1176	143763_1	string
701	143763_2	string
703	143763_3	string
785	143763_6	string
779	143763_8	string
800	143763_8	string
1176	143763_8	string
702	143763_9	string
719	143763_9	string
769	143763_9	string
779	143763_9	string
1176	143763_9	string
779	143763_10	string
815	143763_10	string
1063	143763_10	string
1176	143763_10	string
701	143763_12	string
1232	143763_12	string
702	143763_14	string
719	143763_14	string
746	143763_14	string
1232	143763_14	string
785	148059_7	string
1222	148059_7	string
813	148059_11	string
813	148059_12	string
696	148059_13	string
870	184324_10	string
870	144754_3	string
803	144754_5	string
1239	144754_11	string
870	144754_13	string
803	144754_15	string
870	144754_17	string
702	144754_36	string
715	144754_36	string
746	144754_36	string
702	144754_38	string
746	144754_38	string
802	146378_2	string
785	146378_6	string
802	146378_7	string
706	146378_9	string
779	157008_1	string
1176	157008_1	string
785	157008_5	string
779	157008_7	string
800	157008_7	string
1176	157008_7	string
1232	157008_9	string
746	157008_10	string
1232	157008_10	string
888	152273_4	string
815	182351_0	string
826	182351_0	string
733	182351_3	string
746	182351_10	string
703	182351_11	string
703	182351_12	string
746	182351_14	string
719	148924_7	string
746	148924_7	string
746	148924_8	string
753	148924_8	string
746	148924_10	string
707	196411_2	string
707	196411_6	string
738	196411_6	string
771	196411_6	string
785	196411_6	string
929	196411_6	string
707	196411_7	string
718	196411_7	string
896	196411_7	string
929	196411_7	string
955	196411_7	string
1095	196411_7	string
1147	196411_7	string
803	191836_3	string
754	197871_1	string
785	197871_10	string
785	197871_11	string
803	197871_11	string
821	197871_22	string
764	197871_23	string
704	182073_4	string
731	182073_5	string
864	182073_6	string
1222	130451_4	string
763	130451_9	string
752	130451_10	string
763	130451_10	string
826	130451_10	string
1039	130451_10	string
1176	130451_10	string
1232	130451_12	string
707	144766_15	string
826	144766_20	string
696	144766_21	string
1088	144766_21	string
785	140161_2	string
785	140161_3	string
1232	140161_4	string
1245	140161_4	string
763	140161_5	string
1157	140161_5	string
826	140161_8	string
1088	194471_1	string
803	194471_6	string
983	194471_8	string
719	194471_10	string
823	159376_5	string
823	159376_6	string
785	159376_7	string
785	159376_8	string
803	159376_8	string
1110	159376_12	string
823	159376_15	string
975	159376_15	string
1110	159376_15	string
715	159376_16	string
823	159376_16	string
825	159376_16	string
975	159376_16	string
715	159376_19	string
758	160867_1	string
863	160867_1	string
758	160867_2	string
863	160867_2	string
823	122626_2	string
791	122626_9	string
823	122626_9	string
965	122626_10	string
764	122626_11	string
813	122626_12	string
813	122626_13	string
719	122626_14	string
821	122626_14	string
719	122626_15	string
821	122626_15	string
701	129051_3	string
785	129051_3	string
701	129051_5	string
998	129051_6	string
731	129051_7	string
789	129051_7	string
861	129051_7	string
996	129051_7	string
998	129051_7	string
701	129051_8	string
833	129051_8	string
856	129051_8	string
1209	129051_8	string
719	159480_1	string
763	159480_1	string
704	159480_3	string
704	159480_4	string
785	137091_8	string
785	137091_9	string
803	137091_9	string
785	137091_10	string
803	137091_10	string
746	137091_15	string
801	137091_17	string
1207	137091_17	string
1012	137091_18	string
714	137091_19	string
715	137091_19	string
746	137091_19	string
752	137091_19	string
1039	137091_19	string
714	137091_20	string
715	137091_20	string
1012	137091_21	string
746	137091_23	string
752	137091_23	string
1039	137091_23	string
887	198331_0	string
983	198331_2	string
1206	198331_2	string
736	103267_0	string
887	103267_0	string
736	103267_2	string
826	103267_2	string
1235	103267_2	string
826	103267_3	string
785	103267_5	string
1071	103267_5	string
785	103267_6	string
1040	103267_11	string
735	103267_12	string
753	103267_12	string
764	103267_12	string
1222	103267_12	string
813	103267_13	string
1222	103267_14	string
916	107354_1	string
1232	107354_18	string
1232	107354_19	string
1232	107354_20	string
1146	107354_21	string
1232	107354_23	string
916	107354_24	string
1088	107354_24	string
1239	107354_24	string
1232	107354_25	string
801	107354_26	string
1012	107354_26	string
1207	107354_26	string
764	107354_27	string
1153	107354_28	string
913	161430_8	string
913	161430_9	string
1218	161430_9	string
826	161430_10	string
785	151220_5	string
803	151220_5	string
736	151220_8	string
764	151220_11	string
875	151220_11	string
1012	151220_11	string
821	151220_12	string
821	151220_13	string
759	168596_1	string
729	168596_2	string
759	168596_2	string
719	168596_3	string
729	168596_3	string
785	101737_5	string
857	101737_7	string
719	101737_9	string
907	101737_9	string
753	101737_10	string
857	101737_11	string
857	101737_12	string
719	101737_13	string
1232	197615_0	string
719	197615_2	string
703	197615_3	string
1232	197615_3	string
785	197615_6	string
857	197615_7	string
1232	197615_9	string
785	197615_11	string
785	197615_12	string
703	197615_13	string
815	172672_1	string
1232	172672_2	string
1239	172672_2	string
701	172672_5	string
1232	172672_5	string
701	172672_8	string
701	172672_9	string
1232	172672_9	string
1189	172672_10	string
1239	172672_10	string
731	172672_14	string
1207	172672_16	string
701	172672_18	string
864	172672_18	string
1121	168605_0	string
1245	168605_0	string
703	168605_1	string
833	168605_1	string
1086	168605_1	string
1121	168605_1	string
1245	168605_1	string
699	168605_2	string
740	168605_2	string
1121	168605_2	string
785	168605_5	string
1121	168605_6	string
1121	168605_7	string
1121	168605_9	string
699	168605_10	string
785	168605_10	string
1121	168605_10	string
699	168605_12	string
1121	168605_12	string
699	168605_13	string
1121	168605_13	string
699	168605_14	string
1121	168605_14	string
1232	159509_0	string
769	159509_1	string
1128	159509_1	string
1232	159509_1	string
769	159509_2	string
1222	159509_3	string
1062	159509_10	string
785	165297_3	string
1232	165297_14	string
1232	165297_15	string
764	165297_16	string
1232	165297_16	string
878	165297_17	string
1189	165297_17	string
696	165297_18	string
1200	165297_18	string
1232	165297_19	string
878	165297_20	string
1079	165297_20	string
1232	165297_20	string
1079	165297_21	string
1104	112248_9	string
1239	112248_9	string
801	112248_10	string
1207	112248_10	string
801	112248_11	string
1207	112248_11	string
1012	112248_12	string
985	133219_0	string
764	133219_5	string
791	133219_6	string
801	133219_6	string
855	133219_6	string
1013	133219_6	string
1207	133219_6	string
1245	193920_1	string
945	193920_2	string
1091	193920_2	string
1230	193920_2	string
1121	193920_3	string
1091	193920_4	string
785	193920_6	string
945	193920_6	string
1091	193920_7	string
985	175030_0	string
787	175030_4	string
861	175030_4	string
763	175030_17	string
1232	175030_19	string
899	175030_21	string
983	175030_21	string
763	175030_22	string
899	175030_22	string
983	175030_22	string
1232	175030_26	string
763	175030_27	string
1232	175030_27	string
983	175030_28	string
983	175030_29	string
1222	130539_9	string
801	130539_15	string
806	130539_15	string
1207	130539_15	string
801	130539_16	string
1106	130539_16	string
1159	130539_16	string
1207	130539_16	string
801	130539_17	string
806	130539_17	string
1159	130539_17	string
1207	130539_17	string
1057	162987_1	string
1222	162987_1	string
863	162987_2	string
785	162987_4	string
1222	162987_4	string
785	162987_5	string
785	162987_7	string
1057	162987_7	string
1057	162987_8	string
763	162987_10	string
863	162987_10	string
1142	162987_10	string
1232	162987_10	string
863	162987_11	string
1232	162987_11	string
713	162987_12	string
723	162987_12	string
1142	162987_12	string
723	162987_13	string
1142	162987_13	string
723	162987_14	string
763	162987_14	string
1142	162987_14	string
887	138678_0	string
728	138678_1	string
728	138678_2	string
759	138678_2	string
1049	138678_2	string
803	138678_9	string
759	138678_19	string
1239	138678_19	string
759	138678_20	string
1101	138678_23	string
810	138678_26	string
877	138678_26	string
1239	138678_26	string
1239	138678_27	string
707	174786_3	string
803	174786_13	string
1157	174786_15	string
1232	174786_15	string
1232	174786_16	string
1017	174786_17	string
1157	174786_17	string
1017	174786_18	string
1040	174786_18	string
747	174786_19	string
1231	174786_19	string
764	174786_20	string
801	174786_20	string
806	174786_20	string
1207	174786_20	string
911	174786_21	string
1231	174786_21	string
1017	174786_22	string
783	174786_24	string
1157	174786_24	string
1232	174786_24	string
1232	174786_25	string
899	161086_15	string
983	161086_15	string
764	161086_16	string
983	161086_16	string
1176	161086_16	string
899	161086_17	string
983	161086_17	string
983	161086_18	string
1176	161086_18	string
1232	142335_9	string
1232	142335_10	string
719	191410_0	string
887	191410_0	string
754	191410_1	string
857	191410_1	string
1086	191410_1	string
1232	191410_3	string
785	191410_5	string
754	191410_6	string
785	191410_6	string
857	191410_6	string
1086	191410_6	string
765	191410_7	string
863	191410_7	string
942	191410_7	string
708	191410_8	string
712	191410_8	string
748	191410_8	string
750	191410_8	string
801	191410_8	string
806	191410_8	string
906	191410_8	string
911	191410_8	string
1012	191410_8	string
1207	191410_8	string
697	191410_9	string
735	191410_9	string
748	191410_9	string
753	191410_9	string
764	191410_9	string
772	191410_9	string
777	191410_9	string
801	191410_9	string
1207	191410_9	string
772	191410_10	string
779	100754_1	string
1176	100754_1	string
779	100754_3	string
1176	100754_3	string
779	100754_6	string
1176	100754_6	string
785	100754_8	string
769	100754_14	string
769	100754_15	string
1039	100754_15	string
716	100754_20	string
973	100754_21	string
1039	100754_21	string
1039	100754_23	string
1057	147686_0	string
706	147686_1	string
1057	147686_1	string
763	147686_2	string
893	147686_2	string
1157	147686_2	string
785	147686_3	string
707	147686_4	string
771	147686_4	string
706	147686_6	string
893	147686_8	string
1157	147686_8	string
763	147686_9	string
893	147686_9	string
1157	147686_9	string
779	118659_0	string
1176	118659_0	string
719	118659_6	string
729	118659_6	string
769	118659_6	string
821	118659_6	string
769	118659_7	string
779	192975_1	string
1176	192975_1	string
1232	192975_1	string
1232	192975_6	string
1232	192975_9	string
764	192975_10	string
1176	141582_2	string
746	141582_3	string
763	141582_3	string
1199	141582_3	string
785	141582_7	string
1176	141582_9	string
1232	141582_10	string
1232	141582_11	string
1232	141582_12	string
887	138709_0	string
1173	138709_0	string
975	138709_1	string
1035	138709_1	string
785	138709_5	string
857	138709_8	string
983	138709_13	string
1232	138709_14	string
983	138709_15	string
1232	138709_17	string
1232	138709_18	string
1232	130230_0	string
785	130230_6	string
1222	130230_6	string
813	130230_12	string
1232	130230_13	string
810	130230_14	string
1232	130230_14	string
810	130230_15	string
806	130230_17	string
889	130230_17	string
1232	130230_19	string
1232	130230_20	string
719	165857_4	string
769	165857_4	string
701	165857_5	string
707	165857_5	string
719	165857_5	string
787	165857_5	string
707	165857_6	string
762	165857_6	string
787	165857_6	string
719	165857_8	string
763	165857_8	string
769	165857_8	string
779	196731_1	string
1176	196731_1	string
719	196731_9	string
719	196731_12	string
729	196731_12	string
769	196731_13	string
821	196731_13	string
1199	196731_13	string
1232	159968_6	string
1232	159968_7	string
826	159968_8	string
1040	159968_8	string
1157	159968_8	string
1232	159968_8	string
801	159968_9	string
1207	159968_9	string
821	159968_12	string
1002	117403_3	string
754	117403_4	string
803	117403_6	string
998	117403_6	string
771	117403_8	string
1187	117403_8	string
896	117403_9	string
1187	117403_9	string
1026	117403_11	string
737	117403_12	string
785	180308_4	string
708	180308_7	string
1031	180308_7	string
1040	180308_7	string
801	180308_8	string
806	180308_8	string
1207	180308_8	string
828	180308_12	string
1039	195735_2	string
785	195735_5	string
1176	140259_0	string
1238	140259_0	string
1176	140259_1	string
1238	140259_1	string
785	140259_2	string
746	140259_4	string
703	140259_5	string
746	140259_5	string
823	140259_5	string
983	140259_6	string
1040	150008_1	string
803	150008_4	string
750	150008_6	string
996	150008_9	string
806	150008_12	string
1124	150008_13	string
701	187205_1	string
706	187205_1	string
719	187205_1	string
887	187205_1	string
921	187205_1	string
1239	187205_1	string
706	131701_2	string
702	131701_3	string
706	131701_3	string
719	131701_3	string
899	131701_3	string
912	131701_3	string
779	131701_7	string
1176	131701_7	string
752	176232_1	string
863	176232_1	string
942	176232_1	string
1039	176232_1	string
1232	176232_1	string
803	176232_2	string
803	176232_3	string
1232	176232_6	string
1232	176232_7	string
703	136115_7	string
706	172612_2	string
772	172612_2	string
800	172612_2	string
1184	172612_2	string
1232	172612_2	string
785	172612_3	string
772	172612_6	string
779	172612_6	string
798	172612_6	string
1064	172612_6	string
1176	172612_6	string
779	172612_7	string
1176	172612_7	string
719	172612_8	string
719	172612_9	string
719	172612_10	string
731	172612_10	string
772	172612_10	string
968	172612_10	string
1184	172612_10	string
733	172612_11	string
1184	172612_11	string
737	184866_5	string
785	176512_5	string
947	176512_12	string
1122	176512_12	string
719	176512_16	string
821	176512_16	string
798	107554_2	string
1095	107554_2	string
729	107554_4	string
803	107554_4	string
998	107554_4	string
718	107554_5	string
823	107554_5	string
896	107554_5	string
1095	107554_5	string
704	107554_6	string
718	107554_6	string
896	107554_6	string
1095	107554_6	string
729	107554_9	string
737	107554_9	string
1095	107554_9	string
802	161968_4	string
785	161968_7	string
833	161968_11	string
1239	161968_11	string
1239	161968_12	string
833	161968_14	string
1239	161968_14	string
762	161968_16	string
929	161968_16	string
938	161968_22	string
707	161968_23	string
938	161968_23	string
707	161968_24	string
762	161968_24	string
929	161968_24	string
736	164089_0	string
736	164089_1	string
815	164089_1	string
1239	164089_1	string
736	164089_2	string
754	164089_2	string
1239	164089_2	string
736	164089_3	string
803	164089_6	string
736	164089_7	string
1121	164089_7	string
1222	164089_7	string
736	164089_19	string
1222	125007_2	string
1222	125007_3	string
719	171496_13	string
719	171496_15	string
719	171496_16	string
1015	171496_16	string
887	105400_0	string
718	105400_1	string
785	105400_3	string
718	105400_4	string
785	105400_7	string
863	105400_7	string
709	105400_13	string
746	105400_13	string
863	105400_13	string
746	105400_14	string
746	105400_15	string
764	105400_15	string
752	126756_3	string
878	126756_3	string
1039	126756_3	string
723	126756_6	string
707	133226_2	string
762	133226_2	string
861	133226_2	string
790	105767_0	string
1146	105767_0	string
771	105767_5	string
1011	105767_5	string
762	105767_6	string
1040	167697_8	string
1069	167697_8	string
1232	167697_8	string
764	167697_9	string
806	167697_10	string
1207	167697_10	string
801	167697_11	string
1207	167697_11	string
1012	167697_12	string
785	153094_1	string
1176	153094_4	string
785	153094_7	string
719	178615_1	string
1157	178615_1	string
719	178615_4	string
735	178615_4	string
702	178615_5	string
735	178615_5	string
741	178615_5	string
763	164280_3	string
785	164280_3	string
785	164280_4	string
708	129578_1	string
822	129578_4	string
1064	129578_4	string
815	129578_5	string
822	129578_5	string
733	129578_6	string
762	129578_6	string
822	129578_6	string
704	129578_7	string
719	129578_7	string
822	129578_7	string
704	129578_8	string
719	129578_8	string
704	129578_9	string
803	137856_10	string
1222	137856_10	string
1078	177225_0	string
1078	177225_1	string
752	177225_3	string
1039	177225_3	string
1239	177225_3	string
785	167768_3	string
785	167768_4	string
803	167768_5	string
857	167768_8	string
751	167768_15	string
1239	167768_15	string
764	167768_17	string
706	141084_1	string
718	141084_1	string
785	141084_6	string
702	141084_11	string
1232	141084_12	string
1232	141084_13	string
1232	141084_15	string
801	141084_16	string
1207	141084_16	string
1232	141084_16	string
702	141084_17	string
801	141084_17	string
1207	141084_17	string
764	141084_19	string
801	141084_19	string
1207	141084_19	string
716	141084_20	string
826	141084_20	string
785	191025_2	string
785	191025_3	string
764	191025_5	string
1063	191025_5	string
1121	191025_5	string
764	191025_6	string
1121	191025_6	string
887	176997_0	string
803	176997_6	string
1176	176997_12	string
1176	176997_13	string
717	176997_16	string
721	176997_16	string
731	176997_16	string
823	176997_16	string
721	176997_17	string
717	176997_18	string
823	176997_18	string
731	176997_20	string
731	177550_0	string
768	177550_0	string
887	177550_0	string
1189	177550_1	string
1071	177550_7	string
1088	177550_12	string
696	177550_13	string
696	177550_15	string
785	165395_4	string
1039	165395_6	string
1040	165395_6	string
1239	165395_6	string
806	165395_7	string
1239	165395_7	string
734	165395_8	string
1039	165395_8	string
703	165395_11	string
985	118257_0	string
1069	118257_11	string
764	118257_12	string
1069	118257_12	string
1176	160184_3	string
1238	160184_3	string
826	160184_9	string
785	107701_3	string
714	107701_14	string
737	107701_15	string
698	134578_3	string
779	134578_3	string
1176	134578_3	string
785	134578_5	string
803	134578_5	string
785	134578_6	string
1239	193091_4	string
785	193091_6	string
803	193091_6	string
1071	193091_6	string
1222	193091_6	string
803	193091_9	string
1239	193091_11	string
719	193091_13	string
701	127488_0	string
719	127488_0	string
779	127488_0	string
815	127488_0	string
1176	127488_0	string
701	127488_1	string
769	127488_1	string
772	127488_1	string
779	127488_1	string
1176	127488_1	string
1199	127488_1	string
785	127488_4	string
779	127488_5	string
800	127488_5	string
848	127488_5	string
1176	127488_5	string
701	127488_6	string
719	127488_6	string
848	127488_6	string
1199	127488_6	string
719	127488_7	string
769	127488_7	string
772	127488_7	string
1199	127488_7	string
708	107110_0	string
708	107110_1	string
708	107110_3	string
708	107110_4	string
708	107110_5	string
719	107110_5	string
897	107110_5	string
706	107110_6	string
708	107110_6	string
719	107110_6	string
779	107110_6	string
841	107110_6	string
942	107110_6	string
1176	107110_6	string
785	107110_9	string
719	107110_10	string
769	107110_10	string
779	107110_10	string
843	107110_10	string
1176	107110_10	string
800	107110_11	string
843	107110_11	string
800	107110_12	string
843	107110_12	string
708	107110_13	string
772	107110_14	string
706	107110_15	string
708	107110_16	string
719	107110_16	string
746	107110_16	string
772	107110_16	string
772	107110_17	string
701	100268_1	string
1036	100268_1	string
1232	100268_1	string
699	100268_2	string
703	100268_2	string
1051	100268_2	string
785	100268_5	string
1063	100268_9	string
1063	100268_10	string
787	107416_2	string
1153	107416_4	string
1239	107416_4	string
747	107416_5	string
785	107416_6	string
1222	107416_6	string
803	107416_7	string
1222	107416_7	string
853	165342_3	string
733	110704_0	string
706	110704_1	string
707	110704_1	string
785	110704_1	string
707	110704_2	string
703	110704_3	string
719	110704_3	string
791	110704_3	string
963	110704_3	string
785	110704_5	string
1222	110704_5	string
785	110704_6	string
701	110704_9	string
707	110704_9	string
733	110704_9	string
1222	110704_11	string
706	110704_13	string
706	110704_14	string
733	110704_14	string
785	164712_5	string
803	164712_5	string
1222	164712_5	string
785	164712_6	string
785	164712_7	string
1133	164712_12	string
1124	164712_13	string
1133	164712_13	string
1124	164712_14	string
1133	164712_14	string
1239	164712_17	string
719	164712_18	string
1231	164712_19	string
1239	164712_19	string
764	164712_20	string
1133	164712_22	string
1133	164712_25	string
887	100037_0	string
706	100037_3	string
785	100037_5	string
803	100037_5	string
785	100037_6	string
743	155655_0	string
1091	155655_1	string
1230	155655_1	string
743	155655_2	string
757	155655_2	string
701	155655_3	string
743	155655_3	string
757	155655_3	string
743	155655_6	string
785	155655_6	string
803	155655_6	string
743	155655_7	string
757	155655_7	string
743	155655_8	string
743	155655_9	string
803	157727_1	string
815	157727_1	string
1222	157727_1	string
803	157727_2	string
1222	157727_2	string
700	157727_3	string
887	157727_3	string
985	157727_3	string
803	157727_6	string
998	157727_6	string
1222	157727_6	string
1222	157727_7	string
998	157727_8	string
840	157727_10	string
1185	157727_10	string
708	157727_11	string
706	157727_12	string
708	157727_12	string
785	157727_12	string
983	157727_12	string
708	157727_14	string
983	157727_14	string
1185	157727_14	string
706	153544_2	string
719	153544_2	string
1199	153544_2	string
785	153544_4	string
703	109129_2	string
911	109129_2	string
1153	109129_2	string
785	109129_4	string
803	109129_4	string
762	109129_7	string
1153	109129_8	string
762	109129_9	string
815	109129_12	string
944	109129_12	string
736	109129_13	string
944	109129_13	string
973	174072_1	string
779	174072_2	string
973	174072_2	string
1176	174072_2	string
779	174072_3	string
973	174072_3	string
1176	174072_3	string
709	174072_6	string
719	174072_6	string
746	174072_6	string
779	174072_6	string
973	174072_6	string
1176	174072_6	string
706	174072_7	string
779	174072_7	string
959	174072_7	string
1176	174072_7	string
785	174072_10	string
803	174072_11	string
719	174072_12	string
701	174072_13	string
719	174072_13	string
779	174072_13	string
815	174072_13	string
1176	174072_13	string
815	174072_14	string
779	174072_16	string
1176	174072_16	string
959	174072_21	string
719	174072_23	string
746	174072_23	string
701	174072_24	string
719	174072_24	string
779	174072_24	string
959	174072_24	string
1176	174072_24	string
779	176333_3	string
785	176333_3	string
822	176333_3	string
1176	176333_3	string
779	176333_4	string
822	176333_4	string
1176	176333_4	string
731	176333_5	string
759	176333_5	string
759	176333_6	string
729	176333_8	string
759	176333_8	string
769	176333_8	string
701	176333_9	string
769	176333_9	string
855	176333_9	string
821	155170_0	string
832	155170_0	string
985	155170_0	string
771	172205_0	string
861	172205_0	string
771	172205_1	string
861	172205_1	string
754	172205_4	string
798	172205_4	string
921	172205_4	string
736	172205_5	string
771	172205_7	string
1239	172205_8	string
727	172205_10	string
736	172205_10	string
771	172205_10	string
772	159006_1	string
796	159006_1	string
811	159006_1	string
1122	159006_1	string
772	159006_2	string
772	159006_3	string
709	159006_5	string
772	159006_5	string
879	159006_5	string
1122	159006_5	string
733	144722_1	string
785	144722_2	string
785	144722_3	string
1011	144722_10	string
801	144722_13	string
1207	144722_13	string
960	144722_14	string
1117	144722_14	string
1189	144722_14	string
801	144722_15	string
1207	144722_15	string
801	144722_16	string
1012	144722_16	string
1117	144722_16	string
1207	144722_16	string
801	144722_17	string
1207	144722_17	string
716	144722_18	string
734	144722_18	string
719	194155_1	string
779	194155_1	string
1176	194155_1	string
763	194155_2	string
779	194155_2	string
863	194155_2	string
1176	194155_2	string
704	194155_5	string
729	194155_5	string
763	194155_5	string
1150	194155_5	string
719	194155_6	string
779	194155_6	string
1176	194155_6	string
719	194155_9	string
779	194155_9	string
1176	194155_9	string
759	194155_10	string
1150	194155_11	string
719	194155_12	string
729	194155_12	string
769	194155_12	string
1150	194155_12	string
790	192013_1	string
785	192013_4	string
718	192013_5	string
771	192013_5	string
790	163287_1	string
718	163287_6	string
771	163287_6	string
737	163287_8	string
1002	124290_5	string
754	124290_6	string
832	124290_6	string
729	124290_7	string
998	124290_7	string
998	124290_8	string
762	124290_9	string
729	124290_15	string
816	124290_15	string
737	124290_16	string
706	112982_1	string
719	112982_1	string
957	112982_1	string
785	112982_4	string
719	112982_8	string
785	112982_8	string
816	112982_8	string
957	112982_8	string
702	112982_9	string
719	112982_9	string
723	112982_9	string
729	112982_9	string
821	112982_9	string
957	112982_9	string
1232	146094_4	string
764	146094_6	string
801	146094_6	string
1207	146094_6	string
737	164705_4	string
887	161473_0	string
1071	161473_0	string
762	161473_1	string
887	161473_1	string
1071	161473_1	string
701	161473_3	string
733	161473_4	string
762	161473_4	string
701	161473_5	string
1232	161473_5	string
733	161473_7	string
762	161473_7	string
800	161473_9	string
785	108451_3	string
1222	108451_3	string
785	108451_4	string
764	108451_13	string
1176	108451_14	string
762	179996_0	string
828	179996_0	string
887	179996_0	string
1222	179996_3	string
740	179996_13	string
789	179996_14	string
716	179225_0	string
848	179225_0	string
985	179225_0	string
785	179225_5	string
1232	179225_8	string
1232	179225_10	string
772	179225_11	string
1176	179225_11	string
1232	179225_11	string
1232	179225_13	string
1232	179225_14	string
1232	179225_15	string
719	174691_2	string
803	174691_5	string
762	174691_9	string
1232	174691_10	string
1232	174691_11	string
733	174691_12	string
762	174691_12	string
771	174691_12	string
887	174691_12	string
785	174691_13	string
762	110549_2	string
1239	110549_2	string
1239	110549_3	string
803	110549_6	string
1071	110549_7	string
853	110549_10	string
988	110549_10	string
1093	110549_10	string
988	110549_12	string
1093	110549_12	string
1239	110549_12	string
752	110549_14	string
988	110549_14	string
1039	110549_14	string
1093	110549_14	string
781	188400_2	string
815	188400_4	string
785	188400_8	string
1239	188400_17	string
1232	188400_20	string
1239	188400_24	string
718	135829_8	string
771	135829_8	string
988	135829_8	string
988	135829_10	string
785	131455_4	string
737	131455_6	string
815	172884_0	string
704	172884_3	string
707	172884_3	string
718	172884_3	string
733	172884_3	string
738	172884_3	string
768	172884_3	string
771	172884_3	string
785	172884_3	string
929	172884_3	string
955	172884_3	string
1095	172884_3	string
1147	172884_3	string
785	172884_4	string
905	172884_8	string
1061	172884_8	string
764	172884_11	string
1061	172884_11	string
845	184489_1	string
768	184489_2	string
845	184489_4	string
845	184489_10	string
1222	184489_12	string
1222	184489_13	string
719	127621_0	string
1232	127621_0	string
713	127621_1	string
719	127621_1	string
1232	127621_1	string
713	127621_2	string
887	127621_2	string
1239	127621_2	string
713	127621_5	string
719	127621_5	string
785	127621_5	string
713	127621_6	string
763	114639_12	string
763	114639_13	string
826	114639_13	string
1157	180121_5	string
826	180121_6	string
710	137636_0	string
1091	137636_0	string
1091	137636_1	string
1222	137636_1	string
1230	137636_1	string
707	137636_2	string
710	137636_2	string
861	137636_2	string
1091	137636_2	string
1230	137636_2	string
752	137636_3	string
1039	137636_3	string
696	137636_4	string
703	137636_4	string
752	137636_4	string
802	137636_4	string
822	137636_4	string
833	137636_4	string
852	137636_4	string
1039	137636_4	string
1091	137636_4	string
707	137636_5	string
833	137636_5	string
861	137636_5	string
1091	137636_5	string
785	137636_7	string
736	137636_9	string
1239	137636_9	string
762	137636_10	string
929	137636_10	string
754	137636_12	string
701	137636_13	string
800	137636_13	string
1232	137636_13	string
1222	137636_14	string
1232	137636_14	string
701	137636_15	string
716	137636_15	string
762	137636_15	string
800	137636_15	string
853	137636_15	string
855	137636_15	string
1114	137636_15	string
708	137636_16	string
736	137636_16	string
801	137636_16	string
855	137636_16	string
1012	137636_16	string
1207	137636_16	string
1232	187916_0	string
1232	187916_2	string
803	187916_5	string
1071	187916_5	string
1232	187916_19	string
809	187916_20	string
1232	187916_20	string
826	187916_22	string
809	187916_23	string
826	187916_23	string
809	187916_24	string
826	187916_28	string
1232	187916_29	string
1232	152972_0	string
707	152972_2	string
1039	134268_1	string
1039	134268_6	string
801	134268_7	string
1039	134268_7	string
1207	134268_7	string
1239	134268_7	string
1232	104707_21	string
764	104707_22	string
1232	104707_24	string
701	154245_7	string
802	154245_7	string
708	154245_8	string
1239	154245_8	string
826	154245_9	string
826	154245_10	string
790	164594_0	string
861	164594_0	string
790	164594_1	string
861	164594_1	string
1189	164594_5	string
714	164594_6	string
1189	164594_6	string
714	164594_9	string
785	114307_2	string
1239	114307_4	string
1232	114307_5	string
826	114307_6	string
1232	114307_8	string
785	157839_3	string
803	157839_3	string
785	157839_4	string
1039	157839_6	string
763	157839_9	string
1039	157839_11	string
1199	154469_2	string
733	119634_0	string
762	119634_0	string
887	119634_0	string
743	119634_1	string
1121	119634_1	string
1121	119634_2	string
944	119634_3	string
1088	119634_3	string
1040	119634_5	string
1239	119634_5	string
764	119634_6	string
806	119634_6	string
764	119634_7	string
806	119634_8	string
719	119634_10	string
821	119634_10	string
719	119634_13	string
821	119634_13	string
703	106611_2	string
785	106611_2	string
1025	106611_2	string
701	106611_6	string
785	106611_17	string
746	144657_0	string
785	144657_2	string
712	144657_6	string
719	144657_6	string
816	144657_6	string
1040	144657_6	string
1207	144657_6	string
764	144657_7	string
963	144657_7	string
1040	144657_8	string
1069	144657_8	string
815	130655_1	string
815	130655_7	string
729	157905_4	string
737	157905_4	string
823	171473_2	string
785	171473_4	string
811	157296_2	string
877	157296_2	string
942	157296_2	string
1239	157296_7	string
790	170449_0	string
785	152663_2	string
785	152663_3	string
1232	152663_4	string
1153	152663_6	string
1153	152663_7	string
1232	152663_8	string
751	120587_2	string
1199	120587_2	string
785	120587_8	string
785	120587_9	string
1199	120587_9	string
815	127126_0	string
887	127126_0	string
785	127126_2	string
851	127126_9	string
853	127126_9	string
881	127126_9	string
949	127126_9	string
806	127126_10	string
851	127126_10	string
853	127126_10	string
881	127126_10	string
949	127126_10	string
1040	127126_10	string
1207	127126_10	string
764	127126_11	string
826	127126_11	string
851	127126_11	string
853	127126_11	string
708	118178_0	string
737	193095_4	string
1232	156025_1	string
1232	156025_3	string
1232	156025_4	string
1239	153406_9	string
1039	153406_15	string
985	134719_0	string
973	134719_9	string
813	134719_11	string
823	134719_11	string
823	134719_12	string
762	130253_0	string
887	130253_0	string
785	130253_5	string
803	130253_5	string
785	130253_6	string
762	130253_15	string
762	130253_16	string
844	130253_18	string
762	130253_21	string
887	130253_21	string
735	130253_23	string
762	130253_23	string
887	130253_23	string
1069	130253_23	string
1069	130253_24	string
1232	102679_0	string
785	102679_2	string
718	102679_3	string
733	102679_3	string
861	102679_3	string
887	102679_3	string
996	102679_3	string
1133	102679_3	string
1152	102679_3	string
764	102679_7	string
716	102679_8	string
826	102679_8	string
1013	102679_8	string
785	157809_12	string
815	157809_14	string
1239	157809_14	string
713	114183_0	string
785	114183_3	string
785	114183_25	string
785	114183_29	string
785	114183_31	string
887	145308_0	string
1091	145308_2	string
785	145308_5	string
785	145308_6	string
1071	145308_6	string
746	145308_8	string
763	145308_8	string
951	145308_8	string
1025	145308_8	string
746	145308_9	string
763	145308_9	string
746	145308_10	string
1071	145308_10	string
785	192539_5	string
785	192539_6	string
716	192539_8	string
734	192539_8	string
923	192539_8	string
951	192539_8	string
1040	192539_8	string
806	192539_9	string
787	157548_1	string
1222	157548_8	string
1168	157548_20	string
994	157548_26	string
1239	157548_26	string
781	129375_0	string
1239	129375_0	string
781	129375_1	string
785	129375_4	string
1071	129375_4	string
781	129375_7	string
781	129375_8	string
1239	129375_8	string
781	129375_12	string
781	129375_14	string
1239	129375_14	string
1239	102931_0	string
1239	102931_1	string
1071	102931_10	string
1239	102931_23	string
764	102931_24	string
1150	102931_24	string
1239	102931_24	string
1177	102931_26	string
737	129017_16	string
704	103049_2	string
887	103049_3	string
985	103049_3	string
1172	103049_4	string
1239	103049_4	string
785	103049_5	string
1222	103049_5	string
887	103049_9	string
746	103049_11	string
801	103049_15	string
1088	103049_15	string
1088	103049_16	string
1232	138009_3	string
779	138009_6	string
1176	138009_6	string
779	138009_7	string
1176	138009_7	string
1232	138009_8	string
1232	138009_9	string
1071	112834_1	string
1239	112834_8	string
1239	112834_14	string
785	112834_15	string
701	112834_16	string
728	160732_1	string
759	160732_1	string
759	160732_7	string
759	160732_8	string
736	187790_1	string
779	187790_1	string
1176	187790_1	string
1232	187790_5	string
763	100385_0	string
1189	100385_2	string
785	146406_5	string
1239	146406_9	string
1207	146406_10	string
826	146406_11	string
1207	146406_11	string
1222	114444_4	string
857	114444_11	string
706	170947_0	string
1078	134121_1	string
815	134121_4	string
1232	134121_5	string
815	134121_6	string
1232	134121_7	string
1232	134121_8	string
1065	124673_0	string
785	124673_5	string
1232	124673_8	string
1232	124673_10	string
1232	124673_11	string
1176	163159_13	string
724	153345_1	string
733	153345_1	string
787	153345_1	string
724	153345_2	string
787	153345_2	string
785	153345_3	string
1222	153345_3	string
785	153345_7	string
1222	153345_7	string
733	153345_8	string
801	153345_9	string
1207	153345_9	string
733	153345_10	string
801	153345_10	string
1207	153345_10	string
801	153345_11	string
1207	153345_11	string
733	153345_12	string
701	152012_1	string
826	152012_10	string
1239	159687_6	string
787	147165_0	string
787	147165_1	string
1063	147165_3	string
714	147165_4	string
752	147165_6	string
763	147165_6	string
959	147165_6	string
1039	147165_6	string
785	147165_8	string
785	147165_11	string
803	147165_11	string
998	147165_11	string
697	147165_18	string
701	145132_0	string
701	145132_1	string
790	173316_1	string
785	173316_7	string
998	173316_7	string
1189	173316_7	string
837	150105_1	string
719	150319_1	string
695	150319_2	string
1000	150319_2	string
785	150319_6	string
988	176266_2	string
1232	176266_13	string
1232	176266_14	string
1239	176266_14	string
1232	176266_16	string
1232	176266_19	string
764	176266_20	string
746	120938_1	string
1176	120938_1	string
809	137477_3	string
1239	137477_3	string
973	137477_5	string
809	137477_6	string
809	137477_7	string
809	137477_9	string
848	168331_11	string
857	168331_11	string
785	168331_19	string
785	168331_22	string
754	168331_25	string
754	168331_26	string
735	168331_32	string
749	168331_32	string
763	168331_32	string
789	168331_32	string
894	168331_32	string
982	168331_32	string
1026	168331_32	string
1232	168331_32	string
735	168331_33	string
801	168331_33	string
811	168331_33	string
1207	168331_33	string
845	145874_1	string
785	145874_4	string
1222	145874_4	string
788	145874_12	string
983	145874_12	string
1157	145874_12	string
983	145874_14	string
1079	145874_14	string
788	145874_15	string
701	164967_1	string
779	164967_1	string
1176	164967_1	string
1232	164967_7	string
1199	164967_11	string
779	164967_13	string
1176	164967_13	string
754	116651_5	string
703	116651_13	string
1110	192180_10	string
1110	192180_11	string
785	171971_7	string
1222	171971_7	string
857	171971_13	string
716	171971_15	string
744	171971_15	string
823	171971_15	string
1063	171971_16	string
754	111138_1	string
824	111138_1	string
865	111138_1	string
1091	111138_1	string
1230	111138_1	string
1239	111138_1	string
785	111138_2	string
1091	111138_3	string
702	111138_4	string
754	111138_6	string
719	111138_8	string
781	111138_8	string
785	111138_8	string
781	111138_9	string
754	111138_10	string
702	111138_11	string
751	111138_11	string
752	111138_11	string
1039	111138_11	string
785	111138_13	string
824	111138_13	string
853	111138_13	string
701	111138_14	string
853	111138_14	string
1013	169173_4	string
716	169173_5	string
734	169173_5	string
801	169173_5	string
1013	169173_5	string
1207	169173_5	string
716	169173_6	string
734	169173_6	string
735	169173_6	string
737	184884_11	string
737	127746_7	string
887	180621_0	string
1222	180621_2	string
1222	180621_3	string
1176	180621_26	string
1176	180621_27	string
1232	180621_30	string
1114	180621_33	string
1213	180621_33	string
1232	180621_35	string
826	127411_7	string
848	139433_1	string
763	139433_3	string
785	139433_5	string
763	139433_8	string
763	139433_9	string
1232	100160_0	string
754	100160_1	string
1232	100160_2	string
1232	100160_3	string
1232	100160_9	string
719	100160_11	string
1232	100160_12	string
1232	100160_13	string
719	100160_14	string
801	100160_14	string
806	100160_14	string
906	100160_14	string
1207	100160_14	string
801	100160_17	string
1207	100160_17	string
857	149591_0	string
785	149591_1	string
1222	149591_3	string
878	149591_4	string
1153	149591_5	string
821	149591_7	string
785	165753_5	string
803	165753_5	string
1232	177622_1	string
785	177622_9	string
785	177622_10	string
785	177622_17	string
870	177622_17	string
1232	177622_17	string
763	177622_18	string
843	177622_18	string
1017	177622_18	string
1232	177622_18	string
1176	177622_19	string
781	116664_0	string
887	116664_0	string
848	116664_14	string
1239	116664_14	string
764	116664_15	string
848	116664_15	string
1239	116664_15	string
887	164384_0	string
768	164384_1	string
733	164384_2	string
785	164384_4	string
803	164384_4	string
785	164384_5	string
1222	164384_5	string
768	164384_8	string
715	164384_11	string
733	164384_11	string
790	168955_0	string
843	168955_0	string
790	168955_1	string
843	168955_1	string
703	168955_4	string
718	168955_4	string
771	168955_4	string
703	168955_6	string
823	168955_6	string
1222	162515_5	string
716	162515_7	string
716	162515_9	string
870	162515_9	string
716	162515_10	string
708	162515_12	string
747	162515_12	string
1242	162515_12	string
747	162515_13	string
1189	162515_13	string
1242	162515_13	string
716	162515_14	string
785	184905_2	string
713	184905_14	string
887	109514_0	string
785	109514_2	string
803	109514_2	string
785	109514_4	string
785	109514_5	string
803	109514_5	string
1222	109514_5	string
772	109514_15	string
813	109514_15	string
747	109514_16	string
772	109514_16	string
813	109514_16	string
878	109514_16	string
1189	109514_17	string
1189	109514_18	string
826	177846_10	string
1157	177846_10	string
826	177846_11	string
1012	177846_12	string
728	137438_0	string
738	137438_0	string
728	137438_1	string
1065	137438_1	string
728	137438_11	string
1065	137438_11	string
1232	137438_14	string
728	137438_15	string
728	137438_19	string
1232	137438_19	string
1232	137438_20	string
737	190368_7	string
985	110663_0	string
1239	110663_0	string
1239	110663_1	string
1222	110663_5	string
826	110663_6	string
826	110663_7	string
719	110663_8	string
821	110663_8	string
785	199482_6	string
1057	199482_24	string
801	199482_33	string
1153	199482_33	string
1207	199482_33	string
1013	199482_34	string
785	171110_17	string
789	171110_20	string
826	115087_6	string
996	183142_4	string
887	118218_0	string
1232	118218_0	string
707	118218_1	string
785	118218_6	string
785	118218_7	string
1232	118218_12	string
944	118218_14	string
1232	118218_14	string
944	118218_15	string
1232	118218_15	string
944	118218_16	string
787	118218_20	string
1013	118218_20	string
1231	118218_20	string
1013	118218_21	string
1231	118218_22	string
1222	128140_4	string
803	128140_5	string
1222	128140_5	string
803	128140_6	string
1071	128140_6	string
735	128140_10	string
968	128140_10	string
1157	128140_10	string
801	128140_11	string
1207	128140_11	string
734	128140_12	string
1012	128140_12	string
801	128140_13	string
1012	128140_13	string
1207	128140_13	string
706	189956_0	string
703	189956_8	string
823	189956_8	string
703	189956_9	string
737	189956_9	string
746	196052_11	string
826	196052_11	string
746	196052_13	string
823	156269_7	string
737	156269_8	string
785	111101_2	string
857	111101_4	string
857	111101_5	string
770	119239_1	string
770	119239_2	string
1232	119239_7	string
959	119239_15	string
1013	119239_17	string
801	119239_18	string
1012	119239_18	string
1207	119239_18	string
921	114528_6	string
921	114528_7	string
1232	114528_10	string
1232	114528_13	string
1222	114528_14	string
1232	114528_14	string
1239	172195_1	string
785	172195_6	string
1071	172195_6	string
785	172195_9	string
785	172195_10	string
701	172195_12	string
1239	172195_13	string
851	172195_15	string
851	172195_16	string
719	172195_19	string
821	172195_19	string
887	181929_0	string
1239	181929_1	string
768	181929_4	string
803	181929_4	string
1222	181929_4	string
718	181929_5	string
768	181929_5	string
887	181929_5	string
929	181929_5	string
1095	181929_5	string
1133	181929_5	string
718	181929_6	string
861	181929_6	string
887	181929_6	string
996	181929_6	string
1133	181929_6	string
1147	181929_6	string
1152	181929_6	string
887	181929_8	string
702	181929_10	string
731	181929_10	string
747	181929_10	string
813	181929_10	string
1172	181929_10	string
696	181929_11	string
813	181929_12	string
1239	177389_1	string
785	177389_2	string
785	177389_6	string
785	122174_8	string
737	122174_14	string
768	144023_0	string
768	144023_1	string
931	144023_3	string
785	144023_5	string
785	144023_10	string
740	144023_16	string
785	150402_4	string
803	150402_4	string
1222	150402_4	string
1232	150402_7	string
1232	150402_8	string
1232	150402_11	string
1232	150402_14	string
735	150402_16	string
753	150402_16	string
788	150402_16	string
886	150402_16	string
1088	150402_16	string
1012	150402_17	string
887	141891_0	string
826	141891_4	string
737	182707_8	string
737	182707_9	string
899	190537_1	string
899	190537_11	string
790	153254_1	string
843	153254_1	string
887	153254_2	string
737	153254_10	string
1057	185811_7	string
1057	185811_8	string
1239	185811_8	string
790	159129_0	string
996	159129_0	string
746	123916_0	string
985	123916_0	string
785	123916_5	string
803	123916_5	string
1222	123916_5	string
803	123916_6	string
736	123916_8	string
736	123916_9	string
1033	123916_9	string
736	123916_10	string
791	123916_10	string
889	123916_10	string
951	123916_10	string
1069	123916_10	string
1231	123916_10	string
764	123916_11	string
951	123916_11	string
1231	123916_11	string
928	123916_12	string
1012	123916_12	string
801	123916_13	string
1012	123916_13	string
1207	123916_13	string
857	162147_1	string
865	162147_1	string
768	162147_4	string
785	162147_7	string
1121	162147_12	string
1239	162147_12	string
1231	162147_13	string
1239	162147_13	string
1239	162147_14	string
801	162147_15	string
1012	162147_15	string
1207	162147_15	string
1013	162147_16	string
1013	162147_17	string
1153	162147_17	string
853	162147_18	string
1189	162147_18	string
1232	174045_0	string
1232	174045_3	string
1071	174045_4	string
785	174045_6	string
1232	174045_12	string
1232	174045_13	string
1039	174045_14	string
1232	174045_14	string
1039	174045_15	string
1232	174045_16	string
1232	174045_17	string
1232	174045_18	string
857	111318_1	string
865	111318_1	string
1239	111318_7	string
1239	111318_8	string
1088	126341_1	string
857	126341_2	string
1036	126341_3	string
803	126341_9	string
1040	126341_30	string
735	126341_31	string
801	126341_31	string
1207	126341_31	string
1012	126341_32	string
887	196880_0	string
785	196880_5	string
1232	196880_12	string
1176	196880_14	string
1232	196880_16	string
1232	196880_17	string
1232	196880_18	string
1232	196880_19	string
785	157077_10	string
998	157077_10	string
823	157077_15	string
737	157077_16	string
1080	106658_1	string
790	106658_4	string
1115	106658_8	string
785	130070_2	string
1222	130070_2	string
826	130070_5	string
1041	197419_0	string
702	197419_3	string
843	197419_3	string
718	197419_5	string
718	197419_6	string
771	197419_6	string
887	197419_6	string
823	197419_15	string
1012	197419_17	string
764	197419_18	string
1237	142372_2	string
785	142372_4	string
803	142372_4	string
1071	142372_4	string
785	142372_5	string
803	142372_5	string
1071	142372_5	string
1222	142372_5	string
785	142372_6	string
1071	142372_6	string
785	142372_7	string
746	142372_18	string
763	142372_18	string
1176	142372_18	string
764	142372_20	string
1176	142372_20	string
785	128993_5	string
764	128993_9	string
826	128993_9	string
959	128993_9	string
1040	128993_9	string
988	118392_1	string
785	118392_6	string
1222	138190_1	string
815	138190_7	string
1235	138190_9	string
1088	138190_19	string
826	108395_8	string
753	108395_9	string
789	108395_9	string
785	103679_1	string
785	103679_2	string
785	103679_3	string
1071	103679_3	string
1222	103679_3	string
719	103679_7	string
959	103679_7	string
1232	103679_7	string
719	103679_8	string
811	103679_8	string
959	103679_8	string
1232	103679_8	string
785	147056_4	string
803	147056_4	string
1222	147056_4	string
716	186295_0	string
739	186295_0	string
1240	186295_0	string
785	186295_8	string
1222	186295_8	string
716	186295_10	string
734	154202_11	string
735	154202_11	string
1013	154202_11	string
779	119993_0	string
1176	119993_0	string
759	119993_1	string
859	119993_2	string
859	119993_10	string
859	119993_11	string
823	119993_14	string
898	119993_14	string
1159	119993_14	string
898	119993_15	string
1159	119993_15	string
821	119993_16	string
898	119993_16	string
821	119993_19	string
1232	137342_4	string
1232	137342_5	string
823	137342_6	string
1040	137342_6	string
1232	137342_6	string
806	137342_7	string
826	137342_7	string
1232	137342_10	string
701	159838_2	string
746	159838_4	string
826	159838_5	string
785	147054_3	string
764	147054_7	string
826	147054_7	string
826	147054_8	string
887	162525_0	string
857	162525_1	string
865	162525_1	string
1078	162525_3	string
1127	162525_3	string
697	162525_7	string
719	162525_7	string
730	162525_7	string
735	162525_7	string
746	162525_7	string
753	162525_7	string
764	162525_7	string
777	162525_7	string
801	162525_7	string
810	162525_7	string
826	162525_7	string
851	162525_7	string
938	162525_7	string
1207	162525_7	string
723	162525_8	string
801	162525_8	string
1012	162525_8	string
1207	162525_8	string
887	151342_0	string
716	151342_6	string
764	151342_6	string
826	151342_6	string
746	190242_0	string
887	190242_0	string
921	190242_1	string
785	190242_5	string
1222	190242_5	string
813	190242_12	string
813	190242_14	string
1050	190242_14	string
715	190242_15	string
813	190242_15	string
813	190242_16	string
752	190242_18	string
1039	190242_18	string
1050	190242_18	string
750	190502_0	string
761	190502_0	string
744	190502_1	string
770	190502_1	string
1232	190502_2	string
785	190502_4	string
803	190502_4	string
1222	190502_4	string
1232	190502_8	string
750	190502_9	string
761	190502_9	string
750	190502_10	string
761	190502_10	string
801	190502_11	string
1012	190502_11	string
1207	190502_11	string
1232	190502_12	string
1176	121743_1	string
777	192791_0	string
763	192791_1	string
777	192791_1	string
1239	114837_0	string
787	114837_2	string
785	114837_4	string
695	114837_5	string
785	114837_5	string
803	114837_5	string
1071	114837_5	string
1222	114837_5	string
785	114837_6	string
1222	114837_6	string
1239	114837_14	string
785	114837_16	string
785	114837_17	string
1245	114837_27	string
766	114837_30	string
766	114837_31	string
764	114837_32	string
801	114837_32	string
1207	114837_32	string
1012	114837_33	string
1157	176801_2	string
823	176801_3	string
1222	176801_5	string
803	176801_6	string
1222	176801_6	string
1232	176801_17	string
1232	176801_18	string
801	176801_19	string
806	176801_19	string
1207	176801_19	string
1232	176801_19	string
806	176801_20	string
1232	176801_20	string
737	167804_15	string
785	122893_0	string
1125	122893_0	string
785	122893_1	string
1232	122893_3	string
785	122893_10	string
1222	122893_10	string
803	122893_11	string
1071	122893_11	string
1222	122893_11	string
785	122893_12	string
1232	122893_19	string
785	122893_20	string
800	122893_20	string
883	122893_20	string
897	122893_20	string
925	122893_20	string
926	122893_20	string
1232	122893_20	string
883	122893_21	string
897	122893_21	string
925	122893_21	string
926	122893_21	string
737	112490_4	string
1232	103880_0	string
1232	103880_2	string
1232	103880_9	string
1232	103880_10	string
1232	103880_11	string
813	103880_12	string
1232	103880_12	string
813	103880_13	string
865	103880_13	string
1039	103880_14	string
1232	103880_16	string
988	101833_0	string
746	101833_1	string
754	101833_3	string
785	101833_8	string
785	101833_9	string
803	101833_9	string
785	101833_10	string
746	101833_11	string
764	101833_16	string
714	101833_17	string
813	101833_17	string
764	101833_19	string
801	101833_20	string
1207	101833_20	string
764	101833_21	string
785	124557_2	string
746	124557_6	string
763	124557_6	string
764	124557_7	string
719	124557_10	string
746	124557_10	string
752	124557_10	string
821	124557_10	string
1039	124557_10	string
719	124557_11	string
719	124557_12	string
789	124557_13	string
1189	190995_4	string
771	190995_5	string
785	189762_2	string
1232	189762_4	string
746	189762_5	string
826	189762_5	string
764	189762_6	string
887	143479_0	string
785	143479_10	string
785	143479_11	string
803	143479_11	string
735	143479_18	string
1012	143479_19	string
1012	143479_20	string
735	143479_22	string
737	140675_6	string
785	127293_1	string
1189	127293_1	string
785	127293_4	string
785	127293_5	string
737	127293_7	string
716	106310_0	string
816	106310_0	string
737	106310_14	string
752	176077_2	string
1039	176077_2	string
785	176077_3	string
803	176077_3	string
1222	176077_3	string
1153	176617_10	string
1040	176617_11	string
1153	176617_11	string
1232	176617_11	string
785	180800_1	string
826	180800_25	string
785	114939_3	string
785	114939_4	string
1232	114939_10	string
715	114939_12	string
763	114939_12	string
1157	114939_12	string
785	114939_13	string
826	114939_17	string
1232	114939_17	string
1232	196268_0	string
785	196268_2	string
998	196268_2	string
1232	196268_3	string
795	154761_5	string
1176	154761_8	string
801	154761_10	string
821	154761_10	string
826	154761_10	string
1207	154761_10	string
1232	106773_0	string
785	106773_2	string
1071	106773_2	string
1222	106773_2	string
1239	106773_5	string
1239	106773_6	string
1232	106773_10	string
1239	106773_10	string
764	106773_12	string
801	106773_12	string
826	106773_12	string
1207	106773_12	string
1071	104831_2	string
1071	104831_3	string
1222	104831_3	string
1239	104831_3	string
801	104831_7	string
1207	104831_7	string
785	129501_5	string
785	129501_6	string
803	129501_6	string
1222	129501_6	string
857	159468_0	string
785	159468_3	string
785	159468_4	string
851	159468_9	string
851	159468_10	string
851	159468_11	string
764	159468_12	string
785	183308_4	string
785	183308_7	string
1176	183308_9	string
1176	183308_17	string
1088	183308_18	string
1088	183308_19	string
785	183308_25	string
785	183308_26	string
737	183160_5	string
985	192589_0	string
1232	192589_0	string
1232	192589_1	string
1232	192589_2	string
1232	192589_3	string
1232	192589_4	string
716	192589_5	string
1232	192589_5	string
764	192589_6	string
1232	192589_6	string
1133	120257_1	string
1232	120257_3	string
1133	120257_5	string
785	120257_6	string
1222	120257_7	string
785	120257_8	string
1147	120257_13	string
1133	120257_17	string
1232	120257_20	string
1232	120257_21	string
764	120257_22	string
740	120257_23	string
791	120257_23	string
801	120257_23	string
855	120257_23	string
1013	120257_23	string
1108	120257_23	string
1114	120257_23	string
1207	120257_23	string
764	120257_24	string
801	120257_25	string
1207	120257_25	string
1114	120257_26	string
785	101480_5	string
785	101480_6	string
1245	101480_13	string
1157	101480_16	string
1239	101480_16	string
801	101480_17	string
1207	101480_17	string
764	101480_18	string
764	101480_21	string
801	101480_21	string
1207	101480_21	string
1012	101480_22	string
1189	101480_23	string
736	194596_0	string
848	194596_0	string
1239	194596_0	string
752	194596_4	string
1039	194596_4	string
835	194596_10	string
973	194596_10	string
785	166575_4	string
803	166575_4	string
705	166575_11	string
764	166575_11	string
764	166575_12	string
1239	166575_14	string
1230	150857_0	string
781	183225_0	string
1207	183225_4	string
737	183225_8	string
781	183225_9	string
803	147421_4	string
1071	147421_4	string
785	147421_5	string
803	147421_5	string
1222	147421_5	string
785	197459_7	string
1191	197459_9	string
1232	197459_9	string
764	197459_10	string
790	129083_1	string
935	100492_10	string
1172	100492_10	string
764	100492_11	string
1088	100492_11	string
1061	100492_13	string
785	195244_2	string
803	195244_7	string
803	195244_8	string
777	195244_10	string
801	195244_10	string
1207	195244_10	string
801	195244_11	string
1013	195244_11	string
1207	195244_11	string
777	195244_12	string
777	195244_13	string
801	171817_10	string
1207	171817_10	string
822	131087_2	string
822	131087_3	string
785	131087_4	string
857	131087_9	string
763	168022_2	string
1232	168022_7	string
731	140318_0	string
790	140318_0	string
736	140318_8	string
736	140318_9	string
887	121045_0	string
942	121045_0	string
942	121045_1	string
785	121045_5	string
803	121045_5	string
1071	121045_5	string
785	121045_6	string
785	121045_7	string
942	121045_8	string
825	121045_9	string
942	121045_9	string
1039	121045_10	string
942	121045_11	string
942	121045_12	string
763	168047_10	string
815	185487_0	string
826	185487_2	string
1071	185487_5	string
1222	185487_5	string
1239	185487_11	string
1043	185487_12	string
1239	185487_12	string
1043	185487_14	string
1043	185487_15	string
815	123535_0	string
884	123535_0	string
918	123535_0	string
1239	123535_1	string
1088	123535_2	string
1239	123535_2	string
749	123535_3	string
1088	123535_3	string
803	123535_8	string
1071	123535_9	string
1088	123535_12	string
1239	123535_12	string
733	123535_13	string
1088	123535_13	string
1133	123535_13	string
733	123535_15	string
734	123535_15	string
988	123535_15	string
733	123535_16	string
988	123535_16	string
733	123535_18	string
988	123535_18	string
779	158827_12	string
1176	158827_12	string
770	110481_1	string
719	110481_5	string
1232	109935_1	string
785	109935_6	string
803	109935_6	string
1232	109935_7	string
750	109935_9	string
1040	109935_9	string
942	109935_10	string
1232	109935_10	string
806	109935_11	string
764	109935_12	string
1013	109935_13	string
801	109935_14	string
1012	109935_14	string
1207	109935_14	string
887	162798_0	string
736	162798_1	string
983	162798_16	string
715	162798_17	string
763	162798_17	string
983	162798_17	string
716	162798_18	string
764	162798_19	string
1176	162798_19	string
983	162798_20	string
715	162798_24	string
763	162798_24	string
1176	162798_24	string
763	189667_4	string
741	117186_0	string
764	117186_7	string
853	117186_8	string
853	117186_9	string
887	101359_0	string
826	101359_2	string
1012	101359_3	string
1163	101359_3	string
761	101359_4	string
1163	101359_4	string
761	101359_5	string
746	144195_11	string
1104	144195_11	string
1036	192151_0	string
1232	192151_0	string
1232	192151_6	string
1232	192151_10	string
1232	192151_11	string
1189	192151_14	string
736	171203_1	string
1239	171203_1	string
763	171203_5	string
719	159878_1	string
785	159878_6	string
803	159878_6	string
785	159878_7	string
803	159878_7	string
1071	159878_8	string
719	159878_9	string
1091	159878_9	string
719	159878_10	string
719	159878_11	string
746	159878_11	string
719	159878_12	string
719	159878_13	string
696	159878_14	string
746	159878_15	string
719	159878_16	string
746	159878_16	string
716	159878_18	string
719	159878_18	string
746	159878_18	string
719	159878_19	string
790	167465_0	string
737	167465_6	string
1065	102015_0	string
714	102015_1	string
1232	102015_1	string
1239	102015_1	string
785	102015_2	string
785	102015_3	string
785	102015_8	string
783	147502_0	string
834	147502_0	string
958	147502_0	string
726	147502_3	string
713	147502_16	string
801	174243_16	string
1012	174243_16	string
1207	174243_16	string
1088	145990_4	string
1192	199929_0	string
771	199929_1	string
916	199929_1	string
1239	199929_1	string
785	199929_4	string
896	199929_5	string
718	199929_6	string
733	199929_6	string
771	199929_6	string
896	199929_6	string
929	199929_6	string
1095	199929_6	string
1147	199929_6	string
842	199929_13	string
1232	199929_13	string
823	199929_17	string
1028	199929_17	string
791	199929_18	string
823	199929_18	string
891	199929_18	string
1061	199929_18	string
823	199929_19	string
1028	199929_19	string
791	199929_20	string
823	199929_20	string
891	199929_20	string
1061	199929_20	string
1232	199929_23	string
1232	199929_25	string
790	135858_0	string
737	123993_4	string
785	179998_4	string
1232	179998_6	string
1232	179998_7	string
826	179998_8	string
1232	179998_10	string
1232	179998_11	string
1232	179998_12	string
785	129998_5	string
746	129998_9	string
983	129998_10	string
763	129998_11	string
768	158711_1	string
929	158711_1	string
709	158711_12	string
719	158711_12	string
696	158711_13	string
938	158711_13	string
696	158711_14	string
823	158711_14	string
938	158711_14	string
696	158711_15	string
719	158711_15	string
764	158711_15	string
709	158711_20	string
813	158711_20	string
1176	162213_1	string
1239	162213_2	string
1232	162213_11	string
1232	162213_13	string
1239	162213_15	string
1239	162213_16	string
823	162213_18	string
843	162213_18	string
1118	162213_18	string
1239	162213_18	string
1239	162213_19	string
735	162213_20	string
1232	162213_23	string
822	181730_1	string
1239	181730_1	string
764	181730_8	string
719	181730_9	string
821	181730_9	string
719	181730_10	string
821	181730_10	string
887	128590_0	string
1239	128590_2	string
1232	128590_3	string
941	128590_5	string
1232	128590_6	string
803	128590_10	string
1232	128590_12	string
788	128590_14	string
746	128590_16	string
746	128590_17	string
1232	128590_17	string
1051	128590_18	string
746	128590_19	string
1051	128590_19	string
1185	128590_19	string
1232	128590_19	string
735	128590_20	string
1185	128590_22	string
746	128590_24	string
746	128590_25	string
1051	128590_25	string
1232	128590_25	string
785	111187_4	string
785	111187_5	string
803	111187_5	string
764	111187_8	string
826	111187_9	string
861	192522_0	string
1071	192522_5	string
1121	192522_5	string
746	192522_10	string
803	192522_11	string
715	192522_12	string
715	192522_13	string
719	192522_13	string
746	192522_13	string
1022	192522_13	string
746	192522_14	string
879	109878_0	string
945	109878_0	string
1232	109878_0	string
803	109878_7	string
1222	109878_7	string
1232	109878_12	string
1232	109878_14	string
761	109878_18	string
1232	109878_18	string
1232	109878_19	string
1062	109878_21	string
1232	109878_21	string
1062	109878_22	string
813	109878_23	string
1062	109878_23	string
813	109878_24	string
1232	109878_25	string
813	109878_26	string
1232	109878_26	string
725	193169_2	string
785	193169_4	string
785	193169_5	string
1232	193169_8	string
764	193169_11	string
764	193169_12	string
1012	193169_16	string
844	193169_17	string
1232	193169_17	string
1232	193169_18	string
1232	193169_19	string
736	179838_0	string
801	179838_2	string
1110	179838_2	string
1207	179838_2	string
785	179838_6	string
704	179838_9	string
718	179838_9	string
896	179838_9	string
929	179838_9	string
1095	179838_9	string
1095	179838_12	string
801	179838_13	string
972	179838_13	string
1207	179838_13	string
723	179838_15	string
1195	179838_15	string
1195	179838_18	string
736	140477_0	string
768	140477_2	string
785	140477_6	string
785	140477_7	string
704	140477_8	string
718	140477_8	string
768	140477_8	string
771	140477_8	string
762	140477_10	string
762	140477_15	string
801	140477_20	string
1012	140477_20	string
1207	140477_20	string
764	140477_21	string
785	125626_7	string
715	125626_15	string
715	125626_16	string
715	125626_20	string
1232	125626_20	string
785	126147_3	string
1071	126147_3	string
1222	126147_3	string
1071	126147_4	string
1222	126147_4	string
716	126147_9	string
764	126147_9	string
787	199399_1	string
787	199399_4	string
1167	199399_4	string
803	199399_8	string
785	199399_9	string
785	199399_10	string
1239	199399_20	string
1167	199399_22	string
787	199399_23	string
821	199399_23	string
1167	199399_23	string
719	199399_28	string
887	199962_0	string
985	199962_0	string
1071	199962_2	string
735	199962_11	string
1012	199962_12	string
931	100454_0	string
931	100454_4	string
785	100454_6	string
785	100454_7	string
973	100454_10	string
973	100454_16	string
1232	127525_5	string
1232	127525_6	string
764	127525_7	string
1071	167483_1	string
1071	167483_2	string
734	167483_21	string
1013	167483_22	string
719	167483_25	string
750	167483_25	string
761	167483_25	string
821	167483_25	string
1232	167483_25	string
746	134831_7	string
801	134831_7	string
872	134831_7	string
884	134831_7	string
959	134831_7	string
1012	134831_7	string
1207	134831_7	string
853	134831_8	string
1232	106887_2	string
1071	106887_4	string
719	106887_10	string
1012	106887_10	string
719	106887_11	string
1012	106887_11	string
746	106887_12	string
1232	106887_12	string
746	106887_13	string
865	115521_1	string
785	115521_6	string
785	115521_7	string
719	115521_16	string
746	115521_17	string
719	115521_18	string
1012	115521_18	string
887	119405_0	string
703	119405_9	string
735	119405_9	string
764	119405_9	string
813	119405_9	string
703	119405_10	string
708	119405_10	string
819	119405_10	string
1012	119405_10	string
708	119405_11	string
753	119405_11	string
801	119405_11	string
835	119405_11	string
1101	119405_11	string
1207	119405_11	string
719	119405_12	string
823	119405_12	string
1104	119405_12	string
708	119405_13	string
735	119405_13	string
764	119405_13	string
813	119405_13	string
819	119405_13	string
1012	119405_13	string
708	119405_14	string
753	119405_14	string
801	119405_14	string
835	119405_14	string
1012	119405_14	string
1101	119405_14	string
1207	119405_14	string
719	119405_15	string
1104	119405_15	string
707	163165_10	string
1232	163165_13	string
1232	163165_14	string
753	163165_15	string
801	163165_16	string
1012	163165_16	string
1207	163165_16	string
1232	163165_16	string
863	104841_2	string
863	104841_3	string
785	104841_8	string
863	104841_8	string
942	104841_8	string
863	104841_9	string
942	104841_9	string
1193	104841_9	string
1232	104841_11	string
1232	104841_12	string
974	104841_13	string
752	104841_14	string
1039	104841_14	string
974	104841_17	string
1232	104841_19	string
974	104841_20	string
1116	104841_20	string
1232	104841_20	string
1116	104841_21	string
887	182247_0	string
785	182247_4	string
1222	182247_4	string
887	182247_6	string
1133	182247_6	string
1147	182247_6	string
1152	182247_6	string
785	182247_15	string
764	180693_9	string
826	180693_9	string
745	180693_10	string
745	180693_11	string
815	166295_3	string
1088	166295_3	string
1071	166295_7	string
983	166295_11	string
909	166295_12	string
746	166295_15	string
983	166295_15	string
816	157952_0	string
786	157952_1	string
802	157952_1	string
816	157952_1	string
857	157952_1	string
1110	157952_1	string
785	157952_3	string
786	157952_3	string
802	157952_3	string
857	157952_3	string
1110	157952_3	string
857	157952_5	string
996	197331_0	string
747	197331_11	string
801	197331_11	string
1017	197331_11	string
1088	197331_11	string
1207	197331_11	string
716	197331_12	string
764	197331_12	string
801	197331_12	string
826	197331_12	string
1207	197331_12	string
716	197331_13	string
826	197331_13	string
785	165227_3	string
1232	165227_6	string
1232	165227_7	string
706	165227_9	string
1239	119124_2	string
785	119124_7	string
785	119124_12	string
965	119124_15	string
1176	119124_16	string
965	119124_17	string
760	122400_19	string
1207	122400_23	string
1242	122400_24	string
1242	122400_25	string
801	122400_26	string
1012	122400_26	string
1207	122400_26	string
719	122400_30	string
789	122400_30	string
821	122400_30	string
719	122400_31	string
821	122400_31	string
823	112446_14	string
698	169374_2	string
848	169374_2	string
883	169374_6	string
933	169374_6	string
1102	169374_6	string
1245	169374_6	string
780	169374_11	string
1096	169374_11	string
803	122251_5	string
1071	122251_5	string
1176	122578_1	string
1176	122578_2	string
763	122578_12	string
1012	122578_12	string
1013	122578_13	string
821	143223_0	string
887	143223_0	string
771	143223_5	string
706	143223_17	string
783	143223_20	string
889	143223_20	string
719	139249_0	string
806	139249_3	string
1012	139249_3	string
1106	139249_4	string
737	179499_8	string
785	185113_1	string
785	185113_2	string
1071	185113_2	string
764	185113_24	string
764	185113_27	string
1071	122629_4	string
1071	189408_2	string
1232	189408_6	string
764	189408_8	string
1232	189408_8	string
1232	189408_9	string
1232	189408_10	string
1232	189408_13	string
821	189408_14	string
1232	189408_14	string
1239	109928_3	string
1239	109928_5	string
719	109928_18	string
719	109928_19	string
764	109928_19	string
878	109928_19	string
719	109928_23	string
821	184846_0	string
1240	184846_0	string
988	184846_2	string
1019	184846_18	string
764	184846_21	string
821	184846_21	string
988	184846_21	string
1189	184846_24	string
1222	178112_1	string
800	178112_3	string
826	178112_5	string
759	127915_0	string
785	127915_6	string
759	127915_7	string
750	127915_9	string
759	127915_9	string
759	127915_11	string
1232	127915_11	string
750	187648_0	string
1232	187648_6	string
1232	187648_7	string
719	187648_8	string
872	187648_8	string
1232	187648_8	string
764	187648_9	string
719	187648_10	string
789	187648_10	string
1232	187648_11	string
719	187648_12	string
1232	187648_12	string
942	161722_8	string
1232	161722_8	string
1013	161722_10	string
887	168279_0	string
785	168279_3	string
1161	168279_31	string
771	168279_35	string
1232	168279_41	string
1088	168279_50	string
1232	168279_50	string
701	108084_0	string
731	108084_0	string
733	108084_4	string
701	108084_7	string
785	108084_12	string
785	108084_13	string
701	108084_21	string
746	108084_22	string
701	108084_26	string
731	108084_27	string
746	108084_28	string
1088	108084_29	string
696	108084_30	string
717	108084_30	string
1088	108084_30	string
746	108084_31	string
801	108084_31	string
1012	108084_31	string
1207	108084_31	string
746	108084_32	string
717	108084_36	string
835	108084_36	string
746	108084_37	string
803	122903_8	string
1057	122903_13	string
715	122903_16	string
715	122903_17	string
779	122903_17	string
1051	122903_17	string
1176	122903_17	string
1239	122903_17	string
771	122903_19	string
801	122903_20	string
1012	122903_20	string
1207	122903_20	string
1012	122903_21	string
1057	122903_25	string
988	184945_0	string
785	184945_5	string
889	184945_23	string
889	184945_26	string
887	190179_0	string
726	190179_2	string
796	190179_2	string
785	190179_6	string
785	190179_7	string
803	190179_7	string
1071	190179_7	string
785	190179_8	string
733	190179_19	string
796	190179_19	string
1088	176039_2	string
803	176039_7	string
983	176039_8	string
983	176039_9	string
1232	187917_0	string
1222	187917_2	string
1222	187917_3	string
863	187917_4	string
1232	187917_4	string
1232	187917_5	string
826	187917_6	string
763	187917_7	string
1232	187917_8	string
985	167675_0	string
803	167675_2	string
1232	167675_13	string
1232	167675_14	string
1232	167675_15	string
1232	167675_16	string
1232	167675_17	string
1232	167675_19	string
1232	167675_20	string
1232	167675_21	string
821	159504_1	string
785	159504_7	string
803	159504_8	string
803	159504_9	string
821	159504_10	string
715	159504_13	string
732	159504_13	string
763	159504_13	string
815	159504_13	string
821	159504_13	string
715	159504_14	string
732	159504_14	string
763	159504_17	string
821	159504_17	string
709	159434_0	string
985	159434_0	string
1050	159434_0	string
731	159434_9	string
713	159434_10	string
716	159434_10	string
1043	159434_10	string
1232	159434_10	string
713	159434_11	string
731	159434_11	string
791	159434_11	string
823	159434_11	string
842	159434_11	string
884	159434_11	string
713	159434_12	string
731	159434_12	string
890	159434_12	string
1043	159434_12	string
1110	159434_12	string
1232	139998_2	string
1040	139998_3	string
1232	139998_3	string
826	139998_4	string
806	139998_5	string
826	139998_5	string
746	118475_0	string
1157	118475_6	string
821	118475_7	string
963	118475_8	string
1012	118475_8	string
719	102433_0	string
887	102433_0	string
772	102433_2	string
772	102433_3	string
785	102433_10	string
785	102433_11	string
1239	102433_11	string
1239	102433_12	string
1239	102433_13	string
764	102433_16	string
801	102433_16	string
1207	102433_16	string
764	102433_17	string
1013	102433_17	string
1012	102433_18	string
1110	102433_18	string
746	179440_3	string
1232	179440_3	string
785	179440_6	string
785	179440_7	string
803	179440_7	string
822	179440_16	string
1232	179440_17	string
800	179440_18	string
746	179440_19	string
800	179440_19	string
884	179440_19	string
1232	179440_19	string
746	179440_20	string
800	179440_21	string
800	179440_22	string
887	150996_0	string
703	150996_7	string
783	150996_7	string
1222	139341_5	string
1012	139341_21	string
801	139341_22	string
1207	139341_22	string
865	139341_23	string
703	120337_2	string
716	120337_8	string
764	120337_8	string
826	120337_8	string
785	159904_2	string
803	159904_2	string
806	159904_9	string
764	159904_10	string
806	159904_10	string
1207	159904_12	string
1081	154332_0	string
1239	154332_0	string
1239	154332_1	string
785	154332_2	string
763	154332_3	string
1088	154332_3	string
1088	154332_4	string
821	154332_8	string
1232	198930_0	string
785	198930_3	string
803	198930_3	string
1232	198930_5	string
1057	198930_9	string
1232	198930_9	string
1232	198930_10	string
813	198930_11	string
1232	198930_11	string
813	198930_12	string
1232	198930_14	string
803	102758_3	string
813	102758_7	string
1088	102758_7	string
696	102758_8	string
716	102758_12	string
716	102758_13	string
785	135610_2	string
1232	135610_13	string
1232	135610_15	string
785	135610_17	string
1232	135610_17	string
785	135610_18	string
983	135610_18	string
1146	135610_18	string
983	135610_19	string
883	135610_20	string
1061	135610_20	string
927	170892_0	string
1232	170892_3	string
1146	170892_18	string
704	170892_20	string
791	170892_21	string
823	170892_21	string
883	170892_21	string
815	170892_23	string
815	170892_24	string
883	170892_24	string
704	170892_25	string
791	170892_25	string
823	170892_25	string
707	107052_1	string
1232	107052_1	string
815	107052_2	string
1088	107052_2	string
785	107052_5	string
803	107052_5	string
1232	107052_8	string
756	107052_11	string
1232	107052_11	string
756	107052_12	string
756	107052_13	string
756	107052_14	string
764	107052_14	string
1232	107052_16	string
1232	107052_17	string
785	120128_4	string
759	120128_7	string
887	130784_0	string
785	130784_2	string
826	130784_5	string
701	114210_0	string
785	114210_4	string
701	114210_5	string
1222	114210_5	string
701	114210_6	string
701	114210_8	string
701	114210_9	string
1232	114210_9	string
1239	114210_9	string
1232	114210_11	string
1232	114210_14	string
822	145013_0	string
785	145013_2	string
1222	145013_2	string
803	145013_3	string
1071	145013_3	string
1222	145013_3	string
775	145013_8	string
911	145013_8	string
1067	145013_8	string
1158	145013_8	string
736	157329_0	string
826	157329_0	string
887	157329_0	string
803	157329_10	string
1012	157329_15	string
806	157329_16	string
801	157329_17	string
1207	157329_17	string
938	157329_18	string
1020	157329_18	string
1159	157329_18	string
1231	157329_18	string
735	157329_20	string
764	157329_20	string
806	157329_21	string
1012	157329_22	string
1232	151192_7	string
801	151192_10	string
1012	151192_10	string
1207	151192_10	string
1012	151192_12	string
1232	151192_13	string
1232	151192_14	string
803	138286_3	string
763	138286_14	string
1232	138286_14	string
1239	138286_14	string
826	138286_15	string
764	126812_12	string
1239	173656_1	string
1239	173656_2	string
785	173656_5	string
1222	173656_5	string
750	173656_8	string
706	183590_0	string
706	183590_1	string
835	183590_1	string
815	110806_0	string
1080	110806_1	string
1239	110806_1	string
801	110806_2	string
815	110806_2	string
1207	110806_2	string
785	110806_4	string
857	110806_6	string
1080	110806_6	string
985	110806_7	string
1012	110806_8	string
1012	110806_9	string
801	110806_10	string
806	110806_10	string
1207	110806_10	string
806	110806_11	string
801	110806_12	string
1207	110806_12	string
801	110806_13	string
985	110806_13	string
1012	110806_13	string
1207	110806_13	string
719	198098_0	string
785	198098_4	string
1071	198098_4	string
764	198098_10	string
789	198098_12	string
887	156001_0	string
1222	156001_1	string
1232	156001_5	string
985	156001_8	string
1232	156001_11	string
887	143701_0	string
857	143701_2	string
857	143701_3	string
849	143701_6	string
785	174261_2	string
1222	174261_2	string
746	174261_14	string
785	112857_1	string
764	112857_2	string
785	149073_11	string
803	149073_11	string
1222	149073_11	string
785	149073_12	string
803	149073_12	string
785	149073_13	string
803	149073_13	string
1222	149073_13	string
707	149073_14	string
718	149073_14	string
768	149073_14	string
896	149073_14	string
929	149073_14	string
1095	149073_14	string
1147	149073_15	string
707	149073_16	string
718	149073_16	string
768	149073_16	string
896	149073_16	string
929	149073_16	string
1095	149073_16	string
803	149073_38	string
1039	149073_40	string
764	149073_42	string
985	157743_0	string
870	157743_3	string
771	157743_6	string
719	131694_0	string
1232	131694_0	string
719	131694_1	string
1232	131694_1	string
785	131694_4	string
866	131694_5	string
764	131694_9	string
719	131694_12	string
821	131694_12	string
754	126013_1	string
857	126013_1	string
1222	126013_4	string
803	126013_5	string
1222	126013_5	string
769	126013_13	string
813	126013_13	string
769	126013_14	string
872	126013_14	string
1088	191228_26	string
785	173273_2	string
942	180691_1	string
785	180691_2	string
803	180691_2	string
1222	180691_2	string
826	180691_5	string
785	126242_3	string
785	126242_4	string
1071	126242_4	string
1222	126242_4	string
785	126242_5	string
1063	126242_24	string
1110	126242_26	string
746	126242_27	string
772	126242_27	string
959	126242_27	string
1063	126242_28	string
1110	126242_28	string
1239	140432_1	string
1071	140432_2	string
785	140432_5	string
803	140432_5	string
1071	140432_5	string
828	136175_0	string
985	136175_0	string
1073	136175_0	string
785	136175_6	string
785	136175_7	string
753	136175_14	string
764	136175_14	string
764	136175_15	string
791	136175_15	string
806	136175_15	string
823	136175_15	string
801	136175_16	string
806	136175_16	string
1012	136175_16	string
1207	136175_16	string
791	136175_17	string
823	136175_17	string
1232	133855_15	string
1232	133855_17	string
1013	133855_18	string
801	133855_19	string
1012	133855_19	string
1207	133855_19	string
1189	133855_20	string
746	198957_11	string
959	198957_11	string
983	198957_11	string
959	198957_13	string
746	198957_14	string
752	198957_14	string
1039	198957_14	string
785	123832_2	string
785	123832_3	string
1071	123832_3	string
1239	123832_9	string
716	123832_10	string
826	123832_10	string
1239	123832_10	string
1013	123832_11	string
785	114149_2	string
1030	114149_4	string
826	114149_5	string
790	181555_1	string
998	181555_12	string
737	181555_17	string
737	181555_18	string
985	115334_0	string
716	115334_4	string
734	115334_4	string
800	115334_4	string
1069	115334_4	string
887	195968_0	string
985	195968_0	string
1232	195968_0	string
1232	195968_1	string
785	195968_2	string
1071	195968_2	string
1071	195968_3	string
1232	195968_4	string
1189	151851_2	string
1189	151851_3	string
737	151851_9	string
736	139780_0	string
996	119964_0	string
785	119964_3	string
785	119964_4	string
785	119964_6	string
785	119964_7	string
1232	171327_4	string
785	171327_6	string
803	171327_6	string
1232	171327_12	string
1232	171327_21	string
1232	171327_26	string
764	171327_27	string
1232	171327_29	string
813	162981_4	string
912	162981_4	string
785	146104_0	string
785	146104_1	string
1071	146104_1	string
1222	146104_1	string
764	146104_12	string
785	109173_5	string
803	109173_5	string
1222	109173_5	string
785	109173_6	string
785	166902_4	string
785	166902_6	string
1222	166902_6	string
837	166902_26	string
826	166902_41	string
785	189261_3	string
785	189261_4	string
803	189261_4	string
1222	189261_4	string
719	189261_5	string
719	189261_9	string
1232	165603_0	string
1232	165603_2	string
1232	165603_3	string
785	165603_5	string
785	165603_6	string
785	165603_7	string
848	165603_15	string
1215	165603_15	string
848	165603_16	string
1215	165603_16	string
703	165603_35	string
714	165603_35	string
717	165603_35	string
791	165603_35	string
823	165603_35	string
1104	165603_35	string
963	165603_36	string
1063	165603_36	string
771	106782_6	string
737	106782_8	string
887	108742_0	string
887	108742_1	string
785	108742_4	string
737	108742_5	string
1088	106091_1	string
1088	106091_2	string
983	106091_15	string
806	106091_16	string
983	106091_16	string
806	106091_17	string
1088	106091_17	string
1239	106091_19	string
983	106091_20	string
1088	106091_20	string
1239	106091_21	string
851	194084_8	string
785	170309_8	string
1222	170309_8	string
813	170309_11	string
764	170309_14	string
826	170309_14	string
764	170309_15	string
719	170309_18	string
821	170309_18	string
1232	147575_0	string
1232	147575_2	string
1232	147575_7	string
1232	147575_8	string
750	147575_10	string
899	147575_10	string
764	147575_11	string
806	147575_11	string
1207	147575_11	string
1012	147575_12	string
1012	147575_13	string
719	199447_0	string
772	199447_0	string
772	199447_3	string
772	199447_4	string
785	199447_5	string
803	199447_5	string
772	199447_9	string
701	199447_10	string
701	199447_11	string
1232	184833_1	string
1069	184833_8	string
1123	184833_8	string
1232	184833_8	string
1232	184833_11	string
737	133425_7	string
785	126095_8	string
988	148450_0	string
744	148450_2	string
785	148450_5	string
1222	148450_5	string
785	148450_6	string
1239	148450_19	string
785	100761_3	string
746	167088_0	string
887	167088_0	string
803	167088_5	string
801	167088_9	string
1207	167088_9	string
801	167088_10	string
806	167088_10	string
1207	167088_10	string
696	167088_11	string
1176	195981_1	string
785	195981_2	string
785	195981_3	string
826	195981_5	string
826	195981_6	string
785	128251_3	string
1157	128251_5	string
1232	128251_5	string
1232	128251_8	string
1091	140660_1	string
1230	140660_1	string
1239	140660_1	string
1091	140660_2	string
1239	140660_2	string
785	140660_8	string
803	140660_8	string
1071	140660_8	string
1222	140660_8	string
785	140660_9	string
785	140660_10	string
1222	140660_10	string
1071	140660_11	string
1239	140660_12	string
1091	140660_14	string
889	140660_15	string
704	152649_0	string
837	152649_0	string
785	152649_4	string
785	152649_5	string
834	152649_17	string
1012	152649_17	string
1056	152649_17	string
1132	152649_17	string
1200	152649_17	string
801	152649_18	string
1012	152649_18	string
1207	152649_18	string
1039	152649_19	string
764	152649_20	string
1132	152649_21	string
823	152649_22	string
834	152649_22	string
844	152649_22	string
823	152649_28	string
737	154943_10	string
863	150306_2	string
785	150306_3	string
863	150306_3	string
863	150306_10	string
1049	150306_15	string
801	150306_16	string
1013	150306_16	string
1207	150306_16	string
801	150306_17	string
1207	150306_17	string
863	150306_18	string
1232	165056_4	string
816	165056_17	string
823	165056_17	string
1195	165056_17	string
816	165056_20	string
823	165056_20	string
815	167036_3	string
785	167036_7	string
750	167036_12	string
1232	167036_15	string
750	167036_16	string
1232	167036_16	string
764	167036_19	string
1232	167036_19	string
1088	167036_20	string
1088	167036_21	string
1232	167036_22	string
785	171379_2	string
785	171379_3	string
737	171379_7	string
877	109853_0	string
1022	109853_5	string
1199	109853_5	string
801	109853_6	string
1012	109853_6	string
1207	109853_6	string
826	109853_8	string
1013	109853_8	string
1222	125755_4	string
1239	125755_8	string
763	125755_9	string
772	125755_9	string
877	125755_9	string
1104	125755_9	string
1239	125755_9	string
1239	125755_10	string
785	191144_4	string
857	191144_8	string
764	191144_9	string
806	191144_10	string
1207	191144_10	string
1106	191144_11	string
826	191144_13	string
1065	149203_3	string
1232	149203_3	string
785	149203_6	string
785	149203_7	string
759	149203_9	string
1065	149203_9	string
1232	149203_10	string
1012	149203_12	string
801	149203_13	string
1012	149203_13	string
1207	149203_13	string
801	149203_15	string
1012	149203_15	string
1207	149203_15	string
703	149203_16	string
785	149436_4	string
785	149436_5	string
1232	149436_10	string
806	149436_11	string
813	149436_11	string
1207	149436_11	string
806	149436_13	string
813	149436_14	string
1207	149436_14	string
1232	149436_16	string
863	149204_1	string
785	147383_2	string
785	147383_3	string
785	147383_4	string
803	147383_4	string
785	169851_2	string
803	169851_2	string
785	169851_3	string
702	169851_6	string
750	169851_6	string
716	169851_7	string
750	169851_7	string
764	169851_7	string
826	169851_7	string
1232	115109_0	string
1232	115109_2	string
785	115109_5	string
785	115109_6	string
1232	155638_1	string
785	155638_2	string
1176	155638_5	string
1176	155638_6	string
753	155638_7	string
764	155638_7	string
826	155638_7	string
848	107357_0	string
1069	107357_0	string
1232	107357_1	string
1232	107357_6	string
764	107357_7	string
1232	107357_7	string
1239	107357_7	string
706	158768_1	string
719	158768_4	string
769	158768_4	string
863	158768_4	string
1157	158768_4	string
1193	158768_4	string
1232	158768_4	string
1071	158768_5	string
785	158768_6	string
1103	158768_8	string
1193	158768_9	string
1232	158768_9	string
759	158768_10	string
1193	158768_10	string
988	158768_12	string
1093	158768_12	string
706	158768_17	string
785	158768_17	string
706	158768_18	string
733	158768_18	string
785	158768_18	string
733	158768_19	string
759	158768_20	string
706	158768_21	string
779	158768_21	string
785	158768_21	string
899	158768_21	string
1176	158768_21	string
731	158768_22	string
733	158768_22	string
815	158768_22	string
911	158768_22	string
988	158768_22	string
1063	158768_22	string
1093	158768_22	string
723	158768_23	string
746	158768_23	string
863	158768_23	string
733	116778_5	string
733	116778_6	string
955	116778_6	string
1057	116778_9	string
1057	116778_10	string
1057	116778_11	string
764	116778_13	string
764	116778_14	string
707	118677_0	string
785	118677_3	string
785	118677_4	string
785	118677_6	string
785	118677_7	string
1232	118677_9	string
1232	118677_10	string
768	118677_11	string
1095	118677_11	string
998	118677_13	string
785	118677_14	string
740	118677_15	string
740	118677_16	string
696	118677_18	string
764	118677_18	string
764	118677_19	string
1232	118677_23	string
1222	144518_3	string
731	144518_6	string
1232	144518_7	string
1232	144518_8	string
1232	144518_11	string
803	170614_4	string
718	170614_6	string
861	170614_6	string
996	170614_6	string
1133	170614_6	string
718	170614_7	string
996	170614_7	string
1133	170614_7	string
1147	170614_7	string
899	170614_19	string
719	170614_20	string
899	170614_20	string
996	131156_0	string
1012	131156_6	string
963	131156_7	string
985	131156_7	string
1012	131156_7	string
1171	131156_7	string
1195	131156_7	string
746	131156_8	string
752	131156_8	string
1039	131156_8	string
764	131156_9	string
1012	131156_10	string
821	131156_11	string
821	131156_12	string
821	131156_13	string
1071	178391_2	string
741	178391_4	string
872	178391_4	string
764	178391_5	string
1222	140236_3	string
1232	140236_9	string
1232	140236_16	string
706	162910_0	string
701	162910_1	string
779	162910_1	string
1176	162910_1	string
701	162910_2	string
706	162910_5	string
719	162910_5	string
763	162910_5	string
787	162910_5	string
791	162910_5	string
843	162910_5	string
887	162910_5	string
1080	162910_5	string
706	162910_6	string
791	162910_6	string
785	162910_8	string
719	162910_10	string
706	162910_11	string
769	162910_11	string
1232	162910_11	string
768	145699_3	string
1232	145699_8	string
785	145699_11	string
785	145699_12	string
1232	145699_22	string
1232	145699_24	string
701	167773_0	string
887	167773_0	string
785	167773_6	string
1232	167773_7	string
1232	167773_8	string
750	167773_10	string
1232	167773_10	string
785	163816_3	string
785	163816_4	string
1222	163816_4	string
785	163816_5	string
809	163816_9	string
767	163816_10	string
853	163816_10	string
877	163816_10	string
959	163816_10	string
959	163816_12	string
719	196558_0	string
785	196558_7	string
803	196558_7	string
716	196558_15	string
785	128247_9	string
719	128247_11	string
810	128247_11	string
696	128247_12	string
719	128247_12	string
810	128247_12	string
840	128247_12	string
918	128247_12	string
715	128247_13	string
918	128247_13	string
696	128247_14	string
764	128247_14	string
719	128247_15	string
810	128247_15	string
840	128247_15	string
801	161610_17	string
806	161610_17	string
906	161610_17	string
1207	161610_17	string
703	161610_18	string
735	161610_18	string
735	161610_21	string
764	161610_21	string
719	150548_0	string
985	150548_0	string
785	150548_6	string
714	150548_14	string
813	150548_14	string
1031	150548_14	string
1153	150548_14	string
1241	150548_14	string
750	151614_2	string
726	151614_6	string
714	151614_10	string
826	151614_10	string
884	151614_10	string
941	151614_10	string
983	151614_10	string
1031	151614_10	string
983	151614_11	string
1031	151614_11	string
698	151614_12	string
941	151614_12	string
789	151614_19	string
985	151614_19	string
779	183827_2	string
1176	183827_2	string
696	183827_3	string
746	183827_3	string
763	183827_3	string
767	183827_3	string
779	183827_3	string
1176	183827_3	string
771	176107_0	string
1076	176107_0	string
707	176107_1	string
1076	176107_5	string
785	176107_7	string
803	176107_7	string
712	176107_12	string
885	176107_12	string
1171	176107_12	string
1195	176107_12	string
1207	176107_12	string
696	176107_13	string
885	176107_14	string
1171	176107_14	string
1195	176107_14	string
985	147345_0	string
818	147345_2	string
785	147345_8	string
823	147345_10	string
704	157685_0	string
996	157685_0	string
910	157685_1	string
877	157685_3	string
785	157685_7	string
1071	157685_7	string
785	157685_8	string
803	157685_8	string
744	157685_11	string
772	157685_13	string
910	157685_13	string
772	157685_17	string
877	157685_17	string
910	157685_17	string
728	157685_18	string
772	157685_18	string
877	157685_18	string
910	157685_18	string
728	157685_19	string
1060	157685_19	string
777	157685_20	string
719	157685_21	string
772	157685_24	string
910	157685_24	string
1071	177125_5	string
1232	177125_9	string
1232	177125_10	string
1232	177125_14	string
1232	177125_15	string
1232	177125_16	string
1232	177125_22	string
785	122920_8	string
1232	122920_9	string
763	122920_12	string
763	122920_13	string
763	122920_14	string
763	122920_18	string
702	177613_0	string
785	177613_8	string
803	177613_8	string
706	177613_14	string
865	177613_14	string
1189	177613_14	string
716	177613_17	string
1232	177613_17	string
741	177613_18	string
803	177613_18	string
938	177613_18	string
704	146947_2	string
861	146947_3	string
785	146947_7	string
704	146947_10	string
816	113492_5	string
801	113492_6	string
1189	113492_6	string
1207	113492_6	string
1189	113492_7	string
785	185494_6	string
785	185494_7	string
803	185494_7	string
973	185494_8	string
959	185494_11	string
1012	185494_14	string
770	106482_1	string
696	115865_1	string
719	115865_1	string
763	115865_1	string
779	115865_1	string
821	115865_1	string
1026	115865_1	string
1176	115865_1	string
731	115865_7	string
719	115865_8	string
731	115865_8	string
709	180884_0	string
763	180884_0	string
767	180884_0	string
840	180884_0	string
1104	180884_0	string
752	180884_1	string
767	180884_1	string
769	180884_1	string
779	180884_1	string
800	180884_1	string
840	180884_1	string
935	180884_1	string
1039	180884_1	string
1176	180884_1	string
759	180884_5	string
759	180884_7	string
759	180884_8	string
759	180884_9	string
719	180884_12	string
729	180884_12	string
735	180884_12	string
759	180884_12	string
840	180884_12	string
1066	180884_12	string
935	180884_13	string
719	133990_0	string
815	133990_0	string
764	133990_10	string
789	133990_13	string
719	133990_14	string
789	133990_14	string
821	133990_14	string
719	132444_2	string
719	132444_4	string
788	132444_4	string
1026	132444_4	string
719	132444_5	string
788	132444_5	string
1026	132444_5	string
803	132444_6	string
1222	132444_6	string
719	132444_9	string
1026	132444_9	string
719	132444_10	string
1026	132444_10	string
719	132444_13	string
821	132444_14	string
1026	132444_14	string
1222	123743_5	string
746	123743_9	string
1176	123743_9	string
826	123743_11	string
753	123743_12	string
740	149256_2	string
1232	149256_2	string
740	149256_3	string
785	149256_5	string
785	149256_7	string
803	149256_7	string
801	149256_19	string
803	149256_19	string
1207	149256_19	string
724	174571_2	string
733	174571_2	string
1063	174571_2	string
787	174571_3	string
785	174571_5	string
857	174571_5	string
1222	174571_5	string
857	174571_6	string
1063	174571_7	string
785	175366_6	string
1071	175366_6	string
785	175366_9	string
1232	175366_13	string
1232	175366_14	string
935	175366_17	string
719	175366_19	string
953	175366_19	string
1031	175366_19	string
953	175366_21	string
1031	175366_21	string
1232	175366_22	string
719	175366_25	string
1232	175366_25	string
763	143937_9	string
826	143937_9	string
834	143937_9	string
733	192498_3	string
772	192498_5	string
841	192498_5	string
785	192498_8	string
785	192498_9	string
1232	192498_14	string
801	192498_17	string
1207	192498_17	string
801	192498_20	string
942	192498_20	string
1012	192498_20	string
1207	192498_20	string
801	192498_21	string
1012	192498_21	string
1207	192498_21	string
1012	192498_22	string
1232	192498_24	string
1232	192498_25	string
704	134027_0	string
785	134027_5	string
785	134027_6	string
764	134027_14	string
853	134027_14	string
1176	134027_14	string
853	134027_18	string
853	134027_19	string
1176	134027_20	string
887	112869_0	string
785	112869_5	string
785	112869_6	string
803	112869_6	string
1071	112869_6	string
1222	112869_6	string
785	112869_7	string
700	112869_11	string
826	112869_11	string
826	112869_12	string
700	112869_13	string
826	112869_13	string
700	112869_14	string
785	109361_6	string
1222	109361_6	string
1232	109361_9	string
719	109361_11	string
942	109361_11	string
703	109361_12	string
719	109361_12	string
764	109361_12	string
942	109361_12	string
703	109361_13	string
719	109361_13	string
942	109361_13	string
703	109361_14	string
1232	109361_14	string
1232	109361_15	string
1157	134964_2	string
785	134964_3	string
972	134964_3	string
1026	134964_3	string
1157	134964_3	string
1222	134964_3	string
1232	134964_3	string
876	199642_0	string
1220	199642_5	string
719	199642_6	string
876	199642_6	string
785	199642_11	string
803	199642_11	string
744	199642_17	string
723	199642_18	string
697	199642_19	string
715	199642_19	string
719	199642_19	string
715	199642_20	string
697	199642_22	string
719	199642_22	string
723	199642_22	string
744	199642_22	string
876	199642_22	string
697	199642_23	string
719	199642_23	string
785	143881_4	string
785	143881_5	string
803	143881_5	string
779	143881_9	string
908	143881_9	string
1176	143881_9	string
696	143881_13	string
908	143881_13	string
908	143881_15	string
785	131768_9	string
803	131768_9	string
1057	131768_20	string
803	131768_21	string
1057	131768_21	string
1082	131768_23	string
1082	131768_24	string
772	183737_0	string
754	183737_1	string
857	183737_1	string
865	183737_1	string
754	183737_2	string
1189	183737_11	string
746	183737_12	string
1040	183737_12	string
708	117505_1	string
772	117505_1	string
706	117505_2	string
752	117505_2	string
772	117505_2	string
1039	117505_2	string
708	117505_3	string
1199	117505_3	string
785	117505_5	string
719	117505_6	string
719	117505_7	string
921	117505_7	string
719	117505_8	string
731	117505_8	string
759	117505_9	string
1193	117505_9	string
731	117505_12	string
772	117505_13	string
708	117505_14	string
785	117505_14	string
706	117505_15	string
772	117505_15	string
785	117505_15	string
983	117505_15	string
701	117505_16	string
983	117505_16	string
1232	117505_16	string
708	117505_18	string
731	117505_18	string
759	117505_18	string
1232	117505_18	string
719	117505_19	string
785	153552_2	string
785	153552_3	string
1222	153552_3	string
785	153552_4	string
764	153552_6	string
722	153552_7	string
723	153552_7	string
791	153552_7	string
871	153552_7	string
935	153552_7	string
1117	153552_7	string
1153	153552_7	string
704	153552_8	string
723	153552_8	string
823	153552_8	string
826	153552_8	string
764	153552_9	string
996	142533_12	string
1069	142533_12	string
1208	142533_12	string
785	199637_5	string
764	199637_7	string
719	199637_9	string
821	199637_9	string
695	199637_10	string
719	199637_10	string
821	199637_10	string
1180	178782_0	string
813	178782_4	string
785	196878_2	string
707	196878_3	string
718	196878_3	string
738	196878_3	string
768	196878_3	string
771	196878_3	string
896	196878_3	string
929	196878_3	string
1095	196878_3	string
1147	196878_3	string
834	196878_9	string
801	196878_10	string
1114	196878_10	string
1207	196878_10	string
1213	196878_10	string
785	161068_1	string
826	161068_2	string
764	161068_3	string
864	105954_8	string
816	105954_9	string
918	106334_0	string
815	106334_1	string
1088	106334_1	string
815	106334_2	string
1088	106334_2	string
1239	106334_3	string
785	106334_10	string
771	106334_15	string
955	106334_15	string
812	106334_16	string
1088	106334_16	string
1239	106334_16	string
821	128587_0	string
874	128587_5	string
826	128587_6	string
874	128587_6	string
874	128587_9	string
695	183002_1	string
1000	183002_1	string
1071	183002_4	string
1071	183002_5	string
768	134857_1	string
1232	134857_1	string
736	134857_2	string
1232	134857_2	string
1088	134857_4	string
785	134857_8	string
785	134857_9	string
785	108558_1	string
785	108558_2	string
1199	108558_5	string
1232	108558_5	string
764	108558_6	string
719	142645_14	string
959	142645_14	string
866	141538_0	string
874	141538_0	string
887	141538_0	string
785	141538_1	string
1088	141538_4	string
1088	141538_5	string
764	141538_6	string
764	141538_7	string
801	141538_7	string
842	141538_7	string
1012	141538_7	string
1207	141538_7	string
842	141538_8	string
874	141538_8	string
785	136356_5	string
983	136356_11	string
1015	136356_11	string
935	136356_12	string
1020	136356_12	string
851	136356_13	string
983	136356_14	string
1017	136356_14	string
1020	136356_14	string
983	136356_16	string
1020	136356_16	string
785	171123_8	string
1071	171123_8	string
824	193855_0	string
1232	193855_0	string
857	193855_1	string
762	193855_2	string
863	193855_2	string
1232	193855_3	string
785	193855_4	string
1222	193855_4	string
704	193855_5	string
718	193855_5	string
738	193855_5	string
768	193855_5	string
771	193855_5	string
896	193855_5	string
929	193855_5	string
955	193855_5	string
1095	193855_5	string
1147	193855_5	string
785	193855_6	string
719	193855_8	string
719	193855_9	string
863	193855_9	string
974	193855_10	string
698	193855_11	string
762	193855_11	string
863	193855_11	string
884	193855_11	string
762	193855_12	string
1207	193855_12	string
1012	193855_13	string
753	193855_14	string
974	193855_14	string
719	193855_16	string
863	193855_16	string
863	193855_17	string
803	132513_7	string
1071	132513_7	string
1071	132513_8	string
806	132513_12	string
806	132513_13	string
806	132513_14	string
826	132513_14	string
1012	132513_14	string
806	132513_15	string
826	132513_17	string
785	141520_4	string
785	141520_5	string
1039	141520_14	string
719	141520_16	string
821	141520_16	string
745	141520_17	string
815	125325_0	string
753	125325_1	string
1057	125325_2	string
1057	125325_10	string
1040	125325_15	string
1232	190532_5	string
785	190532_7	string
1232	190532_15	string
1232	190532_16	string
967	171305_5	string
1041	171305_5	string
845	171305_6	string
967	171305_6	string
1041	171305_6	string
785	171305_9	string
803	171305_9	string
785	171305_10	string
803	171305_10	string
801	171305_23	string
1207	171305_23	string
801	171305_25	string
1207	171305_25	string
764	171305_26	string
801	171305_26	string
1207	171305_26	string
785	123684_6	string
1040	123684_10	string
820	123684_11	string
1040	123684_11	string
1088	123684_11	string
1153	123684_11	string
806	123684_12	string
820	123684_12	string
1088	123684_12	string
1207	123684_12	string
826	123684_14	string
719	123684_15	string
704	114250_0	string
887	114250_0	string
1232	114250_1	string
1232	114250_11	string
1232	114250_13	string
983	114250_14	string
1040	114250_14	string
1232	114250_14	string
1239	114250_14	string
1239	114250_15	string
806	114250_16	string
826	114250_16	string
826	114250_17	string
983	114250_18	string
983	114250_19	string
1232	114250_19	string
1232	114250_23	string
1088	183009_0	string
723	162528_5	string
843	162528_5	string
1040	162528_5	string
723	162528_6	string
843	162528_6	string
785	112815_6	string
803	112815_6	string
1222	112815_6	string
803	112815_7	string
1222	112815_11	string
764	112815_13	string
785	159894_2	string
785	159894_3	string
785	159894_9	string
785	159894_10	string
803	159894_10	string
865	159894_18	string
696	159894_19	string
719	161844_0	string
1232	161844_0	string
719	161844_9	string
1232	161844_9	string
719	161844_10	string
703	161844_11	string
750	161844_11	string
863	161844_11	string
785	184358_7	string
738	184358_8	string
771	184358_8	string
785	184358_8	string
704	184358_9	string
707	184358_9	string
718	184358_9	string
738	184358_9	string
768	184358_9	string
771	184358_9	string
896	184358_9	string
929	184358_9	string
955	184358_9	string
1095	184358_9	string
1147	184358_9	string
826	149452_13	string
826	149452_14	string
764	155569_8	string
1040	155569_8	string
806	155569_9	string
719	155569_11	string
745	155569_11	string
821	155569_11	string
785	126574_5	string
785	126574_7	string
806	126574_10	string
813	126574_10	string
821	126574_10	string
909	126574_10	string
1040	126574_10	string
1104	126574_10	string
1207	126574_10	string
1232	126574_10	string
826	126574_11	string
708	113865_0	string
826	113865_14	string
826	113865_15	string
785	100966_6	string
715	100966_10	string
763	100966_10	string
806	100966_10	string
988	100966_10	string
1040	100966_10	string
708	100966_11	string
746	100966_11	string
763	100966_11	string
715	100966_12	string
746	100966_12	string
1176	142178_5	string
763	142178_8	string
781	142178_8	string
1039	142178_10	string
985	108176_0	string
785	108176_2	string
785	108176_3	string
785	108176_14	string
1013	108176_16	string
719	108176_19	string
821	108176_19	string
1088	122828_0	string
764	122828_4	string
1239	122828_5	string
1232	180546_0	string
1232	180546_4	string
1232	180546_9	string
1232	180546_11	string
1232	180546_12	string
716	180546_13	string
753	180546_13	string
703	180546_14	string
819	180546_14	string
703	180546_15	string
801	180546_15	string
1012	180546_15	string
1013	180546_15	string
1207	180546_15	string
1013	180546_16	string
753	180546_17	string
819	180546_17	string
703	180546_18	string
716	180546_18	string
1232	180546_21	string
820	120889_13	string
801	120889_14	string
820	120889_14	string
1207	120889_14	string
801	120889_15	string
1207	120889_15	string
1232	153808_9	string
1069	153808_10	string
1069	153808_11	string
851	153808_12	string
1232	153808_12	string
851	153808_13	string
973	197150_0	string
1146	197150_1	string
787	197150_2	string
785	197150_5	string
803	197150_5	string
1222	197150_5	string
697	197150_22	string
1088	197150_22	string
1239	197150_25	string
785	128119_2	string
764	128119_7	string
1039	128119_7	string
719	128119_8	string
821	128119_8	string
719	195655_0	string
750	195655_0	string
750	195655_3	string
750	195655_4	string
785	195655_9	string
803	195655_9	string
1071	195655_9	string
750	195655_10	string
719	195655_12	string
750	195655_12	string
703	195655_13	string
823	195655_13	string
935	195655_13	string
1013	195655_13	string
719	195655_14	string
823	195655_14	string
935	195655_14	string
1232	195655_15	string
719	195655_16	string
785	116117_2	string
823	116117_11	string
767	116117_12	string
801	116117_12	string
823	116117_12	string
1012	116117_12	string
1040	116117_12	string
1207	116117_12	string
801	116117_13	string
806	116117_13	string
1207	116117_13	string
764	116117_14	string
821	116117_18	string
719	113644_1	string
1232	113644_1	string
764	113644_11	string
826	113644_11	string
719	113644_13	string
821	113644_13	string
1232	140402_0	string
1232	140402_3	string
1232	140402_16	string
1232	140402_17	string
1232	140402_18	string
1222	126623_7	string
1012	126623_15	string
826	126623_20	string
826	186314_7	string
965	186314_7	string
764	184718_3	string
887	172267_0	string
1232	172267_0	string
715	172267_11	string
813	172267_11	string
785	178787_4	string
803	178787_4	string
785	178787_5	string
764	178787_17	string
1013	178787_17	string
826	178787_20	string
992	154237_3	string
992	154237_4	string
738	154237_8	string
768	154237_8	string
771	154237_8	string
929	154237_8	string
704	154237_9	string
718	154237_9	string
738	154237_9	string
768	154237_9	string
771	154237_9	string
896	154237_9	string
929	154237_9	string
955	154237_9	string
1095	154237_9	string
1147	154237_9	string
992	154237_12	string
992	154237_17	string
992	154237_20	string
992	154237_21	string
783	154237_22	string
992	154237_22	string
992	154237_24	string
1187	129611_2	string
1222	129611_6	string
955	129611_22	string
955	129611_23	string
1189	129611_28	string
785	196898_1	string
1071	196898_1	string
826	196898_4	string
789	196898_5	string
785	152105_4	string
713	152105_10	string
719	196459_0	string
746	196459_0	string
746	196459_1	string
725	196459_2	string
822	196459_2	string
1110	196459_2	string
715	196459_4	string
746	196459_4	string
821	196459_5	string
872	196459_5	string
746	196459_11	string
1110	196459_12	string
746	196459_13	string
713	196459_16	string
872	196459_16	string
700	196459_17	string
715	196459_17	string
700	196459_18	string
713	196459_18	string
715	196459_18	string
746	196459_18	string
821	196459_18	string
700	196459_20	string
746	196459_20	string
857	196459_20	string
746	196459_21	string
700	196459_22	string
715	196459_22	string
746	196459_22	string
857	196459_22	string
715	196459_23	string
746	196459_23	string
821	196459_23	string
785	121149_1	string
785	121149_2	string
1222	121149_2	string
1222	121149_3	string
715	121149_4	string
746	121149_4	string
928	121149_4	string
1057	121149_4	string
1222	121149_4	string
826	121149_9	string
785	148912_3	string
785	148912_4	string
706	148912_8	string
1025	148912_9	string
1239	148912_9	string
826	148912_14	string
1222	109543_3	string
785	109543_5	string
803	109543_5	string
1222	109543_5	string
1057	109543_7	string
785	129645_3	string
1071	129645_3	string
785	129645_4	string
785	129556_6	string
785	129556_7	string
771	129556_8	string
785	129556_8	string
955	129556_8	string
803	129556_24	string
1063	129556_25	string
764	129556_27	string
865	129556_29	string
1001	155573_1	string
785	155573_4	string
709	155573_11	string
715	155573_11	string
746	155573_11	string
764	155573_11	string
767	155573_11	string
716	154244_0	string
744	154244_1	string
1088	154244_1	string
1088	154244_2	string
785	154244_5	string
803	154244_5	string
785	154244_7	string
785	154244_8	string
803	154244_8	string
803	154244_9	string
764	154244_15	string
719	120538_0	string
776	120538_0	string
809	120538_0	string
887	120538_0	string
968	120538_0	string
809	120538_1	string
1071	120538_1	string
785	120538_4	string
803	120538_4	string
809	120538_4	string
1071	120538_4	string
776	120538_5	string
809	120538_5	string
968	120538_5	string
1091	120538_5	string
968	120538_6	string
710	120538_8	string
764	121917_11	string
826	121917_11	string
764	121917_12	string
821	121917_14	string
785	190272_3	string
785	190272_4	string
803	190272_5	string
1239	190272_10	string
909	190272_12	string
820	190272_13	string
889	190272_13	string
909	190272_13	string
1012	190272_13	string
801	190272_14	string
1207	190272_14	string
790	157252_0	string
737	157252_9	string
823	157252_9	string
785	172900_1	string
785	172900_2	string
785	172900_3	string
801	172900_6	string
1012	172900_6	string
1207	172900_6	string
887	145720_0	string
1071	145720_1	string
785	145720_3	string
803	145720_3	string
763	145720_8	string
998	145720_8	string
763	145720_9	string
813	145720_9	string
1039	145720_9	string
764	131251_5	string
826	131251_7	string
785	171753_1	string
785	171753_2	string
826	171753_10	string
790	199407_1	string
857	199407_3	string
857	199407_4	string
823	199407_11	string
823	199407_12	string
1239	185823_4	string
707	185823_5	string
787	185823_5	string
1232	185823_6	string
1245	185823_6	string
1232	185823_7	string
785	185823_9	string
785	185823_10	string
803	185823_10	string
785	185823_11	string
697	185823_14	string
704	185823_14	string
798	185823_14	string
801	185823_14	string
826	185823_14	string
918	185823_14	string
1207	185823_14	string
1242	185823_14	string
826	185823_15	string
918	185823_15	string
826	185823_16	string
801	185823_17	string
1207	185823_17	string
1012	185823_18	string
1232	185823_19	string
785	166136_1	string
1222	166136_1	string
785	166136_2	string
1071	166136_2	string
785	174736_4	string
803	174736_5	string
942	174736_9	string
801	174736_10	string
942	174736_10	string
1012	174736_10	string
1039	174736_10	string
1207	174736_10	string
806	174736_11	string
1012	174736_12	string
1189	174736_12	string
719	167413_0	string
828	167413_0	string
848	167413_0	string
887	167413_0	string
911	167413_0	string
923	167413_0	string
1150	167413_0	string
1189	167413_2	string
785	167413_6	string
1222	167413_7	string
803	167413_8	string
1071	167413_8	string
1121	167413_8	string
785	167413_9	string
707	167413_10	string
718	167413_10	string
768	167413_10	string
929	167413_10	string
707	167413_11	string
718	167413_11	string
733	167413_11	string
896	167413_11	string
929	167413_11	string
955	167413_11	string
1095	167413_11	string
1147	167413_11	string
1239	167413_13	string
1239	167413_14	string
1189	167413_15	string
1239	167413_18	string
827	167413_23	string
1007	167413_23	string
1172	167413_23	string
764	167413_24	string
1176	171913_0	string
1176	171913_10	string
1238	171913_10	string
826	171913_13	string
1040	171913_13	string
801	171913_14	string
1207	171913_14	string
768	168411_1	string
768	168411_2	string
785	168411_4	string
768	168411_14	string
719	168411_16	string
719	168411_17	string
764	173667_13	string
826	173667_13	string
719	173667_15	string
821	173667_15	string
785	151526_2	string
785	151526_3	string
735	151526_6	string
801	151526_8	string
1207	151526_8	string
1088	176704_0	string
1222	176704_0	string
1088	176704_1	string
785	176704_3	string
785	176704_4	string
803	176704_4	string
1222	176704_4	string
801	176704_6	string
1207	176704_6	string
801	176704_7	string
1057	176704_7	string
1207	176704_7	string
763	176704_8	string
763	176704_10	string
763	176704_12	string
797	186436_2	string
785	186436_9	string
1222	186436_9	string
785	186436_14	string
1245	186436_17	string
797	186436_24	string
733	125632_3	string
1239	125632_4	string
803	125632_13	string
1071	125632_13	string
1222	125632_13	string
700	125632_23	string
912	125632_23	string
1176	125632_27	string
764	125632_28	string
889	125632_28	string
959	125632_28	string
983	125632_28	string
1176	125632_28	string
1039	125632_29	string
1176	125632_29	string
985	125632_30	string
764	125632_31	string
889	125632_31	string
985	125632_34	string
957	125632_35	string
959	125632_35	string
983	125632_35	string
985	125632_35	string
785	187941_4	string
803	187941_4	string
1222	187941_4	string
813	187941_8	string
1222	187941_9	string
732	187941_10	string
826	187941_13	string
815	103881_0	string
887	103881_0	string
985	103881_0	string
696	103881_12	string
698	103881_12	string
712	103881_12	string
748	103881_12	string
764	103881_12	string
801	103881_12	string
808	103881_12	string
852	103881_12	string
855	103881_12	string
1012	103881_12	string
1207	103881_12	string
734	103881_14	string
764	103881_14	string
826	103881_14	string
785	191842_0	string
785	191842_1	string
1071	191842_1	string
764	191842_3	string
789	191842_3	string
789	191842_4	string
837	191842_5	string
704	150588_1	string
785	150588_6	string
1222	150588_6	string
785	150588_7	string
803	150588_7	string
1222	150588_7	string
1232	150588_16	string
803	150588_17	string
1232	150588_19	string
1013	150588_20	string
1088	150588_20	string
1239	150588_20	string
1232	150588_22	string
1189	150588_23	string
985	120701_0	string
785	120701_5	string
1071	120701_5	string
785	120701_6	string
756	120701_7	string
781	120701_7	string
796	120701_7	string
756	120701_8	string
796	120701_8	string
781	120701_9	string
781	120701_12	string
1239	120701_13	string
723	120701_16	string
1040	120701_16	string
708	120701_17	string
723	120701_17	string
781	120701_17	string
1040	120701_17	string
750	169273_11	string
785	198482_3	string
983	198482_5	string
719	198482_6	string
735	198482_6	string
821	198482_6	string
1232	177082_15	string
840	177082_19	string
840	177082_20	string
1232	177082_23	string
840	177082_24	string
1232	177082_24	string
785	174752_4	string
718	174752_5	string
785	174752_5	string
861	174752_5	string
1133	174752_5	string
1147	174752_5	string
1147	174752_6	string
837	174752_10	string
821	174752_21	string
1026	174752_21	string
764	174752_22	string
826	174752_22	string
1012	174752_23	string
1189	174752_24	string
801	174752_25	string
1207	174752_25	string
821	174752_28	string
887	155684_0	string
785	155684_5	string
1222	155684_5	string
803	155684_6	string
1222	155684_6	string
785	155684_15	string
785	155684_18	string
764	155684_20	string
826	155684_23	string
785	102889_2	string
785	102889_3	string
806	102889_7	string
806	102889_8	string
826	102889_8	string
826	102889_9	string
1207	102889_9	string
785	101882_3	string
785	186382_5	string
821	186382_11	string
821	186382_12	string
887	173220_2	string
1099	173220_2	string
1157	173220_2	string
1176	173220_6	string
1232	173220_8	string
1232	173220_9	string
1232	173220_11	string
1232	173220_12	string
1232	173220_13	string
911	193189_2	string
1239	193189_2	string
1232	193189_5	string
1232	193189_6	string
801	193189_11	string
1176	193189_11	string
1207	193189_11	string
701	133339_0	string
719	133339_0	string
1232	133339_0	string
701	133339_1	string
719	133339_1	string
1232	133339_1	string
938	133339_2	string
785	133339_3	string
1222	133339_3	string
785	133339_4	string
785	133339_5	string
1222	133339_5	string
701	133339_12	string
701	133339_13	string
822	133339_14	string
822	133339_15	string
857	133339_15	string
736	133339_16	string
938	133339_18	string
701	133339_19	string
1232	133339_19	string
701	133339_20	string
817	133339_20	string
1232	133339_20	string
764	133339_21	string
817	133339_21	string
823	133339_21	string
1172	133339_21	string
699	133339_22	string
723	133339_22	string
783	133339_22	string
827	133339_22	string
938	133339_22	string
939	133339_22	string
1172	133339_22	string
723	133339_23	string
791	133339_23	string
1133	133339_23	string
887	139987_1	string
973	107340_1	string
1222	107340_4	string
1232	107340_11	string
1232	107340_14	string
973	107340_15	string
708	107340_16	string
801	107340_16	string
802	107340_16	string
1207	107340_16	string
722	107340_17	string
791	107340_17	string
1015	107340_17	string
764	107340_18	string
823	107340_18	string
963	107340_19	string
801	107340_22	string
1189	107340_22	string
1207	107340_22	string
696	107340_23	string
801	107340_23	string
1207	107340_23	string
764	107340_24	string
763	141996_0	string
887	141996_0	string
941	141996_0	string
996	141996_0	string
1229	141996_0	string
696	141996_17	string
714	141996_17	string
851	141996_17	string
851	141996_18	string
1038	141996_18	string
696	141996_19	string
714	141996_19	string
1012	141996_20	string
1038	141996_20	string
779	153866_2	string
1176	153866_2	string
701	153866_3	string
779	153866_3	string
1176	153866_3	string
785	153866_6	string
822	153866_9	string
719	153866_11	string
729	153866_11	string
719	153866_12	string
887	130796_0	string
785	130796_1	string
785	130796_3	string
785	130796_5	string
805	130796_7	string
771	119502_0	string
988	119502_0	string
785	119502_6	string
1239	119502_16	string
1239	119502_17	string
1039	119502_21	string
1239	119502_21	string
801	119502_22	string
1039	119502_22	string
1207	119502_22	string
764	119502_24	string
1232	118210_6	string
1232	118210_7	string
765	118210_8	string
765	118210_9	string
1069	118210_9	string
1232	118210_11	string
1069	118210_12	string
1232	118210_12	string
1232	118210_16	string
785	133424_11	string
785	133424_12	string
785	133424_13	string
785	133424_14	string
803	133424_14	string
803	133424_15	string
803	133424_16	string
785	133424_17	string
707	133424_18	string
718	133424_18	string
738	133424_18	string
768	133424_18	string
771	133424_18	string
896	133424_18	string
929	133424_18	string
955	133424_18	string
1095	133424_18	string
1147	133424_18	string
718	133424_19	string
733	133424_19	string
762	133424_19	string
887	133424_19	string
955	133424_19	string
1133	133424_19	string
1152	133424_19	string
1232	133424_23	string
1232	133424_26	string
1232	133424_27	string
1232	133424_28	string
735	133424_30	string
1228	133424_31	string
719	133424_33	string
821	133424_33	string
733	162642_0	string
787	162642_0	string
785	162642_3	string
803	162642_3	string
787	162642_4	string
864	162642_4	string
1202	162642_4	string
703	162642_9	string
764	162642_9	string
1026	162642_9	string
1231	162642_9	string
1231	162642_10	string
746	144298_0	string
1232	144298_1	string
1222	144298_4	string
1222	144298_8	string
803	144298_9	string
1222	144298_9	string
863	144298_10	string
1239	144298_13	string
1239	144298_17	string
863	144298_20	string
1232	144298_20	string
1232	144298_21	string
1232	144298_24	string
1232	144298_25	string
1012	144298_26	string
1013	144298_26	string
1189	144298_27	string
1232	144298_29	string
887	139485_0	string
803	139485_5	string
1222	139485_5	string
803	139485_6	string
1222	139485_6	string
751	139485_13	string
751	139485_14	string
752	139485_18	string
1039	139485_18	string
719	139485_19	string
752	139485_19	string
1039	139485_19	string
821	139485_24	string
1034	139485_24	string
1232	194360_1	string
1232	194360_2	string
845	194360_6	string
1232	194360_8	string
741	194360_10	string
1232	194360_10	string
716	194360_12	string
764	194360_12	string
741	194360_13	string
1232	194360_15	string
704	127274_1	string
781	127274_1	string
968	127274_1	string
762	127274_4	string
803	127274_7	string
803	127274_8	string
746	127274_9	string
879	127274_9	string
968	127274_9	string
746	127274_10	string
762	127274_10	string
879	127274_10	string
968	127274_10	string
781	127274_11	string
968	127274_11	string
740	127274_12	string
781	127274_12	string
968	127274_13	string
716	127274_14	string
746	127274_14	string
826	127274_14	string
879	127274_14	string
965	127274_14	string
968	127274_14	string
716	127274_15	string
826	127274_15	string
965	127274_15	string
740	127274_16	string
879	127274_16	string
968	127274_16	string
740	127274_17	string
746	127274_17	string
740	127274_18	string
746	127274_18	string
768	167883_1	string
779	167883_1	string
1176	167883_1	string
714	167883_15	string
735	167883_16	string
714	167883_17	string
1239	117954_2	string
785	117954_6	string
719	117954_14	string
813	117954_14	string
833	117954_14	string
1222	117954_15	string
751	146210_0	string
1089	146210_3	string
785	146210_5	string
813	146210_10	string
1104	146210_10	string
696	146210_12	string
735	146210_12	string
887	105017_0	string
1232	105017_0	string
707	105017_2	string
1232	105017_4	string
1232	105017_19	string
782	105017_21	string
782	105017_22	string
819	105017_22	string
823	105017_22	string
1136	105017_22	string
918	105017_23	string
1013	105017_24	string
851	105017_25	string
1012	105017_25	string
733	168943_0	string
815	168943_0	string
769	168943_1	string
769	168943_2	string
804	168943_2	string
1239	168943_2	string
1232	168943_3	string
804	168943_11	string
700	168943_12	string
708	168943_12	string
715	168943_12	string
877	168943_12	string
734	168943_13	string
753	168943_13	string
877	168943_13	string
877	168943_14	string
700	168943_15	string
708	168943_15	string
734	168943_15	string
877	168943_15	string
1012	168943_15	string
1176	168943_15	string
843	165510_0	string
843	165510_1	string
843	165510_3	string
785	165510_5	string
1232	165510_10	string
785	165510_11	string
1232	165510_13	string
785	163153_5	string
1040	163153_15	string
1232	163153_19	string
806	163153_24	string
1012	163153_24	string
1207	163153_24	string
1232	163153_24	string
785	124621_7	string
785	124621_8	string
706	124621_12	string
865	124621_12	string
1189	124621_12	string
951	124621_15	string
777	124621_16	string
791	124621_16	string
813	124621_16	string
1242	124621_20	string
1242	124621_21	string
1124	104268_0	string
1133	104268_0	string
785	104268_6	string
785	104268_7	string
785	104268_8	string
702	104268_21	string
702	104268_22	string
735	104268_22	string
784	104268_22	string
712	104268_23	string
733	104268_23	string
752	104268_23	string
1039	104268_23	string
1207	104268_23	string
702	104268_24	string
712	104268_24	string
735	104268_24	string
752	104268_24	string
1039	104268_24	string
1207	104268_24	string
965	151011_3	string
1064	151011_4	string
785	151011_8	string
719	121173_3	string
719	121173_6	string
785	121173_12	string
704	121173_13	string
707	155327_1	string
704	155327_5	string
707	155327_5	string
718	155327_5	string
738	155327_5	string
768	155327_5	string
771	155327_5	string
896	155327_5	string
929	155327_5	string
955	155327_5	string
1095	155327_5	string
1147	155327_5	string
785	155327_6	string
1095	155327_6	string
1147	155327_6	string
1222	155327_6	string
785	155327_7	string
764	155327_11	string
878	155327_11	string
1189	155327_12	string
985	119691_0	string
759	119691_1	string
1088	119691_1	string
1232	119691_1	string
785	119691_4	string
785	119691_5	string
813	119691_8	string
750	119691_9	string
827	119691_9	string
1069	119691_9	string
750	119691_11	string
827	119691_11	string
1232	119691_13	string
1239	130510_8	string
695	130510_12	string
719	130510_12	string
821	130510_12	string
745	130510_13	string
707	168309_2	string
762	168309_2	string
1042	168309_3	string
1099	168309_3	string
759	168309_4	string
1042	168309_4	string
719	168309_5	string
759	168309_5	string
815	168309_5	string
823	168309_5	string
985	168309_5	string
1116	168309_5	string
1239	168309_5	string
785	168309_8	string
1222	168309_8	string
707	168309_12	string
762	168309_12	string
848	168309_13	string
759	168309_14	string
870	168309_14	string
759	168309_15	string
921	168309_16	string
754	168309_17	string
848	168309_17	string
921	168309_17	string
769	168309_18	string
762	168309_19	string
896	168309_19	string
762	168309_20	string
870	168309_20	string
896	168309_20	string
701	168309_21	string
701	168309_22	string
896	168309_22	string
751	110998_0	string
985	110998_0	string
1232	110998_0	string
1232	110998_2	string
785	110998_6	string
1222	110998_6	string
702	110998_10	string
1232	110998_10	string
734	110998_11	string
764	110998_11	string
802	110998_11	string
702	110998_12	string
764	110998_12	string
1232	110998_12	string
764	110998_13	string
1189	110998_15	string
1232	110998_17	string
887	165519_0	string
985	165519_0	string
785	165519_4	string
785	165519_5	string
1222	165519_5	string
699	165519_11	string
723	165519_11	string
783	165519_11	string
699	165519_12	string
701	165519_12	string
723	165519_12	string
783	165519_12	string
699	165519_13	string
1237	165519_13	string
1237	165519_15	string
785	115471_5	string
1232	115471_11	string
942	115471_12	string
942	115471_14	string
1176	115471_14	string
942	115471_17	string
1232	115471_17	string
1176	115471_18	string
985	150770_0	string
719	150770_9	string
735	150770_9	string
821	150770_9	string
779	115338_0	string
1176	115338_0	string
701	115338_1	string
779	115338_1	string
848	115338_1	string
1176	115338_1	string
754	115338_2	string
848	115338_2	string
1245	115338_4	string
887	146195_0	string
746	190805_2	string
703	190805_3	string
785	190805_4	string
803	190805_4	string
998	190805_4	string
746	190805_9	string
794	125594_3	string
706	125594_9	string
823	125594_9	string
1071	125594_9	string
706	125594_21	string
1153	125594_21	string
1232	125594_24	string
1232	125594_25	string
1235	125594_27	string
1245	125594_29	string
1116	125594_30	string
788	125594_31	string
1116	125594_31	string
706	125594_35	string
998	125594_36	string
706	125594_37	string
1232	125594_38	string
722	125594_39	string
735	125594_39	string
764	125594_39	string
830	125594_39	string
1222	125594_41	string
1222	125594_42	string
1222	125594_49	string
887	174697_0	string
1176	174697_7	string
1238	174697_7	string
1176	174697_8	string
1238	174697_8	string
719	174697_11	string
813	174697_11	string
899	174697_11	string
983	174697_11	string
734	174697_12	string
700	174697_14	string
719	174697_14	string
899	174697_14	string
983	174697_14	string
719	174697_15	string
813	174697_15	string
821	174697_16	string
746	196148_0	string
887	196148_0	string
804	196148_1	string
765	196148_23	string
765	196148_24	string
765	196148_27	string
746	196148_28	string
887	196148_28	string
764	196148_29	string
1015	196148_30	string
765	196148_34	string
785	186363_6	string
728	186363_10	string
706	186363_12	string
728	186363_12	string
899	186363_12	string
983	186363_12	string
728	186363_13	string
899	186363_13	string
983	186363_13	string
752	186363_14	string
899	186363_14	string
983	186363_14	string
1039	186363_14	string
752	186363_15	string
1039	186363_15	string
764	136823_3	string
1231	136823_3	string
837	136823_4	string
695	136823_6	string
719	136823_6	string
821	136823_6	string
745	136823_7	string
887	178126_0	string
803	178126_3	string
1239	178126_4	string
746	178126_5	string
1239	178126_5	string
803	178126_8	string
803	178126_9	string
803	178126_23	string
803	178126_24	string
746	178126_25	string
752	178126_25	string
1039	178126_25	string
715	178126_27	string
719	178126_27	string
746	178126_27	string
746	178126_32	string
752	178126_32	string
1039	178126_32	string
785	188772_6	string
791	188772_10	string
912	188772_10	string
791	188772_12	string
813	188772_14	string
912	188772_14	string
785	187378_8	string
785	187378_9	string
785	187378_10	string
750	187378_17	string
750	187378_18	string
746	187378_23	string
763	187378_23	string
801	187378_23	string
1207	187378_23	string
764	187378_24	string
801	187378_24	string
1012	187378_24	string
1207	187378_24	string
746	187378_26	string
763	187378_26	string
746	187378_27	string
988	153694_2	string
857	153694_5	string
843	153694_8	string
881	153694_8	string
752	153694_9	string
765	153694_9	string
1039	153694_9	string
1222	192809_4	string
1232	192809_8	string
761	192809_9	string
1232	192809_9	string
761	192809_10	string
791	192809_10	string
703	192809_11	string
764	192809_11	string
791	192809_11	string
826	192809_12	string
1232	192809_16	string
1071	164644_2	string
1071	124897_2	string
838	124897_5	string
1136	124897_5	string
1184	124897_5	string
1239	102295_0	string
770	102295_1	string
1239	102295_1	string
785	102295_2	string
1057	102295_5	string
753	102295_8	string
753	102295_9	string
911	102295_9	string
746	174483_0	string
787	174483_2	string
815	174483_2	string
1099	174483_4	string
785	174483_7	string
1222	174483_7	string
704	174483_8	string
707	174483_8	string
718	174483_8	string
738	174483_8	string
768	174483_8	string
771	174483_8	string
896	174483_8	string
929	174483_8	string
955	174483_8	string
1095	174483_8	string
1147	174483_8	string
704	174483_9	string
707	174483_9	string
718	174483_9	string
738	174483_9	string
768	174483_9	string
771	174483_9	string
896	174483_9	string
929	174483_9	string
1095	174483_9	string
785	174483_17	string
785	174483_18	string
1039	174483_21	string
705	174483_22	string
821	174483_22	string
877	174483_22	string
884	174483_22	string
1034	174483_22	string
1039	174483_22	string
764	174483_23	string
1012	174483_24	string
1039	174483_26	string
1039	174483_27	string
785	103229_2	string
785	103229_3	string
1232	103229_10	string
709	103229_11	string
769	103229_11	string
1176	103229_13	string
1167	133691_2	string
785	133691_4	string
746	133691_9	string
746	133691_16	string
821	103359_0	string
887	157301_0	string
985	157301_0	string
1239	157301_1	string
1239	157301_4	string
803	157301_6	string
803	157301_7	string
1096	157301_14	string
1232	157301_19	string
1232	157301_20	string
1222	157301_21	string
803	157301_22	string
746	157301_24	string
763	157301_24	string
959	157301_24	string
1232	157301_24	string
1232	157301_25	string
733	158950_0	string
785	158950_1	string
719	158950_2	string
1040	158950_2	string
764	158950_3	string
806	158950_4	string
1057	104777_1	string
718	104777_9	string
902	104777_9	string
718	104777_10	string
771	104777_10	string
845	104777_10	string
887	104777_10	string
902	104777_10	string
771	104777_11	string
887	104777_11	string
704	104777_12	string
707	104777_12	string
718	104777_12	string
738	104777_12	string
771	104777_12	string
785	104777_12	string
896	104777_12	string
929	104777_12	string
955	104777_12	string
1095	104777_12	string
1147	104777_12	string
785	104777_13	string
817	104777_16	string
1232	104777_18	string
1034	104777_21	string
1232	104777_21	string
1239	104777_21	string
1057	104777_22	string
1088	104777_22	string
1239	104777_22	string
801	104777_24	string
1207	104777_24	string
764	104777_25	string
772	109667_0	string
772	109667_4	string
1076	109667_4	string
785	109667_7	string
1222	109667_7	string
1071	193267_3	string
996	182680_0	string
736	182680_4	string
823	182680_16	string
783	182680_17	string
828	182680_17	string
783	182680_20	string
887	115692_0	string
1150	115692_0	string
785	115692_8	string
803	115692_8	string
1153	115692_15	string
696	115692_17	string
764	115692_17	string
1153	115692_18	string
1176	115692_19	string
703	103063_1	string
704	103063_1	string
1222	103063_2	string
837	103063_4	string
1222	103063_4	string
985	179472_0	string
719	179472_1	string
879	179472_1	string
965	179472_1	string
1088	179472_1	string
1088	179472_2	string
785	179472_5	string
785	179472_9	string
879	179472_9	string
879	179472_10	string
882	179472_10	string
879	179472_11	string
882	179472_11	string
879	179472_12	string
719	179472_13	string
879	179472_13	string
965	179472_13	string
1039	179472_13	string
879	179472_16	string
1039	179472_16	string
764	179937_9	string
1180	179937_9	string
1228	179937_10	string
1242	179937_10	string
789	179937_14	string
1156	180101_4	string
785	180101_8	string
826	120762_8	string
884	120762_8	string
752	120762_10	string
1039	120762_10	string
700	122883_0	string
815	122883_0	string
1088	122883_0	string
815	122883_1	string
1088	122883_1	string
713	122883_11	string
723	122883_11	string
746	122883_11	string
747	122883_11	string
763	122883_11	string
827	122883_11	string
851	122883_11	string
785	181788_6	string
764	181788_15	string
764	181788_16	string
719	181788_18	string
821	181788_18	string
1232	133867_0	string
1232	133867_1	string
785	133867_5	string
785	133867_9	string
1232	133867_12	string
1232	133867_13	string
1232	133867_14	string
1232	133867_16	string
1232	133867_17	string
733	161418_4	string
785	161418_6	string
785	161418_7	string
1222	161418_7	string
716	161418_13	string
801	161418_13	string
826	161418_13	string
1207	161418_13	string
801	161418_15	string
1207	161418_15	string
716	161418_16	string
826	161418_16	string
716	161418_17	string
826	161418_17	string
733	161418_18	string
719	110804_0	string
841	110804_0	string
887	110804_0	string
785	110804_6	string
703	110804_10	string
823	110804_10	string
703	110804_11	string
823	110804_11	string
1176	188241_2	string
785	188241_5	string
785	188241_6	string
1232	188241_10	string
1232	188241_11	string
983	188241_13	string
1176	188241_15	string
983	188241_16	string
1232	188241_16	string
1232	188241_17	string
696	167972_17	string
696	167972_18	string
1061	167972_18	string
1088	150804_9	string
817	150804_10	string
826	150804_10	string
817	150804_11	string
1061	150804_11	string
1061	150804_13	string
1189	150804_14	string
704	107290_0	string
1239	107290_9	string
720	107290_10	string
884	107290_10	string
720	107290_11	string
764	107290_11	string
1071	132786_1	string
1071	132786_2	string
704	132786_7	string
973	132786_7	string
1102	132786_8	string
1245	132786_8	string
1102	132786_9	string
1245	132786_9	string
704	132786_10	string
973	132786_10	string
1232	146582_3	string
1198	146582_4	string
1168	146582_5	string
1198	146582_5	string
785	146582_9	string
785	146582_10	string
785	146582_11	string
1232	146582_14	string
717	146582_16	string
823	146582_16	string
714	146582_18	string
764	146582_18	string
819	146582_18	string
885	146582_18	string
885	146582_19	string
891	146582_19	string
717	146582_20	string
764	146582_20	string
717	146582_21	string
1232	146582_21	string
1232	146582_22	string
1232	146582_24	string
1232	146582_25	string
1232	146582_28	string
873	150164_0	string
785	150164_3	string
785	150164_5	string
700	150164_8	string
779	150164_8	string
879	150164_8	string
1122	150164_8	string
1176	150164_8	string
716	150164_9	string
826	150164_9	string
1063	150164_9	string
785	150164_11	string
785	150164_12	string
1176	178922_1	string
767	178922_10	string
1176	178922_10	string
767	178922_11	string
826	178922_12	string
716	171659_0	string
785	171659_5	string
803	171659_5	string
1222	171659_5	string
785	171659_6	string
803	171659_7	string
1222	171659_7	string
716	171659_8	string
716	171659_9	string
709	171659_10	string
709	171659_11	string
789	171659_11	string
851	171659_11	string
968	171659_11	string
1033	171659_11	string
1038	171659_11	string
789	171659_12	string
813	171659_12	string
1038	171659_12	string
709	171659_13	string
709	171659_14	string
813	171659_14	string
826	181044_10	string
1088	134823_2	string
803	134823_6	string
1057	134823_9	string
870	134823_11	string
723	134823_13	string
1176	134823_14	string
887	143877_0	string
1232	143877_0	string
1239	143877_3	string
1239	143877_5	string
1239	143877_9	string
1232	143877_16	string
1232	143877_17	string
731	143877_19	string
1232	143877_19	string
731	143877_20	string
830	150982_8	string
907	150982_8	string
1171	150982_8	string
1195	150982_8	string
1071	181394_3	string
1232	181394_22	string
1239	181394_30	string
1239	181394_31	string
735	181394_34	string
719	181394_35	string
821	181394_35	string
785	169047_0	string
719	133242_0	string
785	133242_8	string
803	133242_9	string
785	133242_10	string
759	133242_14	string
759	133242_15	string
702	133242_16	string
759	133242_16	string
879	133242_16	string
1232	133242_17	string
735	133242_19	string
753	133242_19	string
764	133242_19	string
819	133242_19	string
855	133242_19	string
1012	133242_19	string
1013	133242_19	string
759	133242_20	string
879	133242_20	string
759	133242_21	string
801	133242_21	string
1207	133242_21	string
1012	133242_22	string
1189	133242_23	string
1012	133242_24	string
733	185551_0	string
733	185551_1	string
754	185551_2	string
857	185551_2	string
865	185551_2	string
719	185551_3	string
887	185551_3	string
985	185551_3	string
703	185551_4	string
777	185551_4	string
976	185551_4	string
1232	185551_4	string
785	185551_6	string
1222	185551_6	string
701	185551_9	string
865	185551_10	string
1239	185551_10	string
708	185551_11	string
733	185551_12	string
762	185551_12	string
960	185551_12	string
949	185551_13	string
976	185551_13	string
1232	185551_13	string
1239	185551_13	string
1072	185551_14	string
803	185551_15	string
887	191244_0	string
1199	191244_3	string
785	191244_5	string
801	191244_7	string
1040	191244_7	string
1207	191244_7	string
1039	191244_10	string
806	191244_11	string
1012	191244_12	string
1040	191244_13	string
887	155093_0	string
1075	155093_1	string
1075	155093_2	string
826	155093_17	string
764	155093_18	string
826	155093_18	string
1189	155093_19	string
723	179104_0	string
787	179104_0	string
887	179104_0	string
803	179104_8	string
1222	179104_8	string
1165	179104_15	string
983	179104_19	string
916	179104_21	string
983	179104_21	string
1165	179104_21	string
983	179104_22	string
1088	179104_23	string
916	179104_26	string
1165	179104_26	string
719	184541_1	string
719	184541_2	string
701	184541_3	string
707	184541_4	string
785	184541_9	string
785	184541_10	string
763	184541_15	string
763	184541_17	string
763	184541_18	string
763	184541_19	string
772	184541_19	string
701	184541_20	string
911	184541_20	string
764	184541_21	string
911	184541_22	string
763	184541_25	string
704	136671_0	string
1232	136671_0	string
785	136671_7	string
1232	136671_15	string
1232	136671_17	string
1232	136671_18	string
1232	136671_19	string
801	136671_20	string
1012	136671_20	string
1177	136671_20	string
1207	136671_20	string
697	136671_21	string
1232	136671_22	string
1232	136671_24	string
1232	126490_0	string
1232	126490_2	string
785	126490_6	string
785	126490_7	string
785	126490_10	string
959	126490_11	string
763	126490_13	string
959	126490_13	string
1232	126490_13	string
763	126490_14	string
959	126490_14	string
801	126490_15	string
1207	126490_15	string
887	160100_0	string
785	160100_7	string
794	160100_11	string
803	160100_12	string
705	160100_15	string
708	160100_15	string
1012	160100_15	string
1016	160100_15	string
764	160100_17	string
1039	160100_17	string
764	160100_18	string
806	160100_18	string
892	149498_0	string
1045	149498_0	string
785	149498_5	string
785	149498_6	string
803	149498_6	string
807	149498_19	string
789	149498_21	string
813	149498_22	string
821	149498_22	string
823	149498_22	string
1149	149498_22	string
840	171393_2	string
803	171393_20	string
1239	171393_24	string
803	171393_25	string
803	171393_26	string
840	171393_26	string
813	171393_36	string
1088	171393_37	string
1239	171393_37	string
764	164815_6	string
764	164815_7	string
815	100028_1	string
1057	100028_1	string
1088	100028_1	string
1057	100028_13	string
703	100028_15	string
823	100028_15	string
973	100028_15	string
703	100028_16	string
764	100028_16	string
823	100028_16	string
973	100028_16	string
996	185233_0	string
1063	185233_2	string
821	185233_3	string
1239	185233_4	string
762	185233_6	string
785	185233_9	string
1071	185233_9	string
877	185233_18	string
1040	185233_18	string
708	185233_19	string
806	185233_19	string
1012	185233_19	string
1088	185233_19	string
806	185233_20	string
1232	166034_0	string
1232	166034_5	string
1232	166034_15	string
1232	166034_16	string
973	166034_19	string
1057	166034_19	string
1232	166034_22	string
1232	166034_23	string
713	166034_24	string
715	166034_24	string
1232	166034_24	string
713	166034_25	string
715	166034_25	string
713	166034_26	string
791	166034_26	string
823	166034_26	string
823	166034_27	string
877	125316_18	string
709	125316_19	string
772	125316_19	string
830	125316_19	string
874	125316_19	string
884	125316_19	string
696	125316_20	string
884	125316_20	string
877	125316_21	string
772	125316_22	string
830	125316_22	string
874	125316_22	string
1232	125316_25	string
1239	193575_1	string
785	193575_4	string
803	193575_4	string
1071	193575_4	string
1239	193575_7	string
1239	193575_8	string
1239	193575_9	string
763	134208_11	string
826	134208_11	string
1039	134208_12	string
822	171357_2	string
1239	171357_2	string
822	171357_3	string
768	171357_5	string
822	171357_5	string
785	171357_10	string
785	171357_13	string
1043	171357_20	string
706	171357_21	string
779	171357_21	string
1015	171357_21	string
1043	171357_21	string
1176	171357_21	string
747	171357_22	string
779	171357_22	string
1015	171357_22	string
1039	171357_22	string
1043	171357_22	string
1176	171357_22	string
1039	171357_23	string
1222	198152_5	string
1239	198152_17	string
1239	198152_18	string
1239	198152_19	string
801	198152_22	string
1207	198152_22	string
801	198152_23	string
1207	198152_23	string
801	198152_27	string
1012	198152_27	string
1207	198152_27	string
746	129412_0	string
785	129412_5	string
785	129412_6	string
785	129412_7	string
822	129412_10	string
822	129412_12	string
719	129412_16	string
801	129412_16	string
821	129412_16	string
1207	129412_16	string
735	129412_17	string
746	149111_0	string
865	149111_1	string
803	149111_4	string
762	149111_11	string
762	149111_14	string
865	149111_14	string
762	149111_15	string
765	149111_16	string
968	149111_16	string
702	149111_18	string
765	149111_18	string
968	149111_18	string
702	149111_20	string
765	149111_22	string
968	149111_22	string
955	112313_0	string
955	112313_1	string
803	112313_5	string
733	112313_9	string
1232	112313_13	string
752	112313_16	string
783	112313_16	string
1039	112313_16	string
1232	112313_18	string
713	112313_19	string
752	112313_19	string
783	112313_19	string
821	112313_19	string
1039	112313_19	string
955	112313_20	string
713	112313_21	string
1232	112313_22	string
1232	112313_23	string
872	108580_0	string
816	108580_1	string
872	108580_1	string
756	114425_1	string
785	114425_5	string
803	114425_6	string
1071	114425_6	string
1239	114425_9	string
821	114425_12	string
704	114425_13	string
1232	116820_0	string
1232	116820_2	string
1232	116820_3	string
803	116820_8	string
803	116820_9	string
709	116820_12	string
763	116820_12	string
912	116820_12	string
1232	116820_12	string
719	113759_0	string
1239	113759_0	string
754	113759_1	string
1245	113759_4	string
785	113759_5	string
754	113759_11	string
727	113759_14	string
1237	113759_14	string
722	113759_15	string
727	113759_15	string
735	113759_15	string
791	113759_15	string
823	113759_15	string
830	113759_15	string
1237	113759_15	string
735	113759_16	string
1237	113759_16	string
1237	113759_17	string
803	116970_3	string
1222	116970_3	string
803	116970_4	string
1222	116970_4	string
1176	116970_5	string
1176	116970_7	string
704	106220_0	string
731	106220_0	string
985	106220_0	string
1017	106220_0	string
785	106220_4	string
1222	106220_4	string
1222	106220_5	string
765	106220_15	string
801	106220_15	string
1157	106220_15	string
1172	106220_15	string
1207	106220_15	string
1157	106220_16	string
1021	199568_12	string
983	199568_14	string
983	199568_15	string
1199	199568_15	string
983	199568_16	string
1199	199568_16	string
861	107683_0	string
1071	107683_4	string
983	107683_13	string
720	107683_14	string
826	107683_14	string
877	107683_14	string
983	107683_14	string
1189	107683_14	string
1239	107683_14	string
1189	107683_15	string
877	107683_16	string
983	107683_16	string
1239	107683_16	string
719	135705_0	string
1179	135705_0	string
785	135705_5	string
803	135705_5	string
1222	135705_5	string
785	135705_6	string
803	135705_13	string
1232	135705_14	string
702	135705_15	string
813	135705_15	string
826	135705_15	string
764	135705_16	string
801	135705_16	string
911	135705_16	string
1207	135705_16	string
703	135705_18	string
1232	135705_21	string
988	117878_3	string
785	117878_8	string
1071	117878_8	string
785	117878_9	string
1232	141036_7	string
763	141036_8	string
791	141036_8	string
823	141036_8	string
791	141036_9	string
823	141036_9	string
764	141036_10	string
1232	141036_10	string
791	141036_11	string
823	141036_11	string
1232	141036_11	string
1232	141036_14	string
1232	141036_15	string
719	195628_1	string
763	195628_1	string
863	195628_1	string
1232	195628_2	string
763	195628_3	string
863	195628_3	string
1232	195628_3	string
719	195628_4	string
763	195628_4	string
863	195628_4	string
1232	195628_4	string
887	125101_0	string
1176	125101_1	string
1238	125101_1	string
1071	125101_2	string
707	155984_1	string
733	155984_1	string
733	155984_2	string
785	155984_6	string
803	155984_7	string
707	155984_8	string
718	155984_8	string
768	155984_8	string
929	155984_8	string
1095	155984_8	string
1147	155984_8	string
785	155984_9	string
973	155984_12	string
791	155984_14	string
823	155984_14	string
764	155984_15	string
789	155984_15	string
819	155984_15	string
823	155984_15	string
764	155984_16	string
821	155984_16	string
789	155984_17	string
791	155984_17	string
819	155984_17	string
821	155984_17	string
823	155984_17	string
823	155984_18	string
1013	146452_21	string
1012	146452_22	string
701	179480_0	string
887	179480_0	string
983	179480_0	string
985	179480_0	string
815	179480_1	string
785	179480_6	string
785	179480_7	string
929	179480_8	string
929	179480_10	string
738	179480_12	string
771	179480_12	string
887	179480_12	string
960	179480_12	string
707	179480_13	string
738	179480_13	string
771	179480_13	string
929	179480_13	string
1147	179480_13	string
813	179480_29	string
1013	179480_29	string
1231	179480_29	string
801	179480_32	string
1207	179480_32	string
1153	179480_35	string
1242	179480_35	string
1071	195994_3	string
1071	195994_4	string
735	195994_7	string
764	195994_7	string
789	195994_10	string
701	128163_15	string
716	128163_17	string
753	128163_17	string
753	128163_20	string
785	135016_7	string
719	135016_9	string
813	135016_11	string
813	135016_13	string
719	135016_16	string
813	135016_16	string
813	135016_17	string
715	184788_13	string
764	184788_14	string
806	184788_15	string
1232	194275_7	string
1232	194275_8	string
1232	194275_14	string
1076	151223_0	string
1133	151223_1	string
772	151223_3	string
719	151223_4	string
772	151223_4	string
1232	151223_4	string
803	151223_6	string
704	151223_8	string
718	151223_8	string
738	151223_8	string
861	151223_8	string
996	151223_8	string
718	151223_9	string
845	151223_9	string
996	151223_9	string
1133	151223_9	string
772	151223_13	string
1076	151223_13	string
746	151223_19	string
772	151223_19	string
826	151223_19	string
912	151223_19	string
951	151223_19	string
772	151223_20	string
1116	151223_20	string
785	147974_5	string
785	147974_6	string
785	147974_9	string
763	147974_17	string
823	147974_17	string
764	147974_18	string
1153	147974_18	string
1241	147974_18	string
762	157744_0	string
950	157744_1	string
757	157744_6	string
801	157744_6	string
819	157744_6	string
938	157744_6	string
1207	157744_6	string
704	157744_7	string
887	157744_7	string
1104	157744_7	string
785	157744_10	string
1222	157744_10	string
762	157744_12	string
861	157744_12	string
837	132884_0	string
1245	132884_0	string
785	132884_1	string
815	132884_1	string
1245	132884_1	string
976	132884_3	string
785	132884_4	string
785	132884_5	string
764	132884_7	string
806	132884_7	string
906	132884_7	string
764	132884_8	string
1239	132884_8	string
787	150313_0	string
785	150313_8	string
785	150313_9	string
813	150313_15	string
733	150313_19	string
719	150313_20	string
813	150313_20	string
719	150313_23	string
813	150313_24	string
719	150313_25	string
813	150313_25	string
719	133325_3	string
785	133325_3	string
985	133325_4	string
769	191788_1	string
723	191788_2	string
1063	191788_2	string
1222	191788_5	string
764	191788_11	string
848	191788_11	string
1038	191788_11	string
1038	191788_12	string
929	176996_2	string
1222	176996_16	string
1239	176996_17	string
764	176996_20	string
1176	176996_20	string
764	176996_21	string
716	176996_22	string
803	112474_9	string
1232	112474_11	string
1232	112474_17	string
992	175480_3	string
870	175480_7	string
883	175480_9	string
925	175480_9	string
926	175480_9	string
927	175480_9	string
939	175480_9	string
783	175480_10	string
813	175480_10	string
927	175480_10	string
939	175480_10	string
762	114845_2	string
771	114845_2	string
1239	114845_2	string
1071	114845_8	string
821	114845_9	string
884	114845_9	string
983	114845_11	string
1232	195624_12	string
1232	195624_13	string
1012	195624_14	string
826	195624_15	string
1232	195624_16	string
1232	195624_19	string
785	121731_3	string
1071	121731_3	string
785	121731_4	string
870	121731_4	string
1071	121731_4	string
1071	121731_5	string
700	121731_8	string
801	121731_8	string
1207	121731_8	string
764	121731_9	string
985	154583_0	string
785	154583_2	string
803	154583_2	string
1232	154583_5	string
1232	154583_6	string
801	154583_7	string
1207	154583_7	string
736	106327_1	string
865	106327_2	string
785	106327_6	string
865	106327_7	string
759	106327_8	string
865	106327_8	string
736	106327_9	string
759	106327_9	string
826	106327_9	string
1232	106327_9	string
785	159138_3	string
764	159138_7	string
1232	170654_0	string
746	170654_1	string
983	170654_1	string
1232	170654_3	string
815	170654_4	string
1088	170654_4	string
1232	170654_6	string
1071	170654_10	string
1232	170654_11	string
746	170654_12	string
844	170654_12	string
983	170654_12	string
870	170654_14	string
983	170654_14	string
1232	170654_16	string
746	170654_17	string
1232	170654_17	string
746	170654_18	string
870	170654_18	string
983	170654_18	string
1040	170654_18	string
1232	170654_18	string
700	170654_19	string
746	170654_19	string
806	170654_19	string
844	170654_19	string
983	170654_19	string
1040	170654_19	string
1232	170654_19	string
887	106794_0	string
785	106794_9	string
785	106794_20	string
791	106794_21	string
827	106794_22	string
1012	106794_22	string
813	106794_23	string
827	106794_23	string
1012	106794_24	string
813	106794_25	string
1012	106794_25	string
813	106794_28	string
785	110084_5	string
1071	110084_5	string
1222	110084_5	string
723	110084_6	string
746	110084_6	string
779	110084_6	string
1176	110084_6	string
715	110084_7	string
716	110084_7	string
722	110084_7	string
735	110084_7	string
746	110084_7	string
779	110084_7	string
789	110084_7	string
791	110084_7	string
807	110084_7	string
813	110084_7	string
823	110084_7	string
827	110084_7	string
884	110084_7	string
914	110084_7	string
1176	110084_7	string
1232	115024_11	string
1232	115024_12	string
1232	115024_18	string
719	128050_0	string
759	128050_0	string
707	128050_2	string
801	128050_2	string
1207	128050_2	string
707	128050_3	string
1232	128050_3	string
785	128050_7	string
801	128050_10	string
1207	128050_10	string
1232	128050_14	string
1232	128050_15	string
801	128050_16	string
826	128050_16	string
1207	128050_16	string
826	128050_17	string
1012	128050_17	string
1232	128050_19	string
764	128050_20	string
1232	128050_20	string
801	128050_23	string
1207	128050_23	string
801	128050_24	string
826	128050_24	string
1207	128050_24	string
1232	128050_24	string
1232	128050_25	string
704	124788_0	string
1232	124788_0	string
1232	124788_8	string
1232	124788_9	string
759	124788_10	string
973	124788_11	string
1057	124788_11	string
1239	124788_11	string
767	124788_12	string
816	124788_12	string
1232	124788_12	string
1239	124788_12	string
973	124788_13	string
973	124788_14	string
1232	124788_14	string
788	141825_0	string
887	141825_0	string
707	141825_1	string
1176	141825_1	string
878	141825_10	string
1025	141825_10	string
715	101099_0	string
784	101099_0	string
785	101099_3	string
1191	101099_8	string
712	101099_9	string
717	101099_9	string
722	101099_9	string
791	101099_9	string
806	101099_9	string
823	101099_9	string
1012	101099_9	string
1191	101099_9	string
1207	101099_9	string
1232	101099_9	string
806	101099_10	string
1012	101099_10	string
764	101099_11	string
887	142197_0	string
996	142197_0	string
785	142197_3	string
785	142197_4	string
1040	142197_6	string
1159	142197_6	string
785	142197_8	string
1239	142197_8	string
806	142197_9	string
1012	142197_10	string
1040	142197_11	string
1239	194111_1	string
1239	194111_2	string
955	194111_3	string
785	194111_6	string
803	194111_6	string
1071	194111_6	string
700	194111_11	string
826	194111_11	string
826	194111_12	string
827	194111_12	string
898	194111_12	string
733	187466_1	string
733	187466_2	string
875	187466_4	string
785	187466_8	string
1071	187466_8	string
733	187466_13	string
719	187466_15	string
714	187466_16	string
719	187466_16	string
779	187466_16	string
949	187466_16	string
1176	187466_16	string
714	187466_17	string
719	187466_17	string
779	187466_17	string
949	187466_17	string
1176	187466_17	string
719	187466_18	string
779	187466_18	string
1176	187466_18	string
785	100559_6	string
1176	100559_11	string
785	100559_16	string
788	103369_0	string
865	103369_0	string
865	103369_1	string
706	103369_2	string
708	103369_2	string
757	103369_2	string
865	103369_2	string
941	103369_3	string
1232	103369_4	string
813	103369_12	string
863	103369_12	string
1172	103369_12	string
1240	103369_12	string
750	103369_13	string
863	103369_13	string
1145	103369_13	string
1172	103369_13	string
1240	103369_13	string
702	103369_14	string
1193	129255_1	string
697	129255_2	string
736	129255_2	string
863	129255_2	string
1193	129255_2	string
1232	129255_2	string
785	129255_4	string
1176	129255_6	string
863	129255_7	string
1232	129255_9	string
785	163565_2	string
785	163565_3	string
764	163565_20	string
887	188206_0	string
785	188206_5	string
785	188206_6	string
803	188206_6	string
1222	188206_6	string
785	188206_7	string
887	188206_8	string
896	188206_9	string
764	188206_15	string
801	188206_16	string
1207	188206_16	string
801	188206_17	string
1207	188206_17	string
764	188206_18	string
801	188206_18	string
1207	188206_18	string
1012	188206_19	string
1189	188206_20	string
763	118995_1	string
874	118995_1	string
1232	118995_1	string
998	118995_3	string
998	118995_4	string
701	118995_6	string
701	118995_9	string
1232	118995_10	string
1232	118995_11	string
763	118995_12	string
887	127081_0	string
785	127081_11	string
719	127081_12	string
719	127081_13	string
1185	127081_13	string
851	127081_14	string
719	127081_15	string
821	127081_15	string
746	103677_0	string
765	103677_0	string
887	103677_0	string
985	103677_0	string
996	103677_0	string
785	103677_4	string
746	103677_7	string
746	103677_8	string
887	103677_8	string
985	103677_8	string
996	103677_8	string
746	103677_9	string
746	103677_10	string
968	186216_0	string
719	186216_7	string
764	186216_7	string
696	186216_9	string
719	186216_10	string
719	186216_11	string
1158	184450_0	string
1232	184450_0	string
1245	184450_0	string
1232	184450_4	string
785	184450_5	string
785	184450_6	string
1232	184450_7	string
772	184450_8	string
1040	184450_13	string
1040	184450_14	string
826	184450_15	string
764	184450_16	string
1040	184450_16	string
801	184450_17	string
1013	184450_17	string
1207	184450_17	string
813	184450_18	string
826	184450_18	string
1232	184450_20	string
1232	177351_5	string
1232	177351_6	string
1232	177351_7	string
785	177351_8	string
1147	177351_9	string
707	177351_10	string
718	177351_10	string
768	177351_10	string
771	177351_10	string
887	177351_10	string
929	177351_10	string
1095	177351_10	string
1232	177351_15	string
1232	177351_17	string
764	177351_21	string
1176	177351_21	string
1013	177351_22	string
1222	104582_2	string
733	104582_3	string
785	104582_7	string
803	104582_7	string
1071	104582_7	string
1222	104582_7	string
785	104582_8	string
803	104582_8	string
803	104582_12	string
702	104582_19	string
709	104582_19	string
823	104582_19	string
764	104582_20	string
813	104582_20	string
753	104582_21	string
837	188625_0	string
785	188625_8	string
785	188625_9	string
803	188625_9	string
1088	188625_14	string
764	188625_17	string
830	188625_17	string
1088	188625_21	string
703	174262_2	string
746	174262_2	string
763	174262_2	string
884	174262_2	string
1156	174262_2	string
785	174262_4	string
703	174262_9	string
714	174262_9	string
823	114980_8	string
897	114980_8	string
988	114980_8	string
815	134157_1	string
