329	143877_17	string
329	143877_18	string
329	143877_19	synonym
329	143877_20	synonym
329	143877_23	string
329	181929_0	synonym
329	199008_20	string
329	129578_3	synonym
329	168128_15	string
329	168128_16	string
329	181929_2	synonym
329	108084_33	string
329	108084_34	string
329	108084_35	string
329	129578_7	synonym
329	129578_8	synonym
329	174691_14	string
329	143877_25	implication
329	150804_15	string
329	168128_18	implication
329	199008_23	abbreviation
329	108084_37	synonym
329	108084_38	implication
329	181929_6	synonym
329	174691_15	string
329	181929_8	abbreviation
329	181929_14	abbreviation
329	199008_24	abbreviation
329	108084_39	abbreviation
329	155533_0	abbreviation
329	155533_1	abbreviation
329	122883_6	hyponym
329	122883_7	implication
329	122883_8	abbreviation
329	176083_0	string
329	155533_2	string
329	155533_3	string
329	199008_30	string
329	155533_5	abbreviation
329	159376_0	string
329	155533_7	abbreviation
329	191788_0	string
329	167088_0	abbreviation
329	102758_0	abbreviation
329	155533_8	string
329	155533_9	string
329	191788_1	abbreviation
329	191788_2	synonym
329	191788_3	abbreviation
329	191788_4	synonym
329	176083_9	implication
329	159376_5	implication
329	167883_0	implication
329	191788_7	abbreviation
329	191788_8	abbreviation
329	191788_9	abbreviation
329	191788_12	string
329	167088_1	synonym
329	102758_5	synonym
329	191788_15	string
329	155533_12	abbreviation
329	167883_4	implication
329	176083_13	synonym
329	176083_14	abbreviation
329	167883_5	implication
329	145340_0	string
329	110998_0	abbreviation
329	110998_1	abbreviation
329	110998_2	abbreviation
329	159376_11	string
329	159376_12	synonym
329	167088_6	string
329	176083_18	implication
329	145340_1	abbreviation
329	145340_2	synonym
329	110998_3	synonym
329	110998_4	abbreviation
329	110998_6	implication
329	110998_7	abbreviation
329	137856_12	string
329	159376_18	string
329	167883_11	abbreviation
329	110998_8	abbreviation
329	110998_9	abbreviation
329	110998_11	abbreviation
329	110998_12	abbreviation
329	145340_5	synonym
329	159376_19	synonym
329	110998_15	string
329	110998_16	string
329	110998_17	string
329	167883_14	abbreviation
329	132914_0	string
329	132914_1	abbreviation
329	132914_3	synonym
329	142372_0	abbreviation
329	132914_5	implication
329	132914_6	synonym
329	167883_18	synonym
329	176107_0	string
329	176107_1	abbreviation
329	176107_2	abbreviation
329	176107_3	implication
329	176107_4	abbreviation
329	186216_0	abbreviation
329	145340_13	string
329	142372_1	synonym
329	142372_2	implication
329	167088_13	synonym
329	176107_5	abbreviation
329	176107_6	hyponym
329	176107_8	abbreviation
329	132914_10	abbreviation
329	186216_1	implication
329	186216_2	abbreviation
329	186216_4	abbreviation
329	132914_11	abbreviation
329	132914_12	abbreviation
329	176107_9	abbreviation
329	176107_10	abbreviation
329	176107_14	abbreviation
329	176107_15	synonym
329	142372_7	synonym
329	186216_6	abbreviation
329	132914_15	synonym
329	132914_16	implication
329	142372_10	synonym
329	142372_11	synonym
329	142372_12	synonym
329	142372_13	synonym
329	113638_4	synonym
329	142372_15	synonym
329	113638_5	synonym
329	100139_1	abbreviation
329	174146_0	string
329	191836_0	abbreviation
329	191836_1	string
329	142372_21	hyponym
329	142372_22	synonym
329	174146_2	synonym
329	191836_3	string
329	191836_4	string
329	191836_5	string
329	142372_23	implication
329	145699_0	string
329	145699_2	string
329	174146_6	abbreviation
329	191836_6	string
329	191836_8	string
329	191836_9	string
329	191836_10	string
329	145699_4	synonym
329	145699_5	string
329	100139_11	abbreviation
329	191836_11	string
329	174146_12	abbreviation
329	145699_8	abbreviation
329	100139_14	abbreviation
329	174146_14	abbreviation
329	174146_15	abbreviation
329	174146_16	abbreviation
329	145699_11	implication
329	115692_0	string
329	125316_0	abbreviation
329	146210_0	implication
329	145699_16	implication
329	145699_17	string
329	125316_1	abbreviation
329	125316_2	hyponym
329	125316_5	implication
329	125316_6	string
329	174146_21	abbreviation
329	146210_1	abbreviation
329	146210_2	abbreviation
329	125316_9	implication
329	125316_11	abbreviation
329	146210_5	implication
329	146210_6	abbreviation
329	145699_19	string
329	145699_21	abbreviation
329	115692_4	implication
329	174146_23	synonym
329	199008_1	synonym
329	122893_0	string
329	122893_1	string
329	150008_0	string
329	150008_1	string
329	129279_2	synonym
329	199008_3	synonym
329	199008_4	implication
329	125316_12	hyponym
329	125316_13	abbreviation
329	125316_14	abbreviation
329	125316_16	abbreviation
329	125316_17	implication
329	145699_22	abbreviation
329	145699_23	synonym
329	145699_25	string
329	122893_2	synonym
329	122893_3	abbreviation
329	122893_5	synonym
329	122893_6	synonym
329	122893_7	synonym
329	150008_2	string
329	150008_3	string
329	150008_4	synonym
329	129279_4	hyponym
329	129279_5	hyponym
329	199008_5	abbreviation
329	199008_6	abbreviation
329	199008_7	abbreviation
329	125316_18	abbreviation
329	125316_19	synonym
329	125316_21	synonym
329	157744_0	string
329	157744_1	string
329	157744_2	string
329	119246_0	abbreviation
329	119246_2	abbreviation
329	178126_0	string
329	122893_9	synonym
329	122893_11	implication
329	122893_12	string
329	122893_13	synonym
329	125316_23	string
329	125316_24	string
329	125316_25	string
329	145699_27	abbreviation
329	145699_28	synonym
329	145699_29	synonym
329	115692_8	implication
329	199008_8	abbreviation
329	199008_9	abbreviation
329	122893_20	string
329	178126_2	implication
329	178126_3	abbreviation
329	157744_5	string
329	157744_6	string
329	199008_10	abbreviation
329	143877_0	implication
329	143877_2	synonym
329	122893_22	hyponym
329	157744_11	string
329	143877_4	synonym
329	143877_6	string
329	143877_7	implication
329	143877_8	implication
329	119246_7	implication
329	199008_14	synonym
329	157744_14	string
329	157744_15	string
329	150008_11	string
329	150008_13	synonym
329	199008_16	abbreviation
329	176997_0	abbreviation
329	178126_8	implication
329	150008_14	string
329	168605_0	string
329	157744_18	string
329	176997_2	abbreviation
329	176997_3	string
329	176997_4	synonym
329	115692_14	string
329	168605_4	implication
329	184214_0	string
329	184214_1	string
329	184214_2	abbreviation
329	115692_16	synonym
329	168605_6	synonym
329	168605_7	synonym
329	168605_9	synonym
329	119246_15	abbreviation
329	119246_17	abbreviation
329	119246_18	synonym
329	176997_11	abbreviation
329	176997_12	string
329	176997_13	string
329	176997_14	string
329	176997_15	synonym
329	176997_19	string
329	176997_20	hyponym
329	177550_0	abbreviation
329	178126_16	string
329	184214_6	implication
329	184214_7	implication
329	119246_19	synonym
329	119246_20	abbreviation
329	118677_1	string
329	118677_3	implication
329	177550_2	hyponym
329	177550_4	abbreviation
329	184214_15	abbreviation
329	178126_20	abbreviation
329	177550_8	abbreviation
329	177550_11	abbreviation
329	119246_24	synonym
329	119246_25	implication
329	178126_22	abbreviation
329	184214_16	synonym
329	184214_17	hyponym
329	184214_19	synonym
329	191228_0	synonym
329	118677_8	string
329	118677_9	string
329	118677_10	abbreviation
329	118677_11	abbreviation
329	118677_12	string
329	144766_0	abbreviation
329	185823_0	string
329	185823_1	synonym
329	119246_29	string
329	115692_22	string
329	165297_0	abbreviation
329	144766_1	abbreviation
329	129611_0	abbreviation
329	118677_13	string
329	118677_14	abbreviation
329	191228_2	implication
329	178126_28	string
329	178126_29	implication
329	185823_6	abbreviation
329	185823_7	abbreviation
329	165297_1	abbreviation
329	165297_2	abbreviation
329	165297_3	implication
329	148059_0	abbreviation
329	148059_1	abbreviation
329	144766_3	abbreviation
329	144766_4	implication
329	118677_19	string
329	118677_20	abbreviation
329	157301_9	synonym
329	144766_5	synonym
329	185823_8	implication
329	174691_0	implication
329	174691_1	synonym
329	148059_4	string
329	165297_14	abbreviation
329	165297_15	abbreviation
329	185823_11	string
329	185823_12	abbreviation
329	174691_2	synonym
329	148059_8	synonym
329	148059_9	string
329	148059_10	implication
329	127002_0	abbreviation
329	127002_1	implication
329	127002_2	string
329	168943_0	string
329	168943_1	abbreviation
329	168943_3	abbreviation
329	168943_5	abbreviation
329	174691_4	synonym
329	165297_17	abbreviation
329	185823_17	string
329	148059_14	synonym
329	144766_11	abbreviation
329	180800_23	abbreviation
329	127002_3	abbreviation
329	168943_6	implication
329	168943_8	abbreviation
329	168943_9	string
329	157301_14	synonym
329	174691_7	string
329	167972_12	abbreviation
329	185823_19	string
329	127002_6	implication
329	168943_11	string
329	168943_15	implication
329	168943_16	string
329	174691_8	string
329	144766_15	string
329	144766_16	string
329	170654_0	string
329	167972_13	string
329	167972_14	abbreviation
329	191228_15	abbreviation
329	191228_16	abbreviation
329	129611_9	implication
329	129611_10	synonym
329	144766_17	string
329	144766_18	synonym
329	191228_17	abbreviation
329	191228_18	abbreviation
329	127002_10	implication
329	170654_2	implication
329	170654_5	abbreviation
329	127002_13	synonym
329	191228_20	abbreviation
329	167972_19	string
329	129611_14	implication
329	191228_21	abbreviation
329	129611_15	abbreviation
329	167972_21	string
329	127002_15	abbreviation
329	127002_16	synonym
329	127002_17	abbreviation
329	144766_23	string
329	150804_0	abbreviation
329	150804_1	abbreviation
329	170654_11	synonym
329	170654_12	synonym
329	191228_23	abbreviation
329	191228_24	abbreviation
329	143881_0	string
329	143881_1	hyponym
329	143881_2	abbreviation
329	127002_18	abbreviation
329	127002_19	synonym
329	127002_20	abbreviation
329	191228_25	abbreviation
329	191228_26	abbreviation
329	108084_3	synonym
329	170654_13	abbreviation
329	170654_14	abbreviation
329	170654_15	string
329	127002_21	synonym
329	143881_5	implication
329	108084_4	abbreviation
329	191228_27	abbreviation
329	191228_28	string
329	108084_8	abbreviation
329	108084_9	synonym
329	143881_7	implication
329	143881_8	abbreviation
329	143881_9	synonym
329	170654_20	implication
329	170654_21	hyponym
329	129611_18	implication
329	150804_7	string
329	143881_11	abbreviation
329	143881_12	abbreviation
329	143881_14	synonym
329	150804_8	string
329	129611_21	abbreviation
329	129611_22	synonym
329	168128_0	string
329	168128_2	string
329	168128_3	implication
329	108084_25	synonym
329	144766_22	string
329	108084_19	string
329	108084_20	string
329	119246_21	abbreviation
329	119246_22	abbreviation
329	119246_27	string
329	108084_24	string
329	108084_26	string
329	108084_27	string
329	119246_28	string
329	119246_30	string
329	170654_16	abbreviation
329	108084_28	string
329	108084_32	string
329	132914_13	abbreviation
329	174146_22	string
329	159376_17	synonym
329	181929_9	string
329	107340_1	synonym
329	107340_2	synonym
329	199008_0	string
329	181929_11	string
329	181929_12	string
329	181929_15	string
329	168128_14	synonym
329	107340_5	implication
329	191836_2	implication
329	129578_0	string
329	129578_1	string
329	129578_5	string
329	118677_0	abbreviation
329	108084_0	string
329	108084_2	string
329	108084_6	string
329	129578_9	string
329	107340_10	synonym
329	108084_7	string
329	107340_12	synonym
329	107340_14	string
329	107340_20	abbreviation
329	107340_25	abbreviation
329	119246_1	synonym
329	119246_3	string
329	119246_10	string
329	119246_16	string
330	161610_13	synonym
330	161610_14	abbreviation
330	161610_15	abbreviation
330	151851_1	synonym
330	106782_3	synonym
330	126546_2	abbreviation
330	126546_3	abbreviation
330	151851_2	synonym
330	151851_3	synonym
330	161610_22	implication
330	161610_23	abbreviation
330	140318_3	synonym
330	140318_4	abbreviation
330	161722_6	abbreviation
330	106220_5	implication
330	123655_1	abbreviation
330	102433_0	implication
330	124621_2	hyponym
330	102433_1	implication
330	102433_2	synonym
330	107110_4	abbreviation
330	102433_8	synonym
330	123655_9	abbreviation
330	123655_10	synonym
330	107110_8	implication
330	124290_4	synonym
330	106310_2	implication
330	106220_14	synonym
330	102433_9	synonym
330	107110_13	synonym
330	106310_5	synonym
330	189956_1	hyponym
330	107110_14	abbreviation
330	124621_11	synonym
330	124621_12	synonym
330	124621_14	implication
330	184884_2	abbreviation
330	117403_3	hyponym
330	122174_3	synonym
330	122174_4	synonym
330	106310_15	implication
330	122992_2	abbreviation
330	122992_4	implication
330	122174_5	synonym
330	122992_8	synonym
330	108263_2	abbreviation
330	122992_12	synonym
330	115992_0	abbreviation
330	115992_1	abbreviation
330	149111_1	synonym
330	149111_2	synonym
330	144298_1	synonym
330	144298_3	implication
330	149111_10	abbreviation
330	149111_14	abbreviation
330	144298_11	abbreviation
330	144298_12	synonym
330	144298_13	abbreviation
330	112490_0	implication
330	149111_15	synonym
330	149111_16	synonym
330	144298_15	abbreviation
330	136086_1	abbreviation
330	136086_2	synonym
330	112490_2	synonym
330	149111_20	abbreviation
330	136086_5	abbreviation
330	136086_6	hyponym
330	144298_19	abbreviation
330	149111_21	hyponym
330	136086_11	implication
330	199407_2	synonym
330	199407_3	hyponym
330	163301_1	abbreviation
330	182707_3	synonym
330	163301_2	synonym
330	163301_3	synonym
330	144298_29	synonym
330	144298_30	abbreviation
330	144298_31	implication
330	105767_2	synonym
330	185823_2	synonym
330	185823_3	abbreviation
330	106658_0	implication
330	106658_2	hyponym
330	112446_0	implication
330	185823_4	abbreviation
330	185823_7	implication
330	157301_8	synonym
330	106658_3	hyponym
330	106658_4	hyponym
330	112446_2	abbreviation
330	157301_9	abbreviation
330	181555_2	synonym
330	181555_3	abbreviation
330	185823_18	implication
330	181555_6	abbreviation
330	161610_0	synonym
330	161610_2	hyponym
330	112446_16	implication
330	164594_1	hyponym
330	164594_2	synonym
330	164594_3	synonym
330	192791_0	implication
330	192791_4	synonym
330	156269_0	implication
330	156269_2	synonym
330	191331_1	hyponym
330	144298_0	synonym
330	134973_3	synonym
330	149111_0	hyponym
330	164594_4	synonym
331	127915_5	implication
331	194855_4	synonym
331	112133_5	implication
331	154202_6	synonym
331	154202_7	synonym
331	171393_38	synonym
331	107701_5	implication
331	129255_4	synonym
331	199008_20	synonym
331	137636_9	implication
331	112133_6	implication
331	137869_17	synonym
331	163321_14	synonym
331	107701_9	synonym
331	148450_0	synonym
331	148450_1	synonym
331	148450_2	synonym
331	129255_5	synonym
331	129255_6	implication
331	161844_0	synonym
331	161844_1	synonym
331	151851_1	synonym
331	106782_3	synonym
331	146947_8	synonym
331	127915_8	implication
331	196268_0	synonym
331	137869_21	synonym
331	135858_2	synonym
331	148450_4	synonym
331	154202_10	implication
331	146958_0	synonym
331	175366_0	synonym
331	175366_1	synonym
331	175366_2	synonym
331	110549_0	synonym
331	193920_2	synonym
331	146947_9	implication
331	146947_10	implication
331	161844_2	synonym
331	173316_2	synonym
331	173316_3	implication
331	148450_5	implication
331	148450_6	synonym
331	175366_4	synonym
331	151851_3	synonym
331	122883_1	synonym
331	107354_22	synonym
331	193920_5	synonym
331	146947_11	implication
331	109514_8	synonym
331	109514_9	synonym
331	122883_3	abbreviation
331	122883_4	synonym
331	122883_5	synonym
331	196268_6	implication
331	122903_0	synonym
331	149073_0	synonym
331	163321_22	synonym
331	148450_10	implication
331	146958_3	synonym
331	146958_4	synonym
331	163287_1	synonym
331	113492_2	implication
331	191410_0	synonym
331	161844_9	synonym
331	161844_10	synonym
331	196268_9	implication
331	196268_10	implication
331	148450_12	synonym
331	163287_2	synonym
331	155533_1	implication
331	122883_7	synonym
331	196459_2	synonym
331	113492_3	synonym
331	113492_4	synonym
331	161844_11	implication
331	193920_9	synonym
331	122903_4	implication
331	144195_10	implication
331	148450_15	synonym
331	191410_2	synonym
331	199008_32	synonym
331	155655_1	synonym
331	196268_11	synonym
331	110549_8	synonym
331	110549_10	synonym
331	179642_0	synonym
331	179642_1	synonym
331	179642_2	synonym
331	150105_0	synonym
331	140318_9	synonym
331	191410_4	synonym
331	191410_6	synonym
331	178961_15	synonym
331	134857_34	synonym
331	148450_19	implication
331	168309_14	synonym
331	113469_2	synonym
331	155533_6	synonym
331	155533_7	synonym
331	185494_0	implication
331	196459_13	synonym
331	124621_0	implication
331	191410_7	implication
331	113598_2	synonym
331	105694_1	implication
331	168309_17	synonym
331	168309_18	implication
331	146452_2	synonym
331	185494_1	synonym
331	185494_2	synonym
331	113469_4	implication
331	146958_12	synonym
331	146958_13	implication
331	113469_5	implication
331	167883_0	synonym
331	167883_1	synonym
331	113598_7	implication
331	181394_0	synonym
331	181394_1	synonym
331	171913_11	implication
331	106611_6	implication
331	175366_24	synonym
331	124621_4	synonym
331	190272_6	synonym
331	190272_7	synonym
331	171913_12	implication
331	146958_15	implication
331	167883_3	synonym
331	113598_8	synonym
331	113598_9	implication
331	122903_14	synonym
331	106611_8	synonym
331	106310_2	synonym
331	149073_12	synonym
331	145340_0	synonym
331	190272_10	synonym
331	109853_4	implication
331	192151_7	synonym
331	179642_9	synonym
331	179642_10	synonym
331	185494_7	synonym
331	198152_17	synonym
331	198152_18	synonym
331	168047_5	implication
331	113598_15	synonym
331	113598_16	implication
331	106310_4	synonym
331	106310_5	synonym
331	145340_1	synonym
331	145340_3	synonym
331	106611_11	synonym
331	192151_8	implication
331	198152_19	implication
331	168047_6	implication
331	168047_7	implication
331	124621_10	synonym
331	167883_10	synonym
331	167883_11	synonym
331	118265_4	synonym
331	126490_0	synonym
331	157548_4	synonym
331	136175_0	synonym
331	136175_1	synonym
331	145340_5	synonym
331	145340_6	synonym
331	198152_21	synonym
331	198152_22	implication
331	193189_5	synonym
331	167768_0	synonym
331	179642_11	implication
331	179642_12	implication
331	168047_8	synonym
331	106611_13	implication
331	143223_6	implication
331	103677_6	synonym
331	124621_11	synonym
331	124621_12	synonym
331	146452_14	implication
331	136175_2	synonym
331	193189_7	synonym
331	166034_0	synonym
331	157548_6	synonym
331	153544_2	synonym
331	105694_9	synonym
331	145340_7	synonym
331	198152_23	implication
331	146452_15	implication
331	146452_16	synonym
331	100268_6	synonym
331	143223_7	implication
331	124621_13	synonym
331	126341_0	synonym
331	166034_1	implication
331	136175_4	synonym
331	136175_5	synonym
331	157252_1	synonym
331	157252_2	synonym
331	153544_5	implication
331	146452_18	implication
331	193189_8	implication
331	181394_13	synonym
331	100268_8	implication
331	143223_10	implication
331	106482_0	synonym
331	136175_7	synonym
331	166034_3	synonym
331	126341_2	synonym
331	126341_3	synonym
331	126490_8	synonym
331	126490_9	synonym
331	129486_1	implication
331	146452_19	implication
331	145340_13	synonym
331	143223_11	synonym
331	143223_12	synonym
331	117403_2	synonym
331	136175_9	implication
331	181394_14	synonym
331	179642_18	synonym
331	167768_5	synonym
331	167768_6	synonym
331	106482_1	synonym
331	109129_3	implication
331	129486_4	implication
331	141292_4	synonym
331	193189_10	implication
331	126341_4	synonym
331	126341_5	implication
331	143223_13	synonym
331	143223_14	implication
331	143223_15	synonym
331	136175_10	implication
331	167768_7	synonym
331	166034_8	synonym
331	122174_3	synonym
331	122174_4	synonym
331	181394_17	synonym
331	106310_15	implication
331	133339_0	synonym
331	143223_16	synonym
331	115173_13	synonym
331	117954_0	synonym
331	117954_1	synonym
331	104831_3	synonym
331	106482_6	synonym
331	109129_6	synonym
331	109129_7	implication
331	109129_8	synonym
331	143223_19	synonym
331	117403_9	implication
331	115173_14	synonym
331	173189_5	synonym
331	133339_2	implication
331	175480_7	synonym
331	166034_12	synonym
331	117954_3	synonym
331	136175_14	implication
331	126341_13	synonym
331	115173_16	synonym
331	143223_20	implication
331	162910_2	synonym
331	162910_3	synonym
331	167768_12	implication
331	151223_2	synonym
331	152972_2	synonym
331	166034_13	synonym
331	129501_0	synonym
331	164384_7	synonym
331	129412_0	synonym
331	133339_5	synonym
331	158768_7	synonym
331	166034_15	synonym
331	166034_16	synonym
331	151223_3	synonym
331	151223_5	synonym
331	152972_6	implication
331	126341_14	synonym
331	126341_15	synonym
331	136175_18	implication
331	136175_19	synonym
331	181394_24	synonym
331	164384_10	synonym
331	130253_1	synonym
331	166034_17	synonym
331	166034_18	synonym
331	141825_3	implication
331	129501_6	synonym
331	166902_7	synonym
331	193944_6	synonym
331	157548_23	synonym
331	157548_24	synonym
331	141825_6	synonym
331	111101_1	synonym
331	133339_11	synonym
331	117954_8	synonym
331	117954_9	synonym
331	158711_7	synonym
331	174752_13	synonym
331	129412_7	synonym
331	129412_8	synonym
331	149073_35	synonym
331	193944_10	synonym
331	129501_7	synonym
331	130253_8	implication
331	130253_9	synonym
331	157548_25	implication
331	151223_9	synonym
331	158768_12	implication
331	158768_13	implication
331	196878_2	implication
331	141825_7	implication
331	141825_8	synonym
331	126341_22	synonym
331	111101_4	synonym
331	161473_1	implication
331	158711_9	implication
331	133339_13	implication
331	133339_14	synonym
331	129412_10	synonym
331	129412_11	implication
331	115521_1	synonym
331	130253_10	synonym
331	130253_12	synonym
331	151223_13	synonym
331	126341_23	synonym
331	161473_2	implication
331	161473_3	synonym
331	129645_4	synonym
331	134157_0	synonym
331	111101_5	synonym
331	111101_6	abbreviation
331	129412_12	synonym
331	130253_14	synonym
331	126341_26	synonym
331	186436_0	synonym
331	180621_1	synonym
331	158768_14	implication
331	158768_15	synonym
331	151223_14	synonym
331	151223_15	synonym
331	151223_16	synonym
331	133339_18	synonym
331	129645_6	synonym
331	196878_6	implication
331	115521_5	abbreviation
331	149073_43	implication
331	126341_29	synonym
331	188125_4	synonym
331	188125_5	synonym
331	130253_20	synonym
331	157905_1	synonym
331	129412_20	synonym
331	165342_0	synonym
331	165342_1	synonym
331	110481_1	synonym
331	149498_0	synonym
331	166034_29	implication
331	166034_30	synonym
331	117954_18	implication
331	115692_0	synonym
331	129412_21	synonym
331	110481_2	implication
331	110481_3	synonym
331	196878_11	implication
331	176617_7	implication
331	126341_33	synonym
331	126341_34	synonym
331	115521_10	synonym
331	171753_2	implication
331	197150_2	synonym
331	110481_5	synonym
331	110481_6	synonym
331	133855_14	implication
331	133855_15	synonym
331	125362_0	synonym
331	115521_12	synonym
331	171753_3	implication
331	149498_1	synonym
331	149498_2	implication
331	149498_3	implication
331	110481_9	implication
331	149111_1	synonym
331	186436_12	synonym
331	180621_6	synonym
331	149498_4	synonym
331	186436_14	synonym
331	115692_4	synonym
331	197150_8	synonym
331	125362_1	synonym
331	180621_7	synonym
331	149111_6	synonym
331	172672_6	synonym
331	172672_7	synonym
331	185551_2	synonym
331	168331_12	synonym
331	168331_13	synonym
331	140660_1	synonym
331	140660_2	synonym
331	140660_3	implication
331	125362_5	synonym
331	149498_6	synonym
331	172672_8	synonym
331	157809_0	synonym
331	197150_9	synonym
331	171753_6	implication
331	186436_18	synonym
331	186436_19	synonym
331	186436_20	synonym
331	125362_7	implication
331	172672_10	synonym
331	149111_10	synonym
331	149111_11	synonym
331	157809_2	synonym
331	157809_3	synonym
331	149498_9	synonym
331	171817_0	synonym
331	171817_1	synonym
331	171753_9	implication
331	172672_12	synonym
331	197150_15	implication
331	101449_12	synonym
331	157809_4	abbreviation
331	194111_0	synonym
331	149111_12	synonym
331	149111_14	hyponym
331	125362_9	implication
331	125362_11	synonym
331	185551_10	synonym
331	185551_12	implication
331	171817_2	synonym
331	150008_10	synonym
331	159904_0	synonym
331	159904_3	synonym
331	160997_14	synonym
331	160997_15	synonym
331	101449_14	implication
331	157809_6	synonym
331	157809_7	synonym
331	169428_4	synonym
331	149498_13	implication
331	149498_14	synonym
331	149498_15	synonym
331	171817_4	implication
331	171817_5	synonym
331	179996_4	synonym
331	159904_4	synonym
331	126013_1	synonym
331	194111_1	synonym
331	194111_2	synonym
331	157809_9	synonym
331	150008_11	implication
331	126427_2	synonym
331	126427_3	synonym
331	199008_16	implication
331	171817_6	synonym
331	171817_7	implication
331	197150_24	synonym
331	169428_6	implication
331	169428_7	implication
331	149498_16	synonym
331	126427_4	implication
331	160997_19	implication
331	157809_10	synonym
331	126013_3	synonym
331	107354_11	synonym
331	107354_12	synonym
331	168331_23	synonym
331	194111_4	synonym
331	179996_6	implication
331	163321_2	synonym
331	193756_7	synonym
331	193756_10	synonym
331	199407_1	synonym
331	199407_2	synonym
331	199407_3	synonym
331	126427_5	synonym
331	168331_24	synonym
331	168331_25	synonym
331	126013_5	synonym
331	107354_13	synonym
331	194111_7	synonym
331	194111_8	synonym
331	194111_9	synonym
331	179996_8	synonym
331	157809_13	synonym
331	131087_0	implication
331	183308_8	implication
331	149498_21	synonym
331	133226_0	synonym
331	126013_6	synonym
331	126013_7	synonym
331	177613_9	synonym
331	115692_15	synonym
331	115692_16	synonym
331	177498_0	implication
331	182707_2	synonym
331	182707_3	synonym
331	157301_0	implication
331	107354_17	synonym
331	163321_10	abbreviation
331	168331_26	implication
331	194111_10	synonym
331	179996_11	synonym
331	131087_2	synonym
331	131087_3	synonym
331	163321_11	abbreviation
331	126013_9	synonym
331	171393_0	synonym
331	177613_13	implication
331	177613_14	synonym
331	166203_4	implication
331	163301_3	synonym
331	133226_1	synonym
331	157301_1	synonym
331	184905_13	synonym
331	179996_12	implication
331	179996_13	implication
331	126013_10	synonym
331	126013_11	synonym
331	177498_2	synonym
331	112869_0	synonym
331	171393_2	synonym
331	144722_0	implication
331	144722_1	implication
331	144722_2	synonym
331	168331_31	synonym
331	157301_3	synonym
331	131087_10	synonym
331	166902_40	implication
331	146947_0	synonym
331	146947_1	implication
331	183308_12	synonym
331	171393_3	implication
331	177498_3	synonym
331	118392_2	synonym
331	112869_1	synonym
331	112869_2	synonym
331	137636_2	synonym
331	191228_0	synonym
331	149256_0	implication
331	157301_5	synonym
331	157301_6	synonym
331	105767_2	synonym
331	183308_14	implication
331	109878_0	synonym
331	144722_6	synonym
331	115692_21	implication
331	137869_0	synonym
331	171393_5	synonym
331	112869_6	synonym
331	170407_8	implication
331	149256_1	synonym
331	171393_8	implication
331	137869_3	synonym
331	137869_4	synonym
331	163165_6	synonym
331	157301_8	synonym
331	112446_1	synonym
331	112869_7	implication
331	159894_0	synonym
331	137636_5	synonym
331	137636_6	implication
331	149256_3	synonym
331	171393_9	synonym
331	112834_1	synonym
331	149256_4	synonym
331	118392_11	synonym
331	112869_14	implication
331	163165_10	synonym
331	137869_8	implication
331	137869_9	synonym
331	137869_10	implication
331	181555_3	synonym
331	181555_4	synonym
331	171393_14	synonym
331	177498_11	implication
331	163870_4	synonym
331	163870_5	synonym
331	163870_6	synonym
331	157301_12	synonym
331	144766_10	synonym
331	181555_5	synonym
331	137869_12	implication
331	163165_11	synonym
331	149256_6	synonym
331	149256_7	implication
331	109878_14	synonym
331	159894_8	implication
331	157301_13	implication
331	179222_3	synonym
331	137869_14	synonym
331	180621_27	synonym
331	112834_7	implication
331	109878_16	synonym
331	159894_11	implication
331	159894_12	synonym
331	167697_6	synonym
331	167697_7	implication
331	144766_13	synonym
331	144766_14	synonym
331	108176_7	synonym
331	129650_2	implication
331	143701_5	implication
331	113759_0	synonym
331	113759_2	synonym
331	174736_0	synonym
331	112834_8	synonym
331	112834_9	synonym
331	159894_15	synonym
331	101882_4	synonym
331	129650_3	synonym
331	129650_4	synonym
331	113759_4	synonym
331	171393_22	synonym
331	147165_1	synonym
331	159894_17	synonym
331	113759_5	synonym
331	174243_12	synonym
331	147165_2	synonym
331	171393_23	implication
331	157301_17	synonym
331	157301_18	synonym
331	101882_7	synonym
331	174736_6	synonym
331	174736_7	synonym
331	174736_8	synonym
331	174243_13	implication
331	109878_25	implication
331	129650_8	implication
331	171393_25	implication
331	184324_7	synonym
331	184324_8	implication
331	112446_16	implication
331	112834_13	implication
331	103369_2	synonym
331	113759_12	synonym
331	169374_0	synonym
331	147165_7	implication
331	184324_11	implication
331	113759_13	synonym
331	164594_3	synonym
331	157296_7	synonym
331	157296_8	synonym
331	103369_9	synonym
331	147165_11	implication
331	186382_9	synonym
331	181555_19	implication
331	147165_12	implication
331	113759_17	implication
331	113759_18	implication
331	192791_0	implication
331	129255_1	synonym
331	192791_2	synonym
331	192791_3	synonym
331	180101_3	synonym
331	180101_5	synonym
331	192791_4	synonym
331	154649_5	synonym
331	154649_8	implication
331	180101_10	implication
331	191702_1	synonym
331	191702_3	synonym
331	180101_11	implication
331	154649_11	implication
331	154649_12	implication
331	154202_1	synonym
331	191702_4	synonym
331	112133_0	synonym
331	112133_1	synonym
331	157839_1	synonym
331	154202_5	synonym
331	112133_4	synonym
331	157839_7	synonym
331	178112_1	synonym
331	178112_2	implication
331	157839_8	implication
331	155655_6	implication
331	197150_23	implication
331	103677_0	synonym
331	140660_0	synonym
331	170407_0	synonym
331	110549_11	synonym
331	132513_0	hyponym
331	163321_0	synonym
331	163321_3	synonym
331	130253_0	synonym
331	130253_2	implication
331	145132_0	implication
331	145132_1	synonym
331	191410_5	synonym
331	164967_0	synonym
331	171971_7	synonym
331	171971_8	synonym
331	186436_15	synonym
331	103677_1	synonym
331	103677_3	synonym
331	103677_4	synonym
331	163321_13	synonym
331	196459_0	synonym
331	196459_3	synonym
331	104831_0	synonym
331	104831_1	synonym
331	164967_2	synonym
331	149498_22	implication
331	191702_2	synonym
331	171971_10	synonym
331	171971_11	implication
331	171971_12	synonym
331	167488_0	synonym
331	103677_5	synonym
331	126341_10	synonym
331	126341_11	synonym
331	140660_7	synonym
331	196459_6	synonym
331	129501_1	synonym
331	187916_1	synonym
331	159904_1	implication
331	159904_2	implication
331	164967_3	synonym
331	167488_1	synonym
331	134857_0	synonym
331	171971_15	implication
331	140660_12	synonym
331	126341_12	synonym
331	132513_9	synonym
331	196459_10	synonym
331	196459_11	synonym
331	196459_12	implication
331	172205_1	synonym
331	149204_3	synonym
331	149204_4	synonym
331	129501_2	synonym
331	199008_0	synonym
331	172205_2	implication
331	196459_15	implication
331	190179_0	synonym
331	190179_3	synonym
331	164384_1	synonym
331	164384_2	synonym
331	187916_5	implication
331	163870_0	synonym
331	109878_9	abbreviation
331	182351_3	synonym
331	182351_5	synonym
331	107701_6	synonym
331	107701_7	implication
331	196459_21	synonym
331	190179_4	synonym
331	179222_0	synonym
331	179222_2	synonym
331	164967_8	synonym
331	114939_7	synonym
331	164384_6	synonym
331	193756_0	synonym
331	193756_1	synonym
331	107701_10	synonym
331	113598_0	synonym
331	113598_1	abbreviation
331	182351_9	synonym
331	182351_10	synonym
331	190179_9	synonym
331	110481_0	synonym
331	164967_9	synonym
331	186382_6	synonym
331	113598_3	synonym
331	194596_0	synonym
331	114939_8	implication
331	190179_13	synonym
331	141292_0	synonym
331	141292_2	synonym
331	194111_5	synonym
331	194111_11	synonym
331	187916_11	synonym
331	187916_12	synonym
331	141292_5	synonym
331	193756_8	synonym
331	193920_0	synonym
331	194596_2	synonym
331	146452_24	implication
331	159894_16	synonym
331	194596_5	synonym
331	194596_6	synonym
331	194596_9	implication
331	186382_11	implication
331	193756_9	synonym
331	197150_0	synonym
331	103369_6	synonym
331	192013_3	implication
331	192013_4	synonym
331	149111_0	synonym
331	149111_3	synonym
331	193920_7	implication
331	193920_10	implication
331	197150_3	synonym
331	197150_4	synonym
331	197150_6	implication
331	103369_10	synonym
331	116651_0	implication
331	116651_1	synonym
331	116651_2	synonym
331	116651_3	synonym
331	197150_7	synonym
331	147502_11	synonym
331	116651_4	implication
331	187916_20	implication
331	147502_16	synonym
331	132786_0	synonym
331	132786_1	synonym
331	175366_5	synonym
331	132786_5	implication
331	175366_15	synonym
331	164594_4	synonym
332	109514_2	synonym
332	159504_12	hyponym
332	174571_7	implication
332	120257_22	hyponym
332	104582_6	synonym
332	109514_6	hyponym
332	109514_7	synonym
332	109514_8	hyponym
332	109514_9	implication
332	104582_10	implication
332	109514_11	synonym
332	176083_0	implication
332	104582_16	synonym
332	109514_13	implication
332	109514_14	hyponym
332	104582_21	implication
332	176083_4	hyponym
332	109514_18	hyponym
332	192151_0	synonym
332	192151_1	synonym
332	176083_7	hyponym
332	192151_2	implication
332	168279_0	hyponym
332	192151_5	synonym
332	192151_6	synonym
332	192151_8	synonym
332	168279_5	synonym
332	168279_12	implication
332	170309_0	hyponym
332	170309_3	synonym
332	199482_0	synonym
332	199482_1	synonym
332	170309_4	synonym
332	170309_5	synonym
332	199482_2	hyponym
332	199482_3	synonym
332	170309_7	hyponym
332	199482_5	implication
332	139341_14	synonym
332	170309_11	implication
332	139341_15	hyponym
332	117878_1	synonym
332	199482_10	hyponym
332	161968_23	synonym
332	170309_12	synonym
332	117878_3	hyponym
332	101449_0	hyponym
332	199482_11	synonym
332	199482_12	hyponym
332	199482_13	hyponym
332	101449_1	synonym
332	184905_0	hyponym
332	170309_17	hyponym
332	199482_14	hyponym
332	199482_15	hyponym
332	199482_16	synonym
332	170309_18	synonym
332	199482_17	hyponym
332	101449_6	hyponym
332	101449_7	synonym
332	117878_11	implication
332	117878_12	synonym
332	184905_3	implication
332	117878_16	synonym
332	199482_22	hyponym
332	199482_23	synonym
332	101449_10	synonym
332	184905_4	hyponym
332	184905_5	hyponym
332	199482_24	hyponym
332	101449_12	hyponym
332	116778_11	hyponym
332	184905_8	hyponym
332	105954_8	hyponym
332	199482_35	implication
332	184905_11	hyponym
332	168279_41	implication
332	184905_12	implication
332	168279_42	implication
332	184905_13	hyponym
332	155093_1	synonym
332	109514_0	hyponym
332	109514_1	implication
332	168279_44	synonym
332	159504_0	hyponym
332	167972_0	synonym
332	163165_5	implication
332	163165_6	hyponym
332	159504_7	implication
332	129611_2	synonym
332	125594_0	hyponym
332	155093_6	hyponym
332	168279_53	implication
332	125594_3	implication
332	155093_7	synonym
332	125594_5	synonym
332	163165_13	hyponym
332	167972_12	hyponym
332	163165_15	implication
332	167972_14	synonym
332	125594_15	hyponym
332	174571_4	implication
332	120257_4	implication
332	120257_8	synonym
332	120257_9	implication
332	120257_15	hyponym
332	120257_16	synonym
332	117878_0	synonym
332	117878_5	hyponym
332	117878_6	hyponym
332	117878_10	synonym
332	120257_0	hyponym
332	104582_0	hyponym
332	116778_5	implication
332	104582_7	synonym
333	146406_8	hyponym
333	178961_16	synonym
333	162147_9	synonym
333	178961_17	synonym
333	196878_0	hyponym
333	179480_8	synonym
333	103881_10	synonym
333	179480_25	synonym
333	179480_26	implication
333	141996_0	synonym
333	141996_2	synonym
333	141996_10	implication
333	141996_12	synonym
333	141996_22	synonym
333	146406_6	synonym
333	141996_3	synonym
333	146406_2	synonym
334	146406_9	implication
334	194855_4	synonym
334	183737_3	implication
334	154332_1	synonym
334	154332_2	implication
334	154332_3	implication
334	163321_14	implication
334	183737_8	implication
334	108084_33	synonym
334	108084_35	synonym
334	114837_1	implication
334	129255_5	implication
334	129255_6	implication
334	151851_1	synonym
334	106782_3	implication
334	146947_8	implication
334	183737_11	implication
334	135858_2	implication
334	110549_0	synonym
334	146947_9	implication
334	146947_10	implication
334	179838_1	synonym
334	179838_3	implication
334	146947_11	implication
334	114837_9	synonym
334	109514_8	implication
334	122883_3	implication
334	122883_4	implication
334	122903_0	implication
334	163321_22	implication
334	179838_7	implication
334	140318_3	synonym
334	113492_2	implication
334	126242_13	implication
334	126242_14	implication
334	113492_4	implication
334	126242_15	implication
334	122903_4	implication
334	199008_32	implication
334	110549_10	synonym
334	114837_18	implication
334	114837_19	synonym
334	114837_20	synonym
334	140318_9	implication
334	191410_4	implication
334	126242_22	implication
334	114837_24	synonym
334	113469_2	implication
334	122903_8	implication
334	191410_7	implication
334	114837_27	implication
334	114837_28	implication
334	175366_23	implication
334	110549_15	abbreviation
334	179838_20	synonym
334	185494_2	implication
334	113469_4	implication
334	126242_23	implication
334	126242_25	implication
334	111138_1	implication
334	113469_5	implication
334	113598_7	implication
334	140477_0	hyponym
334	140477_1	implication
334	181394_1	implication
334	175366_24	implication
334	111138_6	implication
334	111138_7	implication
334	140477_4	implication
334	124621_4	implication
334	113598_8	synonym
334	113598_9	implication
334	122903_14	implication
334	185494_7	implication
334	198152_17	implication
334	198152_18	implication
334	111138_12	implication
334	140477_12	hyponym
334	168047_5	implication
334	113598_15	implication
334	113598_16	implication
334	106310_4	implication
334	145340_1	implication
334	145340_3	implication
334	126242_29	implication
334	192151_8	implication
334	198152_19	implication
334	111318_1	synonym
334	168047_6	implication
334	168047_7	implication
334	136175_0	implication
334	136175_1	implication
334	145340_5	implication
334	198152_21	implication
334	198152_22	implication
334	193189_5	implication
334	111318_4	implication
334	140477_19	implication
334	136175_2	implication
334	193189_7	implication
334	140477_22	implication
334	145340_7	synonym
334	198152_23	implication
334	142372_0	synonym
334	124897_0	implication
334	124897_1	abbreviation
334	193189_8	implication
334	106482_0	implication
334	136175_7	implication
334	171203_0	implication
334	124897_3	implication
334	124897_5	implication
334	145340_13	implication
334	142372_1	synonym
334	142372_3	synonym
334	181394_14	implication
334	106482_1	implication
334	171203_1	implication
334	171203_2	implication
334	193189_10	implication
334	142372_5	synonym
334	136175_10	implication
334	181394_17	implication
334	106310_15	implication
334	142372_7	synonym
334	117954_1	implication
334	106482_6	implication
334	148215_4	synonym
334	133339_2	implication
334	175480_7	synonym
334	142372_10	implication
334	117954_3	implication
334	162525_1	implication
334	136175_14	implication
334	148215_6	implication
334	133339_5	implication
334	178782_2	implication
334	110663_0	implication
334	110663_1	implication
334	136175_18	implication
334	136175_19	implication
334	181394_24	implication
334	130253_1	implication
334	148215_11	implication
334	148215_13	implication
334	110663_2	implication
334	178782_3	implication
334	129501_6	abbreviation
334	148215_14	implication
334	148215_15	implication
334	148215_17	implication
334	111101_1	implication
334	117954_8	implication
334	117954_9	implication
334	129412_8	implication
334	149073_35	implication
334	110663_6	implication
334	122400_1	synonym
334	151342_3	implication
334	151342_4	implication
334	193944_10	implication
334	129501_7	implication
334	130253_8	implication
334	130253_9	implication
334	158768_12	implication
334	122400_2	implication
334	158711_9	implication
334	133339_14	synonym
334	129412_11	implication
334	193944_11	implication
334	115521_1	implication
334	130253_10	implication
334	130253_12	implication
334	129017_1	implication
334	150402_1	implication
334	161473_3	implication
334	129645_4	implication
334	133339_16	implication
334	111101_5	implication
334	130253_14	implication
334	158768_14	implication
334	129017_2	synonym
334	129645_6	implication
334	115521_5	implication
334	150402_3	hyponym
334	149073_43	implication
334	170309_11	implication
334	178787_10	implication
334	165342_0	implication
334	165342_1	hyponym
334	117954_18	implication
334	129412_21	implication
334	150402_6	implication
334	110481_2	implication
334	110481_3	abbreviation
334	151854_0	implication
334	151854_1	implication
334	130539_13	implication
334	150402_8	implication
334	110481_5	implication
334	110481_6	implication
334	151854_2	implication
334	181730_1	synonym
334	110481_9	implication
334	149111_1	implication
334	186436_12	implication
334	181730_4	implication
334	181730_5	synonym
334	187753_1	synonym
334	151854_5	implication
334	125362_1	implication
334	149111_6	implication
334	172672_6	implication
334	172672_7	implication
334	187753_2	implication
334	187753_3	implication
334	172672_8	implication
334	186436_18	implication
334	186436_19	implication
334	186436_20	implication
334	122400_19	implication
334	125362_7	implication
334	172672_10	implication
334	149111_11	implication
334	172672_12	implication
334	199962_0	implication
334	149111_12	implication
334	125362_9	implication
334	151854_12	implication
334	151854_13	implication
334	150402_19	implication
334	150008_10	abbreviation
334	159904_0	implication
334	193575_0	synonym
334	193575_1	implication
334	193575_2	synonym
334	193575_3	synonym
334	101449_14	implication
334	199962_1	implication
334	193575_4	implication
334	193575_5	implication
334	150008_11	implication
334	194111_4	implication
334	193575_7	implication
334	193575_9	synonym
334	163321_2	implication
334	193756_10	implication
334	123832_1	implication
334	199407_1	implication
334	199407_2	implication
334	199407_3	implication
334	199962_5	implication
334	103881_4	implication
334	194111_7	implication
334	194111_8	implication
334	194111_9	implication
334	123832_4	implication
334	123832_6	implication
334	183308_8	implication
334	133226_0	implication
334	112313_2	synonym
334	193575_15	synonym
334	182707_2	implication
334	123832_8	synonym
334	166203_4	implication
334	163301_3	implication
334	133226_1	implication
334	184905_13	implication
334	112869_0	implication
334	144722_0	implication
334	144722_1	implication
334	144722_2	implication
334	131701_6	synonym
334	114149_2	synonym
334	146947_1	implication
334	131701_7	implication
334	183308_12	implication
334	114149_3	implication
334	112869_1	implication
334	112869_2	implication
334	149256_0	implication
334	105767_2	implication
334	183308_14	implication
334	112869_6	implication
334	155571_0	implication
334	155571_2	synonym
334	112869_7	implication
334	149256_3	implication
334	155571_3	implication
334	149256_4	implication
334	155571_6	implication
334	155571_7	implication
334	112869_14	implication
334	159687_1	implication
334	159687_2	implication
334	163870_5	implication
334	163870_6	implication
334	115109_1	synonym
334	163165_11	implication
334	159894_8	implication
334	159687_5	implication
334	159687_6	implication
334	120128_3	implication
334	115109_2	synonym
334	115109_3	synonym
334	159894_11	implication
334	167697_6	implication
334	167697_7	implication
334	120128_6	implication
334	113759_2	implication
334	174736_0	synonym
334	113759_4	implication
334	113759_5	implication
334	150306_1	implication
334	101882_7	implication
334	174736_8	implication
334	174243_13	implication
334	150306_4	implication
334	150306_9	synonym
334	103369_2	implication
334	113759_12	implication
334	113759_13	implication
334	164594_3	implication
334	103369_9	implication
334	108084_3	implication
334	113759_17	implication
334	113759_18	synonym
334	192791_0	implication
334	108084_4	implication
334	129255_1	implication
334	192791_2	implication
334	192791_3	implication
334	195994_4	implication
334	192791_4	implication
334	108084_10	abbreviation
334	183737_0	synonym
334	183737_1	implication
334	139433_1	implication
334	139433_2	implication
334	191702_4	implication
334	149095_0	implication
334	139433_3	implication
334	139433_4	synonym
334	157839_1	implication
334	149095_3	implication
334	126242_1	synonym
334	139433_6	implication
334	126242_2	implication
334	157839_7	implication
334	178112_1	implication
334	178112_2	implication
334	157839_8	implication
334	197150_23	implication
334	108084_19	implication
334	108084_20	implication
334	110549_11	synonym
334	130253_0	implication
334	130253_2	implication
334	191410_5	implication
334	177622_15	implication
334	171971_7	implication
334	103677_1	abbreviation
334	103677_2	implication
334	163321_13	implication
334	196459_3	implication
334	104831_1	implication
334	191702_2	abbreviation
334	171971_11	synonym
334	196459_6	abbreviation
334	187916_1	implication
334	171357_0	synonym
334	157727_3	implication
334	157727_4	synonym
334	159904_1	synonym
334	159904_2	implication
334	114837_0	implication
334	162525_3	implication
334	196459_12	implication
334	171357_3	synonym
334	149204_3	implication
334	157727_7	implication
334	157727_8	implication
334	129501_2	abbreviation
334	142645_0	implication
334	142645_1	implication
334	177622_2	implication
334	114837_3	synonym
334	114837_4	abbreviation
334	191331_1	synonym
334	191331_4	synonym
334	172205_2	implication
334	172205_3	implication
334	171357_6	implication
334	171357_8	synonym
334	190179_0	synonym
334	157727_11	implication
334	115109_4	implication
334	151342_0	implication
334	142645_2	synonym
334	129017_3	synonym
334	177622_3	implication
334	114837_8	implication
334	114837_14	implication
334	114837_15	synonym
334	182351_5	implication
334	191331_5	implication
334	191331_6	implication
334	126242_0	synonym
334	196459_21	implication
334	102295_0	implication
334	102295_1	implication
334	190179_4	implication
334	142645_6	implication
334	164384_6	abbreviation
334	193756_0	hyponym
334	114837_31	implication
334	113598_0	synonym
334	113598_1	implication
334	182351_9	implication
334	182351_10	implication
334	171357_14	implication
334	102295_3	implication
334	142645_10	implication
334	146406_3	implication
334	190242_2	implication
334	113598_3	implication
334	190179_13	implication
334	141292_2	implication
334	108084_0	implication
334	194111_5	implication
334	190242_3	implication
334	187916_11	implication
334	187916_12	implication
334	193756_8	implication
334	146406_12	synonym
334	194596_9	implication
334	193920_4	implication
334	177622_10	implication
334	197150_0	synonym
334	103369_6	implication
334	192013_3	implication
334	177622_12	implication
334	197150_3	implication
334	197150_4	implication
334	112313_0	synonym
334	112313_3	synonym
334	103369_10	implication
334	147502_11	implication
334	187916_20	implication
334	175366_5	synonym
334	190242_13	implication
334	164594_4	implication
335	169126_4	synonym
335	124764_2	implication
335	157301_20	synonym
335	114183_21	synonym
335	157301_21	synonym
335	174571_7	implication
335	169126_6	synonym
335	169126_7	synonym
335	112857_1	implication
335	148450_2	synonym
335	168022_4	synonym
335	168022_5	synonym
335	126242_5	implication
335	129685_2	synonym
335	126623_1	implication
335	148450_5	implication
335	128140_3	implication
335	114183_26	synonym
335	114183_28	synonym
335	128140_4	implication
335	146958_3	abbreviation
335	144807_11	implication
335	144807_12	synonym
335	119502_9	implication
335	173316_9	synonym
335	114183_33	implication
335	127126_9	synonym
335	119502_10	implication
335	148450_16	synonym
335	173316_12	implication
335	146958_8	implication
335	119502_14	synonym
335	148450_18	implication
335	126623_12	synonym
335	192539_7	synonym
335	126623_17	implication
335	126242_26	synonym
335	146958_14	synonym
335	185494_5	implication
335	185494_6	implication
335	128140_14	synonym
335	155638_2	implication
335	155638_3	synonym
335	155638_4	synonym
335	108558_1	synonym
335	137342_5	synonym
335	185494_9	synonym
335	185494_10	implication
335	106773_0	synonym
335	167088_7	synonym
335	108558_4	synonym
335	112613_14	synonym
335	112613_15	synonym
335	106773_2	implication
335	142533_1	synonym
335	168047_8	implication
335	106773_6	synonym
335	126490_7	implication
335	132914_3	implication
335	124788_0	synonym
335	126490_10	synonym
335	124788_1	abbreviation
335	124788_2	abbreviation
335	157252_6	synonym
335	151377_3	synonym
335	186216_1	implication
335	186216_4	synonym
335	152273_11	synonym
335	135610_7	synonym
335	133424_6	implication
335	124788_6	abbreviation
335	132914_12	abbreviation
335	123684_8	synonym
335	166575_0	implication
335	128795_2	synonym
335	133424_7	implication
335	133424_8	implication
335	133424_9	implication
335	124788_10	synonym
335	186216_5	abbreviation
335	186216_6	synonym
335	132914_15	synonym
335	132914_16	synonym
335	166575_3	implication
335	133339_2	implication
335	186216_10	synonym
335	184450_0	synonym
335	140222_3	implication
335	194084_4	synonym
335	194084_5	implication
335	195981_4	synonym
335	184450_1	synonym
335	184450_2	synonym
335	142372_12	implication
335	142372_13	synonym
335	167768_13	synonym
335	167768_14	synonym
335	113638_3	synonym
335	184450_7	synonym
335	184450_10	implication
335	168279_15	synonym
335	113638_5	synonym
335	140222_8	synonym
335	184450_11	synonym
335	184450_12	implication
335	142372_17	synonym
335	142372_18	implication
335	145720_1	abbreviation
335	197615_1	implication
335	140222_10	synonym
335	174146_1	synonym
335	145720_4	implication
335	145720_5	abbreviation
335	111101_4	synonym
335	133424_25	implication
335	197615_5	implication
335	133855_3	implication
335	140222_14	synonym
335	145720_11	synonym
335	174146_5	abbreviation
335	133339_16	synonym
335	133424_26	synonym
335	111101_5	implication
335	184450_20	synonym
335	184450_21	implication
335	197615_7	synonym
335	128795_12	abbreviation
335	130655_5	implication
335	133339_18	synonym
335	130655_6	synonym
335	110804_3	implication
335	107416_18	implication
335	107416_19	synonym
335	128795_14	implication
335	174146_12	abbreviation
335	184489_13	synonym
335	115692_1	synonym
335	185113_2	implication
335	110804_8	synonym
335	110804_9	synonym
335	162642_3	implication
335	128993_5	implication
335	146210_0	synonym
335	199482_13	abbreviation
335	168279_29	implication
335	146210_1	abbreviation
335	146210_2	abbreviation
335	110804_11	implication
335	177351_5	synonym
335	177351_6	synonym
335	120337_0	synonym
335	151854_4	implication
335	151854_5	synonym
335	185113_6	synonym
335	184905_2	implication
335	146210_7	synonym
335	146210_8	implication
335	177351_11	abbreviation
335	100037_5	implication
335	100037_6	implication
335	121173_0	synonym
335	129279_5	synonym
335	120337_4	implication
335	120337_6	synonym
335	177351_15	synonym
335	191025_0	implication
335	171817_1	synonym
335	120337_7	synonym
335	100037_9	abbreviation
335	173656_4	implication
335	146210_14	synonym
335	121173_6	implication
335	121173_7	synonym
335	191025_2	implication
335	191025_3	implication
335	103049_8	synonym
335	173656_5	implication
335	121173_9	implication
335	121173_11	synonym
335	159675_41	synonym
335	150008_13	synonym
335	199482_28	abbreviation
335	191025_7	implication
335	155684_2	synonym
335	155684_4	implication
335	159675_42	synonym
335	105954_7	synonym
335	105954_8	synonym
335	167773_7	abbreviation
335	159675_46	synonym
335	142089_4	implication
335	115692_16	synonym
335	147383_1	implication
335	166902_39	synonym
335	147383_2	implication
335	163816_6	synonym
335	163816_7	synonym
335	154583_3	synonym
335	154583_4	implication
335	168331_29	synonym
335	114183_1	synonym
335	147383_5	implication
335	155684_17	synonym
335	114183_2	implication
335	114183_3	implication
335	147383_6	synonym
335	189261_1	abbreviation
335	128587_4	synonym
335	114528_12	synonym
335	114183_10	synonym
335	128587_5	abbreviation
335	183308_15	synonym
335	134208_9	implication
335	134208_10	synonym
335	189261_5	synonym
335	189261_8	implication
335	100559_6	implication
335	190537_5	synonym
335	190537_6	synonym
335	177498_9	synonym
335	100559_8	synonym
335	191228_5	implication
335	171110_17	implication
335	159138_2	implication
335	159138_4	implication
335	116955_6	abbreviation
335	104082_3	synonym
335	171473_0	synonym
335	171473_1	synonym
335	112446_9	synonym
335	116955_8	implication
335	181555_9	synonym
335	104082_5	implication
335	127002_7	synonym
335	171473_2	abbreviation
335	171473_3	implication
335	171473_4	implication
335	159138_7	implication
335	160184_6	implication
335	180621_29	synonym
335	104082_7	synonym
335	157301_19	synonym
335	104082_9	synonym
335	191228_17	synonym
335	144518_7	synonym
335	181555_13	synonym
335	112446_16	implication
335	191228_20	synonym
335	191228_21	synonym
335	197423_2	implication
335	197423_3	synonym
335	197423_4	synonym
335	127002_16	synonym
335	103679_2	implication
335	197423_5	synonym
335	174571_0	implication
335	181555_19	implication
335	103679_5	synonym
335	197423_10	implication
335	174571_1	synonym
335	174571_2	synonym
335	174571_4	implication
335	174571_5	synonym
335	147056_1	abbreviation
335	147056_3	implication
335	115334_3	synonym
335	147056_4	implication
335	120257_5	implication
335	147056_7	abbreviation
335	126242_3	implication
335	126242_4	implication
335	153552_3	implication
335	144807_9	implication
335	110804_6	implication
335	142533_2	hyponym
335	166575_10	synonym
335	166575_15	implication
335	104707_2	synonym
335	110804_12	synonym
335	108558_0	synonym
335	108558_2	implication
335	104707_3	synonym
335	197615_2	synonym
335	174146_22	synonym
335	111101_0	synonym
335	187916_4	implication
335	102889_6	abbreviation
335	197615_11	implication
335	104707_5	synonym
335	102889_9	synonym
335	110804_0	synonym
335	115024_7	implication
335	123684_2	synonym
335	115024_8	implication
335	141084_2	synonym
335	141084_6	implication
335	187916_14	synonym
335	115024_11	synonym
335	187916_18	synonym
335	187916_19	synonym
335	197423_6	implication
335	104707_16	synonym
335	190242_12	synonym
335	153552_2	implication
336	147165_18	synonym
336	146947_4	hyponym
336	107354_18	implication
336	181929_2	synonym
336	181929_3	synonym
336	154202_9	implication
336	146947_5	synonym
336	146947_6	hyponym
336	157301_22	hyponym
336	150804_15	implication
336	146947_8	synonym
336	152105_9	synonym
336	154202_10	synonym
336	129685_4	synonym
336	125325_13	abbreviation
336	150804_16	synonym
336	146947_9	implication
336	146947_10	synonym
336	169126_11	synonym
336	169126_12	synonym
336	157301_24	synonym
336	144754_15	hyponym
336	107354_23	implication
336	173316_5	synonym
336	137636_15	synonym
336	173316_6	synonym
336	109514_9	synonym
336	120257_29	hyponym
336	109514_10	synonym
336	125594_30	synonym
336	184866_2	synonym
336	184866_3	implication
336	125594_31	implication
336	109514_11	synonym
336	192539_0	hyponym
336	125594_32	synonym
336	163287_4	synonym
336	140318_6	synonym
336	140318_7	hyponym
336	109514_14	implication
336	150105_0	implication
336	162147_4	synonym
336	180546_10	hyponym
336	193095_3	hyponym
336	127159_5	implication
336	150105_1	synonym
336	140318_10	hyponym
336	140318_11	synonym
336	155533_7	synonym
336	162147_6	synonym
336	125594_36	synonym
336	192539_6	hyponym
336	192539_7	synonym
336	146958_12	implication
336	102758_2	synonym
336	192539_9	implication
336	109853_0	hyponym
336	162147_12	hyponym
336	114444_15	synonym
336	102758_7	synonym
336	114444_16	synonym
336	127864_3	implication
336	192539_11	synonym
336	146958_15	abbreviation
336	109853_1	synonym
336	185494_5	implication
336	127864_5	hyponym
336	109853_3	synonym
336	109853_4	synonym
336	124290_6	synonym
336	124290_7	synonym
336	114444_21	synonym
336	179642_10	implication
336	188400_8	synonym
336	137856_12	synonym
336	188400_10	synonym
336	188400_11	implication
336	185494_11	implication
336	114444_24	synonym
336	188400_12	synonym
336	106310_9	synonym
336	109853_9	implication
336	188400_16	synonym
336	169173_7	implication
336	146452_18	synonym
336	157252_4	hyponym
336	184884_3	synonym
336	126490_9	synonym
336	146452_19	synonym
336	161418_4	hyponym
336	157252_5	implication
336	106310_13	synonym
336	107416_1	hyponym
336	117403_4	hyponym
336	117403_5	synonym
336	184884_4	synonym
336	161418_6	hyponym
336	188400_23	hyponym
336	181394_16	synonym
336	107416_3	synonym
336	143223_16	synonym
336	109129_8	synonym
336	134831_5	synonym
336	134831_6	synonym
336	124621_21	hyponym
336	184884_10	hyponym
336	174697_3	implication
336	122174_7	synonym
336	117403_11	synonym
336	108263_4	synonym
336	172900_0	hyponym
336	161418_11	synonym
336	107416_7	hyponym
336	166034_13	implication
336	181394_23	hyponym
336	158711_4	implication
336	108263_6	synonym
336	172900_3	hyponym
336	172900_4	hyponym
336	166034_15	implication
336	161418_13	implication
336	113638_4	synonym
336	135610_12	hyponym
336	181394_24	implication
336	174697_9	synonym
336	119273_16	synonym
336	149203_3	implication
336	149203_5	implication
336	138376_6	synonym
336	141825_3	implication
336	130253_4	synonym
336	150164_6	synonym
336	133855_0	hyponym
336	181394_26	hyponym
336	174697_10	synonym
336	174697_11	hyponym
336	119273_17	synonym
336	119273_18	hyponym
336	113638_8	implication
336	133855_2	synonym
336	150164_10	abbreviation
336	107416_12	implication
336	135610_13	synonym
336	135610_14	synonym
336	161418_17	hyponym
336	181394_28	implication
336	181394_29	hyponym
336	166034_21	hyponym
336	119273_20	implication
336	130253_10	implication
336	130253_11	hyponym
336	135610_15	implication
336	180621_0	synonym
336	149203_11	synonym
336	161473_3	implication
336	161473_4	synonym
336	179499_4	synonym
336	130253_14	synonym
336	181394_31	synonym
336	184489_6	hyponym
336	167465_4	synonym
336	140222_18	hyponym
336	199482_4	implication
336	119273_22	hyponym
336	158768_16	implication
336	107416_17	synonym
336	161473_6	synonym
336	167465_5	hyponym
336	150402_3	hyponym
336	174752_18	synonym
336	129017_7	synonym
336	196878_8	hyponym
336	139341_15	synonym
336	129017_8	hyponym
336	161968_22	hyponym
336	181394_37	synonym
336	196878_11	hyponym
336	184489_16	synonym
336	184489_17	synonym
336	130253_25	hyponym
336	117878_3	implication
336	117878_4	hyponym
336	161968_25	implication
336	133855_14	implication
336	133855_15	implication
336	180621_6	synonym
336	133855_16	hyponym
336	133855_17	synonym
336	150402_14	synonym
336	180621_7	synonym
336	167804_14	synonym
336	117878_13	synonym
336	119239_15	hyponym
336	150402_15	synonym
336	133855_21	hyponym
336	117878_15	hyponym
336	103049_3	implication
336	157744_1	implication
336	157744_2	synonym
336	157640_7	implication
336	105954_0	hyponym
336	157744_7	hyponym
336	180800_2	hyponym
336	126427_0	implication
336	126427_1	hyponym
336	157744_9	hyponym
336	180800_4	hyponym
336	171817_5	synonym
336	157744_15	implication
336	105954_6	hyponym
336	171817_7	implication
336	126427_4	implication
336	141520_8	synonym
336	103049_12	implication
336	105954_7	abbreviation
336	105954_8	abbreviation
336	157744_19	synonym
336	144298_21	synonym
336	199482_30	hyponym
336	171817_8	hyponym
336	141520_10	implication
336	157640_18	implication
336	134973_6	synonym
336	103881_4	synonym
336	105954_9	implication
336	144298_24	synonym
336	157640_20	hyponym
336	157640_21	implication
336	103881_6	synonym
336	141520_12	synonym
336	141520_14	hyponym
336	103049_17	hyponym
336	126427_7	synonym
336	157640_24	implication
336	103881_9	hyponym
336	182707_4	synonym
336	141520_15	synonym
336	126427_10	synonym
336	103881_11	implication
336	195655_12	synonym
336	152649_10	hyponym
336	126427_11	synonym
336	144722_0	hyponym
336	103881_13	implication
336	163301_5	synonym
336	146947_0	hyponym
336	146947_2	synonym
336	180800_12	implication
336	103881_14	implication
336	105767_3	hyponym
336	144722_5	hyponym
336	152649_16	hyponym
336	129611_0	hyponym
336	170407_8	synonym
336	105767_4	synonym
336	163301_9	hyponym
336	105767_7	synonym
336	144722_9	hyponym
336	165603_0	hyponym
336	141996_1	synonym
336	105017_28	implication
336	144722_12	synonym
336	138190_0	implication
336	112446_6	synonym
336	133425_6	implication
336	153254_5	synonym
336	180800_22	implication
336	141996_6	synonym
336	112446_7	synonym
336	180800_23	implication
336	180621_27	synonym
336	141996_10	synonym
336	149256_10	synonym
336	167972_14	synonym
336	138190_14	hyponym
336	138190_16	implication
336	184324_3	hyponym
336	181555_10	synonym
336	181555_11	synonym
336	147165_3	hyponym
336	157301_17	synonym
336	184324_5	implication
336	155093_13	synonym
336	125594_11	implication
336	167972_22	hyponym
336	181555_16	hyponym
336	149256_17	synonym
336	113759_14	hyponym
336	164594_6	synonym
336	103679_6	hyponym
336	103679_7	synonym
336	120257_1	synonym
336	147165_17	synonym
336	150804_9	hyponym
336	157296_16	abbreviation
336	157296_17	synonym
336	157296_19	implication
336	120257_14	hyponym
336	120257_15	synonym
336	170449_3	implication
336	199929_16	synonym
336	129611_30	implication
336	144754_0	hyponym
336	157744_17	implication
336	152649_14	hyponym
336	130253_0	hyponym
336	150164_0	implication
336	144754_3	hyponym
336	174262_0	hyponym
336	188400_0	implication
336	152649_17	synonym
336	150164_4	implication
336	130253_13	synonym
336	188400_15	implication
336	130253_21	hyponym
336	150164_11	synonym
336	150164_12	implication
336	199929_15	synonym
336	184489_15	hyponym
336	156269_3	synonym
336	156269_6	hyponym
336	174262_6	synonym
336	131694_7	synonym
336	199929_19	synonym
336	141996_5	synonym
336	127864_4	synonym
336	130253_22	synonym
336	156269_7	hyponym
336	181929_9	synonym
336	179499_5	synonym
336	152649_0	implication
336	117878_5	synonym
336	181929_15	synonym
336	107354_20	implication
336	180546_8	implication
336	199929_24	synonym
336	120257_0	hyponym
336	152649_4	abbreviation
336	180546_13	hyponym
336	152649_12	implication
336	180546_16	synonym
336	151192_3	implication
336	114939_8	implication
336	114939_9	synonym
336	125325_12	abbreviation
336	134973_4	hyponym
336	133425_7	synonym
336	114939_17	synonym
337	147165_19	implication
337	112133_5	implication
337	137636_9	implication
337	112133_6	implication
337	137869_17	implication
337	120257_20	implication
337	128140_1	implication
337	148450_4	implication
337	125325_13	implication
337	161844_2	implication
337	173316_3	implication
337	151408_10	implication
337	137636_15	implication
337	196268_6	synonym
337	148450_10	implication
337	120257_28	implication
337	113492_2	implication
337	196268_9	implication
337	155533_1	implication
337	161844_11	implication
337	179642_2	implication
337	155533_4	implication
337	127159_5	implication
337	155533_6	implication
337	155533_7	implication
337	114444_11	synonym
337	155533_8	implication
337	155533_9	synonym
337	105694_1	implication
337	124290_1	implication
337	146958_13	implication
337	124290_2	implication
337	124290_3	implication
337	124621_4	implication
337	171913_12	implication
337	146958_15	implication
337	124290_4	implication
337	128140_13	implication
337	179642_10	implication
337	106611_11	implication
337	186515_1	implication
337	137856_12	synonym
337	124290_10	implication
337	167883_10	implication
337	157548_4	implication
337	137856_13	implication
337	179642_11	implication
337	179642_12	implication
337	157548_6	implication
337	186515_3	implication
337	167768_1	implication
337	106773_6	implication
337	143223_7	implication
337	166034_1	implication
337	169173_7	implication
337	146452_18	implication
337	106773_8	implication
337	143223_10	implication
337	106773_10	implication
337	126341_3	implication
337	126490_9	implication
337	129486_1	implication
337	143223_12	implication
337	167768_5	synonym
337	109129_3	implication
337	143223_15	implication
337	115173_13	implication
337	109129_6	implication
337	109129_8	implication
337	143223_19	implication
337	173189_5	implication
337	166034_12	implication
337	107683_11	implication
337	130655_0	implication
337	184489_0	implication
337	122400_1	synonym
337	157548_25	implication
337	141825_8	implication
337	130655_2	implication
337	122400_2	implication
337	133855_4	implication
337	184489_4	implication
337	184489_5	implication
337	180621_1	implication
337	151223_15	implication
337	196878_6	implication
337	126341_29	implication
337	196878_8	implication
337	184489_11	synonym
337	166034_29	implication
337	166034_30	implication
337	182073_3	implication
337	176617_6	implication
337	196878_11	implication
337	176617_7	implication
337	171753_2	implication
337	182073_5	implication
337	182073_6	implication
337	119239_8	implication
337	171753_3	implication
337	149498_3	implication
337	179480_7	synonym
337	176617_12	implication
337	122400_19	implication
337	157809_2	implication
337	149498_9	implication
337	173656_0	implication
337	119239_19	implication
337	173656_2	hyponym
337	173656_3	synonym
337	185551_10	implication
337	160997_14	implication
337	160997_15	implication
337	105017_0	synonym
337	173656_5	implication
337	173656_7	hyponym
337	149498_13	implication
337	149498_14	implication
337	149498_15	implication
337	179996_4	implication
337	157809_9	implication
337	166902_32	implication
337	171817_7	implication
337	169428_6	implication
337	169428_7	implication
337	126427_5	implication
337	103881_4	implication
337	179996_8	implication
337	149498_21	implication
337	115692_16	implication
337	131087_3	implication
337	171393_0	implication
337	179996_13	implication
337	131087_10	implication
337	179480_24	implication
337	179480_25	implication
337	171393_3	implication
337	177498_3	hyponym
337	137636_2	implication
337	149256_0	implication
337	171393_5	implication
337	177498_5	implication
337	157301_8	implication
337	125325_3	implication
337	137636_5	implication
337	137636_6	implication
337	149256_3	implication
337	133568_0	synonym
337	133568_1	implication
337	149256_4	implication
337	133568_3	implication
337	133568_4	synonym
337	133568_5	implication
337	181555_5	hyponym
337	133568_7	implication
337	157301_13	implication
337	133568_11	implication
337	112834_7	implication
337	183002_3	implication
337	129650_3	implication
337	183002_8	implication
337	133568_16	implication
337	147165_0	implication
337	180621_29	implication
337	147165_2	implication
337	180621_30	implication
337	171393_25	implication
337	112446_16	implication
337	103679_0	synonym
337	103679_1	implication
337	171393_27	implication
337	184324_11	implication
337	147165_10	implication
337	147165_11	implication
337	181555_19	implication
337	151408_1	abbreviation
337	147165_12	implication
337	103679_7	synonym
337	103679_8	implication
337	180101_3	implication
337	157296_14	implication
337	120257_2	implication
337	120257_4	implication
337	154649_5	implication
337	154649_11	implication
337	112133_1	implication
337	162515_1	implication
337	162515_2	implication
337	149498_22	implication
337	107683_3	implication
337	162515_4	synonym
337	184489_3	implication
337	162515_8	implication
337	162515_9	hyponym
337	145013_3	implication
337	120257_0	implication
337	114939_7	implication
337	125325_4	implication
337	151192_8	implication
337	133568_14	implication
337	116651_0	implication
337	116651_4	synonym
338	124764_1	synonym
338	124764_2	synonym
338	130070_0	synonym
338	124764_3	synonym
338	124764_4	synonym
338	150982_0	hyponym
338	150982_1	synonym
338	120762_10	synonym
338	130070_3	synonym
338	124764_6	synonym
338	124764_7	synonym
338	178961_9	synonym
338	121925_9	synonym
338	121925_10	abbreviation
338	178961_10	synonym
338	121925_11	abbreviation
338	178961_11	implication
338	130070_7	synonym
338	121925_13	synonym
338	150982_6	hyponym
338	178961_12	implication
338	150982_10	synonym
338	121091_3	synonym
338	121091_4	synonym
338	121091_7	synonym
338	121925_20	synonym
338	118265_1	implication
338	118265_3	synonym
338	199726_0	synonym
338	118265_6	synonym
338	178961_24	synonym
338	199726_3	synonym
338	199726_7	synonym
338	149452_0	synonym
338	134719_9	synonym
338	134719_10	hyponym
338	149452_1	synonym
338	149452_7	implication
338	134719_15	synonym
338	149452_9	implication
338	114250_0	synonym
338	149452_10	synonym
338	149452_11	synonym
338	100139_0	synonym
338	143979_7	synonym
338	143979_8	implication
338	100139_3	abbreviation
338	114250_8	implication
338	100139_8	synonym
338	100139_9	implication
338	100139_10	abbreviation
338	114250_10	synonym
338	114250_12	synonym
338	100139_11	synonym
338	114250_13	synonym
338	100139_14	abbreviation
338	142933_6	synonym
338	114250_19	synonym
338	142933_9	synonym
338	187917_1	synonym
338	181269_0	synonym
338	181269_1	hyponym
338	187917_3	hyponym
338	141036_0	synonym
338	141036_6	synonym
338	167675_12	synonym
338	124864_1	abbreviation
338	124864_3	synonym
338	156001_3	synonym
338	156001_4	synonym
338	124864_8	synonym
338	160184_0	hyponym
338	160184_5	synonym
338	178961_0	synonym
338	160184_6	hyponym
338	172591_0	synonym
338	172591_2	synonym
338	160184_9	synonym
338	172591_6	synonym
338	172591_8	synonym
338	153866_7	synonym
338	120762_0	hyponym
338	120762_1	synonym
338	178615_2	synonym
338	120762_5	hyponym
338	120762_6	synonym
338	178615_5	synonym
338	154469_1	synonym
338	154469_5	synonym
338	121925_0	synonym
338	121925_4	synonym
338	187917_0	hyponym
338	167675_0	synonym
338	184833_0	hyponym
338	167675_2	implication
338	167675_5	synonym
338	167675_7	abbreviation
338	184833_2	implication
338	114250_9	synonym
338	184833_3	implication
338	124764_0	synonym
338	184833_5	synonym
338	184833_6	hyponym
338	129578_5	synonym
338	129578_9	synonym
338	134719_0	hyponym
338	121091_0	synonym
338	121091_1	synonym
338	143979_0	synonym
338	184833_12	synonym
338	156001_0	hyponym
339	124764_2	hyponym
339	129578_3	hyponym
339	142335_0	abbreviation
339	150982_0	synonym
339	122578_0	hyponym
339	178961_9	synonym
339	169273_0	synonym
339	116970_5	hyponym
339	142335_8	synonym
339	178961_11	implication
339	142335_10	synonym
339	153694_3	implication
339	179998_0	hyponym
339	116970_12	hyponym
339	154761_0	synonym
339	171913_8	hyponym
339	167088_0	synonym
339	161430_0	synonym
339	196731_8	hyponym
339	171913_10	hyponym
339	171913_11	synonym
339	169273_13	synonym
339	121925_20	synonym
339	143937_0	hyponym
339	186314_0	hyponym
339	186314_2	synonym
339	196731_15	hyponym
339	171913_15	hyponym
339	176801_1	hyponym
339	160867_4	synonym
339	140236_8	synonym
339	150996_5	synonym
339	105694_11	synonym
339	176801_7	hyponym
339	149452_0	hyponym
339	140236_14	implication
339	105694_13	implication
339	150996_10	abbreviation
339	195981_0	synonym
339	159480_1	synonym
339	163159_0	hyponym
339	114980_0	synonym
339	130539_0	synonym
339	149452_10	synonym
339	114980_6	synonym
339	100139_0	synonym
339	115865_3	synonym
339	115865_4	synonym
339	195624_0	synonym
339	195981_7	hyponym
339	153808_0	synonym
339	143937_13	synonym
339	195981_8	implication
339	195624_2	abbreviation
339	120938_2	synonym
339	180600_7	hyponym
339	118659_4	hyponym
339	178922_0	synonym
339	118659_6	synonym
339	176801_20	synonym
339	163159_12	hyponym
339	176801_21	synonym
339	128251_4	hyponym
339	178922_7	synonym
339	140259_0	synonym
339	130539_12	hyponym
339	112777_0	hyponym
339	102015_3	synonym
339	140259_2	synonym
339	142933_5	synonym
339	178922_13	hyponym
339	178922_14	synonym
339	174072_23	synonym
339	142933_6	synonym
339	102015_8	synonym
339	181044_0	hyponym
339	152012_0	synonym
339	142933_9	synonym
339	128251_9	hyponym
339	114639_0	synonym
339	130451_0	hyponym
339	195624_11	hyponym
339	112777_4	synonym
339	181044_7	synonym
339	183308_2	synonym
339	141891_0	hyponym
339	152012_8	implication
339	114639_11	synonym
339	183308_6	hyponym
339	141891_5	synonym
339	123743_0	synonym
339	180121_0	synonym
339	166203_2	synonym
339	152012_13	implication
339	180121_4	hyponym
339	123743_6	synonym
339	134208_0	hyponym
339	128587_0	synonym
339	100559_1	abbreviation
339	140353_3	synonym
339	134208_3	synonym
339	125101_0	synonym
339	104434_0	synonym
339	154583_9	synonym
339	156001_4	synonym
339	134208_12	synonym
339	134208_13	abbreviation
339	160184_0	synonym
339	115087_0	synonym
339	172612_5	hyponym
339	178961_0	synonym
339	160184_6	hyponym
339	172591_0	hyponym
339	121743_5	synonym
339	125101_12	synonym
339	160184_9	hyponym
339	183308_26	synonym
339	153094_1	synonym
339	121743_11	synonym
339	153094_3	synonym
339	189667_0	synonym
339	120762_0	synonym
339	178615_2	hyponym
339	120762_5	synonym
339	120762_6	synonym
339	178615_5	implication
339	178112_0	hyponym
339	164280_5	hyponym
339	178112_2	hyponym
339	154469_1	hyponym
339	154469_5	synonym
339	121925_0	hyponym
339	121925_4	hyponym
339	150996_0	synonym
339	150996_3	synonym
339	187917_0	synonym
339	115024_0	synonym
339	184833_0	hyponym
339	140236_0	synonym
339	184833_2	implication
339	184833_3	implication
339	180121_2	implication
339	124764_0	hyponym
339	102015_0	synonym
339	102015_4	synonym
339	184833_6	hyponym
339	102015_7	implication
339	186314_1	implication
339	134719_0	synonym
339	156001_0	synonym
340	181929_0	hyponym
340	168128_15	synonym
340	168128_16	synonym
340	168128_18	implication
340	181929_6	synonym
340	181929_7	synonym
340	181929_8	synonym
340	181929_10	implication
340	181929_14	synonym
340	183972_7	abbreviation
340	122883_6	hyponym
340	122883_7	synonym
340	122883_8	synonym
340	176083_0	synonym
340	106220_1	implication
340	159376_0	synonym
340	106220_8	hyponym
340	159376_5	implication
340	167883_0	synonym
340	106220_9	hyponym
340	167883_4	implication
340	176083_13	synonym
340	176083_14	abbreviation
340	167883_5	implication
340	106220_14	hyponym
340	145340_0	synonym
340	159376_11	synonym
340	176083_18	implication
340	145340_1	abbreviation
340	145340_2	implication
340	137856_12	synonym
340	159376_18	hyponym
340	167883_11	abbreviation
340	145340_5	synonym
340	167883_14	implication
340	142372_0	synonym
340	167883_18	implication
340	145340_13	implication
340	142372_2	synonym
340	142372_7	implication
340	142372_11	synonym
340	142372_12	synonym
340	142372_13	implication
340	113638_4	implication
340	142372_15	implication
340	142372_16	synonym
340	113638_5	implication
340	142372_21	hyponym
340	142372_22	synonym
340	129279_2	implication
340	129279_4	hyponym
340	129279_5	abbreviation
340	119246_0	synonym
340	119246_2	abbreviation
340	178126_0	implication
340	178126_3	synonym
340	119246_7	implication
340	119246_11	implication
340	119246_17	synonym
340	119246_18	synonym
340	178126_16	hyponym
340	119246_19	synonym
340	119246_20	hyponym
340	119246_24	implication
340	178126_22	implication
340	191228_0	hyponym
340	119246_29	synonym
340	129611_0	hyponym
340	178126_28	implication
340	167972_0	synonym
340	157301_9	synonym
340	127002_0	synonym
340	127002_1	implication
340	127002_2	synonym
340	180800_23	abbreviation
340	157301_14	implication
340	167972_12	abbreviation
340	170654_0	synonym
340	167972_13	synonym
340	167972_14	synonym
340	191228_17	synonym
340	127002_10	implication
340	129650_7	hyponym
340	127002_13	hyponym
340	167972_19	implication
340	191228_21	implication
340	129611_15	implication
340	167972_21	implication
340	127002_15	abbreviation
340	127002_16	hyponym
340	127002_17	implication
340	143881_0	hyponym
340	143881_2	synonym
340	127002_19	implication
340	170654_15	synonym
340	191228_28	implication
340	143881_7	implication
340	143881_8	synonym
340	143881_14	synonym
340	168128_1	synonym
340	168128_2	implication
340	168128_6	hyponym
340	119246_27	implication
340	119246_30	synonym
340	159376_17	synonym
340	181929_9	synonym
340	168128_5	synonym
340	181929_11	implication
340	181929_12	implication
340	181929_15	implication
340	168128_14	implication
340	119246_3	implication
340	119246_10	synonym
340	119246_16	implication
341	135016_0	hyponym
341	174571_6	synonym
341	135016_7	hyponym
341	135016_8	implication
341	135016_9	synonym
341	135016_10	synonym
341	135016_11	synonym
341	110549_3	implication
341	135016_12	implication
341	135016_14	synonym
341	135016_15	synonym
341	110549_7	implication
341	110549_8	synonym
341	110549_12	synonym
341	110549_15	synonym
341	110549_17	synonym
341	101737_1	implication
341	101737_7	synonym
341	101737_12	hyponym
341	197615_1	implication
341	170309_0	synonym
341	170309_1	implication
341	174146_0	synonym
341	174146_1	hyponym
341	174146_3	implication
341	174146_4	implication
341	174146_5	synonym
341	197615_6	synonym
341	197615_7	hyponym
341	197615_8	hyponym
341	168331_0	hyponym
341	174146_7	abbreviation
341	197615_9	synonym
341	174146_10	abbreviation
341	174146_11	synonym
341	174146_12	abbreviation
341	170309_10	synonym
341	197615_13	synonym
341	174146_13	synonym
341	170309_17	synonym
341	127621_4	hyponym
341	170309_18	implication
341	170309_21	implication
341	168331_22	hyponym
341	168331_28	synonym
341	174571_5	synonym
341	110549_9	synonym
341	110549_11	synonym
341	101737_0	abbreviation
341	101737_6	abbreviation
341	110549_14	synonym
341	101737_8	abbreviation
341	101737_9	hyponym
341	101737_11	synonym
341	174146_22	abbreviation
342	112133_5	synonym
342	116970_1	synonym
342	122578_0	abbreviation
342	116970_3	synonym
342	171913_0	synonym
342	116970_6	synonym
342	121925_10	abbreviation
342	116970_7	synonym
342	121925_13	abbreviation
342	122578_8	abbreviation
342	122578_9	synonym
342	122578_10	synonym
342	113469_2	synonym
342	113469_3	synonym
342	113469_4	synonym
342	171913_10	synonym
342	113469_5	synonym
342	171913_11	abbreviation
342	171913_12	synonym
342	143937_2	abbreviation
342	171913_15	abbreviation
342	143937_3	abbreviation
342	143937_5	abbreviation
342	143937_6	abbreviation
342	143937_7	abbreviation
342	143937_8	synonym
342	167768_9	abbreviation
342	167768_10	abbreviation
342	162910_3	synonym
342	195624_0	synonym
342	130655_1	abbreviation
342	130655_3	abbreviation
342	130655_4	abbreviation
342	128251_2	synonym
342	128251_4	synonym
342	130451_0	abbreviation
342	195624_11	synonym
342	195624_12	synonym
342	130451_7	abbreviation
342	138009_8	abbreviation
342	138009_9	implication
342	112133_3	synonym
342	178112_0	abbreviation
342	178112_1	abbreviation
342	178112_2	abbreviation
342	177622_15	synonym
342	177622_17	abbreviation
342	177622_2	abbreviation
342	177622_9	synonym
342	177622_11	synonym
342	177622_12	abbreviation
342	177622_14	abbreviation
343	112133_5	implication
343	150982_0	synonym
343	116970_4	implication
343	150982_3	abbreviation
343	178961_11	implication
343	183972_7	abbreviation
343	150982_6	synonym
343	178961_12	synonym
343	196731_2	synonym
343	106611_0	implication
343	196731_6	synonym
343	167088_0	synonym
343	107110_1	synonym
343	107110_2	implication
343	107110_3	implication
343	153406_0	synonym
343	153406_1	abbreviation
343	107110_5	synonym
343	100754_0	synonym
343	100754_1	synonym
343	167088_1	synonym
343	100754_2	synonym
343	153406_7	implication
343	167088_4	synonym
343	107110_10	synonym
343	143937_0	synonym
343	143937_1	implication
343	153406_9	synonym
343	153406_10	abbreviation
343	167088_5	synonym
343	107110_11	implication
343	153406_13	abbreviation
343	176801_1	synonym
343	100754_10	synonym
343	100754_13	implication
343	107110_17	implication
343	152273_6	synonym
343	143937_6	implication
343	152273_7	implication
343	128795_0	implication
343	143937_7	synonym
343	134719_8	synonym
343	100754_19	implication
343	152273_10	synonym
343	163159_3	abbreviation
343	163159_4	implication
343	115865_3	synonym
343	128795_8	synonym
343	118659_0	implication
343	118659_1	synonym
343	128795_9	synonym
343	188125_0	synonym
343	118659_3	synonym
343	188125_1	synonym
343	188125_2	synonym
343	115692_0	synonym
343	152012_0	synonym
343	115692_4	implication
343	152012_1	synonym
343	152012_4	synonym
343	183308_1	synonym
343	152012_7	synonym
343	166203_0	implication
343	115692_11	synonym
343	166203_1	implication
343	115692_13	implication
343	166203_2	implication
343	166203_3	implication
343	124864_0	synonym
343	128587_0	synonym
343	159253_0	synonym
343	159253_1	synonym
343	128587_2	implication
343	159253_4	implication
343	159253_5	synonym
343	160184_0	implication
343	160184_2	implication
343	160184_3	implication
343	121743_1	implication
343	160184_6	synonym
343	121743_3	synonym
343	125101_11	synonym
343	172591_0	synonym
343	121743_4	implication
343	172591_3	abbreviation
343	178961_3	synonym
343	151543_0	implication
343	172591_4	synonym
343	178961_4	synonym
343	153094_0	implication
343	153094_1	synonym
343	116970_0	implication
343	153866_4	synonym
343	153866_6	synonym
343	153866_7	synonym
343	180691_0	abbreviation
343	180691_1	synonym
343	180691_2	implication
343	180691_3	synonym
343	112133_1	synonym
343	112133_2	synonym
343	112133_3	synonym
343	112133_4	synonym
343	139585_0	synonym
343	139585_1	synonym
343	183972_0	implication
343	154469_1	synonym
343	154469_3	synonym
343	154469_4	implication
343	104707_0	implication
343	133608_2	implication
343	164967_0	synonym
343	164967_1	implication
343	115471_5	synonym
343	104707_1	implication
343	134027_0	synonym
343	188241_0	synonym
343	103229_3	implication
343	188241_2	implication
343	158827_0	implication
343	134027_6	synonym
343	133608_7	synonym
343	115471_12	abbreviation
343	100966_0	synonym
343	158827_1	synonym
343	149436_0	synonym
343	196880_0	implication
343	192809_0	abbreviation
343	133608_8	implication
343	104707_6	synonym
343	147345_6	synonym
343	147345_7	implication
343	104707_7	implication
343	153406_2	abbreviation
343	188241_6	synonym
343	188241_7	implication
343	196880_2	implication
343	175030_12	synonym
343	175030_13	implication
343	147345_8	implication
343	103229_10	implication
343	100966_7	synonym
343	175030_14	synonym
343	149436_5	implication
343	158827_7	implication
343	100966_8	implication
343	188241_9	implication
343	196880_6	implication
343	134719_0	synonym
343	175030_16	abbreviation
343	149436_8	implication
343	147345_12	synonym
343	104707_12	implication
343	188772_0	implication
343	188772_1	synonym
343	104707_13	implication
343	175030_0	implication
343	104707_14	synonym
343	188241_13	abbreviation
343	196880_10	implication
343	188241_16	implication
343	175030_25	synonym
343	162798_7	synonym
343	104707_19	synonym
343	134027_13	abbreviation
343	162798_10	implication
343	134027_18	synonym
343	162798_12	implication
344	189762_7	synonym
344	100085_4	synonym
344	189762_8	synonym
344	133325_6	synonym
344	133325_7	synonym
344	133325_8	synonym
344	133325_9	synonym
344	129486_0	synonym
344	129486_4	synonym
344	189762_0	synonym
344	189762_2	synonym
344	100085_0	string
345	124749_7	implication
345	124749_11	synonym
345	124749_13	implication
345	124749_15	synonym
345	124749_16	synonym
345	124749_20	implication
345	124749_21	implication
345	124749_22	implication
345	124749_25	synonym
345	107357_0	synonym
345	107357_3	implication
345	107357_4	synonym
345	107357_6	hyponym
345	107357_9	synonym
345	196878_0	synonym
345	196878_1	synonym
345	196878_7	synonym
345	176617_4	synonym
345	108451_0	synonym
345	196878_11	synonym
345	108451_5	synonym
345	108451_14	implication
345	108451_15	synonym
345	176617_12	implication
345	104082_1	synonym
345	104082_2	synonym
345	104082_10	implication
345	124749_0	synonym
345	124749_1	abbreviation
345	124749_6	synonym
346	151408_5	abbreviation
346	151408_6	synonym
346	107290_0	synonym
346	164815_0	synonym
346	180693_0	synonym
346	180693_1	hyponym
346	164815_4	synonym
346	165510_8	hyponym
346	180693_5	implication
346	180693_7	synonym
346	107290_4	implication
346	165510_9	synonym
346	164815_5	synonym
346	165510_12	implication
346	190150_2	synonym
346	180693_8	synonym
346	180693_11	hyponym
346	107290_7	synonym
346	107290_8	synonym
346	164815_9	implication
346	164815_11	implication
346	107290_12	synonym
346	176512_0	synonym
346	181788_0	synonym
346	176512_1	hyponym
346	114444_15	synonym
346	181788_7	synonym
346	181788_8	synonym
346	181788_9	synonym
346	181788_12	implication
346	181788_13	synonym
346	181788_14	hyponym
346	176512_9	abbreviation
346	176512_10	synonym
346	176512_12	implication
346	106482_0	synonym
346	133424_2	abbreviation
346	133424_3	synonym
346	106482_3	synonym
346	106482_4	synonym
346	133424_4	synonym
346	133424_5	abbreviation
346	148134_3	synonym
346	186141_5	synonym
346	133424_20	synonym
346	195735_6	hyponym
346	133424_35	synonym
346	192975_7	synonym
346	192975_15	synonym
346	103359_1	hyponym
346	103359_2	synonym
346	103359_3	synonym
346	172195_0	synonym
346	115109_0	synonym
346	172195_9	synonym
346	115109_6	synonym
346	151408_3	abbreviation
346	195735_0	synonym
346	195735_1	synonym
346	143536_7	synonym
346	143536_8	synonym
346	172461_5	synonym
346	172461_6	synonym
346	192975_0	synonym
346	190150_0	synonym
346	143536_2	synonym
346	192975_4	synonym
346	192975_5	synonym
346	192975_6	synonym
346	101359_0	synonym
346	111966_19	synonym
346	190150_4	implication
346	192975_8	synonym
346	148134_2	synonym
346	101359_4	synonym
346	186141_4	hyponym
346	192975_14	implication
346	120467_2	hyponym
346	133424_22	hyponym
346	184718_0	synonym
346	184718_4	synonym
346	107290_6	abbreviation
346	107290_13	implication
346	111966_12	synonym
346	111966_13	synonym
347	151408_5	synonym
347	151408_8	synonym
347	106482_0	synonym
347	106482_3	synonym
347	106482_5	synonym
347	106482_6	synonym
348	154202_6	hyponym
348	154202_8	synonym
348	154202_12	synonym
348	150105_0	synonym
348	154202_0	synonym
348	154202_1	synonym
348	154202_2	synonym
348	154202_4	synonym
348	154202_13	synonym
349	154332_2	synonym
349	179117_0	hyponym
349	156962_0	hyponym
349	179117_11	synonym
349	156962_3	hyponym
349	141520_0	synonym
349	141520_7	synonym
349	141520_10	synonym
349	108176_0	hyponym
349	108176_15	synonym
349	154332_7	synonym
349	154332_0	synonym
349	141520_5	implication
350	171393_37	abbreviation
350	157301_21	synonym
350	174571_6	synonym
350	169126_7	synonym
350	152105_6	abbreviation
350	125325_11	abbreviation
350	150588_25	abbreviation
350	125325_13	abbreviation
350	125325_14	synonym
350	122828_1	abbreviation
350	122828_2	abbreviation
350	114183_25	abbreviation
350	114183_26	synonym
350	114183_27	abbreviation
350	114183_28	synonym
350	173316_6	synonym
350	173316_7	synonym
350	151851_5	synonym
350	173316_11	synonym
350	126623_11	abbreviation
350	117293_29	abbreviation
350	119502_17	synonym
350	114444_11	synonym
350	197331_10	abbreviation
350	197331_11	abbreviation
350	117293_30	synonym
350	162749_12	abbreviation
350	162749_13	abbreviation
350	114444_12	synonym
350	119502_19	abbreviation
350	126623_17	implication
350	162749_14	abbreviation
350	114444_15	synonym
350	162749_16	abbreviation
350	188400_2	abbreviation
350	114444_16	synonym
350	197419_15	abbreviation
350	114444_20	implication
350	188400_8	abbreviation
350	119283_4	synonym
350	157727_13	synonym
350	198152_23	synonym
350	188400_16	abbreviation
350	161418_1	abbreviation
350	188400_17	abbreviation
350	198152_26	implication
350	122174_7	synonym
350	168279_13	hyponym
350	161418_13	implication
350	138376_6	abbreviation
350	107416_13	synonym
350	166034_21	abbreviation
350	134268_4	abbreviation
350	134268_5	abbreviation
350	149073_38	abbreviation
350	149073_39	abbreviation
350	107416_17	abbreviation
350	174752_18	abbreviation
350	149073_43	implication
350	168279_27	synonym
350	157743_3	abbreviation
350	161968_26	abbreviation
350	161968_27	synonym
350	157743_6	implication
350	172672_2	synonym
350	134389_8	abbreviation
350	134389_12	abbreviation
350	172672_9	synonym
350	168279_33	abbreviation
350	172672_10	abbreviation
350	168279_35	abbreviation
350	126756_4	synonym
350	126756_5	synonym
350	105954_7	abbreviation
350	105954_8	abbreviation
350	172672_18	synonym
350	183590_3	abbreviation
350	171393_2	abbreviation
350	163301_5	synonym
350	114528_12	synonym
350	114528_13	synonym
350	154423_12	synonym
350	168279_48	abbreviation
350	150588_4	abbreviation
350	150588_6	implication
350	139485_16	synonym
350	133568_0	implication
350	168279_49	synonym
350	168279_50	synonym
350	112446_5	synonym
350	150588_17	abbreviation
350	150588_18	synonym
350	180800_22	abbreviation
350	181555_10	synonym
350	171393_25	abbreviation
350	155093_13	synonym
350	149256_16	synonym
350	149256_17	synonym
350	191228_25	abbreviation
350	191228_26	abbreviation
350	192791_5	synonym
350	191702_6	implication
350	152105_3	implication
350	152105_5	abbreviation
350	150588_24	abbreviation
350	150588_26	abbreviation
350	150588_0	abbreviation
350	188400_15	abbreviation
350	122828_3	abbreviation
350	127864_4	synonym
350	157727_8	abbreviation
350	150588_20	abbreviation
350	150588_23	synonym
350	125325_12	abbreviation
350	167804_4	synonym
350	134973_4	hyponym
351	112857_0	synonym
351	112857_1	synonym
351	129556_0	synonym
351	129556_1	synonym
351	129556_2	synonym
351	197122_0	synonym
351	107354_0	synonym
351	129556_10	synonym
351	107354_7	implication
351	129556_14	implication
351	197122_14	synonym
351	197122_16	synonym
351	107354_14	implication
351	197122_20	synonym
351	129556_30	implication
351	108346_0	synonym
352	112857_0	hyponym
352	112857_1	synonym
352	129556_0	synonym
352	129556_1	synonym
352	129556_2	synonym
352	116778_0	synonym
352	129556_11	synonym
352	116778_8	synonym
353	112857_0	hyponym
353	112857_1	synonym
353	159138_0	synonym
353	159138_3	synonym
353	159138_4	synonym
353	159138_7	implication
353	108346_0	synonym
354	112857_0	synonym
354	112857_1	synonym
354	139249_0	synonym
354	139249_7	implication
354	129556_0	synonym
354	197122_0	synonym
354	116778_0	synonym
354	129556_11	synonym
354	116778_8	synonym
354	197122_14	synonym
354	197122_18	synonym
354	197122_20	synonym
354	129556_30	implication
354	108346_0	synonym
355	129255_3	implication
355	129255_7	synonym
355	129255_10	synonym
355	114158_0	implication
355	114158_9	synonym
355	114158_10	synonym
355	114158_11	synonym
355	114158_17	implication
355	104701_4	implication
355	176617_12	implication
355	104701_7	synonym
356	199008_19	synonym
356	169126_10	abbreviation
356	137636_12	synonym
356	108742_1	implication
356	190532_8	synonym
356	114837_16	synonym
356	151851_7	synonym
356	199008_31	implication
356	199008_32	synonym
356	179642_2	abbreviation
356	108742_4	synonym
356	189956_6	synonym
356	179642_16	synonym
356	179642_17	synonym
356	157252_7	synonym
356	117954_2	synonym
356	199637_5	synonym
356	152972_2	synonym
356	166902_4	synonym
356	117954_6	synonym
356	122174_13	synonym
356	117954_9	synonym
356	129412_7	synonym
356	129412_8	implication
356	166902_8	implication
356	117954_10	synonym
356	129412_9	synonym
356	129412_13	synonym
356	161968_13	synonym
356	161968_15	synonym
356	129017_12	synonym
356	129017_13	synonym
356	125362_2	synonym
356	125362_6	synonym
356	125362_8	synonym
356	199008_12	implication
356	193575_0	synonym
356	194111_1	abbreviation
356	194111_2	abbreviation
356	157809_9	synonym
356	199008_16	synonym
356	199008_17	synonym
356	194111_6	implication
356	193575_8	synonym
356	194111_8	abbreviation
356	157809_12	synonym
356	157809_13	implication
356	166902_39	synonym
356	157301_1	abbreviation
356	157301_4	synonym
356	112869_3	implication
356	118392_5	synonym
356	118392_6	synonym
356	118392_7	synonym
356	118392_8	implication
356	125594_0	synonym
356	133568_1	synonym
356	159894_3	implication
356	177498_10	synonym
356	177498_11	synonym
356	154943_6	synonym
356	154943_7	implication
356	177498_15	implication
356	113759_0	synonym
356	133568_13	synonym
356	159894_14	synonym
356	154943_8	abbreviation
356	154943_9	synonym
356	154943_12	implication
356	113759_5	synonym
356	113759_12	synonym
356	125594_16	implication
356	184846_0	synonym
356	192791_7	synonym
356	184846_11	synonym
356	192791_8	synonym
356	184846_14	abbreviation
356	184846_16	implication
356	114837_6	synonym
356	199008_0	synonym
356	114837_15	abbreviation
356	159894_2	synonym
356	159894_9	synonym
356	159894_16	implication
357	125594_22	synonym
357	146958_0	synonym
357	146958_3	implication
357	146958_11	synonym
357	146958_13	synonym
357	125594_46	synonym
357	147686_1	implication
357	135610_11	synonym
357	147686_5	synonym
357	134268_0	synonym
357	129611_0	synonym
357	125594_0	synonym
357	129611_12	implication
357	125594_13	synonym
357	150804_5	synonym
357	125594_21	synonym
358	125594_23	abbreviation
358	170614_14	synonym
358	125594_26	synonym
358	125594_27	synonym
358	170614_15	synonym
358	125594_29	synonym
358	188625_0	synonym
358	188625_12	synonym
358	188625_13	implication
358	123684_0	abbreviation
358	123684_1	abbreviation
358	123684_8	synonym
358	123684_9	abbreviation
358	100921_9	synonym
358	123684_15	abbreviation
358	176827_6	synonym
358	176827_7	synonym
358	107416_18	implication
358	133691_5	implication
358	133691_6	synonym
358	125594_0	synonym
358	144659_5	abbreviation
358	144659_6	abbreviation
358	144659_7	synonym
358	144659_15	abbreviation
358	125594_12	synonym
358	170614_0	abbreviation
358	170614_7	synonym
358	123684_7	hyponym
358	123684_14	abbreviation
358	123684_2	abbreviation
358	123684_3	abbreviation
358	123684_4	implication
358	170614_19	synonym
359	125594_23	synonym
359	170614_11	implication
359	104582_3	implication
359	174691_13	hyponym
359	170614_13	synonym
359	125594_27	synonym
359	104582_10	implication
359	198930_5	synonym
359	198930_7	synonym
359	170614_21	synonym
359	173189_4	hyponym
359	134389_2	hyponym
359	134389_5	synonym
359	134389_7	synonym
359	134389_8	hyponym
359	134389_11	hyponym
359	125594_0	implication
359	125594_10	hyponym
359	117293_5	hyponym
359	170614_7	hyponym
359	170614_8	synonym
359	198930_6	hyponym
359	104582_0	synonym
359	170614_19	synonym
360	168022_0	implication
360	183972_1	implication
360	142335_0	abbreviation
360	168022_4	implication
360	121925_7	abbreviation
360	150982_1	implication
360	130070_3	implication
360	140161_3	abbreviation
360	144195_0	hyponym
360	121925_10	synonym
360	142335_6	implication
360	142335_7	implication
360	144195_2	synonym
360	178961_10	implication
360	150982_4	implication
360	150982_5	abbreviation
360	142335_8	implication
360	144195_4	synonym
360	144195_5	abbreviation
360	183972_7	implication
360	184788_1	implication
360	130070_7	implication
360	153694_3	implication
360	150982_6	implication
360	118475_0	implication
360	118475_1	implication
360	153694_4	abbreviation
360	153694_5	abbreviation
360	153694_6	implication
360	122578_8	implication
360	118475_3	implication
360	118475_4	implication
360	144195_11	implication
360	118475_5	synonym
360	106611_4	implication
360	184788_8	implication
360	184788_9	implication
360	118475_10	synonym
360	154761_7	synonym
360	184788_11	synonym
360	137856_7	implication
360	171913_11	implication
360	161430_4	synonym
360	112474_0	implication
360	186314_2	synonym
360	112474_1	abbreviation
360	112474_3	abbreviation
360	109853_3	implication
360	137342_3	implication
360	137342_4	implication
360	113469_9	implication
360	184788_18	implication
360	192809_6	synonym
360	140236_1	implication
360	112474_5	abbreviation
360	192809_8	synonym
360	137342_9	implication
360	118210_4	implication
360	118210_5	abbreviation
360	118210_6	hyponym
360	112474_8	implication
360	112474_9	implication
360	159838_2	implication
360	194275_2	implication
360	140236_5	abbreviation
360	105694_9	abbreviation
360	112474_10	synonym
360	192809_14	implication
360	118210_12	hyponym
360	140236_7	abbreviation
360	140236_8	synonym
360	194275_4	abbreviation
360	150996_5	implication
360	112474_15	abbreviation
360	105694_11	synonym
360	106611_17	implication
360	112982_1	implication
360	112474_16	implication
360	112474_17	implication
360	140236_14	implication
360	168596_1	implication
360	196052_6	synonym
360	112982_4	implication
360	112982_6	implication
360	194084_0	implication
360	194275_12	implication
360	196052_9	implication
360	159480_1	implication
360	112982_9	hyponym
360	194084_2	abbreviation
360	194084_3	abbreviation
360	196052_13	implication
360	194084_4	implication
360	195981_4	implication
360	114980_4	synonym
360	149452_9	implication
360	163159_5	abbreviation
360	143979_5	abbreviation
360	143979_6	abbreviation
360	194084_9	hyponym
360	195981_8	implication
360	133855_0	implication
360	153808_4	abbreviation
360	153808_5	abbreviation
360	180621_0	implication
360	163159_10	synonym
360	153808_7	implication
360	114250_10	implication
360	163159_11	implication
360	163159_12	implication
360	133855_8	implication
360	133855_9	implication
360	178922_8	implication
360	112777_0	implication
360	113865_8	implication
360	113865_9	implication
360	113865_10	implication
360	181044_4	abbreviation
360	113865_12	implication
360	130451_0	implication
360	151011_7	implication
360	112777_3	implication
360	112777_4	synonym
360	181044_6	abbreviation
360	151011_9	implication
360	187917_3	implication
360	181044_8	implication
360	141036_0	implication
360	141891_0	implication
360	152012_8	implication
360	114639_10	abbreviation
360	141891_2	implication
360	114528_0	implication
360	141036_6	implication
360	146195_0	implication
360	180121_0	implication
360	152012_13	implication
360	146195_1	implication
360	123743_4	abbreviation
360	174744_6	implication
360	146195_7	implication
360	180121_4	implication
360	123743_6	implication
360	174744_7	synonym
360	124864_3	abbreviation
360	114528_11	implication
360	176232_0	implication
360	128587_4	synonym
360	176232_5	implication
360	156001_3	implication
360	156001_4	implication
360	134208_9	implication
360	190537_7	implication
360	114528_17	implication
360	180621_25	abbreviation
360	180621_26	implication
360	115087_0	implication
360	104434_11	implication
360	104434_12	implication
360	112520_0	implication
360	144518_2	implication
360	115087_2	implication
360	160184_6	implication
360	144518_4	synonym
360	125101_10	implication
360	125101_12	synonym
360	112520_8	abbreviation
360	112520_9	synonym
360	144518_6	implication
360	121743_6	hyponym
360	112520_14	implication
360	144518_11	implication
360	153094_3	implication
360	189667_2	implication
360	119411_2	implication
360	127411_5	synonym
360	119411_6	implication
360	151543_9	implication
360	120762_0	implication
360	151543_10	implication
360	120762_4	abbreviation
360	178615_2	implication
360	120762_5	implication
360	139585_3	implication
360	151543_27	implication
360	196052_0	implication
360	168596_0	implication
360	187917_0	implication
360	173220_5	implication
360	184833_0	implication
360	196052_8	synonym
360	140161_0	implication
360	140161_1	implication
360	142178_3	abbreviation
360	159838_6	implication
360	168022_1	implication
360	173220_11	implication
360	113865_11	implication
360	184833_2	implication
360	140161_9	implication
360	184833_3	implication
360	153694_0	implication
360	137342_0	implication
360	127411_4	implication
360	137342_1	implication
360	120762_3	abbreviation
360	192809_0	synonym
360	192809_1	synonym
360	184833_5	implication
360	141036_5	implication
360	161430_6	implication
360	115024_6	implication
360	181044_5	abbreviation
360	102015_0	implication
360	102015_4	implication
360	141036_12	implication
360	102015_7	implication
360	186314_1	implication
360	153808_6	implication
360	177846_7	implication
360	186314_4	implication
360	115024_10	implication
360	143979_0	implication
360	123743_7	implication
360	156001_0	implication
361	144807_0	synonym
361	144807_11	synonym
361	144807_12	abbreviation
361	142089_8	synonym
361	142089_9	abbreviation
361	137869_6	implication
361	144807_9	implication
362	125325_9	abbreviation
362	183972_8	synonym
362	119283_2	implication
362	121173_0	hyponym
362	121173_7	synonym
362	121173_8	hyponym
362	121173_12	implication
362	126427_4	synonym
362	139485_11	synonym
362	129611_4	implication
362	104082_5	implication
362	129611_10	synonym
362	104082_6	synonym
362	104082_8	synonym
362	104082_9	implication
362	104082_10	synonym
362	129611_11	synonym
362	150804_0	synonym
362	129611_17	synonym
362	150804_4	implication
362	150804_5	abbreviation
362	129611_22	implication
362	129611_23	implication
362	139485_15	implication
363	125325_9	synonym
363	117293_21	synonym
363	117293_25	synonym
363	117293_30	synonym
363	168279_0	synonym
363	168279_1	synonym
363	168279_2	synonym
363	117293_39	synonym
363	168279_4	synonym
363	168279_5	synonym
363	168279_6	synonym
363	168279_10	synonym
363	168279_11	synonym
363	139341_0	hyponym
363	138376_1	synonym
363	138376_7	synonym
363	139341_8	synonym
363	134389_0	synonym
363	139341_15	synonym
363	139341_16	synonym
363	139341_17	implication
363	134389_4	implication
363	134389_10	implication
363	134389_13	implication
363	134389_14	synonym
363	134389_15	synonym
363	168279_36	synonym
363	168279_37	synonym
363	134389_21	implication
363	134389_22	synonym
363	168279_38	implication
363	125325_0	synonym
363	168279_48	implication
363	117293_0	synonym
363	125325_4	implication
364	137636_9	synonym
364	128140_0	synonym
364	128140_1	synonym
364	167483_0	synonym
364	109514_9	synonym
364	109514_10	synonym
364	109514_11	synonym
364	150105_0	synonym
364	128140_8	synonym
364	127159_5	synonym
364	150105_1	synonym
364	178961_16	synonym
364	155533_7	synonym
364	124621_0	synonym
364	127159_6	synonym
364	109853_0	synonym
364	155533_13	synonym
364	128140_13	synonym
364	114444_18	synonym
364	124621_6	synonym
364	109853_4	synonym
364	114444_20	implication
364	114444_23	synonym
364	169173_0	synonym
364	169173_1	synonym
364	109853_5	abbreviation
364	169173_3	synonym
364	167483_19	synonym
364	124621_11	synonym
364	124621_13	synonym
364	169173_7	synonym
364	174752_0	synonym
364	173189_0	synonym
364	174752_2	synonym
364	166902_1	synonym
364	124621_21	synonym
364	173189_5	synonym
364	174752_6	synonym
364	124621_22	synonym
364	166902_3	abbreviation
364	173189_7	implication
364	138376_1	synonym
364	138376_5	synonym
364	138376_6	synonym
364	196878_0	synonym
364	133855_0	abbreviation
364	133855_1	abbreviation
364	133855_2	synonym
364	174752_14	synonym
364	180621_0	synonym
364	168331_0	synonym
364	119239_0	synonym
364	166902_12	synonym
364	174752_19	synonym
364	196878_8	abbreviation
364	122400_8	synonym
364	133855_11	synonym
364	196878_11	synonym
364	168331_6	synonym
364	168331_7	synonym
364	119239_6	synonym
364	119239_7	synonym
364	122400_12	synonym
364	168331_8	abbreviation
364	133855_15	synonym
364	119239_8	synonym
364	180621_6	synonym
364	133855_16	implication
364	168331_10	synonym
364	168331_11	implication
364	180621_7	synonym
364	168331_12	synonym
364	168331_13	synonym
364	133855_21	abbreviation
364	180800_0	synonym
364	144298_6	synonym
364	119239_20	synonym
364	144298_11	synonym
364	144298_13	synonym
364	122400_23	implication
364	166902_31	synonym
364	144298_14	synonym
364	144298_15	synonym
364	166902_33	synonym
364	168331_22	synonym
364	144298_20	synonym
364	166902_34	synonym
364	185551_16	synonym
364	185551_17	abbreviation
364	126427_6	synonym
364	144298_24	synonym
364	155093_0	synonym
364	168331_26	synonym
364	168331_27	synonym
364	144298_29	implication
364	144298_30	synonym
364	133226_3	synonym
364	105017_13	synonym
364	105017_14	synonym
364	180800_12	abbreviation
364	180800_14	synonym
364	105017_16	abbreviation
364	180800_16	abbreviation
364	105017_28	abbreviation
364	180800_21	synonym
364	149256_7	synonym
364	178961_0	abbreviation
364	147165_0	synonym
364	180621_29	synonym
364	155093_12	synonym
364	184324_8	synonym
364	184324_10	hyponym
364	180621_33	abbreviation
364	149256_18	synonym
364	180621_34	abbreviation
364	147165_13	synonym
364	147165_14	synonym
364	157296_16	abbreviation
364	157296_17	abbreviation
364	114307_3	synonym
364	114307_5	implication
364	114307_6	implication
364	114307_7	synonym
364	114307_9	hyponym
364	185551_11	synonym
364	151192_14	synonym
364	151192_0	synonym
364	151192_2	synonym
364	151192_3	synonym
364	151192_6	synonym
364	114307_1	implication
365	156619_11	abbreviation
365	156619_13	synonym
365	156619_5	implication
365	156619_9	implication
365	156619_10	implication
365	156619_0	hyponym
366	156619_11	synonym
366	156619_17	synonym
366	162749_9	synonym
366	162749_10	synonym
366	177082_13	hyponym
366	129650_0	hyponym
367	165056_0	synonym
367	165056_13	synonym
367	184905_2	implication
367	129279_4	synonym
367	184905_4	synonym
367	184905_5	hyponym
367	184905_6	synonym
367	184905_7	synonym
367	184905_9	synonym
367	184905_11	synonym
367	184905_13	synonym
368	170614_11	implication
368	198930_4	implication
368	198930_5	synonym
368	198930_7	synonym
368	144659_6	synonym
368	144659_15	hyponym
368	170614_1	synonym
368	170614_7	synonym
368	170614_8	synonym
368	198930_6	hyponym
369	174691_11	synonym
369	174691_15	hyponym
369	174691_0	implication
369	174691_3	implication
369	174691_8	hyponym
369	174691_9	hyponym
369	107340_0	synonym
369	107340_1	hyponym
369	107340_2	abbreviation
369	107340_3	synonym
369	107340_7	synonym
369	107340_10	synonym
369	107340_13	synonym
370	174691_11	synonym
370	174691_14	synonym
370	174691_15	synonym
370	174691_0	implication
370	174691_3	implication
370	174691_8	synonym
371	130070_1	abbreviation
371	165857_1	implication
371	150982_0	synonym
371	150982_1	synonym
371	116970_4	implication
371	130070_2	synonym
371	130070_3	abbreviation
371	169273_0	synonym
371	150982_3	synonym
371	165510_6	synonym
371	165510_7	hyponym
371	165510_8	implication
371	178961_11	implication
371	183972_7	abbreviation
371	184788_1	abbreviation
371	150982_6	synonym
371	165510_12	synonym
371	178961_12	synonym
371	117505_8	implication
371	169273_5	synonym
371	169273_6	implication
371	106611_0	synonym
371	169273_8	synonym
371	105694_0	synonym
371	113469_2	synonym
371	167088_0	synonym
371	107110_2	synonym
371	167088_1	synonym
371	120889_0	synonym
371	153406_6	synonym
371	153406_7	implication
371	167088_4	synonym
371	143937_0	synonym
371	143937_1	synonym
371	153406_10	implication
371	167088_5	synonym
371	120889_1	synonym
371	120889_4	synonym
371	176801_1	synonym
371	194275_0	implication
371	167768_0	synonym
371	120889_5	synonym
371	193189_7	synonym
371	152273_1	synonym
371	152273_2	synonym
371	120889_8	synonym
371	105694_10	synonym
371	143937_6	synonym
371	152273_7	implication
371	128795_0	synonym
371	105694_13	implication
371	167768_7	abbreviation
371	195981_0	synonym
371	195981_1	synonym
371	180600_0	synonym
371	195981_3	synonym
371	163159_3	synonym
371	163159_4	implication
371	143979_3	synonym
371	130539_0	synonym
371	195624_0	hyponym
371	130655_0	synonym
371	114158_0	implication
371	114158_1	implication
371	195624_1	synonym
371	128795_7	synonym
371	128795_8	synonym
371	118659_0	synonym
371	118659_2	synonym
371	130655_1	abbreviation
371	114158_4	synonym
371	114158_5	implication
371	128251_1	abbreviation
371	130655_3	synonym
371	114158_7	implication
371	114158_8	hyponym
371	128795_11	abbreviation
371	128251_3	synonym
371	130539_10	synonym
371	128251_4	synonym
371	128795_13	abbreviation
371	112777_0	synonym
371	151011_0	synonym
371	142933_5	synonym
371	151011_2	synonym
371	145076_5	synonym
371	195624_10	implication
371	115692_4	synonym
371	115338_1	synonym
371	130451_2	implication
371	145076_12	synonym
371	115338_6	implication
371	115338_7	synonym
371	130451_5	synonym
371	130451_6	implication
371	166203_0	synonym
371	115692_11	synonym
371	166203_1	implication
371	115692_13	synonym
371	187205_2	implication
371	174744_4	synonym
371	166203_3	implication
371	114528_5	synonym
371	143763_0	hyponym
371	114528_6	synonym
371	174744_5	synonym
371	128587_0	synonym
371	114528_8	hyponym
371	100559_0	abbreviation
371	100559_1	synonym
371	159253_1	synonym
371	128587_2	synonym
371	128587_3	synonym
371	143763_8	synonym
371	143763_9	synonym
371	125101_0	synonym
371	100559_4	synonym
371	159253_3	synonym
371	100559_7	synonym
371	172612_1	synonym
371	121743_1	synonym
371	144518_3	synonym
371	121743_3	synonym
371	144518_5	synonym
371	125101_11	synonym
371	178961_3	synonym
371	151543_0	synonym
371	134964_7	implication
371	178961_4	synonym
371	153094_0	synonym
371	153094_1	synonym
371	127411_0	abbreviation
371	116970_0	synonym
371	127411_6	synonym
371	139433_1	synonym
371	139433_2	synonym
371	112133_1	synonym
371	157839_0	hyponym
371	112133_2	synonym
371	179104_10	synonym
371	112133_3	synonym
371	112133_4	synonym
371	183972_0	synonym
371	157839_4	synonym
371	178112_1	synonym
371	157839_9	abbreviation
371	154469_4	synonym
371	121925_4	abbreviation
371	121925_5	abbreviation
371	104707_0	synonym
371	133608_2	synonym
371	115471_5	synonym
371	104707_1	synonym
371	188241_0	synonym
371	103229_3	synonym
371	115024_2	synonym
371	126812_0	synonym
371	164967_4	synonym
371	158827_0	synonym
371	134027_6	hyponym
371	133608_7	hyponym
371	172612_4	synonym
371	158827_1	synonym
371	126812_1	synonym
371	115024_4	implication
371	133608_8	synonym
371	104707_6	synonym
371	145076_13	implication
371	109170_9	synonym
371	136373_8	synonym
371	188241_6	synonym
371	175030_12	synonym
371	153406_5	synonym
371	177622_7	synonym
371	177622_8	synonym
371	149436_5	synonym
371	115024_9	synonym
371	188241_10	synonym
371	134719_0	synonym
371	136373_14	abbreviation
371	177389_7	synonym
371	109170_16	synonym
371	104707_12	synonym
371	188241_13	abbreviation
371	167196_7	synonym
371	188241_16	synonym
371	136373_0	synonym
371	162798_7	synonym
371	104707_20	synonym
371	178322_0	synonym
371	162798_10	synonym
371	104707_21	synonym
371	178322_2	synonym
371	162798_12	implication
371	178322_3	implication
371	178322_4	synonym
371	178322_8	synonym
371	117505_7	implication
372	130070_1	abbreviation
372	194155_10	synonym
372	130070_2	synonym
372	165510_7	synonym
372	127488_1	synonym
372	127488_3	implication
372	127488_4	synonym
372	184788_1	implication
372	127488_5	implication
372	165510_12	implication
372	169273_6	implication
372	117505_11	synonym
372	169273_7	implication
372	169273_8	synonym
372	127488_7	synonym
372	105694_0	implication
372	117505_15	synonym
372	157008_2	implication
372	157008_6	implication
372	120889_1	synonym
372	193189_4	implication
372	120889_5	implication
372	120889_8	synonym
372	105694_10	implication
372	120889_9	hyponym
372	151377_1	implication
372	105694_13	implication
372	151377_6	synonym
372	195981_0	implication
372	119273_10	synonym
372	151377_7	implication
372	151377_8	synonym
372	180600_0	synonym
372	119273_11	implication
372	143979_1	synonym
372	151377_9	synonym
372	143979_3	abbreviation
372	195624_0	hyponym
372	130655_0	synonym
372	195624_1	abbreviation
372	195624_2	hyponym
372	128251_0	synonym
372	128251_1	abbreviation
372	180884_3	implication
372	130539_10	implication
372	114250_11	hyponym
372	142933_1	synonym
372	112777_0	synonym
372	142933_4	synonym
372	145076_4	synonym
372	145076_5	synonym
372	195624_10	implication
372	128251_9	synonym
372	130451_2	implication
372	115338_5	implication
372	187205_0	implication
372	187205_1	synonym
372	187205_2	implication
372	174744_4	implication
372	114528_5	implication
372	143763_0	hyponym
372	114528_6	implication
372	174744_5	implication
372	100559_0	abbreviation
372	100559_1	synonym
372	143763_7	synonym
372	138009_6	hyponym
372	143763_13	synonym
372	172612_1	synonym
372	140402_3	implication
372	194155_2	synonym
372	134964_7	synonym
372	187790_2	implication
372	139433_2	synonym
372	157839_0	hyponym
372	157839_4	synonym
372	178112_1	implication
372	157839_9	abbreviation
372	121925_5	abbreviation
372	115024_0	synonym
372	119124_0	synonym
372	115024_2	implication
372	126812_0	implication
372	145076_0	synonym
372	115024_4	implication
372	145076_13	implication
372	145076_14	synonym
372	145076_15	synonym
372	136373_10	implication
372	115024_9	implication
372	196880_6	implication
372	145076_23	synonym
372	177389_7	implication
372	190242_6	synonym
372	177389_11	implication
372	167196_7	implication
372	167196_8	synonym
372	137441_8	implication
372	117505_10	hyponym
373	165857_1	synonym
373	165857_4	synonym
373	127488_5	synonym
373	107110_2	synonym
373	193189_0	synonym
373	107110_11	synonym
373	152273_0	synonym
373	167768_0	synonym
373	152273_6	synonym
373	152273_7	synonym
373	167768_8	synonym
373	173189_3	synonym
373	152273_12	synonym
373	152273_14	implication
373	167768_9	synonym
373	162910_3	synonym
373	114158_0	implication
373	114158_1	synonym
373	114158_4	implication
373	114158_6	synonym
373	114158_7	implication
373	188125_2	synonym
373	114158_17	synonym
373	115338_2	synonym
373	115338_6	synonym
373	115338_7	synonym
373	115338_8	synonym
373	187790_1	synonym
373	178322_12	synonym
373	115471_6	synonym
373	115471_7	synonym
373	147345_3	abbreviation
373	157008_7	synonym
373	196880_0	synonym
373	190242_0	synonym
373	190242_1	synonym
373	196880_2	synonym
373	147345_8	synonym
373	115471_17	synonym
373	175030_15	synonym
373	100966_8	synonym
373	196880_6	synonym
373	149436_8	synonym
373	177622_9	synonym
373	196880_7	synonym
373	177622_11	synonym
373	175030_0	synonym
373	188772_3	synonym
373	196880_10	synonym
373	196880_11	synonym
373	190242_9	synonym
373	175030_25	synonym
373	196880_16	synonym
373	178322_0	abbreviation
373	178322_4	synonym
373	178322_10	abbreviation
374	179104_15	synonym
374	179104_16	synonym
374	179104_20	synonym
374	179104_24	synonym
374	140402_3	implication
374	140402_9	synonym
374	140402_10	synonym
374	179104_0	synonym
374	179104_11	synonym
374	179104_12	synonym
374	140402_0	synonym
375	123916_0	synonym
375	123916_1	implication
375	123916_2	synonym
375	123916_3	abbreviation
375	174736_13	abbreviation
375	123916_5	abbreviation
375	123916_6	synonym
375	123916_7	synonym
375	123916_9	abbreviation
375	123916_15	implication
375	123916_16	synonym
375	122903_0	synonym
375	155984_0	synonym
375	155984_1	abbreviation
375	155984_10	synonym
375	155984_11	abbreviation
375	155984_12	abbreviation
375	155984_14	abbreviation
375	100028_0	synonym
375	100028_1	synonym
375	100028_2	implication
375	155984_18	synonym
375	100028_3	synonym
375	100028_4	implication
375	100028_5	implication
375	100028_6	implication
375	100028_7	synonym
375	100028_8	synonym
375	122903_12	synonym
375	122903_13	synonym
375	100028_9	synonym
375	100028_11	synonym
375	100028_12	synonym
375	100028_13	synonym
375	122903_17	abbreviation
375	100028_17	synonym
375	121149_2	synonym
375	100028_18	synonym
375	121149_3	synonym
375	121149_6	synonym
375	122903_23	synonym
375	100028_21	abbreviation
375	146094_0	abbreviation
375	146094_2	abbreviation
375	146094_3	synonym
375	146094_4	abbreviation
375	176704_0	synonym
375	176704_1	implication
375	176704_5	synonym
375	176704_7	abbreviation
375	176704_8	synonym
375	176704_12	abbreviation
375	110804_8	synonym
375	110804_9	synonym
375	110804_13	implication
375	126013_0	synonym
375	126013_2	synonym
375	126013_4	implication
375	126013_7	synonym
375	126013_8	synonym
375	126013_9	synonym
375	126013_10	synonym
375	112815_9	synonym
375	112815_10	synonym
375	112815_11	synonym
375	112815_12	implication
375	167972_0	synonym
375	127002_0	abbreviation
375	174736_0	abbreviation
375	174736_2	abbreviation
375	136424_3	synonym
375	167972_13	synonym
375	127002_9	synonym
375	127002_10	implication
375	174736_6	abbreviation
375	174736_7	abbreviation
375	174736_8	synonym
375	136424_9	abbreviation
375	127002_14	synonym
375	136424_10	synonym
375	136424_11	synonym
375	136424_12	synonym
375	136424_14	synonym
375	136424_15	synonym
375	136424_20	synonym
375	136424_21	implication
375	127002_21	synonym
375	136424_22	synonym
375	136424_23	synonym
375	136424_24	synonym
375	121149_0	synonym
375	146094_8	implication
375	136424_0	synonym
376	129685_0	hyponym
376	125325_11	hyponym
376	129685_4	synonym
376	125325_13	abbreviation
376	146947_9	implication
376	129685_5	synonym
376	162749_0	synonym
376	162749_12	synonym
376	197419_10	abbreviation
376	197419_11	synonym
376	197419_19	synonym
376	161418_0	hyponym
376	161418_2	synonym
376	161418_4	implication
376	102295_6	abbreviation
376	144657_0	synonym
376	144657_4	synonym
376	144657_10	synonym
376	173124_0	hyponym
376	160997_0	synonym
376	173124_23	abbreviation
376	173124_24	hyponym
376	173124_29	synonym
376	159904_0	hyponym
376	160997_15	hyponym
376	126427_4	hyponym
376	119405_5	hyponym
376	159904_12	implication
376	169374_0	hyponym
376	180101_0	synonym
376	151543_15	hyponym
376	114939_8	synonym
376	114939_11	synonym
376	189423_11	synonym
377	172612_6	synonym
377	169273_0	hyponym
377	116970_5	synonym
377	116970_6	synonym
377	172612_12	synonym
377	179998_0	hyponym
377	116970_12	synonym
377	169273_8	implication
377	122578_8	implication
377	161430_0	hyponym
377	196731_8	synonym
377	113469_3	synonym
377	113469_4	synonym
377	169273_13	synonym
377	122578_16	abbreviation
377	196731_9	hyponym
377	186314_2	synonym
377	113469_9	implication
377	196731_15	synonym
377	176801_1	hyponym
377	113469_11	synonym
377	186314_10	synonym
377	176801_7	synonym
377	159480_0	hyponym
377	174072_0	synonym
377	195624_0	synonym
377	180600_6	synonym
377	195624_2	abbreviation
377	128251_0	abbreviation
377	180600_7	hyponym
377	174072_4	implication
377	118659_4	synonym
377	118659_6	synonym
377	176801_20	implication
377	174072_12	synonym
377	176801_21	synonym
377	180600_12	synonym
377	128251_4	hyponym
377	113865_2	synonym
377	113865_3	abbreviation
377	195624_7	abbreviation
377	113865_8	implication
377	174072_23	synonym
377	151011_3	synonym
377	113865_10	synonym
377	128251_9	hyponym
377	114639_0	hyponym
377	113865_12	abbreviation
377	113865_13	implication
377	130451_0	hyponym
377	151011_7	implication
377	195624_11	hyponym
377	112777_4	synonym
377	114639_1	implication
377	151011_9	synonym
377	113865_16	synonym
377	183308_2	synonym
377	141891_0	hyponym
377	112777_8	synonym
377	114639_11	hyponym
377	141891_1	synonym
377	140282_4	synonym
377	183308_6	hyponym
377	141891_5	synonym
377	154583_0	synonym
377	174744_6	synonym
377	154583_2	synonym
377	140282_8	synonym
377	154583_3	synonym
377	100559_1	abbreviation
377	134208_1	hyponym
377	134208_2	implication
377	130451_13	abbreviation
377	134208_3	synonym
377	140353_4	synonym
377	154583_9	synonym
377	174744_13	synonym
377	190537_2	synonym
377	140353_6	synonym
377	134208_9	hyponym
377	134208_12	synonym
377	134208_13	abbreviation
377	190537_9	synonym
377	172612_5	hyponym
377	100559_16	hyponym
377	121743_5	hyponym
377	183308_26	synonym
377	121743_11	synonym
377	189667_0	synonym
377	189667_6	synonym
377	180691_0	synonym
377	180691_1	implication
377	180691_3	synonym
377	164280_2	implication
377	178112_0	hyponym
377	178112_2	hyponym
377	113865_0	synonym
377	174072_15	abbreviation
377	113865_1	synonym
377	113865_11	synonym
377	113865_15	implication
377	161430_12	synonym
377	186314_1	implication
378	128140_0	string
378	128140_8	string
378	157402_1	synonym
378	151342_1	implication
378	134268_0	string
378	129645_1	string
378	151342_3	implication
378	151342_8	implication
378	129645_4	string
378	129645_5	string
378	134268_6	string
378	131251_0	string
378	131251_1	implication
378	131251_3	implication
378	131251_4	string
378	131251_6	implication
378	112834_3	implication
378	112834_4	string
378	112834_5	string
378	112834_17	string
378	122828_0	string
378	122828_3	string
378	151342_0	string
379	128140_0	string
379	150313_18	implication
379	150313_20	implication
379	156619_15	synonym
379	150313_21	synonym
379	150313_22	string
379	156619_18	implication
379	183972_7	string
379	183972_8	string
379	156619_23	synonym
379	128140_8	string
379	138286_0	string
379	138286_12	implication
379	104701_6	implication
379	104701_7	string
379	104701_9	string
379	150313_2	string
379	150313_3	string
379	150313_11	implication
379	150313_13	synonym
379	150313_14	string
379	150313_15	synonym
379	150313_16	implication
379	150313_17	synonym
379	156619_1	implication
379	156619_2	string
379	156619_3	string
379	156619_5	implication
379	156619_6	implication
379	156619_8	synonym
379	156619_9	implication
379	183972_0	string
379	150313_0	string
379	156619_0	string
380	128140_0	synonym
380	128140_1	synonym
380	128140_14	hyponym
381	128140_0	hyponym
381	100037_18	synonym
381	137636_13	implication
381	100037_23	synonym
381	100037_24	synonym
381	106773_6	synonym
381	106773_7	synonym
381	166902_1	abbreviation
381	168331_0	hyponym
381	168331_3	implication
381	197615_10	synonym
381	185113_0	synonym
381	185113_7	synonym
381	151854_9	synonym
381	185113_8	synonym
381	185113_9	synonym
381	168331_19	synonym
381	168331_20	synonym
381	168331_21	synonym
381	168331_22	hyponym
381	166902_39	synonym
381	168331_28	synonym
381	168331_29	synonym
381	168331_30	hyponym
381	179937_0	abbreviation
381	185113_21	synonym
381	179937_1	synonym
381	179937_6	synonym
381	179937_12	synonym
381	197615_12	hyponym
382	128140_0	synonym
382	128140_1	hyponym
382	163565_0	synonym
382	163565_2	implication
382	198152_0	hyponym
382	163565_5	implication
382	163565_8	implication
382	163565_9	implication
382	133325_2	synonym
382	133325_3	synonym
382	163565_11	implication
382	191410_1	synonym
382	163565_15	implication
382	163565_16	implication
382	163565_17	implication
382	128140_8	hyponym
382	133325_5	implication
382	133325_6	synonym
382	133325_7	hyponym
382	128140_9	hyponym
382	163565_21	implication
382	133325_8	synonym
382	198152_11	implication
382	198152_12	implication
382	171913_12	implication
382	153552_0	synonym
382	198152_16	synonym
382	153552_5	synonym
382	186515_0	synonym
382	198152_22	synonym
382	168047_8	synonym
382	186515_3	synonym
382	186515_4	synonym
382	186515_5	implication
382	198152_24	implication
382	168411_7	implication
382	150996_4	implication
382	150996_5	hyponym
382	198152_25	implication
382	168411_15	synonym
382	129486_4	synonym
382	150996_10	implication
382	168411_19	synonym
382	198152_31	hyponym
382	162525_1	implication
382	162525_2	synonym
382	157548_18	synonym
382	162525_4	implication
382	157548_19	synonym
382	157548_20	hyponym
382	151342_2	synonym
382	170309_0	synonym
382	129645_0	implication
382	151342_3	synonym
382	151342_4	synonym
382	111101_3	synonym
382	111101_6	synonym
382	170309_6	synonym
382	170309_7	synonym
382	140259_0	synonym
382	157743_0	synonym
382	157743_1	synonym
382	170309_13	synonym
382	157743_3	hyponym
382	157743_4	synonym
382	157743_5	hyponym
382	170309_14	synonym
382	140259_3	synonym
382	140259_4	synonym
382	157743_6	synonym
382	157743_7	synonym
382	170309_17	synonym
382	157743_10	synonym
382	170309_19	synonym
382	169428_8	synonym
382	112834_0	synonym
382	112834_6	synonym
382	181555_8	synonym
382	181555_13	implication
382	112834_16	synonym
382	112834_17	synonym
382	115334_2	synonym
382	115334_3	synonym
382	150996_0	synonym
382	108558_0	synonym
382	108558_2	synonym
382	108558_3	synonym
382	162525_0	synonym
382	162525_5	implication
382	151342_0	synonym
382	168411_0	synonym
382	168411_2	synonym
382	168411_3	synonym
382	168411_13	implication
382	168411_14	synonym
382	168411_16	hyponym
382	168411_18	implication
383	119502_0	synonym
383	119502_2	implication
383	119502_3	synonym
383	119502_4	synonym
383	119502_13	synonym
383	119502_14	synonym
383	119502_15	synonym
383	119502_16	synonym
383	119502_18	implication
383	119502_24	synonym
383	119502_25	synonym
384	142335_1	implication
384	142335_3	implication
384	142335_5	implication
384	117293_19	abbreviation
384	171913_1	synonym
384	142335_6	implication
384	142335_7	implication
384	171913_2	synonym
384	183972_6	synonym
384	165056_8	abbreviation
384	165056_9	implication
384	117293_22	abbreviation
384	171913_3	synonym
384	183972_7	abbreviation
384	183972_8	abbreviation
384	165056_11	abbreviation
384	169273_3	synonym
384	169273_4	hyponym
384	171913_4	implication
384	117293_24	synonym
384	171913_5	synonym
384	169273_5	synonym
384	106611_0	synonym
384	117293_27	abbreviation
384	171913_6	hyponym
384	171913_7	implication
384	137856_5	abbreviation
384	137856_6	implication
384	126242_23	abbreviation
384	126242_24	synonym
384	126242_25	implication
384	149073_7	abbreviation
384	149073_8	implication
384	137856_7	implication
384	171913_11	abbreviation
384	105694_3	abbreviation
384	120889_1	synonym
384	106611_9	synonym
384	105694_4	synonym
384	105694_5	synonym
384	117293_38	hyponym
384	105694_6	implication
384	105694_7	abbreviation
384	120889_5	synonym
384	120889_6	implication
384	105694_8	synonym
384	105694_10	synonym
384	149452_4	synonym
384	194084_1	abbreviation
384	194084_2	implication
384	194084_3	implication
384	149452_5	synonym
384	149452_6	abbreviation
384	149452_7	synonym
384	158711_1	synonym
384	149452_8	implication
384	149452_9	synonym
384	146094_5	synonym
384	158711_3	implication
384	149452_10	implication
384	158711_5	abbreviation
384	117954_7	abbreviation
384	159675_8	implication
384	100139_2	synonym
384	117954_8	synonym
384	149073_35	abbreviation
384	149073_36	abbreviation
384	100139_3	abbreviation
384	100139_4	implication
384	158711_10	abbreviation
384	128251_1	synonym
384	100139_5	synonym
384	100139_6	synonym
384	130655_3	abbreviation
384	176617_1	synonym
384	100139_7	abbreviation
384	100139_8	synonym
384	128251_2	synonym
384	130655_5	hyponym
384	114158_10	synonym
384	114158_11	hyponym
384	149073_43	implication
384	188125_5	hyponym
384	114158_12	synonym
384	188125_6	synonym
384	140259_1	implication
384	159675_27	implication
384	160997_6	synonym
384	159675_32	synonym
384	177125_8	abbreviation
384	177125_9	abbreviation
384	159675_33	synonym
384	159675_35	synonym
384	160997_11	abbreviation
384	171753_8	abbreviation
384	177125_13	abbreviation
384	177125_14	abbreviation
384	103049_5	synonym
384	107354_4	implication
384	107354_6	implication
384	160997_12	abbreviation
384	160997_13	implication
384	159675_36	implication
384	159675_37	abbreviation
384	160997_14	abbreviation
384	107354_8	abbreviation
384	159675_38	implication
384	159675_39	hyponym
384	103049_7	hyponym
384	141891_1	synonym
384	177125_21	abbreviation
384	107354_9	synonym
384	107354_12	abbreviation
384	107354_13	implication
384	107354_15	synonym
384	107354_16	abbreviation
384	103880_5	synonym
384	103880_6	implication
384	197122_21	abbreviation
384	103880_7	synonym
384	103880_8	synonym
384	131701_2	implication
384	142178_1	abbreviation
384	180621_18	synonym
384	142178_2	synonym
384	180621_19	synonym
384	103880_9	implication
384	128587_3	synonym
384	180621_20	synonym
384	128587_4	synonym
384	144766_0	abbreviation
384	162348_3	synonym
384	162348_4	synonym
384	144766_2	hyponym
384	180621_22	abbreviation
384	167972_0	synonym
384	162348_8	implication
384	180621_23	synonym
384	167972_2	abbreviation
384	165603_1	abbreviation
384	180621_24	implication
384	165603_2	hyponym
384	144766_8	abbreviation
384	180800_20	abbreviation
384	144766_10	implication
384	167972_8	synonym
384	180621_26	implication
384	144766_12	abbreviation
384	167972_9	synonym
384	165603_9	abbreviation
384	165603_10	synonym
384	144766_14	abbreviation
384	130784_0	synonym
384	167972_11	abbreviation
384	165603_11	synonym
384	165603_12	implication
384	165603_13	abbreviation
384	165603_14	implication
384	165603_15	abbreviation
384	165603_16	abbreviation
384	136424_6	hyponym
384	165603_17	synonym
384	165603_18	hyponym
384	136424_7	synonym
384	136424_8	implication
384	104841_0	abbreviation
384	136424_10	abbreviation
384	136424_11	implication
384	167972_20	synonym
384	104841_3	hyponym
384	167972_21	synonym
384	104841_7	abbreviation
384	104841_9	hyponym
384	153094_0	synonym
384	117293_2	synonym
384	165603_31	abbreviation
384	104841_11	abbreviation
384	104841_12	hyponym
384	117293_4	synonym
384	117293_5	synonym
384	165603_32	implication
384	151543_4	synonym
384	104841_18	implication
384	157296_11	synonym
384	151543_5	synonym
384	104841_19	synonym
384	117293_8	abbreviation
384	117293_9	synonym
384	117293_10	abbreviation
384	117293_11	synonym
384	112133_2	hyponym
384	112133_3	synonym
384	183972_0	abbreviation
384	104707_1	synonym
384	140161_0	abbreviation
384	104707_6	abbreviation
384	104707_7	synonym
384	104707_8	abbreviation
384	104707_9	synonym
384	173220_0	synonym
384	173220_1	synonym
384	177125_0	abbreviation
384	104707_15	synonym
384	159675_34	implication
385	163321_14	synonym
385	150313_18	implication
385	150313_20	implication
385	156619_13	string
385	150313_22	synonym
385	119502_6	implication
385	163321_22	synonym
385	140318_3	implication
385	119502_8	implication
385	119502_9	implication
385	155533_0	string
385	156619_23	synonym
385	171305_0	string
385	149073_5	implication
385	128140_9	hyponym
385	155533_6	string
385	171305_6	string
385	168309_17	string
385	168309_18	string
385	171305_10	hyponym
385	168309_20	implication
385	112613_6	implication
385	149073_10	implication
385	171305_11	implication
385	171305_12	implication
385	171305_14	synonym
385	171305_16	string
385	171305_17	string
385	112613_10	string
385	149073_13	implication
385	186515_1	implication
385	157548_3	string
385	157548_4	string
385	171305_24	implication
385	171305_27	implication
385	171305_28	synonym
385	149073_17	implication
385	146582_0	string
385	146582_1	synonym
385	146582_2	string
385	146582_3	hyponym
385	146582_5	implication
385	161418_0	string
385	186515_3	string
385	186515_5	synonym
385	146582_6	implication
385	146582_10	implication
385	146582_11	synonym
385	146582_12	string
385	146582_13	string
385	146582_14	hyponym
385	119273_5	implication
385	119273_7	string
385	119273_8	string
385	157548_12	string
385	146582_22	hyponym
385	146582_24	synonym
385	161418_7	implication
385	161418_10	synonym
385	146582_27	synonym
385	146582_28	hyponym
385	149073_27	implication
385	149073_28	implication
385	157548_18	string
385	174697_10	string
385	150402_0	synonym
385	145699_0	implication
385	145699_2	synonym
385	145699_5	string
385	159468_6	string
385	150402_5	implication
385	145699_6	implication
385	145699_8	implication
385	145699_10	implication
385	150402_6	implication
385	145699_12	implication
385	150402_8	implication
385	150402_9	synonym
385	133855_15	string
385	145699_16	implication
385	145699_19	implication
385	133691_3	implication
385	133691_4	implication
385	104701_4	implication
385	117878_16	synonym
385	104701_8	synonym
385	191025_0	string
385	172672_13	string
385	191025_1	synonym
385	191025_4	synonym
385	133691_13	string
385	172672_14	string
385	104701_9	synonym
385	133691_16	implication
385	142089_0	string
385	191025_7	implication
385	133691_17	implication
385	184905_10	string
385	142089_5	synonym
385	184905_12	synonym
385	169428_12	string
385	129611_0	string
385	129611_1	string
385	129611_3	implication
385	150313_16	implication
385	150313_17	string
385	149256_6	hyponym
385	149256_7	string
385	112834_6	synonym
385	129611_8	string
385	171473_5	implication
385	171473_6	synonym
385	171473_7	synonym
385	129611_9	implication
385	171473_8	implication
385	144518_7	string
385	156619_5	implication
385	112834_17	hyponym
385	156619_10	implication
385	115334_3	synonym
385	150804_6	synonym
385	115334_6	string
385	183972_0	string
385	150313_0	string
385	163321_0	string
385	163321_15	string
385	117878_0	string
385	117878_5	string
385	117878_6	string
385	117878_10	string
385	156619_0	string
386	108084_33	hyponym
386	108084_34	synonym
386	108084_35	synonym
386	108084_1	synonym
386	108084_5	abbreviation
386	108084_17	synonym
386	108084_18	synonym
386	108084_23	synonym
386	108084_29	abbreviation
386	108084_22	implication
386	108084_24	abbreviation
386	108084_32	implication
386	108084_2	synonym
387	168022_4	synonym
387	168022_5	synonym
387	148450_5	implication
387	100037_22	implication
387	148450_16	synonym
387	119502_20	implication
387	166575_0	implication
387	166575_3	implication
387	166575_4	implication
387	194084_4	implication
387	194084_5	implication
387	113638_3	synonym
387	113638_5	synonym
387	113638_6	synonym
387	140222_10	synonym
387	140222_11	synonym
387	100037_2	synonym
387	129279_3	implication
387	100037_5	implication
387	100037_6	implication
387	100037_9	synonym
387	100037_13	implication
387	142089_4	implication
387	159138_2	implication
387	160184_6	implication
387	104082_9	synonym
387	103679_2	implication
387	147056_1	abbreviation
387	147056_7	abbreviation
387	147056_11	implication
387	166575_10	synonym
387	166575_15	implication
388	151408_6	synonym
388	148134_1	synonym
388	148134_3	synonym
388	151408_0	synonym
388	151408_2	synonym
388	148134_0	synonym
389	194360_1	synonym
389	194360_3	synonym
389	176266_5	implication
389	176266_10	synonym
389	176266_11	synonym
389	176266_13	synonym
389	176266_15	synonym
389	185113_0	synonym
390	150804_15	implication
390	150804_8	synonym
391	170781_0	synonym
391	196268_3	abbreviation
391	170781_8	synonym
391	151851_5	abbreviation
391	146958_5	abbreviation
391	128140_6	synonym
391	128140_7	synonym
391	124621_0	synonym
391	113598_2	abbreviation
391	171913_10	synonym
391	126242_26	synonym
391	190272_6	implication
391	124621_7	implication
391	124621_8	abbreviation
391	145340_1	abbreviation
391	106310_7	hyponym
391	106310_8	synonym
391	106773_8	synonym
391	128795_0	hyponym
391	142372_2	synonym
391	142372_5	synonym
391	166034_8	implication
391	142372_6	implication
391	176077_0	synonym
391	159878_5	abbreviation
391	176077_2	synonym
391	126341_13	implication
391	133339_4	implication
391	193944_0	synonym
391	151526_3	implication
391	159878_7	implication
391	176077_5	synonym
391	133339_5	implication
391	193944_3	implication
391	128795_8	implication
391	128795_9	synonym
391	142372_24	hyponym
391	133339_17	synonym
391	133339_19	hyponym
391	128795_13	abbreviation
391	145699_11	implication
391	160997_0	synonym
391	149498_4	implication
391	145699_20	implication
391	157809_0	synonym
391	186436_18	synonym
391	109935_6	abbreviation
391	155170_3	synonym
391	160997_18	synonym
391	163816_2	abbreviation
391	163816_3	abbreviation
391	154237_14	abbreviation
391	160997_25	synonym
391	163816_9	hyponym
391	128587_2	hyponym
391	144722_3	implication
391	109878_0	synonym
391	171393_8	implication
391	177498_7	abbreviation
391	177498_8	hyponym
391	137636_7	implication
391	112446_5	synonym
391	163870_4	synonym
391	113759_1	synonym
391	181555_9	abbreviation
391	181555_10	hyponym
391	145013_0	synonym
391	144754_5	implication
391	144754_6	synonym
391	154649_8	implication
391	126242_3	implication
391	144754_0	synonym
391	144754_3	abbreviation
391	111318_8	synonym
391	186436_15	implication
391	144754_11	abbreviation
391	126341_10	synonym
391	126341_12	implication
391	163816_0	hyponym
391	145013_3	abbreviation
391	126242_0	synonym
391	110481_0	synonym
391	159878_0	synonym
391	113598_4	implication
391	113598_5	synonym
391	107290_13	implication
392	128140_1	synonym
392	162147_0	synonym
392	162147_3	implication
392	162147_4	synonym
392	128140_8	synonym
392	162147_6	implication
392	162147_9	synonym
392	128140_13	implication
392	162147_19	hyponym
392	107416_10	synonym
392	107416_11	synonym
392	107416_12	implication
392	179480_0	synonym
392	179480_2	synonym
392	119405_0	hyponym
392	179480_13	implication
392	119405_1	synonym
392	119405_2	synonym
392	119405_6	hyponym
392	119405_7	synonym
392	119405_8	synonym
392	119405_16	synonym
392	179480_24	synonym
393	126623_0	string
393	126623_2	hyponym
393	126623_3	hyponym
393	126623_4	string
393	126623_17	implication
393	126623_10	string
394	165056_2	synonym
394	150804_16	implication
394	122903_0	hyponym
394	165056_10	synonym
394	165056_12	synonym
394	176083_0	synonym
394	192151_0	abbreviation
394	176083_12	synonym
394	146452_6	synonym
394	176083_13	synonym
394	176083_14	synonym
394	146452_7	synonym
394	192151_6	hyponym
394	192151_7	hyponym
394	188625_9	synonym
394	125594_43	hyponym
394	146452_14	implication
394	167483_20	synonym
394	192151_14	hyponym
394	167483_24	hyponym
394	159878_1	abbreviation
394	151223_0	synonym
394	159878_3	synonym
394	169111_2	abbreviation
394	169111_14	synonym
394	199399_13	implication
394	170892_14	synonym
394	179996_7	synonym
394	179996_11	implication
394	197122_21	synonym
394	197122_22	hyponym
394	154237_14	synonym
394	154237_16	hyponym
394	170892_26	implication
394	179996_12	synonym
394	197122_24	synonym
394	171393_2	hyponym
394	171393_9	hyponym
394	125594_3	synonym
394	150804_9	hyponym
394	104268_0	synonym
394	104268_1	synonym
394	199399_17	synonym
394	154237_15	synonym
394	104268_13	synonym
394	104268_14	synonym
394	171357_0	synonym
394	171357_5	synonym
394	169111_0	synonym
394	159878_0	synonym
394	159878_11	implication
395	127915_7	synonym
395	127915_8	hyponym
395	127915_10	implication
395	119993_10	hyponym
395	119993_17	hyponym
395	125626_0	synonym
395	125626_1	hyponym
395	125626_4	implication
395	125626_7	implication
395	137438_12	synonym
395	125626_12	implication
395	125626_13	synonym
395	125626_14	implication
395	182680_12	implication
395	182680_13	synonym
395	182680_19	hyponym
395	114177_4	implication
395	114177_5	synonym
395	114177_6	synonym
395	114177_9	synonym
395	160732_3	implication
395	160732_5	hyponym
395	127915_1	synonym
395	137438_13	synonym
395	137438_14	abbreviation
395	137438_21	hyponym
395	119993_2	hyponym
395	119993_3	hyponym
395	119993_5	abbreviation
395	119993_6	implication
395	119993_18	hyponym
395	136049_0	hyponym
395	127915_0	synonym
395	136049_3	implication
395	136049_5	synonym
395	125626_9	synonym
395	137438_0	synonym
395	154245_6	implication
396	127915_8	synonym
396	127915_11	synonym
396	130451_0	synonym
396	130451_8	synonym
396	130451_13	abbreviation
396	127915_0	abbreviation
397	152105_8	synonym
397	127159_4	synonym
397	127159_5	synonym
397	127159_6	synonym
397	120337_0	synonym
397	120337_6	synonym
397	104082_2	synonym
398	152105_8	hyponym
398	152105_11	implication
398	127864_3	synonym
398	127864_5	synonym
398	105954_0	synonym
398	105954_3	synonym
398	105954_4	synonym
398	155573_5	synonym
398	155573_7	hyponym
398	152105_0	hyponym
398	152105_1	synonym
398	152105_2	synonym
398	155573_0	hyponym
398	155573_4	implication
398	155573_6	hyponym
399	152105_8	abbreviation
399	126623_2	implication
399	126623_4	synonym
399	151614_0	string
399	112613_0	string
399	151614_1	hyponym
399	151614_2	implication
399	151614_5	string
399	151614_12	string
399	112613_7	string
399	112613_8	string
399	112613_20	string
399	112815_0	synonym
399	112815_5	implication
399	136115_1	string
399	136115_7	string
399	136115_8	string
399	155573_7	string
399	126623_10	string
399	155573_0	string
399	155573_4	string
399	155573_6	string
400	175366_0	synonym
400	175366_12	synonym
400	175366_14	synonym
400	175366_24	synonym
400	199568_0	synonym
400	118501_1	abbreviation
400	199568_9	abbreviation
400	199568_10	abbreviation
400	199568_11	abbreviation
400	199568_14	abbreviation
400	118501_6	synonym
400	118501_7	synonym
400	106482_4	abbreviation
400	118501_11	abbreviation
400	135610_9	abbreviation
400	135610_10	synonym
400	135610_11	synonym
400	170309_13	abbreviation
400	170309_14	synonym
400	122400_18	synonym
400	168279_39	implication
400	115109_0	abbreviation
400	115109_6	synonym
400	143536_8	synonym
400	143536_9	synonym
400	115471_6	synonym
400	143536_0	abbreviation
400	111966_18	synonym
400	143536_1	synonym
400	143536_2	synonym
400	143536_3	synonym
400	115471_10	synonym
400	196558_0	synonym
400	190242_1	synonym
400	115471_16	synonym
400	115471_0	synonym
400	196558_9	implication
400	196558_10	implication
400	118501_0	abbreviation
400	190242_9	synonym
400	175366_13	synonym
401	127126_1	synonym
401	146958_3	synonym
401	146958_4	synonym
401	127126_8	synonym
401	127126_9	synonym
401	192539_0	synonym
401	127126_13	synonym
401	192539_6	synonym
401	146958_12	synonym
401	191144_0	synonym
401	191144_5	implication
401	191144_6	implication
401	191144_8	hyponym
401	191144_11	implication
401	141538_3	synonym
401	133855_14	synonym
401	187753_5	implication
401	169428_3	synonym
401	187753_6	synonym
401	187753_9	synonym
401	171817_4	synonym
401	171817_6	synonym
401	169428_7	synonym
401	174744_8	synonym
401	147165_1	synonym
401	147165_2	synonym
401	114307_3	abbreviation
401	187753_0	synonym
401	127126_0	abbreviation
401	114307_0	synonym
402	129685_4	hyponym
402	151614_6	synonym
402	108558_4	synonym
402	176617_5	hyponym
402	176617_6	synonym
402	186325_7	synonym
402	186325_8	synonym
402	131701_7	synonym
402	131701_8	synonym
402	108558_0	synonym
403	171913_0	synonym
403	153694_2	implication
403	153694_3	synonym
403	153694_6	synonym
403	154761_0	synonym
403	154761_1	synonym
403	171913_7	synonym
403	171913_8	synonym
403	153694_7	synonym
403	105694_0	hyponym
403	167088_0	hyponym
403	154761_6	synonym
403	171913_10	synonym
403	105694_2	synonym
403	171913_11	synonym
403	105694_3	synonym
403	167088_3	synonym
403	167088_4	synonym
403	154761_11	implication
403	154761_12	synonym
403	167088_5	implication
403	167088_6	synonym
403	140236_1	implication
403	171913_15	synonym
403	140236_7	synonym
403	105694_11	synonym
403	167088_13	synonym
403	140236_14	implication
403	105694_13	implication
403	195981_0	hyponym
403	176077_0	implication
403	195981_3	implication
403	163159_0	synonym
403	176077_2	implication
403	114980_0	synonym
403	114980_1	synonym
403	195981_4	hyponym
403	176077_5	abbreviation
403	176077_6	synonym
403	130539_0	hyponym
403	114980_6	hyponym
403	115865_3	synonym
403	115865_4	synonym
403	195981_7	synonym
403	153808_0	synonym
403	195981_8	implication
403	153808_2	synonym
403	153808_3	hyponym
403	115865_7	synonym
403	178922_0	hyponym
403	153808_7	hyponym
403	163159_11	synonym
403	163159_12	synonym
403	130539_10	implication
403	178922_7	synonym
403	153808_15	synonym
403	130539_12	synonym
403	178922_14	synonym
403	152012_0	synonym
403	152012_4	implication
403	152012_5	implication
403	130539_21	synonym
403	152012_7	synonym
403	152012_8	implication
403	152012_12	synonym
403	180121_0	hyponym
403	166203_2	synonym
403	152012_13	implication
403	166203_3	synonym
403	180121_3	synonym
403	128587_0	synonym
403	128587_3	implication
403	125101_0	hyponym
403	128587_4	synonym
403	104434_0	synonym
403	104434_3	abbreviation
403	104434_5	synonym
403	125101_4	abbreviation
403	125101_5	abbreviation
403	128587_9	synonym
403	115087_0	hyponym
403	104434_12	synonym
403	104434_16	synonym
403	115087_1	synonym
403	125101_10	synonym
403	115087_4	synonym
403	125101_12	synonym
403	115087_7	abbreviation
403	153094_0	synonym
403	153094_1	synonym
403	153094_7	implication
403	139585_1	synonym
403	139585_3	synonym
403	180121_7	abbreviation
403	154761_5	implication
403	115024_0	synonym
403	153694_0	synonym
403	178922_1	synonym
403	180121_2	implication
403	115024_10	synonym
403	115024_17	synonym
404	167483_0	synonym
404	167483_8	implication
404	167483_9	implication
404	167483_10	implication
404	167483_16	synonym
404	179937_1	synonym
404	179937_2	implication
404	179937_7	hyponym
404	179937_8	synonym
405	167483_0	implication
405	167483_8	implication
405	167483_10	implication
405	167483_20	synonym
405	167483_21	synonym
406	167483_0	synonym
406	137636_14	synonym
406	178961_15	synonym
406	178961_16	synonym
406	167483_11	synonym
406	167483_12	synonym
406	181394_0	synonym
406	114444_18	synonym
406	114444_23	synonym
406	169173_0	synonym
406	169173_1	synonym
406	169173_3	synonym
406	167483_18	synonym
406	181394_9	implication
406	181394_10	abbreviation
406	181394_11	synonym
406	169173_7	synonym
406	181394_12	synonym
406	174752_0	synonym
406	174752_3	synonym
406	181394_16	synonym
406	166902_1	synonym
406	166902_3	abbreviation
406	181394_23	synonym
406	158711_4	synonym
406	181394_24	synonym
406	180621_0	synonym
406	158711_11	synonym
406	168331_0	synonym
406	180621_1	abbreviation
406	174752_17	synonym
406	158768_16	synonym
406	119239_0	synonym
406	179480_0	synonym
406	174752_18	synonym
406	174752_19	synonym
406	158768_20	synonym
406	158768_22	synonym
406	166902_21	synonym
406	180621_6	synonym
406	168331_10	hyponym
406	180621_7	synonym
406	168331_15	synonym
406	180800_0	hyponym
406	168331_16	synonym
406	168331_17	synonym
406	109935_10	hyponym
406	168331_18	synonym
406	103049_12	synonym
406	168331_22	abbreviation
406	195655_0	synonym
406	168331_24	synonym
406	141520_12	synonym
406	103049_17	synonym
406	168331_26	implication
406	166902_38	synonym
406	168331_28	synonym
406	168331_29	abbreviation
406	142089_9	synonym
406	195655_11	abbreviation
406	195655_12	abbreviation
406	142089_10	synonym
406	180800_12	implication
406	105017_16	abbreviation
406	105017_17	synonym
406	142089_15	synonym
406	180800_16	synonym
406	180800_17	synonym
406	105017_20	hyponym
406	179480_28	synonym
406	179480_29	synonym
406	105017_28	abbreviation
406	133425_3	synonym
406	180800_22	synonym
406	149256_9	synonym
406	178961_0	abbreviation
406	180621_29	synonym
406	149256_11	synonym
406	149256_16	synonym
406	180621_33	abbreviation
406	149256_17	synonym
406	180621_34	abbreviation
406	133425_10	synonym
406	109935_0	synonym
406	133425_2	hyponym
406	133425_4	synonym
406	133425_7	hyponym
406	133425_9	synonym
407	157329_0	hyponym
407	157329_2	hyponym
407	157329_5	synonym
407	157329_6	synonym
407	157329_12	hyponym
407	157329_13	hyponym
407	157329_14	implication
407	157329_24	synonym
407	157329_25	synonym
407	188400_8	synonym
407	188400_9	synonym
407	188400_10	synonym
407	188400_11	synonym
407	188400_12	hyponym
407	188400_13	implication
407	161418_0	synonym
407	188400_14	synonym
407	188400_16	synonym
407	161418_1	implication
407	161418_4	hyponym
407	161418_6	hyponym
407	188400_23	hyponym
407	161418_9	hyponym
407	161418_10	synonym
407	161418_15	implication
407	161418_17	hyponym
407	188400_0	synonym
407	188400_15	synonym
408	156619_15	string
408	106238_10	string
408	156619_23	string
408	124788_0	string
408	124788_5	string
408	124788_7	string
408	100921_9	string
408	160100_1	implication
408	124788_14	implication
408	124788_15	implication
408	160100_7	implication
408	176827_1	string
408	176827_4	implication
408	160100_8	string
408	160100_10	string
408	176827_6	string
408	176827_7	string
408	128795_10	string
408	160100_19	string
408	128795_11	abbreviation
408	128795_12	string
408	128795_13	string
408	170892_0	string
408	170892_1	hyponym
408	133691_1	implication
408	133691_2	implication
408	133691_3	implication
408	133691_4	implication
408	133691_5	implication
408	133691_6	string
408	132444_0	implication
408	132444_1	string
408	132444_2	string
408	170892_11	string
408	170892_12	string
408	170892_13	string
408	132444_3	string
408	132444_5	implication
408	132444_7	string
408	132444_8	string
408	170892_14	string
408	170892_15	synonym
408	132444_10	string
408	132444_11	implication
408	132444_12	string
408	170892_26	implication
408	170892_27	string
408	107052_0	string
408	107052_8	string
408	107052_9	string
408	107052_16	hyponym
408	149256_9	string
408	106238_4	implication
408	160100_11	synonym
408	100921_8	implication
409	144195_0	string
409	144195_5	synonym
409	144195_7	string
409	153694_3	implication
409	144195_8	string
409	144195_9	hyponym
409	153694_5	synonym
409	153694_6	synonym
409	153694_7	hyponym
409	133855_0	string
409	133855_8	string
409	133855_9	hyponym
409	133855_10	string
409	153694_0	string
410	162749_1	synonym
410	162749_2	synonym
410	100037_22	implication
410	100037_23	synonym
410	162749_5	synonym
410	197419_0	synonym
410	162749_9	synonym
410	162749_10	synonym
410	162749_11	synonym
410	197419_7	synonym
410	197419_8	synonym
410	197419_18	implication
410	197419_19	synonym
410	129501_0	synonym
410	129501_7	abbreviation
410	129501_10	implication
410	186436_0	synonym
410	186436_1	implication
410	199399_5	implication
410	186436_4	synonym
410	186436_5	synonym
410	186436_6	implication
410	186436_7	implication
410	186436_8	implication
410	100037_0	synonym
410	186436_9	implication
410	199399_16	synonym
410	186436_16	synonym
410	199399_26	synonym
410	100037_7	synonym
410	100037_8	synonym
410	100037_9	abbreviation
410	199399_27	synonym
410	142089_4	implication
410	171393_0	synonym
410	142089_8	synonym
410	171393_21	synonym
410	171393_32	synonym
410	171393_33	synonym
410	171393_35	synonym
410	129501_2	synonym
410	199399_0	synonym
410	199399_4	implication
410	199399_10	abbreviation
410	199399_11	implication
410	199399_15	abbreviation
411	137856_0	synonym
411	137856_1	hyponym
411	137856_2	implication
411	137856_6	implication
411	109853_0	hyponym
411	112474_0	synonym
411	109853_2	synonym
411	109853_3	synonym
411	137856_11	synonym
411	112474_9	synonym
411	109853_9	implication
411	112474_10	synonym
411	196052_2	hyponym
411	196052_9	synonym
411	196052_13	hyponym
411	180621_0	synonym
411	176617_1	synonym
411	176617_4	synonym
411	176617_5	synonym
411	180621_5	hyponym
411	176333_3	synonym
411	176617_12	implication
411	176333_7	synonym
411	176333_8	synonym
411	180621_9	hyponym
411	154583_0	hyponym
411	167675_9	hyponym
411	167675_12	hyponym
411	154583_2	hyponym
411	142178_2	implication
411	142178_5	synonym
411	154583_9	synonym
411	142178_11	synonym
411	180621_24	implication
411	180621_26	synonym
411	144518_0	synonym
411	144518_4	hyponym
411	144518_6	synonym
411	144518_11	synonym
411	196052_0	hyponym
411	167675_0	synonym
411	167675_4	implication
411	142178_0	synonym
411	176333_0	implication
411	167675_10	implication
411	167675_18	implication
412	137856_0	synonym
412	161722_5	implication
412	161722_6	synonym
412	137856_3	synonym
412	161722_10	implication
412	137856_6	implication
412	137856_7	synonym
412	137856_8	synonym
412	137856_11	synonym
412	148912_0	synonym
412	148912_1	synonym
412	148912_5	synonym
412	161722_0	synonym
413	165056_6	implication
413	165056_7	hyponym
413	165056_11	synonym
413	165056_12	hyponym
413	165056_21	implication
414	160729_1	synonym
414	160729_0	synonym
414	160729_3	synonym
415	160729_1	implication
415	160729_2	hyponym
415	160729_0	hyponym
415	160729_3	hyponym
416	106238_10	synonym
416	106238_12	synonym
416	147056_0	hyponym
416	147056_5	hyponym
416	147056_7	synonym
416	147056_8	synonym
416	147056_11	implication
416	147056_12	synonym
416	106238_9	hyponym
416	106238_11	hyponym
416	106238_13	hyponym
416	106238_15	hyponym
416	106238_16	hyponym
417	119634_12	implication
417	119634_0	hyponym
417	119634_1	synonym
418	119634_12	implication
418	133990_0	synonym
418	133990_1	hyponym
418	133990_9	hyponym
418	133990_12	synonym
418	119634_0	implication
418	119634_1	hyponym
418	119634_3	hyponym
419	139998_2	synonym
419	176266_8	hyponym
419	176266_9	hyponym
419	176266_10	synonym
419	176266_14	synonym
419	176266_19	synonym
419	139998_0	hyponym
419	139998_6	synonym
420	198152_0	synonym
420	192539_0	synonym
420	192539_1	implication
420	192539_3	synonym
420	198152_6	implication
420	192539_6	synonym
420	198152_12	implication
420	192539_10	synonym
420	198152_16	synonym
420	198152_23	synonym
420	198152_25	implication
420	198152_29	synonym
420	174697_4	implication
420	174697_5	implication
420	174697_6	implication
420	171817_4	synonym
421	143479_6	implication
421	143479_13	implication
421	143479_16	implication
421	143479_17	implication
421	186141_0	synonym
421	186141_5	implication
421	147383_1	implication
421	186141_6	implication
421	186141_7	implication
422	150548_0	abbreviation
422	150548_1	abbreviation
422	150548_5	abbreviation
422	150548_10	synonym
422	185494_0	synonym
422	185494_1	abbreviation
422	185494_3	hyponym
422	185494_7	abbreviation
422	185494_9	abbreviation
422	144925_5	synonym
422	185113_0	abbreviation
422	185113_1	implication
422	185113_7	synonym
422	151854_8	synonym
422	185113_8	synonym
422	179996_0	synonym
422	179996_5	implication
422	185113_12	hyponym
422	179996_6	synonym
422	185113_13	synonym
422	151854_18	synonym
422	179996_9	synonym
422	185113_14	synonym
422	185113_15	synonym
422	119282_4	abbreviation
422	148370_6	synonym
422	148370_14	synonym
422	119282_0	synonym
422	119282_2	implication
422	119282_3	synonym
422	119282_11	synonym
423	196731_0	synonym
423	196731_2	synonym
423	196731_6	synonym
423	100754_0	synonym
423	100754_1	synonym
423	100754_2	synonym
423	196731_12	synonym
423	100754_10	synonym
423	100754_13	synonym
423	199726_2	synonym
423	100754_16	synonym
423	100754_19	hyponym
423	152012_0	synonym
423	152012_4	synonym
423	114177_1	hyponym
423	114177_3	implication
423	114177_5	synonym
423	114177_9	synonym
423	160184_0	synonym
423	160184_2	synonym
423	160184_3	synonym
423	160184_6	synonym
423	172591_3	synonym
423	180691_0	abbreviation
423	180691_1	synonym
423	178615_0	synonym
423	139585_1	synonym
423	119124_0	synonym
423	119124_17	synonym
423	147345_0	synonym
423	119124_2	synonym
423	147345_2	implication
423	147345_6	synonym
423	147345_7	implication
423	119124_9	synonym
423	119124_13	synonym
424	194471_0	synonym
424	194471_5	synonym
424	194471_7	synonym
424	194471_8	synonym
424	194471_10	abbreviation
424	125755_0	abbreviation
424	125755_1	synonym
424	125755_2	abbreviation
424	125755_3	abbreviation
424	125755_4	synonym
424	125755_5	abbreviation
424	125755_7	synonym
424	125755_8	synonym
424	155684_3	abbreviation
424	155684_6	synonym
424	155684_8	synonym
424	155684_13	synonym
424	155684_16	abbreviation
424	155684_23	synonym
424	155684_0	abbreviation
424	155684_7	synonym
425	107290_4	implication
425	107290_7	synonym
425	107290_8	synonym
425	107290_12	synonym
425	101359_1	synonym
425	101359_0	synonym
425	101359_4	synonym
425	184718_0	hyponym
425	184718_1	hyponym
425	184718_2	synonym
425	184718_4	synonym
425	184718_7	implication
426	178961_11	implication
426	196731_6	synonym
426	100754_1	synonym
426	100754_2	hyponym
426	176801_1	synonym
426	100754_10	hyponym
426	120889_5	synonym
426	119273_10	implication
426	195981_3	synonym
426	151377_10	abbreviation
426	118659_1	hyponym
426	195624_2	synonym
426	128795_9	synonym
426	118659_3	implication
426	112777_0	hyponym
426	130451_6	synonym
426	166203_1	implication
426	174744_4	implication
426	166203_3	implication
426	114528_7	hyponym
426	174744_5	implication
426	114528_8	synonym
426	159253_4	hyponym
426	100559_5	hyponym
426	160184_3	hyponym
426	160184_6	synonym
426	121743_3	synonym
426	151543_0	implication
426	172591_4	synonym
426	139433_2	synonym
426	188241_2	implication
426	158827_1	synonym
426	188241_6	synonym
426	188241_7	synonym
426	158827_7	implication
427	108103_2	abbreviation
427	108103_3	implication
428	108103_4	synonym
428	108103_0	synonym
428	108103_1	synonym
428	108103_12	synonym
429	165510_10	hyponym
429	165510_12	hyponym
429	188400_4	implication
429	183827_0	synonym
429	183827_11	hyponym
429	188400_19	synonym
429	188400_23	hyponym
429	172461_11	synonym
429	195735_6	synonym
429	195735_8	synonym
429	172672_2	implication
429	172672_5	synonym
429	172672_6	synonym
429	114939_0	hyponym
429	172461_7	hyponym
429	187916_0	implication
429	195735_7	synonym
429	172461_10	synonym
429	187916_2	synonym
429	162528_0	synonym
429	121917_5	implication
429	114939_5	synonym
429	162528_4	synonym
429	151192_0	synonym
429	187916_10	synonym
429	187916_11	synonym
429	151192_6	implication
429	187916_16	synonym
429	187916_27	synonym
430	183972_7	abbreviation
430	171327_0	synonym
430	171327_1	synonym
430	171327_2	implication
430	171327_10	abbreviation
430	171327_11	synonym
430	171327_12	synonym
430	171327_13	implication
430	171327_18	hyponym
430	167768_0	synonym
430	171327_28	synonym
430	138286_6	synonym
430	138286_7	implication
430	167768_12	implication
430	188125_2	synonym
430	114177_3	implication
430	114177_5	implication
430	114177_6	implication
430	131974_0	synonym
430	131974_1	abbreviation
430	131974_2	abbreviation
430	131974_6	synonym
430	131974_12	abbreviation
430	131974_13	abbreviation
430	131974_14	abbreviation
430	183972_0	implication
430	131974_25	synonym
430	131974_26	synonym
430	131974_27	implication
431	151851_5	abbreviation
431	151851_6	abbreviation
431	106310_7	synonym
431	106310_8	synonym
431	177498_7	abbreviation
431	177498_8	abbreviation
431	112446_5	synonym
431	112446_6	synonym
431	181555_9	abbreviation
431	192791_5	synonym
432	127126_8	synonym
432	127126_9	implication
432	196052_9	implication
432	196052_0	synonym
432	127126_0	implication
433	127488_5	synonym
433	127488_6	synonym
433	115521_1	synonym
433	115521_2	synonym
433	115521_4	hyponym
433	166203_5	implication
433	144766_0	synonym
433	144766_14	synonym
433	144766_15	synonym
433	144766_16	hyponym
433	144766_24	implication
433	104707_1	synonym
433	158827_9	synonym
433	104707_9	implication
433	104707_15	synonym
434	127488_6	synonym
434	153406_1	synonym
434	157008_1	synonym
434	153406_8	hyponym
434	153406_10	synonym
434	153406_13	synonym
434	113469_10	implication
434	157008_10	synonym
434	193189_7	synonym
434	193189_10	implication
434	130655_1	synonym
434	162910_10	synonym
434	114158_7	synonym
434	128795_11	synonym
434	128795_12	implication
434	188125_3	synonym
434	130655_5	implication
434	130655_6	synonym
434	130655_7	synonym
434	128795_13	implication
434	128795_14	synonym
434	128795_16	synonym
434	128795_20	synonym
434	130451_1	synonym
434	130451_2	synonym
434	115338_8	synonym
434	130451_5	synonym
434	115338_12	synonym
434	130451_7	synonym
434	115338_13	synonym
434	130451_12	hyponym
434	187790_1	synonym
434	139433_5	synonym
434	139433_6	synonym
434	139433_8	synonym
434	139433_9	synonym
434	157839_5	synonym
434	157839_7	synonym
434	157839_9	synonym
434	157839_12	hyponym
434	133608_1	synonym
434	133608_2	synonym
434	162798_22	synonym
434	158827_8	implication
434	103229_1	synonym
434	149436_16	synonym
434	111966_18	synonym
434	188241_2	abbreviation
434	115471_10	synonym
434	147345_2	synonym
434	158827_12	synonym
434	157008_7	synonym
434	158827_14	implication
434	149436_1	abbreviation
434	177389_1	synonym
434	190242_1	synonym
434	126812_6	synonym
434	196880_2	implication
434	133608_12	abbreviation
434	133608_13	synonym
434	147345_10	implication
434	188241_10	implication
434	103229_14	implication
434	126812_14	synonym
434	149436_9	synonym
434	188772_3	synonym
434	196880_11	implication
434	133608_21	synonym
434	190242_9	synonym
434	190242_10	synonym
434	188772_8	synonym
434	162798_7	implication
434	196880_16	implication
434	196880_17	implication
434	162798_14	synonym
434	190242_19	synonym
434	177389_17	synonym
435	136671_0	synonym
435	136671_1	synonym
435	127159_3	synonym
435	136671_8	implication
435	136671_13	synonym
435	136671_15	synonym
435	136671_17	synonym
435	136671_18	synonym
435	136671_23	synonym
435	136671_24	synonym
435	144925_5	synonym
435	178787_11	abbreviation
435	178787_12	abbreviation
435	112313_2	synonym
435	112313_5	synonym
435	155093_1	synonym
435	163165_0	synonym
435	112313_9	synonym
435	112313_10	synonym
435	112313_12	hyponym
435	163165_3	synonym
435	163165_6	synonym
435	112313_18	synonym
435	163165_7	synonym
435	163165_8	synonym
435	112313_21	synonym
435	155093_6	synonym
435	112313_22	synonym
435	163165_13	synonym
435	163165_14	implication
435	163165_20	implication
435	163165_21	synonym
435	155093_15	synonym
436	190150_2	hyponym
436	106482_0	hyponym
436	133424_2	implication
436	133424_3	synonym
436	106482_4	synonym
436	133424_20	hyponym
436	133424_24	hyponym
436	133424_32	synonym
436	133424_33	implication
436	139987_1	hyponym
436	139987_2	synonym
436	192975_7	hyponym
436	155170_1	synonym
436	192975_0	hyponym
436	190150_0	hyponym
436	192975_5	implication
436	190150_1	synonym
436	190150_4	implication
436	155170_0	synonym
436	120467_2	hyponym
436	133424_0	hyponym
437	198930_5	synonym
437	116955_11	hyponym
438	171913_5	implication
438	168309_16	synonym
438	168309_17	synonym
438	171327_2	synonym
438	112613_7	synonym
438	168309_21	synonym
438	171327_10	abbreviation
438	171327_11	synonym
438	171327_13	synonym
438	119283_1	abbreviation
438	171327_17	synonym
438	171327_18	synonym
438	171327_19	abbreviation
438	171327_28	hyponym
438	134268_1	synonym
438	130655_3	synonym
438	100139_10	synonym
438	160997_0	synonym
438	101449_13	synonym
438	115338_7	synonym
438	101449_14	synonym
438	141891_2	synonym
438	160997_17	synonym
438	141891_3	synonym
438	115338_12	synonym
438	114177_3	implication
438	157301_0	synonym
438	157301_2	synonym
438	131087_6	synonym
438	114177_6	synonym
438	131087_8	synonym
438	180621_29	abbreviation
438	112834_10	synonym
438	112834_11	synonym
438	112834_12	synonym
438	154649_5	synonym
438	154649_6	synonym
438	154649_7	synonym
438	154649_8	synonym
438	131974_6	synonym
438	131974_7	synonym
438	131974_13	synonym
438	177389_0	synonym
438	189423_5	implication
438	189423_6	implication
438	177389_7	synonym
438	177389_10	synonym
439	192539_0	synonym
439	192539_6	synonym
439	126427_0	synonym
439	126427_3	synonym
440	197419_0	synonym
440	197419_3	synonym
440	197419_7	synonym
441	123993_3	string
441	127293_7	string
441	106310_11	string
441	105767_4	synonym
441	105767_5	synonym
441	154943_2	synonym
441	154943_3	synonym
441	194855_13	string
442	180546_6	synonym
442	180546_10	synonym
442	180546_21	synonym
442	157640_0	synonym
442	157640_6	abbreviation
442	157640_7	hyponym
442	187753_7	synonym
442	187753_9	implication
442	157640_11	synonym
442	157640_12	synonym
442	157640_13	synonym
442	157640_15	abbreviation
442	157640_18	synonym
442	157640_21	implication
442	157640_22	abbreviation
442	157640_24	implication
442	180546_0	synonym
442	180546_1	abbreviation
442	180546_4	hyponym
442	180546_7	synonym
442	180546_9	abbreviation
442	180546_20	synonym
443	167483_8	implication
443	167483_9	implication
443	167483_10	implication
444	150105_0	synonym
444	150105_3	synonym
445	101480_2	hyponym
445	101480_6	implication
445	101480_10	implication
445	188625_0	synonym
445	188625_2	implication
445	188625_3	hyponym
445	101480_11	hyponym
445	101480_12	abbreviation
445	101480_13	abbreviation
445	101480_14	hyponym
445	188625_10	implication
445	188625_19	implication
445	188625_20	synonym
445	177125_20	hyponym
445	177125_5	implication
446	162147_3	implication
446	162147_6	implication
446	162147_19	synonym
447	133325_6	synonym
447	133325_7	synonym
447	133325_8	synonym
447	129486_0	synonym
447	129486_4	synonym
448	100028_0	synonym
448	121091_3	hyponym
448	100028_7	synonym
448	100028_14	synonym
448	121149_2	synonym
448	121149_3	synonym
448	146094_0	abbreviation
448	146094_2	synonym
448	146094_3	synonym
448	146094_4	hyponym
448	162987_1	abbreviation
448	162987_11	abbreviation
448	136424_1	synonym
448	136424_2	synonym
448	136424_14	synonym
448	136424_15	synonym
448	120849_18	synonym
448	120849_20	synonym
448	120849_23	abbreviation
448	120849_29	abbreviation
448	162987_8	abbreviation
448	162987_12	abbreviation
448	120849_24	synonym
448	120849_0	abbreviation
448	120849_1	abbreviation
448	120849_19	synonym
448	136424_0	synonym
448	162987_5	synonym
448	162987_6	synonym
448	162987_7	abbreviation
449	100028_0	synonym
449	100028_14	synonym
449	100028_17	hyponym
450	100028_0	implication
450	100028_1	synonym
450	100028_2	implication
450	100028_4	implication
450	100028_5	implication
450	100028_7	synonym
450	100028_14	synonym
451	161722_7	implication
451	148912_0	synonym
451	114183_5	hyponym
451	114183_6	synonym
451	114183_7	synonym
451	114183_8	synonym
451	114183_9	synonym
451	140402_9	string
451	140402_10	string
451	140402_0	string
451	162528_1	hyponym
451	161722_0	synonym
451	114939_5	synonym
451	151192_1	synonym
452	104777_1	synonym
452	104777_15	hyponym
452	104777_16	synonym
452	162987_16	synonym
452	104777_2	implication
452	162987_8	implication
452	162987_15	synonym
452	104777_0	synonym
452	162987_0	hyponym
452	162987_5	implication
452	162987_6	synonym
452	162987_7	implication
453	122578_10	synonym
453	113469_5	synonym
453	143937_7	implication
453	143937_8	synonym
453	162910_3	synonym
453	128251_4	synonym
453	178112_2	implication
453	178322_12	synonym
453	177622_12	implication
453	177622_14	implication
453	178322_0	synonym
453	178322_10	implication
454	112613_0	synonym
454	112613_1	hyponym
454	112613_7	synonym
454	112613_8	synonym
454	168279_1	synonym
454	168279_4	synonym
454	112613_20	synonym
454	168279_9	synonym
454	168279_10	synonym
454	168279_13	synonym
455	176512_0	synonym
455	176512_11	synonym
455	166902_2	implication
455	166902_8	implication
455	166902_9	synonym
455	166902_10	synonym
455	166902_11	implication
455	122400_4	synonym
455	122400_5	synonym
455	122400_6	synonym
455	166902_12	hyponym
455	166902_13	synonym
455	122400_7	synonym
455	166902_15	implication
455	166902_17	synonym
455	166902_18	implication
455	166902_19	implication
455	166902_22	synonym
455	122400_17	hyponym
455	166902_24	synonym
455	166902_26	hyponym
455	166902_27	synonym
455	122400_21	hyponym
455	166902_28	implication
455	166902_31	hyponym
455	141520_6	implication
455	141520_8	synonym
455	141520_9	synonym
455	166902_35	implication
455	141520_10	synonym
455	141520_11	synonym
455	166902_37	synonym
455	113644_3	abbreviation
455	113644_6	synonym
455	113644_8	hyponym
455	113644_9	hyponym
455	113644_10	abbreviation
455	108176_0	synonym
455	108176_3	implication
455	108176_4	implication
455	108176_5	hyponym
455	108176_10	hyponym
455	108176_12	synonym
455	108176_13	implication
455	108176_15	hyponym
455	108176_18	implication
455	195968_0	hyponym
455	195968_3	hyponym
455	141520_5	implication
456	176512_0	hyponym
456	176512_6	synonym
456	176512_7	synonym
456	176512_10	synonym
456	122400_0	synonym
456	122400_9	synonym
456	122400_10	synonym
456	122400_14	hyponym
456	122400_18	synonym
457	176512_0	synonym
457	176512_11	synonym
457	129051_4	hyponym
457	129051_5	hyponym
457	122400_0	synonym
457	122400_4	synonym
457	122400_17	synonym
457	141520_0	synonym
457	122400_22	synonym
457	141520_6	implication
457	141520_10	synonym
457	141520_5	implication
458	197419_6	synonym
458	146958_12	synonym
458	197419_9	synonym
458	197419_10	synonym
458	197419_13	synonym
458	129486_5	synonym
458	177351_3	synonym
458	177351_4	synonym
458	177351_11	synonym
458	177351_12	synonym
458	103049_2	synonym
458	177351_19	synonym
458	125362_9	synonym
458	103049_7	synonym
458	149498_14	synonym
458	159675_46	synonym
458	149498_19	synonym
458	149498_21	synonym
458	126427_7	synonym
458	126427_8	synonym
458	126427_9	synonym
458	126427_10	synonym
458	126013_10	synonym
458	124465_4	synonym
458	103049_4	synonym
458	177351_20	synonym
458	177351_23	implication
458	124465_5	synonym
459	104777_5	implication
459	104777_8	synonym
459	104777_14	hyponym
459	104777_6	implication
459	104777_0	hyponym
460	119502_18	synonym
460	119502_19	abbreviation
460	105694_9	synonym
460	105694_10	implication
460	105694_12	implication
460	105694_13	implication
460	133339_2	implication
460	129412_11	synonym
460	133339_15	synonym
460	199482_4	implication
460	199482_12	synonym
460	199482_13	synonym
460	199482_14	abbreviation
460	199482_18	synonym
460	199482_19	synonym
460	199482_20	synonym
460	199482_25	synonym
460	199482_31	synonym
460	199482_35	implication
460	184905_13	abbreviation
460	184905_14	synonym
460	112869_1	synonym
460	106327_0	implication
460	106327_1	implication
460	106327_2	synonym
460	112869_7	implication
460	106327_7	synonym
460	106327_8	synonym
460	180621_25	synonym
460	180621_26	synonym
460	180621_27	synonym
460	180621_28	synonym
460	180621_29	implication
461	118995_1	hyponym
461	102889_13	implication
461	102889_0	synonym
461	102889_5	synonym
461	102889_9	hyponym
462	113469_3	synonym
462	113469_4	synonym
462	113469_9	implication
462	194275_0	synonym
462	113469_11	synonym
462	159838_2	synonym
462	160867_4	hyponym
462	194275_4	implication
462	194275_5	synonym
462	194275_6	synonym
462	194275_12	implication
462	195624_0	synonym
462	195624_2	synonym
462	195624_5	implication
462	195624_6	implication
462	195624_11	synonym
462	195624_12	synonym
462	159838_0	synonym
462	159838_6	synonym
463	154761_7	synonym
464	149073_8	implication
464	149073_13	implication
464	149073_21	implication
464	181394_14	implication
464	149073_25	synonym
464	149073_26	synonym
464	149073_28	implication
464	181394_24	synonym
464	149073_33	hyponym
464	181394_33	implication
465	100754_0	hyponym
465	193189_1	synonym
465	100754_3	synonym
465	100754_11	synonym
465	100754_13	synonym
465	100754_19	synonym
465	100754_23	synonym
465	128795_7	synonym
465	128795_9	synonym
465	128795_10	abbreviation
465	115692_4	synonym
465	115692_12	synonym
465	115692_13	synonym
465	115692_14	synonym
465	159253_0	synonym
465	115692_21	hyponym
465	159253_4	synonym
465	139433_2	synonym
465	112133_3	implication
465	139433_5	synonym
465	139433_9	synonym
465	157839_4	abbreviation
465	157839_5	synonym
465	157839_6	synonym
465	162798_22	synonym
465	164967_0	abbreviation
465	164967_1	synonym
465	103229_0	synonym
465	188241_0	synonym
465	188241_2	synonym
465	103229_5	synonym
465	158827_1	synonym
465	164967_6	abbreviation
465	109170_7	synonym
465	109170_8	synonym
465	133608_9	synonym
465	126812_3	synonym
465	126812_4	synonym
465	109170_9	synonym
465	158827_4	synonym
465	133608_12	synonym
465	136373_11	synonym
465	162798_0	synonym
465	188241_9	synonym
465	188241_10	synonym
465	136373_13	synonym
465	167196_2	synonym
465	137441_0	synonym
465	109170_16	synonym
465	137441_2	synonym
465	126812_13	synonym
465	133608_0	synonym
465	109170_0	synonym
465	167196_8	synonym
465	167196_10	synonym
465	137441_8	synonym
465	137441_9	abbreviation
465	137441_10	synonym
465	162798_8	synonym
465	162798_11	synonym
465	137441_14	synonym
465	137441_15	synonym
465	162798_21	synonym
466	181394_0	implication
466	181394_16	synonym
466	181394_18	implication
466	181394_34	implication
467	181394_0	implication
467	181394_4	implication
467	181394_8	implication
467	181394_17	hyponym
467	181394_18	implication
467	181394_34	implication
467	199962_2	implication
467	199962_13	implication
468	168047_0	synonym
468	168047_1	synonym
468	168047_3	hyponym
468	168047_4	synonym
468	168047_5	hyponym
468	168047_10	synonym
468	182073_0	synonym
468	182073_1	synonym
468	182073_2	synonym
469	118995_3	synonym
469	131701_5	hyponym
469	131701_6	hyponym
470	104777_8	synonym
470	104777_17	implication
470	184905_2	implication
470	184905_3	implication
470	104777_6	implication
471	120889_0	hyponym
471	120889_9	hyponym
471	120889_17	synonym
471	177846_0	synonym
471	177846_4	synonym
471	177846_9	synonym
471	177846_12	synonym
472	168279_0	synonym
472	168279_4	synonym
472	168279_5	synonym
472	168279_6	synonym
472	168279_9	implication
472	168279_12	synonym
472	168279_24	hyponym
472	168279_26	synonym
472	168279_29	hyponym
472	168279_30	synonym
472	168279_33	hyponym
472	168279_36	synonym
472	168279_41	synonym
472	168279_44	synonym
472	168279_53	hyponym
473	168279_0	synonym
473	168279_1	synonym
473	168279_4	synonym
473	168279_5	synonym
473	168279_6	synonym
473	168279_8	synonym
473	168279_23	synonym
473	168279_24	hyponym
473	168279_26	synonym
473	168279_29	implication
473	168279_36	synonym
474	150319_10	synonym
474	150319_13	synonym
474	150319_14	synonym
474	150319_16	synonym
475	143223_0	synonym
475	143223_10	hyponym
475	143223_11	synonym
475	143223_15	synonym
475	143223_16	synonym
475	178787_0	synonym
475	178787_14	hyponym
476	143937_0	synonym
476	143937_7	synonym
476	143937_12	synonym
476	143937_13	synonym
476	120938_2	synonym
476	120938_4	synonym
476	181044_0	synonym
476	181044_3	synonym
476	181044_7	synonym
476	181044_12	synonym
476	123743_0	synonym
476	123743_6	synonym
476	123743_7	synonym
477	128140_14	hyponym
478	119283_0	implication
478	119283_1	synonym
478	119283_5	implication
478	119283_6	hyponym
479	188625_11	synonym
479	197150_9	implication
479	197150_10	implication
479	197150_12	hyponym
479	197150_15	synonym
479	197150_17	hyponym
479	198957_2	implication
479	198957_4	implication
479	198957_7	synonym
479	198957_8	synonym
479	198957_9	synonym
479	197150_0	hyponym
479	197150_7	implication
479	197150_14	abbreviation
479	197150_16	synonym
480	119283_2	implication
480	119283_3	synonym
481	151220_0	synonym
481	151220_1	implication
481	151220_2	synonym
481	151220_7	synonym
482	135610_0	synonym
482	135610_2	synonym
482	135610_3	synonym
482	135610_16	implication
482	135610_19	implication
482	135610_20	implication
482	135610_21	synonym
482	135610_22	synonym
482	167972_0	hyponym
482	167972_1	implication
482	167972_3	synonym
482	167972_12	synonym
482	167972_15	implication
482	167972_19	hyponym
482	167972_22	synonym
483	169173_0	hyponym
483	169173_2	synonym
483	169173_7	hyponym
483	176266_7	synonym
483	176266_8	hyponym
483	176266_9	synonym
483	162528_0	synonym
483	162528_4	synonym
484	118995_12	synonym
485	113215_1	hyponym
485	113215_2	hyponym
486	118265_4	synonym
486	118265_6	hyponym
487	118265_4	synonym
487	118265_6	hyponym
487	174752_0	hyponym
487	151526_0	hyponym
487	178787_0	synonym
487	174752_9	hyponym
487	178787_1	hyponym
487	174752_10	hyponym
487	174752_11	hyponym
487	174752_16	hyponym
487	178787_10	synonym
487	178787_12	hyponym
487	178787_13	hyponym
487	178787_18	hyponym
487	152663_0	synonym
487	152663_3	synonym
487	152663_6	synonym
488	118265_4	synonym
488	118265_6	synonym
489	194275_0	synonym
489	194275_3	implication
489	194275_5	synonym
489	194275_6	synonym
489	195624_0	synonym
489	195624_11	synonym
489	195624_12	synonym
490	136175_0	synonym
490	136175_9	synonym
490	136175_12	synonym
491	136175_0	synonym
491	136175_2	hyponym
491	136175_6	implication
491	136175_9	synonym
491	136175_12	hyponym
491	107354_0	synonym
491	129556_10	synonym
491	107354_7	implication
491	107354_14	implication
491	171110_0	synonym
491	171110_1	implication
491	129556_30	implication
491	159138_0	synonym
491	171110_18	implication
491	159138_3	synonym
491	159138_4	synonym
491	171110_22	implication
491	159138_7	implication
492	142533_0	implication
492	142533_1	abbreviation
492	142533_4	implication
492	142533_6	synonym
492	142533_9	synonym
492	142533_11	synonym
492	142533_13	synonym
492	142533_14	implication
492	142533_2	abbreviation
492	142533_7	synonym
492	142533_8	synonym
493	189956_7	abbreviation
493	117954_9	abbreviation
493	117954_10	abbreviation
493	117954_18	synonym
494	165519_0	abbreviation
494	165519_5	synonym
494	135610_3	synonym
494	165519_8	abbreviation
494	165519_9	hyponym
494	165519_15	implication
494	199482_0	abbreviation
494	199482_8	synonym
494	199482_9	synonym
494	199482_14	synonym
494	101449_7	hyponym
494	101449_8	synonym
494	101449_9	synonym
494	199482_24	synonym
494	101449_13	abbreviation
495	106773_4	synonym
495	106773_5	synonym
495	106773_6	synonym
495	174243_7	abbreviation
495	174243_8	implication
495	174243_9	implication
495	174243_12	synonym
496	118501_1	abbreviation
497	134121_1	synonym
497	134121_2	synonym
497	134121_3	implication
497	134121_4	synonym
498	134121_2	hyponym
498	173189_0	hyponym
498	173189_3	hyponym
498	155093_0	synonym
498	155093_1	synonym
498	155093_2	hyponym
498	155573_5	hyponym
498	155573_7	synonym
498	115334_0	synonym
498	155573_0	synonym
498	155573_4	synonym
498	155573_6	synonym
499	172605_0	implication
499	172605_4	implication
499	172605_7	synonym
499	172605_8	synonym
499	172605_9	synonym
499	172605_10	synonym
500	161418_0	hyponym
500	161418_8	synonym
500	161418_9	synonym
501	176266_3	implication
501	176266_11	hyponym
501	176266_13	hyponym
501	176266_19	synonym
501	171753_0	synonym
501	171753_5	hyponym
501	171753_6	synonym
502	167768_1	implication
502	167768_8	synonym
502	167768_9	synonym
502	167768_11	synonym
502	190242_9	synonym
502	190242_11	hyponym
503	168411_6	synonym
504	134121_3	synonym
504	134121_4	synonym
505	134121_3	synonym
505	168279_16	hyponym
505	168279_17	synonym
505	168279_18	synonym
505	168279_19	synonym
505	168279_20	hyponym
505	168279_21	synonym
505	168279_22	synonym
505	163165_0	synonym
505	163165_7	synonym
505	163165_8	synonym
505	155093_14	hyponym
505	155093_15	hyponym
505	155093_20	implication
506	134121_3	implication
507	184945_0	synonym
507	184945_15	synonym
507	184945_18	synonym
507	184945_21	synonym
507	184945_22	hyponym
508	148912_0	hyponym
508	148912_1	hyponym
508	148912_5	hyponym
509	147054_1	hyponym
509	147054_2	implication
509	147054_3	implication
510	184945_5	implication
510	184945_6	implication
510	184945_21	abbreviation
510	184945_26	string
510	182680_13	synonym
510	119993_5	implication
510	125626_9	implication
511	174752_0	synonym
511	174752_5	implication
511	159675_1	implication
511	178787_0	synonym
511	174752_10	synonym
511	178787_2	implication
511	178787_5	implication
511	128993_1	synonym
511	178787_9	synonym
511	178787_10	synonym
511	128993_3	implication
511	102679_0	abbreviation
511	102679_1	implication
511	128993_7	synonym
511	128993_8	synonym
511	102679_6	hyponym
511	147974_14	synonym
511	171753_6	hyponym
511	159675_44	hyponym
511	185113_13	synonym
511	159675_45	synonym
511	174243_1	hyponym
511	185113_16	synonym
511	169851_0	hyponym
511	174691_0	implication
511	174691_3	implication
511	149256_12	hyponym
511	180101_7	implication
511	152663_6	synonym
511	147974_13	synonym
511	159675_0	synonym
512	174752_1	synonym
512	174752_7	synonym
512	174752_26	implication
513	135610_6	synonym
513	135610_7	synonym
513	147383_0	synonym
514	174697_0	synonym
514	174697_1	synonym
514	174697_7	synonym
514	174697_15	hyponym
514	174697_16	implication
515	138286_0	synonym
515	138286_13	synonym
516	144925_0	synonym
516	144925_5	string
517	135610_8	synonym
517	135610_9	synonym
517	135610_10	synonym
517	135610_11	synonym
517	109543_7	synonym
518	160100_0	synonym
518	160100_1	implication
518	160100_2	implication
518	160100_4	synonym
518	160100_18	synonym
518	160100_19	implication
518	160100_3	hyponym
519	136175_12	synonym
519	136175_18	synonym
519	179937_2	implication
520	158711_0	synonym
520	158711_2	implication
520	158711_8	hyponym
520	158711_9	synonym
520	158711_18	hyponym
520	158711_19	hyponym
520	157296_9	hyponym
521	158711_0	hyponym
521	158711_9	synonym
521	197122_6	implication
522	175480_6	synonym
522	175480_9	synonym
522	100037_6	implication
522	100037_9	synonym
522	104082_7	synonym
522	104082_8	implication
522	104082_9	synonym
522	175480_0	implication
522	175480_2	synonym
522	175480_3	implication
522	175480_5	implication
523	182680_1	implication
523	182680_10	abbreviation
523	182680_11	abbreviation
523	182680_13	synonym
523	182680_19	synonym
523	136049_10	synonym
523	182680_0	synonym
523	136049_0	synonym
523	136049_2	abbreviation
523	136049_5	synonym
523	136049_11	synonym
524	174697_3	implication
524	174697_9	synonym
524	174697_16	implication
525	144925_5	hyponym
525	144925_4	synonym
526	172900_0	synonym
526	172900_3	synonym
526	172900_4	synonym
526	172900_10	synonym
526	172900_8	synonym
527	172900_0	synonym
527	172900_3	synonym
527	172900_4	synonym
527	172900_10	synonym
527	172900_8	synonym
528	137091_0	hyponym
528	135829_6	synonym
528	137091_1	hyponym
528	137091_2	hyponym
528	137091_11	hyponym
528	137091_13	implication
528	137091_23	implication
528	199929_11	hyponym
528	137091_22	hyponym
528	199929_24	implication
529	172267_10	hyponym
529	152663_0	synonym
529	152663_3	synonym
530	139249_0	synonym
530	139249_7	implication
530	159138_0	synonym
530	159138_3	synonym
530	159138_4	synonym
530	159138_7	implication
531	127746_3	synonym
531	127746_7	implication
531	106658_6	synonym
532	135610_11	synonym
533	180308_0	synonym
533	180308_3	implication
533	180308_4	synonym
534	178787_1	synonym
535	178787_1	synonym
535	178787_9	hyponym
535	178787_11	synonym
535	178787_13	synonym
535	178787_15	implication
535	155093_0	synonym
535	155093_2	hyponym
535	155093_3	synonym
535	155093_13	hyponym
535	158950_0	synonym
535	158950_1	implication
535	158950_2	synonym
536	168279_16	string
536	168279_19	string
536	168279_20	synonym
536	168279_45	string
537	168279_16	string
537	168279_18	string
537	168279_21	string
537	168279_44	synonym
537	168279_45	string
538	169111_1	implication
538	115692_0	hyponym
538	115692_1	synonym
538	169111_34	synonym
538	169111_35	synonym
538	115692_5	synonym
538	115692_12	synonym
538	115692_13	synonym
538	115692_15	synonym
538	118677_4	implication
538	118677_5	implication
538	118677_6	synonym
538	118677_7	synonym
538	118677_8	synonym
538	118677_20	synonym
538	118677_21	synonym
538	118677_23	implication
538	118677_24	synonym
538	169111_0	hyponym
538	169111_22	synonym
538	118677_0	implication
539	178787_2	implication
539	178787_3	implication
539	178787_5	implication
540	113638_5	implication
541	149073_34	implication
541	151342_0	synonym
542	130655_0	hyponym
542	130655_5	synonym
542	130655_6	hyponym
543	134268_0	hyponym
543	134268_6	synonym
544	106887_7	implication
544	106887_12	implication
544	180621_0	synonym
544	180621_14	synonym
544	180621_15	synonym
544	180621_17	hyponym
544	180621_18	synonym
544	180621_27	synonym
544	180621_28	hyponym
544	189408_0	hyponym
544	189408_3	synonym
544	180621_33	hyponym
544	180621_34	synonym
544	189408_10	hyponym
545	178787_3	implication
545	178787_5	implication
546	150164_10	synonym
546	150164_0	synonym
546	150164_4	implication
546	150164_11	implication
546	150164_12	implication
547	150164_10	hyponym
547	150164_0	hyponym
548	135705_0	synonym
548	135705_12	synonym
549	191836_0	synonym
549	191836_1	synonym
549	191836_6	implication
549	191836_7	hyponym
549	111187_0	abbreviation
549	111187_6	synonym
549	111187_9	synonym
549	111187_1	implication
549	191836_2	synonym
550	117954_11	hyponym
550	117954_19	hyponym
551	161473_1	hyponym
551	115334_0	hyponym
551	115334_1	implication
551	115334_2	hyponym
551	115334_6	synonym
552	126147_4	implication
552	126147_7	synonym
552	126147_9	hyponym
552	178126_0	hyponym
552	178126_16	synonym
552	178126_20	synonym
552	138709_11	synonym
552	138709_1	implication
553	178787_5	implication
553	128993_1	synonym
553	128993_3	implication
553	178787_13	implication
554	115521_0	abbreviation
554	115521_2	synonym
554	115521_4	hyponym
554	115521_13	synonym
554	115521_14	synonym
554	119691_7	implication
554	119691_12	synonym
554	103880_10	implication
554	103880_15	implication
554	103880_16	implication
554	119691_0	synonym
554	119691_2	implication
554	119691_3	synonym
554	104707_1	synonym
554	158827_9	synonym
554	104707_2	synonym
554	119691_6	synonym
554	158827_10	synonym
554	119691_8	synonym
554	158827_0	implication
554	158827_1	synonym
554	158827_13	hyponym
554	158827_14	hyponym
554	104707_9	implication
554	103880_0	implication
554	104707_10	synonym
554	158827_6	synonym
554	104707_18	synonym
555	115521_0	implication
555	115521_4	hyponym
555	103880_1	synonym
555	119691_1	hyponym
555	103880_5	implication
555	119691_7	implication
555	119691_12	synonym
555	103880_10	synonym
555	103880_15	implication
555	119691_0	synonym
555	119691_2	implication
555	119691_3	synonym
555	104707_1	implication
555	104707_2	implication
555	119691_6	synonym
555	158827_10	hyponym
555	119691_8	synonym
555	158827_0	implication
555	158827_1	synonym
555	158827_13	hyponym
555	104707_9	implication
555	103880_0	synonym
555	104707_10	implication
555	158827_6	synonym
555	104707_18	synonym
556	110804_1	hyponym
556	110804_2	hyponym
556	110804_8	hyponym
556	110804_7	hyponym
557	129645_4	implication
558	130655_5	synonym
558	130655_6	synonym
559	196148_0	synonym
559	196148_4	abbreviation
559	196148_14	synonym
559	196148_15	synonym
559	196148_17	synonym
559	196148_18	synonym
559	196148_19	synonym
559	196148_21	synonym
559	196148_32	synonym
560	131251_0	synonym
560	131251_1	synonym
560	131251_3	synonym
561	178787_8	synonym
561	178787_12	abbreviation
561	178787_14	synonym
561	178787_20	implication
561	155093_1	synonym
561	163165_0	synonym
561	163165_3	synonym
561	163165_6	synonym
561	163165_7	synonym
561	163165_8	synonym
561	163165_13	synonym
561	163165_14	implication
561	163165_21	synonym
561	155093_15	synonym
562	128251_3	abbreviation
562	128251_4	abbreviation
562	171753_2	synonym
562	128251_9	synonym
562	151854_4	synonym
562	171753_6	synonym
562	151854_8	synonym
562	151854_16	implication
562	151854_18	synonym
562	174243_1	synonym
562	174243_13	synonym
563	128993_0	synonym
563	128993_6	synonym
563	128993_7	abbreviation
563	128993_11	hyponym
563	125007_8	synonym
563	171110_0	synonym
563	171110_8	hyponym
563	171110_18	abbreviation
563	125007_11	synonym
564	128993_0	synonym
564	179480_0	synonym
564	128993_6	synonym
564	174243_0	synonym
564	179480_28	hyponym
564	174243_10	implication
564	179480_36	synonym
564	198098_0	synonym
564	198098_8	synonym
565	129556_0	synonym
565	129556_1	synonym
565	129556_2	synonym
565	129556_10	synonym
566	179480_0	synonym
567	159468_1	hyponym
567	159468_4	abbreviation
567	159468_13	hyponym
567	159468_0	abbreviation
568	128993_1	synonym
568	128993_2	synonym
568	128993_3	implication
568	128993_8	synonym
569	128993_2	implication
569	128993_10	implication
570	197122_0	synonym
570	198331_3	implication
570	197122_14	synonym
570	198331_0	synonym
571	140259_0	implication
571	140259_2	synonym
571	140259_3	synonym
571	140259_4	synonym
571	140259_8	synonym
572	179480_1	synonym
573	157743_0	hyponym
573	117186_0	synonym
573	117186_1	synonym
573	117186_4	synonym
573	117186_9	implication
574	165342_0	synonym
574	165342_3	synonym
575	185113_1	implication
575	185113_6	implication
575	185113_12	implication
575	185113_13	synonym
575	185113_14	implication
575	185113_17	synonym
575	185113_19	synonym
576	193608_8	implication
576	199962_0	synonym
576	190502_0	hyponym
576	190502_8	hyponym
576	190502_9	implication
576	184324_0	synonym
576	131694_0	synonym
576	131694_4	implication
576	131694_5	synonym
576	131694_6	implication
576	131694_7	implication
576	131694_11	implication
576	193608_0	implication
576	193608_4	synonym
577	182073_3	synonym
577	182073_4	synonym
577	150008_0	hyponym
577	150008_2	hyponym
577	150008_9	synonym
578	115692_0	synonym
578	185113_12	synonym
578	185113_13	synonym
578	185113_14	synonym
579	170892_1	hyponym
579	170892_11	synonym
579	107052_0	synonym
579	107052_8	synonym
579	109361_1	hyponym
579	109361_10	abbreviation
580	151854_2	synonym
580	151854_11	synonym
580	151854_19	synonym
580	133226_2	synonym
581	146210_2	synonym
581	146210_5	synonym
581	146210_6	synonym
581	146210_8	synonym
582	147974_12	synonym
582	184846_17	synonym
582	184846_18	hyponym
582	147974_0	synonym
582	147974_2	synonym
582	147974_5	implication
582	147974_7	synonym
582	147974_9	synonym
582	147974_13	synonym
582	147974_19	synonym
583	171753_4	synonym
583	171753_5	synonym
584	128993_7	implication
585	120337_0	hyponym
585	120337_4	implication
585	120337_6	hyponym
585	122828_0	implication
586	113865_12	abbreviation
587	125007_0	implication
587	125007_5	synonym
587	125007_6	synonym
587	103063_1	synonym
588	147575_0	synonym
588	147575_6	synonym
588	147575_7	implication
588	147575_8	synonym
589	168279_34	hyponym
590	180800_0	synonym
590	180800_1	synonym
590	180800_15	implication
590	155093_10	synonym
590	180800_26	implication
591	180800_0	synonym
591	180800_8	synonym
591	180800_9	synonym
591	180800_26	implication
592	157809_3	synonym
592	157809_13	implication
593	179996_0	synonym
593	179996_7	synonym
593	179996_9	synonym
593	179996_10	synonym
593	185113_16	synonym
593	185113_17	synonym
593	185113_19	synonym
594	169428_3	synonym
594	169428_7	synonym
595	199962_0	synonym
596	199962_0	synonym
597	199962_0	synonym
597	199962_2	implication
597	199962_4	abbreviation
597	199962_8	synonym
597	199962_9	synonym
598	167773_1	synonym
598	167773_5	implication
599	119246_5	implication
599	119246_7	string
599	119246_12	implication
599	119246_13	implication
599	119246_19	synonym
599	119246_29	implication
599	196558_0	string
599	196558_12	synonym
600	138709_9	synonym
600	138709_10	synonym
600	138709_13	hyponym
600	184598_6	synonym
600	138709_0	hyponym
600	138709_4	hyponym
600	138709_8	implication
601	100037_11	hyponym
602	171817_4	string
602	171817_9	string
602	117293_0	hyponym
602	152105_1	string
602	152105_2	string
603	171817_4	hyponym
604	142089_0	implication
604	142089_2	hyponym
604	142089_6	synonym
604	142089_7	synonym
604	142089_8	synonym
604	142089_14	implication
605	112815_0	string
606	112815_0	synonym
606	112815_1	implication
606	112815_7	synonym
606	112815_13	implication
607	132884_0	synonym
607	132884_1	synonym
607	132884_2	synonym
607	132884_3	implication
607	132884_5	abbreviation
607	132884_6	synonym
607	132884_12	implication
608	114177_3	implication
609	155093_0	hyponym
609	155093_3	synonym
609	155093_8	hyponym
609	155093_10	synonym
610	155093_0	synonym
610	155093_3	synonym
611	155093_0	synonym
611	155093_2	synonym
611	155093_3	synonym
612	155093_0	synonym
612	117293_5	synonym
612	101099_7	hyponym
612	101099_0	hyponym
612	101099_1	synonym
613	155093_0	synonym
613	155093_2	synonym
613	152663_0	synonym
613	152663_3	synonym
614	159006_1	synonym
615	147383_0	synonym
615	147383_6	synonym
615	147383_7	implication
615	147383_8	synonym
616	174243_0	synonym
616	174243_4	implication
616	174243_10	implication
617	174243_0	synonym
617	174243_1	synonym
618	174243_0	synonym
619	174243_0	synonym
619	174243_4	implication
619	174243_10	implication
619	174243_13	synonym
620	174243_0	synonym
621	171110_1	implication
622	133226_2	hyponym
623	174243_1	hyponym
624	174243_1	hyponym
624	174243_14	hyponym
624	174243_15	synonym
625	174243_1	synonym
625	174243_14	synonym
626	169428_12	synonym
627	114149_0	implication
627	114149_1	implication
627	114149_3	implication
627	114149_5	implication
627	179937_2	implication
627	179937_11	implication
628	114149_0	hyponym
628	114149_3	hyponym
629	114149_0	hyponym
629	114149_1	implication
629	114149_5	implication
630	152649_10	synonym
630	152649_0	synonym
630	152649_2	hyponym
630	152649_5	synonym
630	152649_6	synonym
631	133226_3	synonym
631	133226_4	synonym
632	147383_4	synonym
632	147383_9	implication
632	131156_0	string
632	131156_4	synonym
632	131156_5	synonym
632	131156_10	implication
633	179225_0	synonym
633	179225_9	synonym
634	190805_0	synonym
634	190805_1	abbreviation
634	190805_2	abbreviation
634	190805_4	implication
634	190805_5	synonym
634	190805_6	synonym
634	190805_7	implication
634	190805_8	synonym
635	159509_4	synonym
635	159509_5	synonym
636	159509_7	synonym
636	138009_6	synonym
636	138009_7	synonym
636	138009_8	synonym
636	116955_8	synonym
636	116955_9	synonym
636	116955_7	synonym
637	185113_18	synonym
638	191228_0	synonym
638	191228_3	implication
638	191228_15	synonym
638	191228_16	synonym
638	191228_17	synonym
638	191228_18	synonym
638	191228_19	synonym
638	191228_20	synonym
638	191228_23	synonym
638	191228_24	synonym
638	191228_28	implication
639	129611_0	string
639	129611_12	synonym
640	129611_0	synonym
640	129611_3	synonym
640	129611_6	synonym
640	129611_7	synonym
640	129611_9	implication
640	129611_10	synonym
640	129611_11	synonym
640	129611_13	synonym
641	129611_0	hyponym
641	129611_16	abbreviation
641	129611_22	abbreviation
642	185113_20	implication
643	155093_4	synonym
644	136115_1	hyponym
644	136115_3	implication
644	136115_7	hyponym
644	136115_8	synonym
645	177920_1	string
645	177920_3	synonym
645	177920_12	string
645	177920_13	synonym
645	177920_0	abbreviation
645	177920_23	implication
646	155093_5	synonym
646	155093_8	synonym
646	155093_9	implication
647	165603_0	implication
647	165603_3	abbreviation
647	165603_26	implication
647	165603_27	abbreviation
647	165603_28	abbreviation
647	165603_29	abbreviation
647	165603_30	synonym
647	165603_31	synonym
647	165603_36	abbreviation
648	179937_0	hyponym
648	179937_1	synonym
648	179937_11	implication
649	179937_0	hyponym
649	179937_11	implication
650	129611_3	synonym
650	129611_4	synonym
650	129611_17	synonym
650	129611_18	synonym
650	129611_21	synonym
651	167697_0	synonym
651	167697_6	hyponym
651	167697_12	hyponym
652	179937_1	synonym
652	179937_2	implication
652	179937_7	synonym
652	179937_11	implication
652	179937_13	implication
653	143701_0	synonym
653	143701_5	implication
653	143701_7	hyponym
653	184598_0	synonym
653	184598_5	synonym
653	184598_8	synonym
654	112834_4	implication
655	129650_0	string
655	129650_5	string
655	114939_0	string
655	114939_3	string
655	114939_5	string
655	114939_6	string
656	129650_0	synonym
656	129650_6	synonym
657	130784_0	hyponym
657	130784_1	hyponym
657	130784_2	hyponym
657	130784_3	synonym
657	120587_0	implication
657	120587_5	synonym
657	130784_7	hyponym
657	120587_6	synonym
657	120587_10	synonym
658	174243_11	implication
659	179937_11	implication
660	156619_5	implication
660	156619_9	implication
660	156619_10	implication
661	120849_17	synonym
661	120849_18	hyponym
661	120849_20	hyponym
661	120849_19	synonym
662	108346_0	synonym
663	153866_8	synonym
663	153866_11	synonym
664	114307_4	hyponym
664	114307_8	hyponym
665	131974_8	hyponym
665	131974_9	synonym
665	131974_10	synonym
665	131974_15	implication
665	131974_16	hyponym
665	131974_26	implication
665	131974_27	implication
666	152663_0	string
666	152663_1	string
666	152663_2	implication
666	152663_3	string
666	152663_7	implication
667	152663_0	hyponym
667	152663_3	hyponym
668	152663_0	synonym
668	152663_3	synonym
669	152663_0	synonym
669	152663_3	synonym
670	119634_0	synonym
670	119634_2	hyponym
670	119634_3	synonym
671	149591_2	synonym
671	149591_6	implication
671	100966_12	implication
671	178322_11	hyponym
671	178322_12	synonym
671	164967_0	implication
671	164967_1	synonym
671	121917_0	synonym
671	115471_6	implication
671	184833_0	hyponym
671	188241_0	synonym
671	115471_7	hyponym
671	111966_18	implication
671	134027_1	implication
671	175030_4	implication
671	184833_2	implication
671	188241_2	implication
671	164967_4	implication
671	115471_10	synonym
671	188772_13	synonym
671	147345_2	implication
671	147345_3	implication
671	103229_5	synonym
671	109170_6	implication
671	121917_6	hyponym
671	164967_6	implication
671	134027_7	implication
671	109170_7	implication
671	109170_8	synonym
671	196880_0	implication
671	149591_0	hyponym
671	149591_1	hyponym
671	178322_19	hyponym
671	133608_9	synonym
671	184833_4	hyponym
671	184833_5	hyponym
671	134027_10	implication
671	190242_0	synonym
671	109170_9	implication
671	103229_8	hyponym
671	190242_1	synonym
671	129998_0	synonym
671	184833_6	hyponym
671	196880_2	implication
671	175030_12	hyponym
671	177389_2	hyponym
671	147345_8	implication
671	133608_12	implication
671	115471_17	implication
671	129998_1	implication
671	129998_2	implication
671	136373_11	hyponym
671	149436_6	hyponym
671	115471_0	implication
671	158827_7	implication
671	100966_8	implication
671	162798_0	hyponym
671	188241_9	implication
671	188241_10	implication
671	196880_6	synonym
671	189423_8	hyponym
671	136373_13	synonym
671	167196_2	hyponym
671	149436_8	synonym
671	147345_12	hyponym
671	188241_12	hyponym
671	109170_16	implication
671	103229_14	implication
671	129998_6	synonym
671	184833_12	hyponym
671	196880_7	implication
671	177389_10	implication
671	137441_2	implication
671	175030_0	implication
671	196880_9	implication
671	188772_3	implication
671	133608_0	implication
671	109170_0	implication
671	196880_10	implication
671	196880_11	implication
671	167196_7	implication
671	167196_8	synonym
671	133608_20	implication
671	190242_9	synonym
671	196880_12	implication
671	175030_25	implication
671	188772_7	synonym
671	188772_8	implication
671	167196_10	synonym
671	162798_7	implication
671	137441_8	synonym
671	137441_10	hyponym
671	167196_13	implication
671	196880_16	implication
671	178322_0	implication
671	162798_11	implication
671	134027_18	implication
671	137441_14	synonym
671	162798_13	hyponym
671	178322_4	synonym
671	137441_15	implication
671	178322_5	hyponym
671	178322_8	implication
671	178322_10	implication
671	162798_21	implication
672	150588_24	synonym
672	150588_0	synonym
672	150588_13	synonym
672	150588_15	synonym
673	187917_0	synonym
674	178322_11	synonym
674	119124_14	implication
674	164967_1	implication
674	115471_6	abbreviation
674	103229_0	synonym
674	103229_1	hyponym
674	134027_1	abbreviation
674	175030_4	implication
674	177622_0	hyponym
674	119124_2	hyponym
674	119124_18	implication
674	188241_2	implication
674	164967_4	synonym
674	115471_10	synonym
674	188772_13	implication
674	177622_1	synonym
674	147345_3	synonym
674	158827_0	synonym
674	103229_5	synonym
674	177622_2	synonym
674	119124_5	implication
674	134027_7	synonym
674	109170_7	abbreviation
674	109170_8	abbreviation
674	103229_6	synonym
674	133608_9	synonym
674	134027_10	abbreviation
674	103229_8	hyponym
674	104707_7	synonym
674	175030_12	implication
674	177389_3	synonym
674	136373_11	abbreviation
674	149436_6	synonym
674	158827_7	implication
674	188241_9	implication
674	196880_6	synonym
674	119124_13	implication
674	167196_2	implication
674	149436_8	synonym
674	177622_9	synonym
674	103229_14	implication
674	162798_1	synonym
674	196880_7	synonym
674	177622_11	hyponym
674	109170_0	implication
674	196880_11	implication
674	167196_8	abbreviation
674	136373_0	implication
674	175030_25	implication
674	167196_9	synonym
674	162798_7	implication
674	137441_8	synonym
674	196880_16	implication
674	178322_0	abbreviation
674	134027_18	implication
674	137441_14	implication
674	162798_13	implication
674	178322_3	implication
674	178322_4	synonym
674	178322_5	abbreviation
674	178322_8	implication
674	178322_10	implication
674	162798_21	implication
675	178322_12	synonym
675	114939_0	hyponym
675	164967_0	synonym
675	164967_1	synonym
675	115471_6	synonym
675	184833_0	hyponym
675	187916_0	synonym
675	115471_7	synonym
675	177622_0	synonym
675	187916_2	synonym
675	184833_2	implication
675	164967_4	synonym
675	188772_13	synonym
675	177622_20	implication
675	147345_3	implication
675	115024_3	synonym
675	184833_3	synonym
675	164967_5	synonym
675	107340_0	synonym
675	107340_1	synonym
675	177622_2	synonym
675	196880_0	synonym
675	114939_5	synonym
675	178322_19	synonym
675	133608_9	synonym
675	184833_4	hyponym
675	184833_5	hyponym
675	129998_0	synonym
675	184833_6	hyponym
675	196880_2	synonym
675	187916_10	synonym
675	147345_8	synonym
675	133608_12	synonym
675	133608_13	synonym
675	115471_17	synonym
675	129998_1	synonym
675	187916_11	synonym
675	115471_0	synonym
675	115024_9	implication
675	196880_6	synonym
675	107340_12	synonym
675	149436_8	synonym
675	177622_9	synonym
675	147345_12	synonym
675	137441_0	hyponym
675	129998_6	synonym
675	184833_12	hyponym
675	188772_0	synonym
675	196880_7	implication
675	187916_16	synonym
675	137441_2	synonym
675	177622_11	synonym
675	188772_3	synonym
675	133608_0	implication
675	129998_10	implication
675	196880_10	implication
675	196880_11	synonym
675	133608_20	synonym
675	133608_21	synonym
675	188772_7	synonym
675	115024_17	implication
675	137441_10	synonym
675	196880_16	synonym
675	107340_27	synonym
675	196880_17	implication
675	178322_0	implication
675	187916_27	synonym
675	137441_14	synonym
675	178322_4	synonym
675	137441_15	synonym
675	178322_8	synonym
675	178322_10	implication
676	114939_0	synonym
676	101099_4	synonym
676	101099_5	synonym
676	101099_6	synonym
676	189423_0	synonym
676	114939_5	synonym
676	189423_8	synonym
676	189423_9	synonym
676	189423_12	implication
676	101099_0	synonym
677	115024_0	synonym
677	184833_0	synonym
677	184833_2	implication
677	184833_3	synonym
677	115024_5	implication
677	184833_4	synonym
677	184833_5	synonym
677	129998_0	synonym
677	184833_6	synonym
677	129998_1	synonym
677	115024_9	implication
677	129998_6	synonym
677	184833_12	synonym
677	129998_7	synonym
677	129998_8	synonym
677	129998_10	synonym
678	174262_0	synonym
678	174262_1	synonym
678	174262_3	hyponym
679	103229_0	synonym
679	188241_0	synonym
679	188241_2	synonym
679	162528_0	synonym
679	103229_5	synonym
679	158827_1	synonym
679	109170_7	synonym
679	109170_8	synonym
679	190242_0	synonym
679	162528_4	synonym
679	109170_9	synonym
679	190242_1	synonym
679	126812_5	synonym
679	126812_6	synonym
679	158827_4	synonym
679	136373_11	synonym
679	175030_15	implication
679	158827_7	synonym
679	100966_8	synonym
679	162798_0	hyponym
679	188241_9	synonym
679	188241_10	synonym
679	136373_13	synonym
679	109170_16	synonym
679	175030_0	implication
679	109170_0	synonym
679	167196_8	synonym
679	190242_9	synonym
679	136373_0	synonym
679	175030_25	synonym
679	167196_10	synonym
679	162798_7	implication
679	162798_8	synonym
679	167196_13	synonym
679	162798_11	synonym
679	190242_18	synonym
679	190242_19	synonym
679	162798_21	synonym
680	111966_15	synonym
680	111966_16	synonym
680	143536_0	hyponym
680	111966_17	synonym
680	111966_18	synonym
680	111966_0	synonym
681	165395_0	synonym
681	165395_4	hyponym
681	165395_6	implication
681	165395_9	implication
682	101099_6	implication
682	119124_2	implication
682	119124_9	implication
682	101099_0	implication
683	111966_17	synonym
683	184833_2	implication
683	115024_3	hyponym
683	115024_5	implication
683	184833_5	hyponym
683	129998_6	synonym
683	115024_17	hyponym
684	177622_0	hyponym
684	121917_5	implication
684	107340_0	hyponym
684	177622_2	hyponym
684	126812_3	hyponym
684	126812_4	implication
684	151192_0	synonym
684	196558_0	hyponym
684	104707_7	hyponym
684	126812_5	synonym
684	126812_6	synonym
684	187916_10	implication
684	187916_11	hyponym
684	196558_9	synonym
684	151192_6	implication
684	177622_11	implication
684	126812_13	hyponym
685	151192_0	synonym
686	109170_10	synonym
686	109170_16	synonym
687	130510_0	synonym
687	130510_1	synonym
687	130510_5	synonym
687	130510_6	hyponym
688	133219_0	hyponym
689	119124_9	implication
690	131156_0	synonym
691	198098_0	implication
691	198098_8	synonym
692	101099_0	implication
693	101099_0	implication
598	106238_2	string
516	127159_3	string
408	186515_2	string
408	120990_3	string
399	173124_27	string
645	186927_2	string
408	178961_1	string
399	148215_6	string
614	188125_0	string
408	144659_6	string
408	144659_7	string
399	144659_14	string
399	144659_15	string
408	144659_15	string
598	144659_15	string
399	120849_20	string
399	100085_4	string
408	177920_6	string
399	119273_3	string
408	174146_6	string
408	174146_7	string
516	199008_6	string
408	157402_1	string
408	157402_2	string
579	134389_2	string
399	163321_4	string
378	163321_5	string
598	125362_2	string
598	125362_10	string
598	125362_11	string
451	136373_10	string
408	116955_0	string
408	116955_5	string
408	116955_6	string
408	116955_7	string
408	116955_8	string
408	116955_11	string
399	184214_3	string
645	144807_5	string
645	180600_0	string
645	180600_2	string
645	180600_12	string
399	170781_10	string
378	119283_6	string
385	101449_11	string
408	176083_3	string
408	176083_4	string
408	176083_20	string
408	173189_4	string
378	129279_0	string
378	129279_6	string
399	140282_1	string
408	171027_19	string
408	171027_20	string
378	183972_0	string
378	183972_8	string
399	108103_2	string
449	108103_2	string
399	121091_1	string
408	115173_1	string
408	115173_6	string
408	115173_7	string
408	115173_12	string
329	102636_0	string
329	102636_4	string
329	102636_5	string
329	102636_11	string
399	143763_3	string
614	148059_0	string
614	148059_4	string
408	146378_8	string
378	148924_0	string
378	148924_4	string
378	148924_5	string
329	197871_0	string
329	197871_4	string
329	197871_15	string
378	182073_3	string
378	182073_4	string
399	194471_8	string
409	160867_4	string
408	137091_0	string
579	137091_0	string
408	137091_1	string
408	137091_2	string
378	137091_5	string
399	137091_5	string
579	137091_22	string
579	137091_23	string
385	151220_0	string
385	151220_1	string
399	165297_1	string
399	100754_5	string
408	147686_1	string
378	147686_2	string
399	130230_3	string
399	130230_10	string
408	195735_9	string
399	105400_4	string
408	126756_0	string
399	141084_4	string
408	141084_13	string
408	141084_15	string
408	141084_16	string
385	134578_2	string
399	134578_2	string
385	134578_3	string
385	134578_11	string
399	157727_0	string
399	157727_3	string
399	157727_5	string
408	153544_1	string
493	172205_3	string
329	159006_2	string
516	159006_5	string
516	159006_6	string
408	194155_4	string
378	192013_1	string
399	146094_1	string
408	174691_13	string
399	188400_3	string
378	188400_4	string
493	184489_2	string
493	184489_8	string
329	137636_1	string
493	137636_11	string
408	187916_2	string
370	187916_3	string
408	157839_2	string
408	157839_9	string
597	151854_7	string
378	152663_0	string
378	152663_3	string
493	157548_16	string
493	157548_22	string
493	157548_23	string
408	129375_13	string
597	114444_6	string
597	114444_7	string
493	133154_3	string
493	133154_6	string
385	147165_13	string
385	147165_14	string
408	147165_14	string
408	164967_11	string
408	164967_15	string
441	116651_13	string
493	192180_4	string
493	192180_5	string
385	171971_2	string
399	169173_0	string
655	169173_7	string
385	100160_10	string
655	124764_1	string
516	184905_0	string
516	184905_4	string
516	184905_7	string
409	177846_0	string
409	177846_9	string
408	199482_0	string
408	199482_6	string
385	119239_8	string
399	123916_3	string
378	126427_0	string
378	126427_3	string
378	126427_4	string
378	126427_7	string
399	138190_17	string
399	138190_20	string
399	138190_21	string
378	180800_0	string
378	180800_21	string
378	180800_22	string
408	120257_3	string
408	120257_4	string
408	150857_6	string
408	150857_9	string
408	150857_10	string
441	168047_2	string
378	199929_2	string
579	199929_24	string
408	199399_3	string
408	199399_19	string
408	100454_3	string
408	100454_4	string
399	134831_0	string
408	163165_1	string
516	163165_3	string
516	163165_6	string
516	163165_7	string
516	163165_8	string
516	163165_13	string
516	163165_14	string
516	163165_20	string
516	163165_21	string
408	122251_3	string
378	143223_10	string
378	143223_11	string
378	168279_0	string
378	168279_1	string
378	168279_4	string
378	168279_36	string
408	108084_2	string
399	122903_3	string
399	167675_1	string
399	167675_18	string
399	102433_3	string
378	139341_0	string
378	120337_0	string
378	120337_5	string
378	120337_6	string
399	198930_1	string
408	198930_4	string
408	198930_5	string
408	198930_6	string
408	198930_7	string
408	198930_13	string
408	198930_14	string
378	135610_6	string
378	135610_7	string
408	114210_1	string
385	114210_7	string
399	157329_7	string
399	157329_8	string
399	198098_5	string
408	174261_11	string
602	149073_0	string
408	149073_2	string
399	149073_3	string
449	149073_3	string
378	149073_18	string
378	149073_19	string
399	149073_20	string
602	149073_34	string
399	191228_3	string
378	170309_0	string
378	170309_1	string
598	170309_9	string
408	147575_7	string
408	199447_1	string
378	152649_0	string
378	152649_1	string
378	152649_10	string
385	109853_5	string
399	125755_2	string
399	125755_3	string
408	149203_4	string
408	169851_4	string
408	169851_5	string
408	169851_6	string
408	169851_10	string
598	158768_2	string
399	116778_2	string
408	170614_0	string
408	170614_1	string
408	170614_7	string
408	170614_8	string
408	170614_13	string
408	170614_15	string
408	170614_21	string
516	131156_0	string
516	131156_1	string
408	131156_2	string
399	140236_1	string
399	162910_5	string
408	163816_13	string
399	128247_4	string
399	128247_16	string
408	150548_11	string
408	150548_12	string
408	157685_16	string
408	157685_17	string
399	177613_5	string
329	177613_9	string
598	174571_1	string
408	175366_14	string
399	169428_4	string
399	112869_3	string
408	109361_1	string
399	199642_7	string
409	134857_1	string
329	134857_5	string
409	134857_5	string
409	134857_26	string
409	134857_27	string
409	134857_28	string
379	171305_6	string
399	162528_1	string
399	162528_2	string
378	112815_0	string
536	112815_2	string
536	112815_14	string
409	120889_0	string
378	128119_0	string
602	126623_0	string
516	178787_8	string
516	178787_14	string
516	178787_15	string
579	178787_21	string
408	196459_3	string
645	196459_15	string
399	121149_2	string
399	121149_4	string
399	129556_3	string
378	155573_0	string
378	155573_6	string
329	154244_13	string
399	174736_13	string
385	168411_0	string
385	168411_2	string
385	168411_16	string
399	125632_7	string
399	187941_1	string
408	155684_1	string
378	169126_3	string
409	118210_1	string
409	118210_2	string
409	118210_4	string
409	118210_5	string
409	118210_13	string
378	139485_0	string
602	139485_0	string
378	139485_11	string
408	117954_12	string
408	146210_0	string
408	146210_6	string
408	146210_7	string
385	163153_17	string
385	163153_19	string
408	163153_20	string
399	151011_2	string
378	121173_0	string
645	155327_2	string
645	155327_3	string
408	125594_0	string
408	125594_12	string
408	125594_23	string
408	125594_26	string
408	125594_27	string
408	125594_29	string
399	174697_0	string
329	196148_4	string
399	115692_5	string
399	180101_3	string
408	133867_0	string
408	133867_2	string
408	133867_3	string
408	133867_8	string
408	133867_9	string
408	133867_10	string
408	133867_11	string
408	133867_12	string
408	133867_16	string
399	110804_0	string
399	110804_1	string
536	188241_3	string
378	150804_0	string
408	150164_0	string
379	150164_1	string
655	150164_1	string
536	134823_3	string
399	134823_4	string
536	134823_4	string
378	155093_0	string
385	155093_0	string
385	155093_1	string
516	155093_1	string
378	155093_2	string
516	155093_6	string
385	155093_12	string
516	136671_0	string
516	136671_1	string
516	136671_13	string
516	136671_15	string
516	136671_17	string
516	136671_18	string
516	136671_23	string
516	136671_24	string
329	171393_28	string
399	100028_0	string
399	100028_14	string
408	171357_18	string
516	112313_5	string
516	112313_9	string
516	112313_10	string
516	112313_12	string
408	112313_18	string
516	112313_18	string
516	112313_21	string
516	112313_22	string
378	146452_0	string
378	146452_16	string
378	146452_25	string
399	194275_1	string
409	194275_5	string
399	194275_12	string
602	112474_1	string
602	112474_15	string
409	195624_0	string
408	106794_1	string
408	106794_19	string
408	106794_20	string
399	115024_2	string
399	115024_3	string
399	115024_17	string
599	128050_2	string
579	101099_7	string
408	187466_15	string
378	118995_7	string
378	118995_8	string
598	184450_8	string
408	177351_7	string
408	104582_0	string
408	104582_3	string
408	104582_15	string
378	174262_0	string
645	114980_1	string
645	114980_11	string
